traffic_segment_id,osm_id,u,v,key,mapping_status,confidence,direction_status,routing_eligibility,length_m,osm_edge_length_m,length_error_m,length_error_pct,geometry_distance_m,candidate_count,mapping_reason
0,"[1209033472, 280421140, 1317533102]",2845389661,4875425580,0,MAPPED,HIGH,CLEAR,DYNAMIC,3016.9979,3016.9979,0.0,0.0,11.3583,1,High-confidence exact physical match on one-way or dominant directed edge.
1,"[44948707, 1317533101, 1317533103]",2845389637,8182316403,0,MAPPED,HIGH,CLEAR,DYNAMIC,2971.2836,2971.2836,0.0,0.0,13.5105,1,High-confidence exact physical match on one-way or dominant directed edge.
2,"[279958946, 1317535730, 1209009343]",8182316352,3320289784,0,MAPPED,HIGH,CLEAR,DYNAMIC,2001.051,2001.051,0.0,0.0,1.7423,1,High-confidence exact physical match on one-way or dominant directed edge.
3,"[26755549, 1317535729, 1209009372, 218526245]",12194086396,8182316353,0,MAPPED,HIGH,CLEAR,DYNAMIC,1989.5722,1989.5722,0.0,0.0,2.0713,1,High-confidence exact physical match on one-way or dominant directed edge.
4,873398460,11936495261,8106127986,0,MAPPED,HIGH,CLEAR,DYNAMIC,1656.8,1656.8,0.0,0.0,34.5455,4,High-confidence exact physical match on one-way or dominant directed edge.
5,"[742084225, 742084226, 44947113]",2277412755,8145058465,0,MAPPED,MEDIUM,CLEAR,DYNAMIC,1588.0232,1588.0232,0.0,0.0,55.3093,4,Good physical length and geometry match with clear directed orientation.
6,"[44948644, 1203900681, 1194664843, 1194664844, 1317520819]",12617765453,8182316410,0,MAPPED,HIGH,CLEAR,DYNAMIC,1505.9063,1505.9063,0.0,0.0,0.7354,2,High-confidence exact physical match on one-way or dominant directed edge.
7,"[1203900682, 1209038916, 1194663758]",11088563838,12617765452,0,MAPPED,HIGH,CLEAR,DYNAMIC,1483.6343,1483.6343,0.0,0.0,1.9531,2,High-confidence exact physical match on one-way or dominant directed edge.
8,873398460,8105661609,11936495261,0,MAPPED,MEDIUM,CLEAR,DYNAMIC,1452.9773,1452.9773,0.0,0.0,62.1602,4,Good physical length and geometry match with clear directed orientation.
9,1210277736,6010327766,4593964306,0,MAPPED,HIGH,CLEAR,DYNAMIC,1393.6995,1393.6995,0.0,0.0,38.1157,4,High-confidence exact physical match on one-way or dominant directed edge.
10,"[1203900681, 218526250, 218526251, 280421141]",12094771861,12617765453,0,MAPPED,HIGH,CLEAR,DYNAMIC,1392.1328,1392.1328,0.0,0.0,1.1156,3,High-confidence exact physical match on one-way or dominant directed edge.
11,"[279958945, 879568355, 879568356, 325359753, 218505930, 218505931, 1210086508, 26755786, 1209009371]",13519081481,8140380974,0,AMBIGUOUS,MEDIUM,CLEAR,STATIC_FALLBACK,1384.3006,1567.6705,183.3698,13.2464,76.5305,1,Conflicting multi-way junction candidate pair; reverted to static baseline.
12,742084228,11936417209,2277412746,0,MAPPED,HIGH,CLEAR,DYNAMIC,1317.3339,1317.3339,0.0,0.0,28.1884,5,High-confidence exact physical match on one-way or dominant directed edge.
13,"[879568354, 879568357, 573401034, 325359754, 874464058]",3722327657,8182365087,0,AMBIGUOUS,LOW,CLEAR,STATIC_FALLBACK,1308.4313,1308.4313,0.0,0.0,87.4905,1,Elevated length error (0.0%) or distance (87.5m); reverted to static baseline.
14,478811049,4593969312,8105607829,0,MAPPED,HIGH,CLEAR,DYNAMIC,1277.1612,1277.1612,0.0,0.0,14.6426,8,High-confidence exact physical match on one-way or dominant directed edge.
15,"[218526248, 26755741, 218526246]",2277623507,2845389661,0,MAPPED,HIGH,CLEAR,DYNAMIC,1222.1475,1222.1475,0.0,0.0,1.8828,3,High-confidence exact physical match on one-way or dominant directed edge.
16,478811049,8105566319,10603648617,0,MAPPED,HIGH,CLEAR,DYNAMIC,1080.1658,1080.1658,0.0,0.0,42.4209,8,High-confidence exact physical match on one-way or dominant directed edge.
17,26754491,8166852626,293466286,0,MAPPED,HIGH,CLEAR,DYNAMIC,1066.5091,1066.5091,0.0,0.0,5.7807,7,High-confidence exact physical match on one-way or dominant directed edge.
18,746487581,12702159517,2841407764,0,MAPPED,HIGH,CLEAR,DYNAMIC,1065.2277,1065.2277,0.0,0.0,4.1723,6,High-confidence exact physical match on one-way or dominant directed edge.
19,464650412,4601752551,2277623696,0,MAPPED,HIGH,CLEAR,DYNAMIC,1012.1732,1012.1732,0.0,0.0,4.6122,7,High-confidence exact physical match on one-way or dominant directed edge.
20,742084229,3725628684,11936417213,0,MAPPED,HIGH,CLEAR,DYNAMIC,969.86,969.86,0.0,0.0,4.7239,5,High-confidence exact physical match on one-way or dominant directed edge.
21,"[742084229, 742084230, 742084223]",569909810,3725628832,0,MAPPED,HIGH,CLEAR,DYNAMIC,967.8664,967.8664,0.0,0.0,8.0352,6,High-confidence exact physical match on one-way or dominant directed edge.
22,"[742084224, 464267621, 742084223]",569909804,569909810,0,MAPPED,HIGH,CLEAR,DYNAMIC,962.4217,962.4217,0.0,0.0,5.7273,5,High-confidence exact physical match on one-way or dominant directed edge.
23,"[874464056, 877825096, 292410142]",13519104254,8156596370,0,MAPPED,HIGH,CLEAR,DYNAMIC,919.9388,742.6534,177.2854,19.2714,0.3608,5,High-confidence exact physical match on one-way or dominant directed edge.
24,"[414500083, 875146659]",12435035117,8144915374,0,MAPPED,HIGH,CLEAR,DYNAMIC,869.4488,869.4488,0.0,0.0,0.4149,3,High-confidence exact physical match on one-way or dominant directed edge.
25,"[44948784, 1317535728, 1317535732, 218526252]",3320289784,2277623681,0,MAPPED,HIGH,CLEAR,DYNAMIC,852.5643,852.5643,0.0,0.0,12.2906,1,High-confidence exact physical match on one-way or dominant directed edge.
26,464650415,2841381803,3718108687,0,MAPPED,HIGH,CLEAR,DYNAMIC,813.4668,813.4668,0.0,0.0,6.4289,7,High-confidence exact physical match on one-way or dominant directed edge.
27,741818619,8133212859,7243077747,0,MAPPED,HIGH,CLEAR,DYNAMIC,806.4772,806.4772,0.0,0.0,34.6661,8,High-confidence exact physical match on one-way or dominant directed edge.
28,873398460,8106128001,6010327766,0,MAPPED,HIGH,CLEAR,DYNAMIC,794.5244,794.5244,0.0,0.0,0.5234,4,High-confidence exact physical match on one-way or dominant directed edge.
29,"[877786608, 292410140, 292410141]",3725590874,13108436171,0,MAPPED,HIGH,CLEAR,DYNAMIC,786.6129,786.6129,0.0,0.0,2.7411,5,High-confidence exact physical match on one-way or dominant directed edge.
30,"[26755523, 1317535731, 218526247, 1209033471]",12888493319,12194086396,0,MAPPED,HIGH,CLEAR,DYNAMIC,771.7655,771.7655,0.0,0.0,13.4751,2,High-confidence exact physical match on one-way or dominant directed edge.
31,"[842470001, 196857001, 1286989884]",11936490107,2277412722,0,MAPPED,HIGH,CLEAR,DYNAMIC,762.8027,762.8027,0.0,0.0,0.8778,3,High-confidence exact physical match on one-way or dominant directed edge.
32,"[742084226, 742084227, 742084228]",2277412746,2277412755,0,MAPPED,HIGH,CLEAR,DYNAMIC,745.0017,745.0017,0.0,0.0,8.6575,6,High-confidence exact physical match on one-way or dominant directed edge.
33,"[364407161, 1317517332, 1318339357]",8100516249,293464258,0,AMBIGUOUS,MEDIUM,AMBIGUOUS,DYNAMIC_BIDIRECTIONAL,726.186,726.186,0.0,0.0,8.1071,2,Valid physical match on two-way street; traffic speed applied bidirectionally.
34,"[364407161, 1317517332, 1318339357]",293464258,8100516249,0,AMBIGUOUS,MEDIUM,AMBIGUOUS,DYNAMIC_BIDIRECTIONAL,726.186,726.186,0.0,0.0,8.1071,2,Valid physical match on two-way street; traffic speed applied bidirectionally.
35,1194663768,8182317117,2390658944,0,MAPPED,HIGH,CLEAR,DYNAMIC,704.2067,704.2067,0.0,0.0,34.5255,2,High-confidence exact physical match on one-way or dominant directed edge.
36,"[1238285688, 90617087]",3718134030,3718134117,0,MAPPED,MEDIUM,CLEAR,DYNAMIC,687.0881,687.0881,0.0,0.0,58.5598,15,Good physical length and geometry match with clear directed orientation.
37,464267621,569909792,8145181028,0,MAPPED,HIGH,CLEAR,DYNAMIC,669.3368,669.3368,0.0,0.0,8.572,4,High-confidence exact physical match on one-way or dominant directed edge.
38,"[464264628, 1209009347, 1209009348, 196856999]",8167025453,8167025475,0,MAPPED,HIGH,CLEAR,DYNAMIC,594.9814,594.9814,0.0,0.0,3.3305,1,High-confidence exact physical match on one-way or dominant directed edge.
39,"[1213505657, 196857002, 44947105, 742084228]",2277412722,569909654,0,MAPPED,HIGH,CLEAR,DYNAMIC,593.8299,593.8299,0.0,0.0,25.0419,6,High-confidence exact physical match on one-way or dominant directed edge.
40,279091485,2833450851,2833482043,0,MAPPED,HIGH,CLEAR,DYNAMIC,592.3071,592.3071,0.0,0.0,7.1622,1,High-confidence exact physical match on one-way or dominant directed edge.
41,741818619,8133212845,9924471955,0,MAPPED,HIGH,CLEAR,DYNAMIC,590.483,590.483,0.0,0.0,8.5695,8,High-confidence exact physical match on one-way or dominant directed edge.
42,"[877786609, 1393752818, 464264627]",12901379734,8167025453,0,MAPPED,HIGH,CLEAR,DYNAMIC,590.0032,590.0032,0.0,0.0,1.0284,2,High-confidence exact physical match on one-way or dominant directed edge.
43,880075594,4719693651,2283167601,0,MAPPED,HIGH,CLEAR,DYNAMIC,573.6074,573.6074,0.0,0.0,0.1448,9,High-confidence exact physical match on one-way or dominant directed edge.
44,"[877821610, 870242500, 870242503]",3725561095,4593964324,0,MAPPED,HIGH,CLEAR,DYNAMIC,567.2716,567.2716,0.0,0.0,0.0996,8,High-confidence exact physical match on one-way or dominant directed edge.
45,865024250,8133341955,11968828660,0,MAPPED,HIGH,CLEAR,DYNAMIC,560.7921,560.7921,0.0,0.0,0.7987,12,High-confidence exact physical match on one-way or dominant directed edge.
46,"[464264129, 1210250340, 1393752818, 762847156, 1393752821]",12901379743,12901379734,0,MAPPED,HIGH,CLEAR,DYNAMIC,560.4691,560.4691,0.0,0.0,11.0369,3,High-confidence exact physical match on one-way or dominant directed edge.
47,"[174417954, 230927119, 230927120, 746487580, 746487549]",293464921,2393561249,0,AMBIGUOUS,MEDIUM,AMBIGUOUS,DYNAMIC_BIDIRECTIONAL,535.5557,535.5557,0.0,0.0,5.6141,6,Valid physical match on two-way street; traffic speed applied bidirectionally.
48,"[174417954, 230927119, 230927120, 746487580, 746487549]",2393561249,293464921,0,AMBIGUOUS,MEDIUM,AMBIGUOUS,DYNAMIC_BIDIRECTIONAL,535.5557,535.5557,0.0,0.0,5.6141,6,Valid physical match on two-way street; traffic speed applied bidirectionally.
49,876418713,293461281,293452705,0,AMBIGUOUS,MEDIUM,AMBIGUOUS,DYNAMIC_BIDIRECTIONAL,513.778,513.778,0.0,0.0,0.1802,12,Valid physical match on two-way street; traffic speed applied bidirectionally.
50,876418713,293461281,293452705,0,AMBIGUOUS,MEDIUM,AMBIGUOUS,DYNAMIC_BIDIRECTIONAL,513.778,513.778,0.0,0.0,0.1802,12,Valid physical match on two-way street; traffic speed applied bidirectionally.
51,"[279088741, 746487561, 746487564, 1317517914, 1317517916]",2833450825,2999157394,0,MAPPED,HIGH,CLEAR,DYNAMIC,492.841,492.841,0.0,0.0,0.6049,1,High-confidence exact physical match on one-way or dominant directed edge.
52,"[279088738, 746487562, 746487563, 1317517913, 1317517915]",2999157393,2833450822,0,MAPPED,HIGH,CLEAR,DYNAMIC,488.7442,488.7442,0.0,0.0,0.0652,1,High-confidence exact physical match on one-way or dominant directed edge.
53,368852567,3726941181,3726926556,0,MAPPED,HIGH,CLEAR,DYNAMIC,487.3602,487.3602,0.0,0.0,0.108,5,High-confidence exact physical match on one-way or dominant directed edge.
54,"[870242497, 877821612, 870242502]",8156683692,8141521597,0,MAPPED,HIGH,CLEAR,DYNAMIC,477.8349,477.8349,0.0,0.0,0.3872,7,High-confidence exact physical match on one-way or dominant directed edge.
55,865024248,9896844093,8133341960,0,MAPPED,HIGH,CLEAR,DYNAMIC,471.7401,471.7401,0.0,0.0,0.1897,29,High-confidence exact physical match on one-way or dominant directed edge.
56,865024250,11968828662,11968762653,0,MAPPED,HIGH,CLEAR,DYNAMIC,470.7998,470.7998,0.0,0.0,1.3027,12,High-confidence exact physical match on one-way or dominant directed edge.
57,464267621,569909799,569909804,0,MAPPED,HIGH,CLEAR,DYNAMIC,464.9493,464.9493,0.0,0.0,11.9026,4,High-confidence exact physical match on one-way or dominant directed edge.
58,1209072881,9866097881,13539914722,0,MAPPED,HIGH,CLEAR,DYNAMIC,455.4429,384.4026,71.0404,15.5981,0.0284,5,High-confidence exact physical match on one-way or dominant directed edge.
59,1194663760,2390658892,2392383590,0,AMBIGUOUS,LOW,CLEAR,STATIC_FALLBACK,436.3794,707.7644,271.385,62.1901,5.8784,2,Elevated length error (62.2%) or distance (5.9m); reverted to static baseline.
60,865024248,11968828656,11968828657,0,MAPPED,HIGH,CLEAR,DYNAMIC,427.4467,427.4467,0.0,0.0,0.2969,29,High-confidence exact physical match on one-way or dominant directed edge.
61,865024250,11968828658,11968828655,0,MAPPED,HIGH,CLEAR,DYNAMIC,427.0275,427.0275,0.0,0.0,0.1341,12,High-confidence exact physical match on one-way or dominant directed edge.
62,1208986525,3725790780,8156993031,0,MAPPED,HIGH,CLEAR,DYNAMIC,419.5136,419.5136,0.0,0.0,0.206,9,High-confidence exact physical match on one-way or dominant directed edge.
63,1208795196,4597354891,4576934214,0,MAPPED,HIGH,CLEAR,DYNAMIC,419.3338,419.3338,0.0,0.0,3.2903,3,High-confidence exact physical match on one-way or dominant directed edge.
64,44947113,8145058465,569909689,0,MAPPED,HIGH,CLEAR,DYNAMIC,410.6826,410.6826,0.0,0.0,4.7653,3,High-confidence exact physical match on one-way or dominant directed edge.
65,870242502,8141521597,8141521552,0,MAPPED,HIGH,CLEAR,DYNAMIC,407.7818,407.7818,0.0,0.0,3.1102,5,High-confidence exact physical match on one-way or dominant directed edge.
66,279958945,8182316353,13519081481,0,MAPPED,HIGH,CLEAR,DYNAMIC,407.2033,362.2332,44.9701,11.0436,1.0411,2,High-confidence exact physical match on one-way or dominant directed edge.
67,478811049,8105990772,4593969312,0,MAPPED,HIGH,CLEAR,DYNAMIC,406.7978,406.7978,0.0,0.0,1.2868,8,High-confidence exact physical match on one-way or dominant directed edge.
68,414500083,3725679696,12435035117,0,MAPPED,HIGH,CLEAR,DYNAMIC,406.2807,406.2807,0.0,0.0,0.0167,2,High-confidence exact physical match on one-way or dominant directed edge.
69,1208986525,4601195799,8157194822,0,MAPPED,HIGH,CLEAR,DYNAMIC,402.7893,402.7893,0.0,0.0,0.3526,9,High-confidence exact physical match on one-way or dominant directed edge.
70,746487579,293463031,293463176,0,MAPPED,HIGH,CLEAR,DYNAMIC,399.9348,399.9348,0.0,0.0,0.8747,9,High-confidence exact physical match on one-way or dominant directed edge.
71,"[1209009344, 218505932, 218505933]",8182365087,8182316367,0,MAPPED,HIGH,CLEAR,DYNAMIC,394.9459,394.9459,0.0,0.0,0.0854,2,High-confidence exact physical match on one-way or dominant directed edge.
72,26764975,293466264,293466272,0,MAPPED,HIGH,CLEAR,DYNAMIC,389.0467,389.0467,0.0,0.0,0.3093,8,High-confidence exact physical match on one-way or dominant directed edge.
73,"[272996689, 286061181]",13875278624,2896971932,0,AMBIGUOUS,MEDIUM,AMBIGUOUS,DYNAMIC_BIDIRECTIONAL,387.2335,346.9584,40.2751,10.4007,9.6306,6,Valid physical match on two-way street; traffic speed applied bidirectionally.
74,"[272996689, 286061181]",13875278624,2896971932,0,AMBIGUOUS,MEDIUM,AMBIGUOUS,DYNAMIC_BIDIRECTIONAL,387.2335,346.9584,40.2751,10.4007,9.6306,6,Valid physical match on two-way street; traffic speed applied bidirectionally.
75,26754491,293466286,9798857326,0,MAPPED,HIGH,CLEAR,DYNAMIC,384.2461,384.2461,0.0,0.0,0.0421,7,High-confidence exact physical match on one-way or dominant directed edge.
76,865024250,11968828655,8062742384,0,MAPPED,HIGH,CLEAR,DYNAMIC,382.4606,382.4606,0.0,0.0,0.3592,12,High-confidence exact physical match on one-way or dominant directed edge.
77,865024248,8062742384,11968828656,0,MAPPED,HIGH,CLEAR,DYNAMIC,381.7823,381.7823,0.0,0.0,0.4954,29,High-confidence exact physical match on one-way or dominant directed edge.
78,865024250,11968828665,11968828664,0,MAPPED,HIGH,CLEAR,DYNAMIC,376.6895,376.6895,0.0,0.0,0.4993,12,High-confidence exact physical match on one-way or dominant directed edge.
79,1208795201,3726941481,11433519729,0,MAPPED,HIGH,CLEAR,DYNAMIC,375.6521,375.6521,0.0,0.0,0.0882,12,High-confidence exact physical match on one-way or dominant directed edge.
80,368852567,3726941466,3725764133,0,MAPPED,HIGH,CLEAR,DYNAMIC,372.6148,372.6148,0.0,0.0,0.0746,5,High-confidence exact physical match on one-way or dominant directed edge.
81,"[478811049, 1210277732]",6010327767,8105990625,0,MAPPED,HIGH,CLEAR,DYNAMIC,369.4585,369.4585,0.0,0.0,0.0136,8,High-confidence exact physical match on one-way or dominant directed edge.
82,1208785491,6604714345,6604381556,0,MAPPED,HIGH,CLEAR,DYNAMIC,368.1006,368.1006,0.0,0.0,0.779,3,High-confidence exact physical match on one-way or dominant directed edge.
83,746487581,6944073199,12702159517,0,MAPPED,HIGH,CLEAR,DYNAMIC,363.1666,363.1666,0.0,0.0,0.3451,6,High-confidence exact physical match on one-way or dominant directed edge.
84,741818619,3730052120,8124268942,0,MAPPED,HIGH,CLEAR,DYNAMIC,361.0822,361.0822,0.0,0.0,6.3354,8,High-confidence exact physical match on one-way or dominant directed edge.
85,1210277737,12832929442,8105564052,0,MAPPED,HIGH,CLEAR,DYNAMIC,360.4714,360.4714,0.0,0.0,0.7467,2,High-confidence exact physical match on one-way or dominant directed edge.
86,"[762822065, 478254538, 478254539]",11937077582,4714962031,0,MAPPED,HIGH,CLEAR,DYNAMIC,359.1029,359.1029,0.0,0.0,1.6967,20,High-confidence exact physical match on one-way or dominant directed edge.
87,"[865024248, 869997541]",11968828666,8137990582,0,MAPPED,HIGH,CLEAR,DYNAMIC,356.9228,356.9228,0.0,0.0,1.5609,33,High-confidence exact physical match on one-way or dominant directed edge.
88,369195862,7243112626,1051626824,0,MAPPED,HIGH,CLEAR,DYNAMIC,355.9034,356.6585,0.7551,0.2122,7.7865,3,High-confidence exact physical match on one-way or dominant directed edge.
89,478811049,8105607829,8105597812,0,MAPPED,HIGH,CLEAR,DYNAMIC,353.675,353.675,0.0,0.0,2.2477,8,High-confidence exact physical match on one-way or dominant directed edge.
90,369195862,4712962733,7243112626,0,MAPPED,HIGH,CLEAR,DYNAMIC,353.5345,353.5345,0.0,0.0,4.3052,3,High-confidence exact physical match on one-way or dominant directed edge.
91,874459842,9833884593,8141911339,0,MAPPED,HIGH,CLEAR,DYNAMIC,351.5466,351.5466,0.0,0.0,0.5828,7,High-confidence exact physical match on one-way or dominant directed edge.
92,264753949,2955625542,2703793345,0,MAPPED,HIGH,CLEAR,DYNAMIC,346.5566,346.5566,0.0,0.0,0.245,12,High-confidence exact physical match on one-way or dominant directed edge.
93,1209033471,2277623663,12888493319,0,MAPPED,HIGH,CLEAR,DYNAMIC,345.9494,345.9494,0.0,0.0,0.0403,2,High-confidence exact physical match on one-way or dominant directed edge.
94,456959535,8151182358,1051669905,0,MAPPED,HIGH,CLEAR,DYNAMIC,343.0273,343.0273,0.0,0.0,3.0122,9,High-confidence exact physical match on one-way or dominant directed edge.
95,870242503,3725560939,3725561066,0,MAPPED,HIGH,CLEAR,DYNAMIC,330.8034,330.8034,0.0,0.0,2.1266,7,High-confidence exact physical match on one-way or dominant directed edge.
96,865024248,11968828657,11968828659,0,MAPPED,HIGH,CLEAR,DYNAMIC,328.6793,328.6793,0.0,0.0,0.0263,29,High-confidence exact physical match on one-way or dominant directed edge.
97,865024250,11968828660,11968828658,0,MAPPED,HIGH,CLEAR,DYNAMIC,328.4002,328.4002,0.0,0.0,0.2284,12,High-confidence exact physical match on one-way or dominant directed edge.
98,364407163,9620455916,8105649851,0,AMBIGUOUS,MEDIUM,AMBIGUOUS,DYNAMIC_BIDIRECTIONAL,328.1231,328.1231,0.0,0.0,0.1271,22,Valid physical match on two-way street; traffic speed applied bidirectionally.
99,364407163,9620455916,8105649851,0,AMBIGUOUS,MEDIUM,AMBIGUOUS,DYNAMIC_BIDIRECTIONAL,328.1231,328.1231,0.0,0.0,0.1271,22,Valid physical match on two-way street; traffic speed applied bidirectionally.
100,"[874594465, 874594466, 459228551]",8141628301,8141628231,0,MAPPED,HIGH,CLEAR,DYNAMIC,316.5558,316.5558,0.0,0.0,0.2275,2,High-confidence exact physical match on one-way or dominant directed edge.
101,26755988,293462632,293462600,0,AMBIGUOUS,MEDIUM,AMBIGUOUS,DYNAMIC_BIDIRECTIONAL,314.7616,314.7616,0.0,0.0,0.0008,6,Valid physical match on two-way street; traffic speed applied bidirectionally.
102,26755988,293462632,293462600,0,AMBIGUOUS,MEDIUM,AMBIGUOUS,DYNAMIC_BIDIRECTIONAL,314.7616,314.7616,0.0,0.0,0.0008,6,Valid physical match on two-way street; traffic speed applied bidirectionally.
103,466600308,1812432278,2999157393,0,MAPPED,HIGH,CLEAR,DYNAMIC,314.5601,314.5601,0.0,0.0,0.0082,1,High-confidence exact physical match on one-way or dominant directed edge.
104,368721302,3725764133,3725764130,0,MAPPED,HIGH,CLEAR,DYNAMIC,313.1907,313.1907,0.0,0.0,0.3876,5,High-confidence exact physical match on one-way or dominant directed edge.
105,1209072881,4594220613,9866097881,0,MAPPED,HIGH,CLEAR,DYNAMIC,310.4664,310.4664,0.0,0.0,0.0006,5,High-confidence exact physical match on one-way or dominant directed edge.
106,1208791971,10629571056,3727012352,0,MAPPED,HIGH,CLEAR,DYNAMIC,308.0256,308.0256,0.0,0.0,0.1578,17,High-confidence exact physical match on one-way or dominant directed edge.
107,"[1203852633, 876451412, 1208795197]",4594183932,4594183924,0,MAPPED,HIGH,CLEAR,DYNAMIC,306.0365,306.0365,0.0,0.0,0.0099,12,High-confidence exact physical match on one-way or dominant directed edge.
108,874644319,4714939512,4714939523,0,MAPPED,HIGH,CLEAR,DYNAMIC,303.7049,303.7049,0.0,0.0,12.0915,2,High-confidence exact physical match on one-way or dominant directed edge.
109,26754491,6944073197,6944073198,0,MAPPED,HIGH,CLEAR,DYNAMIC,301.8473,301.8473,0.0,0.0,0.2455,7,High-confidence exact physical match on one-way or dominant directed edge.
110,605579942,8140492538,8140465200,0,MAPPED,HIGH,CLEAR,DYNAMIC,300.5797,300.5797,0.0,0.0,0.1867,8,High-confidence exact physical match on one-way or dominant directed edge.
111,"[466600299, 466600300]",4613676974,10091564873,0,MAPPED,HIGH,CLEAR,DYNAMIC,298.3569,298.3569,0.0,0.0,0.1562,2,High-confidence exact physical match on one-way or dominant directed edge.
112,865024250,11968828667,11968828665,0,MAPPED,HIGH,CLEAR,DYNAMIC,297.7126,297.7126,0.0,0.0,0.9421,12,High-confidence exact physical match on one-way or dominant directed edge.
113,874159869,8138308753,9832455554,0,MAPPED,HIGH,CLEAR,DYNAMIC,292.9318,292.9318,0.0,0.0,0.145,2,High-confidence exact physical match on one-way or dominant directed edge.
114,312566658,9832455553,3184375377,0,MAPPED,HIGH,CLEAR,DYNAMIC,292.155,292.155,0.0,0.0,0.6814,2,High-confidence exact physical match on one-way or dominant directed edge.
115,"[877821609, 877821610, 870242499]",4593964324,8167025447,0,MAPPED,HIGH,CLEAR,DYNAMIC,290.3975,290.3975,0.0,0.0,2.0122,3,High-confidence exact physical match on one-way or dominant directed edge.
116,"[1337725748, 1209433725]",3714706485,3714707013,0,MAPPED,HIGH,CLEAR,DYNAMIC,290.2566,290.2566,0.0,0.0,0.8002,3,High-confidence exact physical match on one-way or dominant directed edge.
117,1208988379,6985772922,4478448738,0,MAPPED,HIGH,CLEAR,DYNAMIC,289.8072,289.8072,0.0,0.0,1.4901,8,High-confidence exact physical match on one-way or dominant directed edge.
118,"[478254539, 874644318, 874644319]",10635696781,4714939512,0,MAPPED,HIGH,CLEAR,DYNAMIC,289.4279,289.4279,0.0,0.0,0.7525,11,High-confidence exact physical match on one-way or dominant directed edge.
119,"[1105211172, 1337725743, 1337725745, 1337725746, 1337725749]",7128063639,4715985581,0,MAPPED,HIGH,CLEAR,DYNAMIC,288.8406,288.8406,0.0,0.0,0.3965,3,High-confidence exact physical match on one-way or dominant directed edge.
120,478371821,4719689717,4719689711,0,MAPPED,HIGH,CLEAR,DYNAMIC,286.1264,286.1264,0.0,0.0,0.8921,11,High-confidence exact physical match on one-way or dominant directed edge.
121,26764975,3042737264,3725789268,0,MAPPED,HIGH,CLEAR,DYNAMIC,284.2925,284.2925,0.0,0.0,0.0515,8,High-confidence exact physical match on one-way or dominant directed edge.
122,1203439472,8154498081,8154498079,0,MAPPED,HIGH,CLEAR,DYNAMIC,283.9361,283.9361,0.0,0.0,0.3428,2,High-confidence exact physical match on one-way or dominant directed edge.
123,"[1337725742, 1337725744, 1337725747, 1337725748, 1141888414]",3714705892,3714706485,0,MAPPED,HIGH,CLEAR,DYNAMIC,282.7018,282.7018,0.0,0.0,0.1459,2,High-confidence exact physical match on one-way or dominant directed edge.
124,300173739,8156905203,3042737292,0,MAPPED,HIGH,CLEAR,DYNAMIC,281.6606,281.6606,0.0,0.0,0.0935,15,High-confidence exact physical match on one-way or dominant directed edge.
125,1208491992,293466257,2929034393,0,MAPPED,HIGH,CLEAR,DYNAMIC,281.2456,281.2456,0.0,0.0,0.0988,3,High-confidence exact physical match on one-way or dominant directed edge.
126,742084228,569909654,11936417211,0,MAPPED,HIGH,CLEAR,DYNAMIC,281.1371,281.1371,0.0,0.0,9.5867,5,High-confidence exact physical match on one-way or dominant directed edge.
127,470103540,6604456761,3725763520,0,MAPPED,HIGH,CLEAR,DYNAMIC,281.0756,281.0756,0.0,0.0,0.2586,5,High-confidence exact physical match on one-way or dominant directed edge.
128,40016878,8141615216,3722327255,0,MAPPED,HIGH,CLEAR,DYNAMIC,279.6637,279.6637,0.0,0.0,0.7624,11,High-confidence exact physical match on one-way or dominant directed edge.
129,26764975,3725789268,3725656912,0,MAPPED,HIGH,CLEAR,DYNAMIC,279.358,279.358,0.0,0.0,0.0028,8,High-confidence exact physical match on one-way or dominant directed edge.
130,875007028,8144976345,10207387801,0,MAPPED,HIGH,CLEAR,DYNAMIC,276.7078,276.7078,0.0,0.0,1.1885,6,High-confidence exact physical match on one-way or dominant directed edge.
131,865024250,11968828664,11968828662,0,MAPPED,HIGH,CLEAR,DYNAMIC,271.7888,271.7888,0.0,0.0,1.5605,12,High-confidence exact physical match on one-way or dominant directed edge.
132,1194663760,2390658892,2392383590,0,AMBIGUOUS,LOW,CLEAR,STATIC_FALLBACK,271.385,707.7644,436.3794,160.7972,1.8754,2,Elevated length error (160.8%) or distance (1.9m); reverted to static baseline.
133,876451409,6609242520,3727013594,0,MAPPED,HIGH,CLEAR,DYNAMIC,271.241,271.241,0.0,0.0,0.088,14,High-confidence exact physical match on one-way or dominant directed edge.
134,1208491992,3725790429,4814206874,0,MAPPED,HIGH,CLEAR,DYNAMIC,271.2127,271.2127,0.0,0.0,0.2873,3,High-confidence exact physical match on one-way or dominant directed edge.
135,478254539,5415640148,8127692776,0,MAPPED,HIGH,CLEAR,DYNAMIC,270.7879,270.7879,0.0,0.0,4.8903,10,High-confidence exact physical match on one-way or dominant directed edge.
136,300173739,3042737280,6956668970,0,MAPPED,HIGH,CLEAR,DYNAMIC,268.9255,268.9255,0.0,0.0,0.1217,15,High-confidence exact physical match on one-way or dominant directed edge.
137,478371821,7128301700,4720133094,0,MAPPED,HIGH,CLEAR,DYNAMIC,266.1851,266.1851,0.0,0.0,0.0343,11,High-confidence exact physical match on one-way or dominant directed edge.
138,26764975,3478668910,3725652953,0,MAPPED,HIGH,CLEAR,DYNAMIC,265.0386,265.0386,0.0,0.0,0.4747,8,High-confidence exact physical match on one-way or dominant directed edge.
139,875119268,3726941218,3726941220,0,AMBIGUOUS,MEDIUM,AMBIGUOUS,DYNAMIC_BIDIRECTIONAL,264.8487,264.8487,0.0,0.0,0.1579,36,Valid physical match on two-way street; traffic speed applied bidirectionally.
140,875119268,3726941220,3726941218,0,AMBIGUOUS,MEDIUM,AMBIGUOUS,DYNAMIC_BIDIRECTIONAL,264.8487,264.8487,0.0,0.0,0.1579,36,Valid physical match on two-way street; traffic speed applied bidirectionally.
141,40016878,3722327154,3722327026,0,MAPPED,HIGH,CLEAR,DYNAMIC,263.3789,263.3789,0.0,0.0,1.4646,11,High-confidence exact physical match on one-way or dominant directed edge.
142,1210277736,3725560599,8140701167,0,MAPPED,HIGH,CLEAR,DYNAMIC,261.5884,261.5884,0.0,0.0,0.2827,4,High-confidence exact physical match on one-way or dominant directed edge.
143,658700019,4723483921,4723212636,0,MAPPED,HIGH,CLEAR,DYNAMIC,261.3302,261.3302,0.0,0.0,1.7508,3,High-confidence exact physical match on one-way or dominant directed edge.
144,"[1208791977, 876451410, 1208986532]",3725790343,3725763413,0,MAPPED,HIGH,CLEAR,DYNAMIC,261.1218,261.1218,0.0,0.0,0.1621,7,High-confidence exact physical match on one-way or dominant directed edge.
145,874143073,8138167641,8144915386,0,MAPPED,HIGH,CLEAR,DYNAMIC,260.0213,260.0213,0.0,0.0,0.8669,1,High-confidence exact physical match on one-way or dominant directed edge.
146,874159868,8144915386,8138167641,0,MAPPED,HIGH,CLEAR,DYNAMIC,258.6851,258.6851,0.0,0.0,0.6457,1,High-confidence exact physical match on one-way or dominant directed edge.
147,466615091,7127914070,8151563205,0,MAPPED,HIGH,CLEAR,DYNAMIC,258.3748,258.3748,0.0,0.0,0.4854,10,High-confidence exact physical match on one-way or dominant directed edge.
148,170090974,4716027739,293460471,0,MAPPED,HIGH,CLEAR,DYNAMIC,257.7095,257.7095,0.0,0.0,0.4261,2,High-confidence exact physical match on one-way or dominant directed edge.
149,368712589,3725591172,8144921986,0,AMBIGUOUS,MEDIUM,AMBIGUOUS,DYNAMIC_BIDIRECTIONAL,256.3775,256.3775,0.0,0.0,3.0422,10,Valid physical match on two-way street; traffic speed applied bidirectionally.
150,368712589,8144921986,3725591172,0,AMBIGUOUS,MEDIUM,AMBIGUOUS,DYNAMIC_BIDIRECTIONAL,256.3775,256.3775,0.0,0.0,3.0422,10,Valid physical match on two-way street; traffic speed applied bidirectionally.
151,875007028,9882823386,9871576949,0,MAPPED,HIGH,CLEAR,DYNAMIC,255.9953,255.9953,0.0,0.0,0.4426,6,High-confidence exact physical match on one-way or dominant directed edge.
152,"[874644320, 874644321, 219116706]",8141472796,11938897684,0,MAPPED,HIGH,CLEAR,DYNAMIC,251.7026,251.7026,0.0,0.0,0.2928,18,High-confidence exact physical match on one-way or dominant directed edge.
153,"[44949024, 874594467]",8141628265,4714939571,0,MAPPED,HIGH,CLEAR,DYNAMIC,251.2121,251.2121,0.0,0.0,0.1118,4,High-confidence exact physical match on one-way or dominant directed edge.
154,"[230574618, 464845715]",8184439489,2390658892,0,AMBIGUOUS,LOW,CLEAR,STATIC_FALLBACK,250.5883,364.9932,114.4049,45.6545,0.112,3,Elevated length error (45.7%) or distance (0.1m); reverted to static baseline.
155,90617087,3711679014,8133212869,0,MAPPED,HIGH,CLEAR,DYNAMIC,249.8253,249.8253,0.0,0.0,0.4184,11,High-confidence exact physical match on one-way or dominant directed edge.
156,1208795193,2833482043,2833482024,0,MAPPED,HIGH,CLEAR,DYNAMIC,249.1857,249.1857,0.0,0.0,1.5097,2,High-confidence exact physical match on one-way or dominant directed edge.
157,478249498,293462780,1051669851,0,MAPPED,HIGH,CLEAR,DYNAMIC,248.83,248.3523,0.4777,0.192,1.5934,7,High-confidence exact physical match on one-way or dominant directed edge.
158,880075594,8151182416,2283167591,0,MAPPED,HIGH,CLEAR,DYNAMIC,243.2291,243.2291,0.0,0.0,1.132,9,High-confidence exact physical match on one-way or dominant directed edge.
159,218526249,6608882862,2845389637,0,MAPPED,HIGH,CLEAR,DYNAMIC,241.8763,241.8763,0.0,0.0,0.1727,2,High-confidence exact physical match on one-way or dominant directed edge.
160,1014003072,2704039251,2704039249,0,MAPPED,HIGH,CLEAR,DYNAMIC,240.8445,240.8445,0.0,0.0,0.8089,2,High-confidence exact physical match on one-way or dominant directed edge.
161,252236396,2583312044,8124328157,0,MAPPED,HIGH,CLEAR,DYNAMIC,239.4276,239.4276,0.0,0.0,0.156,6,High-confidence exact physical match on one-way or dominant directed edge.
162,174418041,293456470,293456370,0,MAPPED,HIGH,CLEAR,DYNAMIC,237.9342,237.9342,0.0,0.0,0.9721,8,High-confidence exact physical match on one-way or dominant directed edge.
163,"[1352928435, 368852567]",8146129652,3726941181,0,MAPPED,HIGH,CLEAR,DYNAMIC,234.8422,234.8422,0.0,0.0,0.5289,6,High-confidence exact physical match on one-way or dominant directed edge.
164,300173739,4963335999,3042737289,0,MAPPED,HIGH,CLEAR,DYNAMIC,234.4077,234.4077,0.0,0.0,6.6017,15,High-confidence exact physical match on one-way or dominant directed edge.
165,762822065,4714962014,11937077582,0,MAPPED,HIGH,CLEAR,DYNAMIC,234.2409,234.2409,0.0,0.0,1.1009,11,High-confidence exact physical match on one-way or dominant directed edge.
166,1208791977,3725763281,4594183934,0,MAPPED,HIGH,CLEAR,DYNAMIC,233.2053,233.2053,0.0,0.0,0.0001,5,High-confidence exact physical match on one-way or dominant directed edge.
167,762822065,4721819322,4715979365,0,MAPPED,HIGH,CLEAR,DYNAMIC,230.2586,230.2586,0.0,0.0,0.3908,11,High-confidence exact physical match on one-way or dominant directed edge.
168,478254522,8151182351,8151182352,0,MAPPED,MEDIUM,CLEAR,DYNAMIC,229.4035,320.7847,91.3812,39.8342,0.1244,5,Good physical length and geometry match with clear directed orientation.
169,1208785499,6604456762,6604456761,0,MAPPED,HIGH,CLEAR,DYNAMIC,229.1843,229.1843,0.0,0.0,0.2914,2,High-confidence exact physical match on one-way or dominant directed edge.
170,300173739,8154498079,3042737256,0,MAPPED,HIGH,CLEAR,DYNAMIC,226.633,226.633,0.0,0.0,0.0539,15,High-confidence exact physical match on one-way or dominant directed edge.
171,478257594,293463605,3714913947,0,MAPPED,HIGH,CLEAR,DYNAMIC,226.5675,226.5675,0.0,0.0,1.2536,10,High-confidence exact physical match on one-way or dominant directed edge.
172,877821612,8156540160,8156683692,0,MAPPED,HIGH,CLEAR,DYNAMIC,226.4286,226.4286,0.0,0.0,0.7656,3,High-confidence exact physical match on one-way or dominant directed edge.
173,658700019,4715985536,4723483921,0,MAPPED,HIGH,CLEAR,DYNAMIC,225.9968,225.9968,0.0,0.0,5.0596,3,High-confidence exact physical match on one-way or dominant directed edge.
174,746487577,2704039244,2704039243,0,MAPPED,HIGH,CLEAR,DYNAMIC,225.7918,225.7918,0.0,0.0,0.0284,8,High-confidence exact physical match on one-way or dominant directed edge.
175,746487579,299492240,293463031,0,MAPPED,HIGH,CLEAR,DYNAMIC,224.428,224.428,0.0,0.0,0.4493,9,High-confidence exact physical match on one-way or dominant directed edge.
176,746487577,2704039243,2703794068,0,MAPPED,HIGH,CLEAR,DYNAMIC,224.0008,224.0008,0.0,0.0,0.0,8,High-confidence exact physical match on one-way or dominant directed edge.
177,300173739,3042737256,12438735280,0,MAPPED,HIGH,CLEAR,DYNAMIC,223.6561,223.6561,0.0,0.0,0.0759,15,High-confidence exact physical match on one-way or dominant directed edge.
178,26754491,10165916006,6944073197,0,MAPPED,HIGH,CLEAR,DYNAMIC,222.9606,222.9606,0.0,0.0,16.1537,7,High-confidence exact physical match on one-way or dominant directed edge.
179,26754699,293457398,8151563183,0,MAPPED,HIGH,CLEAR,DYNAMIC,222.6968,222.6986,0.0019,0.0008,0.4364,6,High-confidence exact physical match on one-way or dominant directed edge.
180,1208795197,6604385665,10168649545,0,MAPPED,HIGH,CLEAR,DYNAMIC,222.5821,222.5821,0.0,0.0,0.3829,8,High-confidence exact physical match on one-way or dominant directed edge.
181,456959535,293457275,293457276,0,MAPPED,HIGH,CLEAR,DYNAMIC,217.4152,217.4152,0.0,0.0,0.0001,9,High-confidence exact physical match on one-way or dominant directed edge.
182,464650415,3718108687,4601752550,0,MAPPED,HIGH,CLEAR,DYNAMIC,216.9472,216.9472,0.0,0.0,0.2378,7,High-confidence exact physical match on one-way or dominant directed edge.
183,90617087,3711679549,3718134030,0,MAPPED,HIGH,CLEAR,DYNAMIC,216.4657,216.4657,0.0,0.0,6.3574,11,High-confidence exact physical match on one-way or dominant directed edge.
184,464650412,3719506256,12525781148,0,MAPPED,HIGH,CLEAR,DYNAMIC,216.198,216.198,0.0,0.0,0.5804,7,High-confidence exact physical match on one-way or dominant directed edge.
185,869997541,8137990582,3725791491,0,MAPPED,HIGH,CLEAR,DYNAMIC,216.0646,216.0646,0.0,0.0,0.0371,5,High-confidence exact physical match on one-way or dominant directed edge.
186,865024250,11968762653,8133341954,0,MAPPED,HIGH,CLEAR,DYNAMIC,215.0088,215.0088,0.0,0.0,0.0086,12,High-confidence exact physical match on one-way or dominant directed edge.
187,26754165,6985773024,10578971222,0,MAPPED,HIGH,CLEAR,DYNAMIC,214.8921,214.8921,0.0,0.0,1.3391,5,High-confidence exact physical match on one-way or dominant directed edge.
188,876134933,8154498082,8154498081,0,MAPPED,HIGH,CLEAR,DYNAMIC,214.2553,214.2553,0.0,0.0,0.0575,8,High-confidence exact physical match on one-way or dominant directed edge.
189,1069546778,8166852648,9816859455,0,MAPPED,HIGH,CLEAR,DYNAMIC,213.1086,213.1086,0.0,0.0,0.1733,10,High-confidence exact physical match on one-way or dominant directed edge.
190,1141889035,4722179361,4723477971,0,MAPPED,HIGH,CLEAR,DYNAMIC,212.551,212.551,0.0,0.0,0.6138,2,High-confidence exact physical match on one-way or dominant directed edge.
191,879562788,293465977,293463119,0,MAPPED,HIGH,CLEAR,DYNAMIC,212.1051,212.1051,0.0,0.0,0.1235,7,High-confidence exact physical match on one-way or dominant directed edge.
192,1210205481,8144958910,8144958913,0,MAPPED,HIGH,CLEAR,DYNAMIC,210.5209,210.5209,0.0,0.0,0.3428,6,High-confidence exact physical match on one-way or dominant directed edge.
193,1208795201,4594197578,4594197577,0,MAPPED,HIGH,CLEAR,DYNAMIC,209.4073,209.4073,0.0,0.0,0.6508,12,High-confidence exact physical match on one-way or dominant directed edge.
194,742084229,11936417213,569909828,0,MAPPED,HIGH,CLEAR,DYNAMIC,207.8876,207.8876,0.0,0.0,5.3409,5,High-confidence exact physical match on one-way or dominant directed edge.
195,478254539,4714962031,4714939496,0,MAPPED,HIGH,CLEAR,DYNAMIC,207.865,207.865,0.0,0.0,0.7788,10,High-confidence exact physical match on one-way or dominant directed edge.
196,1208986526,6166520809,6605237341,0,MAPPED,HIGH,CLEAR,DYNAMIC,207.0392,207.0392,0.0,0.0,0.2348,3,High-confidence exact physical match on one-way or dominant directed edge.
197,"[1208785491, 1208986526]",4594181067,4594181065,0,MAPPED,HIGH,CLEAR,DYNAMIC,206.932,206.932,0.0,0.0,0.0048,5,High-confidence exact physical match on one-way or dominant directed edge.
198,"[605579942, 870242501, 870242502]",6010327769,8140526289,0,MAPPED,HIGH,CLEAR,DYNAMIC,203.766,203.766,0.0,0.0,0.308,12,High-confidence exact physical match on one-way or dominant directed edge.
199,876451409,3727011973,3727012991,0,MAPPED,HIGH,CLEAR,DYNAMIC,202.3907,202.3907,0.0,0.0,0.5151,14,High-confidence exact physical match on one-way or dominant directed edge.
200,90617087,3711679299,293464096,0,MAPPED,HIGH,CLEAR,DYNAMIC,202.3806,202.3806,0.0,0.0,0.4245,11,High-confidence exact physical match on one-way or dominant directed edge.
201,300173739,3042737292,3722532540,0,MAPPED,HIGH,CLEAR,DYNAMIC,201.7587,201.7587,0.0,0.0,0.0002,15,High-confidence exact physical match on one-way or dominant directed edge.
202,762822065,4715979365,4714962026,0,MAPPED,HIGH,CLEAR,DYNAMIC,201.6614,201.6614,0.0,0.0,0.4419,11,High-confidence exact physical match on one-way or dominant directed edge.
203,741818619,9924471955,8133212860,0,MAPPED,HIGH,CLEAR,DYNAMIC,201.0439,201.0439,0.0,0.0,0.0548,8,High-confidence exact physical match on one-way or dominant directed edge.
204,466615091,13505959712,293458235,0,MAPPED,MEDIUM,CLEAR,DYNAMIC,200.9754,130.7761,70.1993,34.9293,0.0004,10,Good physical length and geometry match with clear directed orientation.
205,1208988383,8156864965,8163267507,0,MAPPED,HIGH,CLEAR,DYNAMIC,198.621,198.621,0.0,0.0,1.4578,7,High-confidence exact physical match on one-way or dominant directed edge.
206,875119268,10132690705,3726941220,0,AMBIGUOUS,MEDIUM,AMBIGUOUS,DYNAMIC_BIDIRECTIONAL,195.7621,195.7621,0.0,0.0,0.1226,36,Valid physical match on two-way street; traffic speed applied bidirectionally.
207,875119268,10132690705,3726941220,0,AMBIGUOUS,MEDIUM,AMBIGUOUS,DYNAMIC_BIDIRECTIONAL,195.7621,195.7621,0.0,0.0,0.1226,36,Valid physical match on two-way street; traffic speed applied bidirectionally.
208,478257594,3714705622,3714706393,0,MAPPED,HIGH,CLEAR,DYNAMIC,195.1175,195.1175,0.0,0.0,0.2919,10,High-confidence exact physical match on one-way or dominant directed edge.
209,877825096,8156596370,3725590078,0,MAPPED,HIGH,CLEAR,DYNAMIC,194.6682,194.6682,0.0,0.0,0.0003,3,High-confidence exact physical match on one-way or dominant directed edge.
210,1069546778,8166852651,8166852648,0,MAPPED,HIGH,CLEAR,DYNAMIC,194.197,194.197,0.0,0.0,0.0059,10,High-confidence exact physical match on one-way or dominant directed edge.
211,466839445,293464778,293464784,0,MAPPED,HIGH,CLEAR,DYNAMIC,193.6965,193.6965,0.0,0.0,0.0521,14,High-confidence exact physical match on one-way or dominant directed edge.
212,218526249,2277623681,6608882862,0,MAPPED,HIGH,CLEAR,DYNAMIC,193.1577,193.1577,0.0,0.0,0.0319,2,High-confidence exact physical match on one-way or dominant directed edge.
213,742084229,3725628832,3725628684,0,MAPPED,HIGH,CLEAR,DYNAMIC,192.1184,192.1184,0.0,0.0,0.1359,5,High-confidence exact physical match on one-way or dominant directed edge.
214,875119268,3184375374,10132690705,0,AMBIGUOUS,MEDIUM,AMBIGUOUS,DYNAMIC_BIDIRECTIONAL,191.5903,191.5903,0.0,0.0,0.8146,36,Valid physical match on two-way street; traffic speed applied bidirectionally.
215,875119268,3184375374,10132690705,0,AMBIGUOUS,MEDIUM,AMBIGUOUS,DYNAMIC_BIDIRECTIONAL,191.5903,191.5903,0.0,0.0,0.8146,36,Valid physical match on two-way street; traffic speed applied bidirectionally.
216,874459840,2703756979,4720174490,0,MAPPED,HIGH,CLEAR,DYNAMIC,190.9332,190.9332,0.0,0.0,1.2119,13,High-confidence exact physical match on one-way or dominant directed edge.
217,1141889036,9913774165,293463399,0,MAPPED,HIGH,CLEAR,DYNAMIC,190.6045,190.6045,0.0,0.0,2.5408,14,High-confidence exact physical match on one-way or dominant directed edge.
218,464650415,293462011,8153698627,0,MAPPED,HIGH,CLEAR,DYNAMIC,190.4071,190.4071,0.0,0.0,0.1891,7,High-confidence exact physical match on one-way or dominant directed edge.
219,879562787,2703794062,2703794060,0,MAPPED,HIGH,CLEAR,DYNAMIC,189.0236,189.0236,0.0,0.0,0.0145,8,High-confidence exact physical match on one-way or dominant directed edge.
220,"[874644320, 872816373, 478254536]",2283167585,8124335699,0,MAPPED,HIGH,CLEAR,DYNAMIC,187.9416,187.9416,0.0,0.0,0.0011,16,High-confidence exact physical match on one-way or dominant directed edge.
221,252236395,2583312092,2583312066,0,MAPPED,HIGH,CLEAR,DYNAMIC,187.7267,187.7267,0.0,0.0,0.0022,6,High-confidence exact physical match on one-way or dominant directed edge.
222,230574625,3706276768,10115843783,0,MAPPED,HIGH,CLEAR,DYNAMIC,187.149,187.149,0.0,0.0,0.8277,4,High-confidence exact physical match on one-way or dominant directed edge.
223,470103540,4643407218,3725763514,0,MAPPED,HIGH,CLEAR,DYNAMIC,186.8863,186.8863,0.0,0.0,0.0234,5,High-confidence exact physical match on one-way or dominant directed edge.
224,26754699,293457280,293457398,0,MAPPED,HIGH,CLEAR,DYNAMIC,186.1022,186.1022,0.0,0.0,0.1584,6,High-confidence exact physical match on one-way or dominant directed edge.
225,466615091,4720203904,12558344054,0,MAPPED,HIGH,CLEAR,DYNAMIC,185.03,185.03,0.0,0.0,1.3089,10,High-confidence exact physical match on one-way or dominant directed edge.
226,1209072902,293462774,293462770,0,MAPPED,HIGH,CLEAR,DYNAMIC,183.9324,183.9324,0.0,0.0,0.063,11,High-confidence exact physical match on one-way or dominant directed edge.
227,1208791978,4597338781,293463029,0,MAPPED,HIGH,CLEAR,DYNAMIC,181.0781,181.0781,0.0,0.0,0.1038,3,High-confidence exact physical match on one-way or dominant directed edge.
228,865024248,8062776435,8064752282,0,MAPPED,HIGH,CLEAR,DYNAMIC,180.8274,180.8274,0.0,0.0,0.2025,29,High-confidence exact physical match on one-way or dominant directed edge.
229,874644320,11938897684,7128018275,0,MAPPED,HIGH,CLEAR,DYNAMIC,180.7493,180.7493,0.0,0.0,0.0812,15,High-confidence exact physical match on one-way or dominant directed edge.
230,300173739,12438735280,3042737291,0,MAPPED,HIGH,CLEAR,DYNAMIC,180.6208,180.6208,0.0,0.0,0.0174,15,High-confidence exact physical match on one-way or dominant directed edge.
231,1208791977,3725763413,3725763281,0,MAPPED,HIGH,CLEAR,DYNAMIC,180.5717,180.5717,0.0,0.0,0.2839,5,High-confidence exact physical match on one-way or dominant directed edge.
232,"[746487560, 658700019]",6167916393,4715985536,0,MAPPED,HIGH,CLEAR,DYNAMIC,179.8187,179.8187,0.0,0.0,0.9403,4,High-confidence exact physical match on one-way or dominant directed edge.
233,875004053,8144960927,8144960932,0,MAPPED,HIGH,CLEAR,DYNAMIC,177.7101,177.7101,0.0,0.0,4.5153,8,High-confidence exact physical match on one-way or dominant directed edge.
234,40016878,8182365093,2283167672,0,MAPPED,HIGH,CLEAR,DYNAMIC,177.4812,177.4812,0.0,0.0,5.2438,11,High-confidence exact physical match on one-way or dominant directed edge.
235,870242502,8141521568,6010327769,0,MAPPED,HIGH,CLEAR,DYNAMIC,177.1968,177.1968,0.0,0.0,0.4543,5,High-confidence exact physical match on one-way or dominant directed edge.
236,874644320,3714912868,5418127631,0,MAPPED,HIGH,CLEAR,DYNAMIC,174.7604,174.7604,0.0,0.0,1.1536,15,High-confidence exact physical match on one-way or dominant directed edge.
237,874459842,8141910114,9833884593,0,MAPPED,HIGH,CLEAR,DYNAMIC,174.3614,174.3614,0.0,0.0,0.1372,7,High-confidence exact physical match on one-way or dominant directed edge.
238,1208791971,3726941482,3726926564,0,MAPPED,HIGH,CLEAR,DYNAMIC,174.3308,174.3308,0.0,0.0,0.8463,17,High-confidence exact physical match on one-way or dominant directed edge.
239,300173739,8148670280,3042737299,0,MAPPED,HIGH,CLEAR,DYNAMIC,173.5243,173.5243,0.0,0.0,2.2809,15,High-confidence exact physical match on one-way or dominant directed edge.
240,368721302,3725764138,8153479957,0,MAPPED,HIGH,CLEAR,DYNAMIC,171.4247,171.4247,0.0,0.0,0.0002,5,High-confidence exact physical match on one-way or dominant directed edge.
241,1208491977,3726939998,6604456763,0,MAPPED,HIGH,CLEAR,DYNAMIC,171.2807,171.2807,0.0,0.0,0.0002,2,High-confidence exact physical match on one-way or dominant directed edge.
242,478257594,8124335766,3714705527,0,MAPPED,HIGH,CLEAR,DYNAMIC,171.1209,171.1209,0.0,0.0,0.085,10,High-confidence exact physical match on one-way or dominant directed edge.
243,464650415,8145147226,293462245,0,MAPPED,HIGH,CLEAR,DYNAMIC,168.9641,168.9641,0.0,0.0,1.5943,7,High-confidence exact physical match on one-way or dominant directed edge.
244,874056882,3727013860,4594206606,0,MAPPED,HIGH,CLEAR,DYNAMIC,168.6369,168.6369,0.0,0.0,0.1028,17,High-confidence exact physical match on one-way or dominant directed edge.
245,865024248,3724390838,11968828663,0,MAPPED,HIGH,CLEAR,DYNAMIC,168.4136,168.4136,0.0,0.0,0.0715,29,High-confidence exact physical match on one-way or dominant directed edge.
246,1203900682,12617765452,2392383591,0,MAPPED,HIGH,CLEAR,DYNAMIC,167.4211,167.4211,0.0,0.0,0.0747,2,High-confidence exact physical match on one-way or dominant directed edge.
247,464260872,8141472721,8141472740,0,MAPPED,HIGH,CLEAR,DYNAMIC,167.0542,167.0542,0.0,0.0,0.0046,6,High-confidence exact physical match on one-way or dominant directed edge.
248,464845715,2365467030,2408583723,0,MAPPED,HIGH,CLEAR,DYNAMIC,166.8246,166.8246,0.0,0.0,0.3961,3,High-confidence exact physical match on one-way or dominant directed edge.
249,870242498,4593969159,4593969164,0,MAPPED,HIGH,CLEAR,DYNAMIC,166.5969,166.5969,0.0,0.0,2.0104,2,High-confidence exact physical match on one-way or dominant directed edge.
250,26755988,1051669950,293462600,0,AMBIGUOUS,MEDIUM,AMBIGUOUS,DYNAMIC_BIDIRECTIONAL,166.5692,166.5692,0.0,0.0,0.0002,6,Valid physical match on two-way street; traffic speed applied bidirectionally.
251,26755988,1051669950,293462600,0,AMBIGUOUS,MEDIUM,AMBIGUOUS,DYNAMIC_BIDIRECTIONAL,166.5692,166.5692,0.0,0.0,0.0002,6,Valid physical match on two-way street; traffic speed applied bidirectionally.
252,874459840,4720174504,3719620804,0,MAPPED,HIGH,CLEAR,DYNAMIC,166.3251,166.3251,0.0,0.0,0.3432,13,High-confidence exact physical match on one-way or dominant directed edge.
253,470103829,3726944827,13957674836,0,MAPPED,HIGH,CLEAR,DYNAMIC,165.6506,162.4416,3.2089,1.9372,0.1709,6,High-confidence exact physical match on one-way or dominant directed edge.
254,174418041,293456654,293456599,0,MAPPED,HIGH,CLEAR,DYNAMIC,165.642,165.642,0.0,0.0,0.0,8,High-confidence exact physical match on one-way or dominant directed edge.
255,"[1393752821, 742084229, 44947109]",569909828,12901379743,0,MAPPED,HIGH,CLEAR,DYNAMIC,165.3094,165.3094,0.0,0.0,0.6564,6,High-confidence exact physical match on one-way or dominant directed edge.
256,874056882,4594206606,4594206590,0,MAPPED,HIGH,CLEAR,DYNAMIC,165.2623,165.2623,0.0,0.0,0.6105,17,High-confidence exact physical match on one-way or dominant directed edge.
257,279088743,293464910,293464908,0,MAPPED,HIGH,CLEAR,DYNAMIC,165.2078,165.2078,0.0,0.0,1.0986,12,High-confidence exact physical match on one-way or dominant directed edge.
258,478249498,293462777,293462778,0,MAPPED,HIGH,CLEAR,DYNAMIC,164.8245,164.8245,0.0,0.0,0.3015,7,High-confidence exact physical match on one-way or dominant directed edge.
259,"[1141888415, 1392897335]",4723475967,4723476603,0,MAPPED,HIGH,CLEAR,DYNAMIC,164.4355,164.4355,0.0,0.0,0.1868,1,High-confidence exact physical match on one-way or dominant directed edge.
260,1208988383,3719506250,3719506253,0,MAPPED,HIGH,CLEAR,DYNAMIC,163.5923,163.5923,0.0,0.0,0.9405,7,High-confidence exact physical match on one-way or dominant directed edge.
261,26754699,293457075,293463159,0,MAPPED,HIGH,CLEAR,DYNAMIC,163.5295,163.5295,0.0,0.0,0.1393,6,High-confidence exact physical match on one-way or dominant directed edge.
262,1208795201,4594188520,3726941481,0,MAPPED,HIGH,CLEAR,DYNAMIC,163.0631,163.0631,0.0,0.0,0.0056,12,High-confidence exact physical match on one-way or dominant directed edge.
263,26754699,4613766153,293457277,0,MAPPED,HIGH,CLEAR,DYNAMIC,162.3343,162.3343,0.0,0.0,0.0106,6,High-confidence exact physical match on one-way or dominant directed edge.
264,1138034029,3722327215,7127990460,0,MAPPED,HIGH,CLEAR,DYNAMIC,160.9099,160.9099,0.0,0.0,0.1696,2,High-confidence exact physical match on one-way or dominant directed edge.
265,"[874459841, 874459842, 466615091]",293458244,6956618508,0,MAPPED,HIGH,CLEAR,DYNAMIC,160.7786,160.7786,0.0,0.0,0.8147,16,High-confidence exact physical match on one-way or dominant directed edge.
266,279088740,1812432267,1812432244,0,MAPPED,HIGH,CLEAR,DYNAMIC,160.5361,160.5361,0.0,0.0,0.2135,6,High-confidence exact physical match on one-way or dominant directed edge.
267,880075594,2283167601,3719620306,0,MAPPED,HIGH,CLEAR,DYNAMIC,160.3229,160.3229,0.0,0.0,0.1014,9,High-confidence exact physical match on one-way or dominant directed edge.
268,1238285689,8124118501,3706277268,0,MAPPED,HIGH,CLEAR,DYNAMIC,159.9279,159.9279,0.0,0.0,0.71,3,High-confidence exact physical match on one-way or dominant directed edge.
269,869997541,3725791491,3725791505,0,MAPPED,HIGH,CLEAR,DYNAMIC,159.8066,159.8066,0.0,0.0,0.1927,5,High-confidence exact physical match on one-way or dominant directed edge.
270,478254539,10287153450,5415640148,0,MAPPED,HIGH,CLEAR,DYNAMIC,159.6655,159.6655,0.0,0.0,0.034,10,High-confidence exact physical match on one-way or dominant directed edge.
271,478257594,3714704501,10267000474,0,MAPPED,HIGH,CLEAR,DYNAMIC,159.3093,159.3093,0.0,0.0,0.0,10,High-confidence exact physical match on one-way or dominant directed edge.
272,1208491992,2929034393,3725790429,0,MAPPED,HIGH,CLEAR,DYNAMIC,159.2172,159.2172,0.0,0.0,0.218,3,High-confidence exact physical match on one-way or dominant directed edge.
273,879562788,293463119,293463078,0,MAPPED,HIGH,CLEAR,DYNAMIC,158.9703,158.9703,0.0,0.0,0.4637,7,High-confidence exact physical match on one-way or dominant directed edge.
274,466600306,1812432245,1812432278,0,MAPPED,HIGH,CLEAR,DYNAMIC,158.6369,158.6369,0.0,0.0,0.0002,1,High-confidence exact physical match on one-way or dominant directed edge.
275,90617087,3711678597,3711673309,0,MAPPED,HIGH,CLEAR,DYNAMIC,158.0621,158.0621,0.0,0.0,3.7397,11,High-confidence exact physical match on one-way or dominant directed edge.
276,776295454,8128232265,3706277194,0,AMBIGUOUS,MEDIUM,AMBIGUOUS,DYNAMIC_BIDIRECTIONAL,157.4162,157.4162,0.0,0.0,0.9755,14,Valid physical match on two-way street; traffic speed applied bidirectionally.
277,776295454,8128232265,3706277194,0,AMBIGUOUS,MEDIUM,AMBIGUOUS,DYNAMIC_BIDIRECTIONAL,157.4162,157.4162,0.0,0.0,0.9755,14,Valid physical match on two-way street; traffic speed applied bidirectionally.
278,"[219116704, 762822062, 219116711]",3714706393,12201173657,0,MAPPED,HIGH,CLEAR,DYNAMIC,156.2617,156.2617,0.0,0.0,0.2252,2,High-confidence exact physical match on one-way or dominant directed edge.
279,"[478254522, 1013619973]",2703797734,8151182351,0,MAPPED,HIGH,CLEAR,DYNAMIC,156.0977,156.0977,0.0,0.0,0.0585,5,High-confidence exact physical match on one-way or dominant directed edge.
280,26764975,3725656912,293466258,0,MAPPED,HIGH,CLEAR,DYNAMIC,155.5379,155.5379,0.0,0.0,0.0002,8,High-confidence exact physical match on one-way or dominant directed edge.
281,478372781,4719689700,10779362169,0,MAPPED,HIGH,CLEAR,DYNAMIC,155.1251,155.1251,0.0,0.0,0.1269,6,High-confidence exact physical match on one-way or dominant directed edge.
282,279088743,293464896,293464894,0,MAPPED,HIGH,CLEAR,DYNAMIC,154.9478,154.9478,0.0,0.0,0.0002,12,High-confidence exact physical match on one-way or dominant directed edge.
283,870242503,6010327768,3725560916,0,MAPPED,HIGH,CLEAR,DYNAMIC,154.4016,154.4016,0.0,0.0,0.3395,7,High-confidence exact physical match on one-way or dominant directed edge.
284,1141889035,4723476352,4722179361,0,MAPPED,HIGH,CLEAR,DYNAMIC,154.338,154.338,0.0,0.0,0.0647,2,High-confidence exact physical match on one-way or dominant directed edge.
285,879562787,5875519688,2703794066,0,MAPPED,HIGH,CLEAR,DYNAMIC,154.0707,154.0707,0.0,0.0,0.0122,8,High-confidence exact physical match on one-way or dominant directed edge.
286,869089258,3719483256,6985772815,0,AMBIGUOUS,MEDIUM,AMBIGUOUS,DYNAMIC_BIDIRECTIONAL,153.9876,153.9876,0.0,0.0,0.4318,10,Valid physical match on two-way street; traffic speed applied bidirectionally.
287,869089258,3719483256,6985772815,0,AMBIGUOUS,MEDIUM,AMBIGUOUS,DYNAMIC_BIDIRECTIONAL,153.9876,153.9876,0.0,0.0,0.4318,10,Valid physical match on two-way street; traffic speed applied bidirectionally.
288,"[874459840, 40016878, 874459839]",2703768573,2703756979,0,MAPPED,HIGH,CLEAR,DYNAMIC,153.3286,153.3286,0.0,0.0,0.1369,23,High-confidence exact physical match on one-way or dominant directed edge.
289,874056882,4594259889,13022825212,0,MAPPED,HIGH,CLEAR,DYNAMIC,152.9864,152.9864,0.0,0.0,0.0766,17,High-confidence exact physical match on one-way or dominant directed edge.
290,842470001,8169509578,8169509567,0,MAPPED,HIGH,CLEAR,DYNAMIC,152.7923,152.7832,0.0092,0.006,0.5921,3,High-confidence exact physical match on one-way or dominant directed edge.
291,605579942,8140465200,4593969290,0,MAPPED,HIGH,CLEAR,DYNAMIC,152.5003,152.5003,0.0,0.0,0.5676,8,High-confidence exact physical match on one-way or dominant directed edge.
292,605579942,8140526284,8140526242,0,MAPPED,HIGH,CLEAR,DYNAMIC,152.0507,152.0507,0.0,0.0,0.0,8,High-confidence exact physical match on one-way or dominant directed edge.
293,870242503,8140750597,6010327768,0,MAPPED,HIGH,CLEAR,DYNAMIC,150.6949,150.6949,0.0,0.0,0.264,7,High-confidence exact physical match on one-way or dominant directed edge.
294,478371821,3719620476,3719620498,0,MAPPED,HIGH,CLEAR,DYNAMIC,150.4083,150.4083,0.0,0.0,0.0001,11,High-confidence exact physical match on one-way or dominant directed edge.
295,1210205483,3714709047,8144958903,0,MAPPED,HIGH,CLEAR,DYNAMIC,150.0213,150.0213,0.0,0.0,0.0714,8,High-confidence exact physical match on one-way or dominant directed edge.
296,1208988379,4478448738,8163267506,0,MAPPED,HIGH,CLEAR,DYNAMIC,149.5909,149.5909,0.0,0.0,0.0001,8,High-confidence exact physical match on one-way or dominant directed edge.
297,"[746487576, 746487577, 879562787]",2703794068,5875519688,0,MAPPED,HIGH,CLEAR,DYNAMIC,148.8716,148.8716,0.0,0.0,0.1934,15,High-confidence exact physical match on one-way or dominant directed edge.
298,1208986532,293458413,3725790343,0,MAPPED,HIGH,CLEAR,DYNAMIC,148.8615,148.8615,0.0,0.0,0.1095,3,High-confidence exact physical match on one-way or dominant directed edge.
299,367555141,3716311233,8144958887,0,MAPPED,HIGH,CLEAR,DYNAMIC,148.5639,148.5639,0.0,0.0,2.2226,10,High-confidence exact physical match on one-way or dominant directed edge.
300,466615091,12558344054,7127914070,0,MAPPED,HIGH,CLEAR,DYNAMIC,148.5538,148.5538,0.0,0.0,0.0871,10,High-confidence exact physical match on one-way or dominant directed edge.
301,1208791971,3726941434,3726941482,0,MAPPED,HIGH,CLEAR,DYNAMIC,148.3746,148.3746,0.0,0.0,0.0001,17,High-confidence exact physical match on one-way or dominant directed edge.
302,1141889036,293463370,293463385,0,MAPPED,HIGH,CLEAR,DYNAMIC,148.1399,148.1399,0.0,0.0,2.7819,14,High-confidence exact physical match on one-way or dominant directed edge.
303,90617087,8099252001,3711678597,0,MAPPED,HIGH,CLEAR,DYNAMIC,147.7795,147.7795,0.0,0.0,0.0522,11,High-confidence exact physical match on one-way or dominant directed edge.
304,252236395,2583312049,2583312092,0,MAPPED,HIGH,CLEAR,DYNAMIC,147.4982,147.4982,0.0,0.0,0.0002,6,High-confidence exact physical match on one-way or dominant directed edge.
305,875004053,8144960935,8144960921,0,MAPPED,HIGH,CLEAR,DYNAMIC,147.2606,147.2606,0.0,0.0,0.0971,8,High-confidence exact physical match on one-way or dominant directed edge.
306,1208986532,3725777494,293458413,0,MAPPED,HIGH,CLEAR,DYNAMIC,147.1627,147.1627,0.0,0.0,0.1115,3,High-confidence exact physical match on one-way or dominant directed edge.
307,478254522,8151182352,9757587446,0,MAPPED,HIGH,CLEAR,DYNAMIC,147.1028,147.1028,0.0,0.0,1.75,5,High-confidence exact physical match on one-way or dominant directed edge.
308,"[279958945, 879568355, 879568356, 325359753, 218505930, 218505931, 1210086508, 26755786, 1209009371]",13519081481,8140380974,0,UNRESOLVED,LOW,CLEAR,STATIC_FALLBACK,146.7648,1567.6705,1420.9057,968.1519,15.4087,1,Severe length mismatch (>1400m); candidate way is unrepresentative of short probe.
309,478254522,4620986372,4613766154,0,MAPPED,HIGH,CLEAR,DYNAMIC,146.5832,146.5832,0.0,0.0,0.0002,5,High-confidence exact physical match on one-way or dominant directed edge.
310,219116706,2283167579,8141472796,0,MAPPED,HIGH,CLEAR,DYNAMIC,145.654,145.654,0.0,0.0,0.4149,4,High-confidence exact physical match on one-way or dominant directed edge.
311,"[746487578, 746487579, 879562788]",10110997385,5338412716,0,MAPPED,HIGH,CLEAR,DYNAMIC,144.406,144.406,0.0,0.0,0.0533,15,High-confidence exact physical match on one-way or dominant directed edge.
312,870242503,3725560916,3725560939,0,MAPPED,HIGH,CLEAR,DYNAMIC,143.9113,143.9113,0.0,0.0,0.1388,7,High-confidence exact physical match on one-way or dominant directed edge.
313,464283097,3042737290,2841381805,0,MAPPED,HIGH,CLEAR,DYNAMIC,143.6205,143.6205,0.0,0.0,0.0165,6,High-confidence exact physical match on one-way or dominant directed edge.
314,368852567,3726926556,12435035118,0,MAPPED,HIGH,CLEAR,DYNAMIC,143.2676,143.2676,0.0,0.0,0.0907,5,High-confidence exact physical match on one-way or dominant directed edge.
315,1141889036,293463347,293463349,0,MAPPED,HIGH,CLEAR,DYNAMIC,142.1581,142.1581,0.0,0.0,0.256,14,High-confidence exact physical match on one-way or dominant directed edge.
316,869997541,3725791505,3184374603,0,MAPPED,HIGH,CLEAR,DYNAMIC,141.604,141.604,0.0,0.0,0.1101,5,High-confidence exact physical match on one-way or dominant directed edge.
317,478249498,9771712112,293462780,0,MAPPED,HIGH,CLEAR,DYNAMIC,141.3044,141.3044,0.0,0.0,0.0222,7,High-confidence exact physical match on one-way or dominant directed edge.
318,368729170,3725763498,3725764126,0,MAPPED,HIGH,CLEAR,DYNAMIC,141.2953,141.2953,0.0,0.0,0.2492,6,High-confidence exact physical match on one-way or dominant directed edge.
319,874644320,5414086844,8127692843,0,MAPPED,HIGH,CLEAR,DYNAMIC,140.6115,140.6115,0.0,0.0,0.0002,15,High-confidence exact physical match on one-way or dominant directed edge.
320,1208785492,6947408065,3725790736,0,MAPPED,HIGH,CLEAR,DYNAMIC,140.1753,140.1753,0.0,0.0,0.0,4,High-confidence exact physical match on one-way or dominant directed edge.
321,865024248,3724390901,3724390916,0,MAPPED,HIGH,CLEAR,DYNAMIC,139.5782,139.5782,0.0,0.0,0.0863,29,High-confidence exact physical match on one-way or dominant directed edge.
322,279088746,1812432286,2833450822,0,MAPPED,HIGH,CLEAR,DYNAMIC,139.1437,139.1437,0.0,0.0,0.487,2,High-confidence exact physical match on one-way or dominant directed edge.
323,"[568707032, 874594467, 1210221828, 374402719]",4714939528,8141628265,0,MAPPED,HIGH,CLEAR,DYNAMIC,139.0851,139.0851,0.0,0.0,0.8369,3,High-confidence exact physical match on one-way or dominant directed edge.
324,368729170,3725763961,3725763498,0,MAPPED,HIGH,CLEAR,DYNAMIC,139.0097,139.0097,0.0,0.0,0.0001,6,High-confidence exact physical match on one-way or dominant directed edge.
325,746487559,293461082,293460950,0,MAPPED,HIGH,CLEAR,DYNAMIC,138.963,138.963,0.0,0.0,1.1143,12,High-confidence exact physical match on one-way or dominant directed edge.
326,874459842,8141910101,8141910114,0,MAPPED,HIGH,CLEAR,DYNAMIC,138.0139,138.0139,0.0,0.0,0.5166,7,High-confidence exact physical match on one-way or dominant directed edge.
327,875119268,8145903096,6965369868,0,AMBIGUOUS,MEDIUM,AMBIGUOUS,DYNAMIC_BIDIRECTIONAL,137.569,137.569,0.0,0.0,0.0415,36,Valid physical match on two-way street; traffic speed applied bidirectionally.
328,875119268,8145903096,6965369868,0,AMBIGUOUS,MEDIUM,AMBIGUOUS,DYNAMIC_BIDIRECTIONAL,137.569,137.569,0.0,0.0,0.0415,36,Valid physical match on two-way street; traffic speed applied bidirectionally.
329,876451409,8145580981,4594206614,0,MAPPED,HIGH,CLEAR,DYNAMIC,137.4696,137.4696,0.0,0.0,0.433,14,High-confidence exact physical match on one-way or dominant directed edge.
330,874656098,4714939538,4714939527,0,MAPPED,HIGH,CLEAR,DYNAMIC,137.405,137.405,0.0,0.0,0.6711,1,High-confidence exact physical match on one-way or dominant directed edge.
331,252236395,2751622292,2583312029,0,MAPPED,HIGH,CLEAR,DYNAMIC,136.8634,136.8634,0.0,0.0,0.3174,6,High-confidence exact physical match on one-way or dominant directed edge.
332,478257594,3714705527,3714704501,0,MAPPED,HIGH,CLEAR,DYNAMIC,135.2725,135.2725,0.0,0.0,0.0,10,High-confidence exact physical match on one-way or dominant directed edge.
333,470103829,3726944825,3725763954,0,MAPPED,HIGH,CLEAR,DYNAMIC,135.0421,135.0421,0.0,0.0,0.1712,6,High-confidence exact physical match on one-way or dominant directed edge.
334,478254539,7128018274,4801591614,0,MAPPED,HIGH,CLEAR,DYNAMIC,134.4403,134.4403,0.0,0.0,0.1014,10,High-confidence exact physical match on one-way or dominant directed edge.
335,174418041,9882823387,3714708616,0,MAPPED,HIGH,CLEAR,DYNAMIC,133.6998,133.6998,0.0,0.0,0.0541,8,High-confidence exact physical match on one-way or dominant directed edge.
336,280421147,4875425580,2277623663,0,MAPPED,HIGH,CLEAR,DYNAMIC,133.3374,133.3374,0.0,0.0,0.4397,1,High-confidence exact physical match on one-way or dominant directed edge.
337,368729170,3725764126,3725790551,0,MAPPED,HIGH,CLEAR,DYNAMIC,132.5109,132.5109,0.0,0.0,1.0826,6,High-confidence exact physical match on one-way or dominant directed edge.
338,874644320,9919058606,3714913529,0,MAPPED,HIGH,CLEAR,DYNAMIC,132.3595,132.3595,0.0,0.0,0.0214,15,High-confidence exact physical match on one-way or dominant directed edge.
339,174418041,293456370,9871576948,0,MAPPED,HIGH,CLEAR,DYNAMIC,132.0745,132.0745,0.0,0.0,0.1681,8,High-confidence exact physical match on one-way or dominant directed edge.
340,300173742,3725789806,3725790040,0,MAPPED,HIGH,CLEAR,DYNAMIC,131.9728,131.9728,0.0,0.0,0.0286,12,High-confidence exact physical match on one-way or dominant directed edge.
341,"[26754491, 876134933]",9781361238,8154498070,0,MAPPED,HIGH,CLEAR,DYNAMIC,131.2783,131.2783,0.0,0.0,0.0649,14,High-confidence exact physical match on one-way or dominant directed edge.
342,865024248,8062776421,3724390367,0,MAPPED,HIGH,CLEAR,DYNAMIC,131.0219,131.0219,0.0,0.0,0.0197,29,High-confidence exact physical match on one-way or dominant directed edge.
343,470103829,13957674836,6604385662,0,MAPPED,HIGH,CLEAR,DYNAMIC,130.896,134.105,3.2089,2.4515,0.2749,6,High-confidence exact physical match on one-way or dominant directed edge.
344,40016878,2283167656,2703768573,0,MAPPED,HIGH,CLEAR,DYNAMIC,130.7138,130.7138,0.0,0.0,0.544,11,High-confidence exact physical match on one-way or dominant directed edge.
345,1208791979,2833482027,293460604,0,MAPPED,HIGH,CLEAR,DYNAMIC,130.1794,130.1794,0.0,0.0,0.0001,2,High-confidence exact physical match on one-way or dominant directed edge.
346,1208988383,8163267507,4597338734,0,MAPPED,HIGH,CLEAR,DYNAMIC,130.1318,130.1318,0.0,0.0,0.7343,7,High-confidence exact physical match on one-way or dominant directed edge.
347,470103829,3726939997,6605170431,0,MAPPED,HIGH,CLEAR,DYNAMIC,129.6828,129.6828,0.0,0.0,1.0192,6,High-confidence exact physical match on one-way or dominant directed edge.
348,869997541,3184374603,3184374604,0,MAPPED,HIGH,CLEAR,DYNAMIC,129.6556,129.6556,0.0,0.0,1.2578,5,High-confidence exact physical match on one-way or dominant directed edge.
349,466600302,2833450825,293458231,0,MAPPED,HIGH,CLEAR,DYNAMIC,129.3372,129.3372,0.0,0.0,0.8386,2,High-confidence exact physical match on one-way or dominant directed edge.
350,876418713,293452702,293452705,0,AMBIGUOUS,MEDIUM,AMBIGUOUS,DYNAMIC_BIDIRECTIONAL,129.074,129.074,0.0,0.0,0.3961,12,Valid physical match on two-way street; traffic speed applied bidirectionally.
351,876418713,293452702,293452705,0,AMBIGUOUS,MEDIUM,AMBIGUOUS,DYNAMIC_BIDIRECTIONAL,129.074,129.074,0.0,0.0,0.3961,12,Valid physical match on two-way street; traffic speed applied bidirectionally.
352,478372781,4715985522,4721825589,0,MAPPED,HIGH,CLEAR,DYNAMIC,128.981,128.981,0.0,0.0,0.4056,6,High-confidence exact physical match on one-way or dominant directed edge.
353,869974597,13127794959,7242244227,0,MAPPED,HIGH,CLEAR,DYNAMIC,128.5721,128.5721,0.0,0.0,2.6301,2,High-confidence exact physical match on one-way or dominant directed edge.
354,367555141,3714708572,3714707014,0,MAPPED,HIGH,CLEAR,DYNAMIC,128.3389,128.3389,0.0,0.0,0.5933,10,High-confidence exact physical match on one-way or dominant directed edge.
355,470103540,3725763514,3725763504,0,MAPPED,HIGH,CLEAR,DYNAMIC,128.0856,128.0856,0.0,0.0,0.0001,5,High-confidence exact physical match on one-way or dominant directed edge.
356,762822065,4714962029,4721819322,0,MAPPED,HIGH,CLEAR,DYNAMIC,127.5911,127.5911,0.0,0.0,0.0023,11,High-confidence exact physical match on one-way or dominant directed edge.
357,869089258,3719483256,6965143039,0,AMBIGUOUS,MEDIUM,AMBIGUOUS,DYNAMIC_BIDIRECTIONAL,127.5595,127.5595,0.0,0.0,0.6516,10,Valid physical match on two-way street; traffic speed applied bidirectionally.
358,869089258,3719483256,6965143039,0,AMBIGUOUS,MEDIUM,AMBIGUOUS,DYNAMIC_BIDIRECTIONAL,127.5595,127.5595,0.0,0.0,0.6516,10,Valid physical match on two-way street; traffic speed applied bidirectionally.
359,1427941136,13127794973,13127794959,0,MAPPED,HIGH,CLEAR,DYNAMIC,127.2301,127.2301,0.0,0.0,2.0727,1,High-confidence exact physical match on one-way or dominant directed edge.
360,464650412,6949998010,4601752551,0,MAPPED,HIGH,CLEAR,DYNAMIC,127.2116,127.2116,0.0,0.0,0.087,7,High-confidence exact physical match on one-way or dominant directed edge.
361,876451409,3727012991,3727013278,0,MAPPED,HIGH,CLEAR,DYNAMIC,127.0322,127.0322,0.0,0.0,0.0553,14,High-confidence exact physical match on one-way or dominant directed edge.
362,879562788,293463078,293463063,0,MAPPED,HIGH,CLEAR,DYNAMIC,126.0848,126.0848,0.0,0.0,0.1048,7,High-confidence exact physical match on one-way or dominant directed edge.
363,367555141,3714708563,3714708572,0,MAPPED,HIGH,CLEAR,DYNAMIC,126.0606,126.0606,0.0,0.0,0.0001,10,High-confidence exact physical match on one-way or dominant directed edge.
364,1208791979,293460604,6985773024,0,MAPPED,HIGH,CLEAR,DYNAMIC,126.0598,126.0598,0.0,0.0,0.0001,2,High-confidence exact physical match on one-way or dominant directed edge.
365,466615091,293458235,5662526910,0,MAPPED,HIGH,CLEAR,DYNAMIC,125.6879,125.6879,0.0,0.0,0.5716,10,High-confidence exact physical match on one-way or dominant directed edge.
366,"[464097499, 456959534]",4592522613,1051669812,0,MAPPED,HIGH,CLEAR,DYNAMIC,124.9694,124.9694,0.0,0.0,0.4139,3,High-confidence exact physical match on one-way or dominant directed edge.
367,865024248,3724390537,3724390516,0,MAPPED,HIGH,CLEAR,DYNAMIC,124.2944,124.2944,0.0,0.0,0.0949,29,High-confidence exact physical match on one-way or dominant directed edge.
368,456959535,1051669905,10128190730,0,MAPPED,HIGH,CLEAR,DYNAMIC,124.1545,124.1545,0.0,0.0,0.0,9,High-confidence exact physical match on one-way or dominant directed edge.
369,1209433726,3714709074,4723475967,0,AMBIGUOUS,MEDIUM,AMBIGUOUS,DYNAMIC_BIDIRECTIONAL,124.0314,124.0314,0.0,0.0,0.0066,10,Valid physical match on two-way street; traffic speed applied bidirectionally.
370,1209433726,3714709074,4723475967,0,AMBIGUOUS,MEDIUM,AMBIGUOUS,DYNAMIC_BIDIRECTIONAL,124.0314,124.0314,0.0,0.0,0.0066,10,Valid physical match on two-way street; traffic speed applied bidirectionally.
371,478249498,2833450832,293462777,0,MAPPED,HIGH,CLEAR,DYNAMIC,123.6425,123.6425,0.0,0.0,1.4595,7,High-confidence exact physical match on one-way or dominant directed edge.
372,300173742,6604381555,3725827504,0,MAPPED,HIGH,CLEAR,DYNAMIC,123.5519,123.5519,0.0,0.0,0.6224,12,High-confidence exact physical match on one-way or dominant directed edge.
373,746487579,5338412716,9911548099,0,MAPPED,HIGH,CLEAR,DYNAMIC,122.501,122.501,0.0,0.0,0.0003,9,High-confidence exact physical match on one-way or dominant directed edge.
374,746487577,2704039247,2704039246,0,MAPPED,HIGH,CLEAR,DYNAMIC,122.4693,122.4693,0.0,0.0,0.0,8,High-confidence exact physical match on one-way or dominant directed edge.
375,1208988379,6986305647,293452701,0,MAPPED,HIGH,CLEAR,DYNAMIC,122.2277,122.2277,0.0,0.0,0.2744,8,High-confidence exact physical match on one-way or dominant directed edge.
376,464097500,1051669449,4592522613,0,MAPPED,HIGH,CLEAR,DYNAMIC,122.099,122.099,0.0,0.0,0.4403,3,High-confidence exact physical match on one-way or dominant directed edge.
377,874459842,6956618508,9717246530,0,MAPPED,HIGH,CLEAR,DYNAMIC,121.6226,121.6226,0.0,0.0,0.625,7,High-confidence exact physical match on one-way or dominant directed edge.
378,279088748,2999157389,2999157408,0,MAPPED,HIGH,CLEAR,DYNAMIC,121.5267,121.5267,0.0,0.0,0.0001,12,High-confidence exact physical match on one-way or dominant directed edge.
379,478371821,3719620498,2283167617,0,MAPPED,HIGH,CLEAR,DYNAMIC,121.4402,121.4402,0.0,0.0,0.6386,11,High-confidence exact physical match on one-way or dominant directed edge.
380,478249498,293462778,293462779,0,MAPPED,HIGH,CLEAR,DYNAMIC,121.3225,121.3225,0.0,0.0,0.3207,7,High-confidence exact physical match on one-way or dominant directed edge.
381,876134933,9726096123,10232859317,0,MAPPED,HIGH,CLEAR,DYNAMIC,121.1372,121.1372,0.0,0.0,0.4341,8,High-confidence exact physical match on one-way or dominant directed edge.
382,466839445,3240828570,293464764,0,MAPPED,HIGH,CLEAR,DYNAMIC,120.6735,120.6735,0.0,0.0,0.0084,14,High-confidence exact physical match on one-way or dominant directed edge.
383,1209072902,293462775,293462774,0,MAPPED,HIGH,CLEAR,DYNAMIC,120.257,120.257,0.0,0.0,0.0001,11,High-confidence exact physical match on one-way or dominant directed edge.
384,1105211172,4723476603,4715985573,0,MAPPED,HIGH,CLEAR,DYNAMIC,119.7812,119.7812,0.0,0.0,0.0186,3,High-confidence exact physical match on one-way or dominant directed edge.
385,300173739,6956668970,2841381812,0,MAPPED,HIGH,CLEAR,DYNAMIC,119.7337,119.7337,0.0,0.0,0.0115,15,High-confidence exact physical match on one-way or dominant directed edge.
386,456959534,1051669812,4531816332,0,MAPPED,HIGH,CLEAR,DYNAMIC,119.2383,119.2383,0.0,0.0,6.5532,3,High-confidence exact physical match on one-way or dominant directed edge.
387,218505933,8182316367,8182316352,0,MAPPED,HIGH,CLEAR,DYNAMIC,119.2094,119.2094,0.0,0.0,0.0001,2,High-confidence exact physical match on one-way or dominant directed edge.
388,874056882,4594206590,6609242521,0,MAPPED,HIGH,CLEAR,DYNAMIC,118.8095,118.8095,0.0,0.0,0.0007,17,High-confidence exact physical match on one-way or dominant directed edge.
389,252236396,2583312029,3706277462,0,MAPPED,HIGH,CLEAR,DYNAMIC,118.3592,118.3592,0.0,0.0,0.1684,6,High-confidence exact physical match on one-way or dominant directed edge.
390,1209004192,1812432274,1812432245,0,MAPPED,HIGH,CLEAR,DYNAMIC,118.1218,118.1218,0.0,0.0,0.0001,1,High-confidence exact physical match on one-way or dominant directed edge.
391,746487579,293463176,293455110,0,MAPPED,HIGH,CLEAR,DYNAMIC,118.0402,118.0402,0.0,0.0,0.0,9,High-confidence exact physical match on one-way or dominant directed edge.
392,464260872,8142194644,4714939537,0,MAPPED,HIGH,CLEAR,DYNAMIC,117.5635,117.5635,0.0,0.0,0.5879,6,High-confidence exact physical match on one-way or dominant directed edge.
393,"[875146659, 1352928436]",8144915374,8146129661,0,MAPPED,HIGH,CLEAR,DYNAMIC,117.0835,117.0835,0.0,0.0,0.285,2,High-confidence exact physical match on one-way or dominant directed edge.
394,1210210285,2703786131,7242788582,0,MAPPED,HIGH,CLEAR,DYNAMIC,116.8904,116.8904,0.0,0.0,0.3024,3,High-confidence exact physical match on one-way or dominant directed edge.
395,232511043,2390658890,2407964442,0,MAPPED,HIGH,CLEAR,DYNAMIC,116.488,116.488,0.0,0.0,0.0,5,High-confidence exact physical match on one-way or dominant directed edge.
396,875119268,3726941209,8145707262,0,AMBIGUOUS,MEDIUM,AMBIGUOUS,DYNAMIC_BIDIRECTIONAL,115.6324,115.6324,0.0,0.0,0.3452,36,Valid physical match on two-way street; traffic speed applied bidirectionally.
397,875119268,8145707262,3726941209,0,AMBIGUOUS,MEDIUM,AMBIGUOUS,DYNAMIC_BIDIRECTIONAL,115.6324,115.6324,0.0,0.0,0.3452,36,Valid physical match on two-way street; traffic speed applied bidirectionally.
398,"[1209004194, 466600301, 170090974]",293460471,4613676969,0,MAPPED,HIGH,CLEAR,DYNAMIC,115.3787,115.3787,0.0,0.0,0.1693,3,High-confidence exact physical match on one-way or dominant directed edge.
399,300173739,3042737291,3042737273,0,MAPPED,HIGH,CLEAR,DYNAMIC,115.0898,115.0898,0.0,0.0,2.5842,15,High-confidence exact physical match on one-way or dominant directed edge.
400,464845715,2408583723,8184439489,0,MAPPED,HIGH,CLEAR,DYNAMIC,114.9867,114.9867,0.0,0.0,0.0,3,High-confidence exact physical match on one-way or dominant directed edge.
401,879562787,2703794064,2703794062,0,MAPPED,HIGH,CLEAR,DYNAMIC,114.7433,114.7433,0.0,0.0,1.1383,8,High-confidence exact physical match on one-way or dominant directed edge.
402,464845715,2408583723,8184439489,0,MAPPED,MEDIUM,CLEAR,DYNAMIC,114.4049,114.9867,0.5818,0.5086,56.9361,3,Good physical length and geometry match with clear directed orientation.
403,478372781,4715985518,11209425689,0,MAPPED,HIGH,CLEAR,DYNAMIC,114.1359,114.1359,0.0,0.0,0.0576,6,High-confidence exact physical match on one-way or dominant directed edge.
404,1210204475,2365467030,2365769916,0,AMBIGUOUS,MEDIUM,AMBIGUOUS,DYNAMIC_BIDIRECTIONAL,113.7248,113.7248,0.0,0.0,0.0,2,Valid physical match on two-way street; traffic speed applied bidirectionally.
405,1210204475,2365467030,2365769916,0,AMBIGUOUS,MEDIUM,AMBIGUOUS,DYNAMIC_BIDIRECTIONAL,113.7248,113.7248,0.0,0.0,0.0,2,Valid physical match on two-way street; traffic speed applied bidirectionally.
406,"[279088748, 456959531, 1208986540, 264753949]",11176575743,1051669679,0,MAPPED,HIGH,CLEAR,DYNAMIC,113.6703,113.6703,0.0,0.0,1.0521,23,High-confidence exact physical match on one-way or dominant directed edge.
407,1210250347,3725590079,8169509566,0,MAPPED,HIGH,CLEAR,DYNAMIC,113.5977,113.5977,0.0,0.0,0.0001,2,High-confidence exact physical match on one-way or dominant directed edge.
408,875007028,8148598918,8144976336,0,MAPPED,HIGH,CLEAR,DYNAMIC,113.2417,113.2417,0.0,0.0,0.6747,6,High-confidence exact physical match on one-way or dominant directed edge.
409,279088748,2999157392,2999157391,0,MAPPED,HIGH,CLEAR,DYNAMIC,113.0144,113.0144,0.0,0.0,0.0032,12,High-confidence exact physical match on one-way or dominant directed edge.
410,1208988379,293461291,8156864966,0,MAPPED,HIGH,CLEAR,DYNAMIC,113.0019,113.0019,0.0,0.0,0.2687,8,High-confidence exact physical match on one-way or dominant directed edge.
411,1238285688,3718134117,3730052116,0,MAPPED,HIGH,CLEAR,DYNAMIC,112.8804,112.8804,0.0,0.0,0.1211,5,High-confidence exact physical match on one-way or dominant directed edge.
412,456959535,10128190730,8151376713,0,MAPPED,HIGH,CLEAR,DYNAMIC,111.6966,111.6966,0.0,0.0,0.6528,9,High-confidence exact physical match on one-way or dominant directed edge.
413,300173742,3725777460,3725789806,0,MAPPED,HIGH,CLEAR,DYNAMIC,110.9116,110.9116,0.0,0.0,0.0017,12,High-confidence exact physical match on one-way or dominant directed edge.
414,279088743,293464894,2955635979,0,MAPPED,HIGH,CLEAR,DYNAMIC,110.6214,110.6214,0.0,0.0,0.0001,12,High-confidence exact physical match on one-way or dominant directed edge.
415,464283097,3722532411,3042737290,0,MAPPED,HIGH,CLEAR,DYNAMIC,110.4976,110.4976,0.0,0.0,0.022,6,High-confidence exact physical match on one-way or dominant directed edge.
416,1212991822,4713176938,4713176922,0,AMBIGUOUS,MEDIUM,AMBIGUOUS,DYNAMIC_BIDIRECTIONAL,107.8009,107.8009,0.0,0.0,0.0558,8,Valid physical match on two-way street; traffic speed applied bidirectionally.
417,1212991822,4713176938,4713176922,0,AMBIGUOUS,MEDIUM,AMBIGUOUS,DYNAMIC_BIDIRECTIONAL,107.8009,107.8009,0.0,0.0,0.0558,8,Valid physical match on two-way street; traffic speed applied bidirectionally.
418,40016878,4719769348,9833884594,0,MAPPED,HIGH,CLEAR,DYNAMIC,107.4495,107.4495,0.0,0.0,0.0,11,High-confidence exact physical match on one-way or dominant directed edge.
419,279088748,2999157408,2999157398,0,MAPPED,HIGH,CLEAR,DYNAMIC,107.0904,107.0904,0.0,0.0,0.001,12,High-confidence exact physical match on one-way or dominant directed edge.
420,300173739,3722532540,3042737280,0,MAPPED,HIGH,CLEAR,DYNAMIC,106.6165,106.6165,0.0,0.0,0.0012,15,High-confidence exact physical match on one-way or dominant directed edge.
421,364407163,8105649904,3719483230,0,AMBIGUOUS,MEDIUM,AMBIGUOUS,DYNAMIC_BIDIRECTIONAL,106.3049,106.3049,0.0,0.0,0.6811,22,Valid physical match on two-way street; traffic speed applied bidirectionally.
422,364407163,8105649904,3719483230,0,AMBIGUOUS,MEDIUM,AMBIGUOUS,DYNAMIC_BIDIRECTIONAL,106.3049,106.3049,0.0,0.0,0.6811,22,Valid physical match on two-way street; traffic speed applied bidirectionally.
423,1352928435,10116085882,8146129652,0,MAPPED,HIGH,CLEAR,DYNAMIC,106.1244,106.1244,0.0,0.0,0.0147,2,High-confidence exact physical match on one-way or dominant directed edge.
424,464283097,2277623798,11001108947,0,MAPPED,HIGH,CLEAR,DYNAMIC,105.7797,105.7797,0.0,0.0,0.0197,6,High-confidence exact physical match on one-way or dominant directed edge.
425,865024248,11968828659,9896844093,0,MAPPED,HIGH,CLEAR,DYNAMIC,105.4895,105.4895,0.0,0.0,0.0072,29,High-confidence exact physical match on one-way or dominant directed edge.
426,1089369693,4713176922,9979039307,0,MAPPED,HIGH,CLEAR,DYNAMIC,105.2718,105.2718,0.0,0.0,0.1473,2,High-confidence exact physical match on one-way or dominant directed edge.
427,1141889036,9923995138,293463471,0,AMBIGUOUS,LOW,CLEAR,STATIC_FALLBACK,104.5778,165.6125,61.0347,58.3629,1.0191,14,Elevated length error (58.4%) or distance (1.0m); reverted to static baseline.
428,880027169,293464690,8166899537,0,AMBIGUOUS,MEDIUM,AMBIGUOUS,DYNAMIC_BIDIRECTIONAL,104.3986,104.3986,0.0,0.0,0.0,8,Valid physical match on two-way street; traffic speed applied bidirectionally.
429,880027169,293464690,8166899537,0,AMBIGUOUS,MEDIUM,AMBIGUOUS,DYNAMIC_BIDIRECTIONAL,104.3986,104.3986,0.0,0.0,0.0,8,Valid physical match on two-way street; traffic speed applied bidirectionally.
430,464260872,4714939537,8141472721,0,MAPPED,HIGH,CLEAR,DYNAMIC,104.2795,104.2795,0.0,0.0,0.33,6,High-confidence exact physical match on one-way or dominant directed edge.
431,865024248,11968828661,3724390838,0,MAPPED,HIGH,CLEAR,DYNAMIC,104.2224,104.2224,0.0,0.0,0.3347,29,High-confidence exact physical match on one-way or dominant directed edge.
432,"[219116708, 478371821]",4715979375,4719689703,0,MAPPED,HIGH,CLEAR,DYNAMIC,104.1847,104.1847,0.0,0.0,0.0007,11,High-confidence exact physical match on one-way or dominant directed edge.
433,264753949,4714938952,2928864953,0,MAPPED,HIGH,CLEAR,DYNAMIC,103.9381,103.9381,0.0,0.0,0.0,12,High-confidence exact physical match on one-way or dominant directed edge.
434,"[1238285688, 1238285689]",3718134122,8124118501,0,MAPPED,HIGH,CLEAR,DYNAMIC,103.3046,103.3046,0.0,0.0,0.2998,7,High-confidence exact physical match on one-way or dominant directed edge.
435,1208988381,8157424472,8157424470,0,MAPPED,HIGH,CLEAR,DYNAMIC,103.2362,103.2362,0.0,0.0,0.1239,3,High-confidence exact physical match on one-way or dominant directed edge.
436,746487579,293455110,293454248,0,MAPPED,HIGH,CLEAR,DYNAMIC,102.7074,102.7074,0.0,0.0,0.0,9,High-confidence exact physical match on one-way or dominant directed edge.
437,1013619972,2703797732,2703797734,0,MAPPED,HIGH,CLEAR,DYNAMIC,102.6243,102.6243,0.0,0.0,0.0607,1,High-confidence exact physical match on one-way or dominant directed edge.
438,367932805,293463599,293463318,0,AMBIGUOUS,MEDIUM,AMBIGUOUS,DYNAMIC_BIDIRECTIONAL,102.477,102.477,0.0,0.0,0.0001,22,Valid physical match on two-way street; traffic speed applied bidirectionally.
439,367932805,293463599,293463318,0,AMBIGUOUS,MEDIUM,AMBIGUOUS,DYNAMIC_BIDIRECTIONAL,102.477,102.477,0.0,0.0,0.0001,22,Valid physical match on two-way street; traffic speed applied bidirectionally.
440,880075594,3719618337,4719693651,0,MAPPED,HIGH,CLEAR,DYNAMIC,102.3731,102.3731,0.0,0.0,0.0001,9,High-confidence exact physical match on one-way or dominant directed edge.
441,"[1210277736, 870242503, 870242504]",8140701167,8140750597,0,MAPPED,HIGH,CLEAR,DYNAMIC,101.5932,101.5932,0.0,0.0,0.0238,10,High-confidence exact physical match on one-way or dominant directed edge.
442,746487579,9911548099,299492240,0,MAPPED,HIGH,CLEAR,DYNAMIC,101.5382,101.5382,0.0,0.0,0.0,9,High-confidence exact physical match on one-way or dominant directed edge.
443,1208791977,4594183934,4594183939,0,MAPPED,HIGH,CLEAR,DYNAMIC,100.9367,100.9367,0.0,0.0,0.0,5,High-confidence exact physical match on one-way or dominant directed edge.
444,1210205481,8144958902,8144958906,0,MAPPED,HIGH,CLEAR,DYNAMIC,100.732,100.732,0.0,0.0,0.0089,6,High-confidence exact physical match on one-way or dominant directed edge.
445,26754165,293464998,293464993,0,MAPPED,HIGH,CLEAR,DYNAMIC,100.7107,100.7107,0.0,0.0,0.0001,5,High-confidence exact physical match on one-way or dominant directed edge.
446,"[875004051, 869974598, 1427941135]",13127794959,3716311230,0,AMBIGUOUS,MEDIUM,AMBIGUOUS,DYNAMIC_BIDIRECTIONAL,100.4714,100.4714,0.0,0.0,2.7686,6,Valid physical match on two-way street; traffic speed applied bidirectionally.
447,"[875004051, 869974598, 1427941135]",3716311230,13127794959,0,AMBIGUOUS,MEDIUM,AMBIGUOUS,DYNAMIC_BIDIRECTIONAL,100.4714,100.4714,0.0,0.0,2.7686,6,Valid physical match on two-way street; traffic speed applied bidirectionally.
448,1208795201,3727011926,4594188520,0,MAPPED,HIGH,CLEAR,DYNAMIC,100.1057,100.1057,0.0,0.0,0.0277,12,High-confidence exact physical match on one-way or dominant directed edge.
449,876451409,3727013278,6609242520,0,MAPPED,HIGH,CLEAR,DYNAMIC,99.7309,99.7309,0.0,0.0,0.2954,14,High-confidence exact physical match on one-way or dominant directed edge.
450,279088748,1051669679,7242312106,0,MAPPED,HIGH,CLEAR,DYNAMIC,99.6448,99.6448,0.0,0.0,0.1964,12,High-confidence exact physical match on one-way or dominant directed edge.
451,1208785492,3725790736,6604339619,0,MAPPED,HIGH,CLEAR,DYNAMIC,99.3219,99.3219,0.0,0.0,0.0799,4,High-confidence exact physical match on one-way or dominant directed edge.
452,876134933,10232859317,8154498082,0,MAPPED,HIGH,CLEAR,DYNAMIC,99.2485,99.2485,0.0,0.0,0.0108,8,High-confidence exact physical match on one-way or dominant directed edge.
453,874056882,4594197585,4594197584,0,MAPPED,HIGH,CLEAR,DYNAMIC,98.2908,98.2908,0.0,0.0,0.6153,17,High-confidence exact physical match on one-way or dominant directed edge.
454,"[1210277737, 873398450, 873398461]",8133556950,12832929442,0,MAPPED,HIGH,CLEAR,DYNAMIC,98.2663,98.2663,0.0,0.0,0.1808,2,High-confidence exact physical match on one-way or dominant directed edge.
455,478371821,4720133094,4720132984,0,MAPPED,HIGH,CLEAR,DYNAMIC,98.0523,98.0523,0.0,0.0,0.0001,11,High-confidence exact physical match on one-way or dominant directed edge.
456,1208791971,3726926583,10629571056,0,MAPPED,HIGH,CLEAR,DYNAMIC,97.7658,97.7658,0.0,0.0,0.1749,17,High-confidence exact physical match on one-way or dominant directed edge.
457,1203852633,4594183924,4594181070,0,MAPPED,HIGH,CLEAR,DYNAMIC,97.4746,97.4746,0.0,0.0,0.0834,5,High-confidence exact physical match on one-way or dominant directed edge.
458,456959535,293457276,2703797732,0,MAPPED,HIGH,CLEAR,DYNAMIC,97.1018,97.1018,0.0,0.0,0.0233,9,High-confidence exact physical match on one-way or dominant directed edge.
459,875004054,3714709080,3717989214,0,MAPPED,HIGH,CLEAR,DYNAMIC,97.0906,97.0906,0.0,0.0,0.7098,5,High-confidence exact physical match on one-way or dominant directed edge.
460,874159869,9832455554,10116085882,0,MAPPED,HIGH,CLEAR,DYNAMIC,97.0144,97.0144,0.0,0.0,0.0125,2,High-confidence exact physical match on one-way or dominant directed edge.
461,312566658,8146129661,9832455553,0,MAPPED,HIGH,CLEAR,DYNAMIC,96.5419,96.5419,0.0,0.0,0.0005,2,High-confidence exact physical match on one-way or dominant directed edge.
462,1210205483,8145127248,3714709032,0,MAPPED,HIGH,CLEAR,DYNAMIC,96.2147,96.2147,0.0,0.0,0.0552,8,High-confidence exact physical match on one-way or dominant directed edge.
463,26754165,10578971213,10578971202,0,MAPPED,HIGH,CLEAR,DYNAMIC,95.8197,95.8197,0.0,0.0,0.1624,5,High-confidence exact physical match on one-way or dominant directed edge.
464,870242502,8141521552,8141521568,0,MAPPED,HIGH,CLEAR,DYNAMIC,95.6692,95.6692,0.0,0.0,0.0595,5,High-confidence exact physical match on one-way or dominant directed edge.
465,1210205480,8144958913,8144958915,0,MAPPED,HIGH,CLEAR,DYNAMIC,95.5129,95.5129,0.0,0.0,0.104,2,High-confidence exact physical match on one-way or dominant directed edge.
466,368721302,6950332807,6604456764,0,MAPPED,HIGH,CLEAR,DYNAMIC,95.5003,95.5003,0.0,0.0,0.4287,5,High-confidence exact physical match on one-way or dominant directed edge.
467,90617087,3711673309,3711679014,0,MAPPED,HIGH,CLEAR,DYNAMIC,95.3722,95.3722,0.0,0.0,0.0,11,High-confidence exact physical match on one-way or dominant directed edge.
468,464650413,293464970,293464966,0,MAPPED,HIGH,CLEAR,DYNAMIC,95.3575,95.3575,0.0,0.0,0.0405,6,High-confidence exact physical match on one-way or dominant directed edge.
469,879562787,2703793342,2955625538,0,MAPPED,HIGH,CLEAR,DYNAMIC,95.2902,95.2902,0.0,0.0,0.0083,8,High-confidence exact physical match on one-way or dominant directed edge.
470,219116706,4714938984,2283167579,0,MAPPED,HIGH,CLEAR,DYNAMIC,95.1558,95.1558,0.0,0.0,1.784,4,High-confidence exact physical match on one-way or dominant directed edge.
471,300173742,11189778457,3725789369,0,MAPPED,HIGH,CLEAR,DYNAMIC,95.0978,95.0978,0.0,0.0,0.0,12,High-confidence exact physical match on one-way or dominant directed edge.
472,1208986526,6605237341,4594181067,0,MAPPED,HIGH,CLEAR,DYNAMIC,95.086,95.086,0.0,0.0,0.0,3,High-confidence exact physical match on one-way or dominant directed edge.
473,865024248,3724390947,11968828666,0,MAPPED,HIGH,CLEAR,DYNAMIC,94.5761,94.5761,0.0,0.0,0.0835,29,High-confidence exact physical match on one-way or dominant directed edge.
474,367555141,3714708555,3714708563,0,MAPPED,HIGH,CLEAR,DYNAMIC,94.4254,94.4254,0.0,0.0,0.196,10,High-confidence exact physical match on one-way or dominant directed edge.
475,368729170,9756374292,6604385663,0,MAPPED,HIGH,CLEAR,DYNAMIC,94.2967,94.2967,0.0,0.0,0.0001,6,High-confidence exact physical match on one-way or dominant directed edge.
476,"[1209433720, 44949028]",8141910054,2277422474,0,MAPPED,HIGH,CLEAR,DYNAMIC,94.2034,94.2034,0.0,0.0,1.1654,1,High-confidence exact physical match on one-way or dominant directed edge.
477,879562788,293463159,2955625544,0,MAPPED,HIGH,CLEAR,DYNAMIC,94.0185,94.0185,0.0,0.0,0.0,7,High-confidence exact physical match on one-way or dominant directed edge.
478,1210277736,4593964306,3725560599,0,MAPPED,HIGH,CLEAR,DYNAMIC,92.772,92.772,0.0,0.0,0.0,4,High-confidence exact physical match on one-way or dominant directed edge.
479,1069546783,2841407758,9816859457,0,MAPPED,HIGH,CLEAR,DYNAMIC,92.5553,92.5553,0.0,0.0,0.0132,1,High-confidence exact physical match on one-way or dominant directed edge.
480,875119268,3726941215,8145704185,0,AMBIGUOUS,MEDIUM,AMBIGUOUS,DYNAMIC_BIDIRECTIONAL,92.4747,92.4747,0.0,0.0,0.0006,36,Valid physical match on two-way street; traffic speed applied bidirectionally.
481,875119268,3726941215,8145704185,0,AMBIGUOUS,MEDIUM,AMBIGUOUS,DYNAMIC_BIDIRECTIONAL,92.4747,92.4747,0.0,0.0,0.0006,36,Valid physical match on two-way street; traffic speed applied bidirectionally.
482,1069546779,293464723,8166899540,0,AMBIGUOUS,MEDIUM,AMBIGUOUS,DYNAMIC_BIDIRECTIONAL,92.4073,92.4073,0.0,0.0,0.0,22,Valid physical match on two-way street; traffic speed applied bidirectionally.
483,1069546779,293464723,8166899540,0,AMBIGUOUS,MEDIUM,AMBIGUOUS,DYNAMIC_BIDIRECTIONAL,92.4073,92.4073,0.0,0.0,0.0,22,Valid physical match on two-way street; traffic speed applied bidirectionally.
484,26754165,10578971202,293464998,0,MAPPED,HIGH,CLEAR,DYNAMIC,92.2376,92.2376,0.0,0.0,0.1216,5,High-confidence exact physical match on one-way or dominant directed edge.
485,367932805,293463318,293463316,0,AMBIGUOUS,MEDIUM,AMBIGUOUS,DYNAMIC_BIDIRECTIONAL,91.8551,91.8551,0.0,0.0,0.3899,22,Valid physical match on two-way street; traffic speed applied bidirectionally.
486,367932805,293463318,293463316,0,AMBIGUOUS,MEDIUM,AMBIGUOUS,DYNAMIC_BIDIRECTIONAL,91.8551,91.8551,0.0,0.0,0.3899,22,Valid physical match on two-way street; traffic speed applied bidirectionally.
487,876418713,293461281,11613566804,0,AMBIGUOUS,MEDIUM,AMBIGUOUS,DYNAMIC_BIDIRECTIONAL,91.828,91.828,0.0,0.0,0.0001,12,Valid physical match on two-way street; traffic speed applied bidirectionally.
488,876418713,293461281,11613566804,0,AMBIGUOUS,MEDIUM,AMBIGUOUS,DYNAMIC_BIDIRECTIONAL,91.828,91.828,0.0,0.0,0.0001,12,Valid physical match on two-way street; traffic speed applied bidirectionally.
489,1210205483,3714709032,3714709041,0,MAPPED,HIGH,CLEAR,DYNAMIC,91.7574,91.7574,0.0,0.0,0.0083,8,High-confidence exact physical match on one-way or dominant directed edge.
490,875119268,8145903101,6965369868,0,AMBIGUOUS,MEDIUM,AMBIGUOUS,DYNAMIC_BIDIRECTIONAL,91.7346,91.7346,0.0,0.0,0.0001,36,Valid physical match on two-way street; traffic speed applied bidirectionally.
491,875119268,8145903101,6965369868,0,AMBIGUOUS,MEDIUM,AMBIGUOUS,DYNAMIC_BIDIRECTIONAL,91.7346,91.7346,0.0,0.0,0.0001,36,Valid physical match on two-way street; traffic speed applied bidirectionally.
492,1210205481,8144958906,8144958908,0,MAPPED,HIGH,CLEAR,DYNAMIC,91.7315,91.7315,0.0,0.0,0.0341,6,High-confidence exact physical match on one-way or dominant directed edge.
493,478254522,8151182351,8151182352,0,AMBIGUOUS,LOW,CLEAR,STATIC_FALLBACK,91.3802,320.7847,229.4045,251.044,0.1834,5,Elevated length error (251.0%) or distance (0.2m); reverted to static baseline.
494,1208791971,3726926564,3726926583,0,MAPPED,HIGH,CLEAR,DYNAMIC,91.3248,91.3248,0.0,0.0,0.0139,17,High-confidence exact physical match on one-way or dominant directed edge.
495,1203852633,4594181068,6166520809,0,MAPPED,HIGH,CLEAR,DYNAMIC,91.1567,91.1567,0.0,0.0,0.0192,5,High-confidence exact physical match on one-way or dominant directed edge.
496,1209072902,7128108987,293462776,0,MAPPED,HIGH,CLEAR,DYNAMIC,89.8484,89.8484,0.0,0.0,0.0001,11,High-confidence exact physical match on one-way or dominant directed edge.
497,874056882,4594197583,4594259889,0,MAPPED,HIGH,CLEAR,DYNAMIC,89.5711,89.5711,0.0,0.0,0.0834,17,High-confidence exact physical match on one-way or dominant directed edge.
498,478371821,4719689711,4719689709,0,MAPPED,HIGH,CLEAR,DYNAMIC,89.5462,89.5462,0.0,0.0,0.0,11,High-confidence exact physical match on one-way or dominant directed edge.
499,300173742,3725789369,3725789405,0,MAPPED,HIGH,CLEAR,DYNAMIC,89.4521,89.4521,0.0,0.0,0.0,12,High-confidence exact physical match on one-way or dominant directed edge.
500,1208491982,3184375377,8145903096,0,MAPPED,HIGH,CLEAR,DYNAMIC,89.358,89.358,0.0,0.0,0.1966,1,High-confidence exact physical match on one-way or dominant directed edge.
501,1141889032,293463599,293463328,0,MAPPED,HIGH,CLEAR,DYNAMIC,89.2891,89.2891,0.0,0.0,0.0,6,High-confidence exact physical match on one-way or dominant directed edge.
502,464650413,293464966,293464962,0,MAPPED,HIGH,CLEAR,DYNAMIC,89.1213,89.1213,0.0,0.0,0.1635,6,High-confidence exact physical match on one-way or dominant directed edge.
503,26754165,10578971222,10578971213,0,MAPPED,HIGH,CLEAR,DYNAMIC,89.0882,89.0882,0.0,0.0,0.197,5,High-confidence exact physical match on one-way or dominant directed edge.
504,879562788,293463063,10110997385,0,MAPPED,HIGH,CLEAR,DYNAMIC,89.028,89.028,0.0,0.0,0.0249,7,High-confidence exact physical match on one-way or dominant directed edge.
505,1209009346,13108436166,3722327657,0,MAPPED,HIGH,CLEAR,DYNAMIC,88.8291,88.8291,0.0,0.0,0.0001,2,High-confidence exact physical match on one-way or dominant directed edge.
506,272996689,2365788091,2896971932,0,AMBIGUOUS,MEDIUM,AMBIGUOUS,DYNAMIC_BIDIRECTIONAL,88.7453,88.7453,0.0,0.0,0.1493,4,Valid physical match on two-way street; traffic speed applied bidirectionally.
507,272996689,2365788091,2896971932,0,AMBIGUOUS,MEDIUM,AMBIGUOUS,DYNAMIC_BIDIRECTIONAL,88.7453,88.7453,0.0,0.0,0.1493,4,Valid physical match on two-way street; traffic speed applied bidirectionally.
508,1208785497,8145903096,8138308753,0,MAPPED,HIGH,CLEAR,DYNAMIC,88.741,88.741,0.0,0.0,0.202,1,High-confidence exact physical match on one-way or dominant directed edge.
509,264753949,2703793345,3719506243,0,MAPPED,HIGH,CLEAR,DYNAMIC,88.721,88.721,0.0,0.0,0.0,12,High-confidence exact physical match on one-way or dominant directed edge.
510,90617087,293464276,8099252001,0,MAPPED,HIGH,CLEAR,DYNAMIC,88.7045,88.7045,0.0,0.0,0.2,11,High-confidence exact physical match on one-way or dominant directed edge.
511,478254539,4801496565,7128018274,0,MAPPED,HIGH,CLEAR,DYNAMIC,88.6516,88.6516,0.0,0.0,0.0026,10,High-confidence exact physical match on one-way or dominant directed edge.
512,300173742,3725790135,3725777494,0,MAPPED,HIGH,CLEAR,DYNAMIC,88.5815,88.5815,0.0,0.0,0.0962,12,High-confidence exact physical match on one-way or dominant directed edge.
513,264753949,2928864953,2928864946,0,MAPPED,HIGH,CLEAR,DYNAMIC,87.7454,87.7454,0.0,0.0,0.0,12,High-confidence exact physical match on one-way or dominant directed edge.
514,1069546778,10171484519,8166852641,0,MAPPED,HIGH,CLEAR,DYNAMIC,87.7395,87.7395,0.0,0.0,0.2253,10,High-confidence exact physical match on one-way or dominant directed edge.
515,874459840,2703784888,4720174504,0,MAPPED,HIGH,CLEAR,DYNAMIC,87.6941,87.6941,0.0,0.0,0.0,13,High-confidence exact physical match on one-way or dominant directed edge.
516,1069546779,293464760,293464758,0,AMBIGUOUS,MEDIUM,AMBIGUOUS,DYNAMIC_BIDIRECTIONAL,87.6912,87.6912,0.0,0.0,0.0,22,Valid physical match on two-way street; traffic speed applied bidirectionally.
517,1069546779,293464760,293464758,0,AMBIGUOUS,MEDIUM,AMBIGUOUS,DYNAMIC_BIDIRECTIONAL,87.6912,87.6912,0.0,0.0,0.0,22,Valid physical match on two-way street; traffic speed applied bidirectionally.
518,292410140,13108436171,13108436169,0,MAPPED,HIGH,CLEAR,DYNAMIC,87.2124,87.2124,0.0,0.0,0.103,4,High-confidence exact physical match on one-way or dominant directed edge.
519,1209433713,7214193059,4723475967,0,MAPPED,HIGH,CLEAR,DYNAMIC,87.1663,87.1663,0.0,0.0,0.3961,1,High-confidence exact physical match on one-way or dominant directed edge.
520,865024248,3724390734,3724390760,0,MAPPED,HIGH,CLEAR,DYNAMIC,87.0379,87.0379,0.0,0.0,0.5099,29,High-confidence exact physical match on one-way or dominant directed edge.
521,230574632,8184439492,2534722967,0,MAPPED,HIGH,CLEAR,DYNAMIC,86.9254,86.9254,0.0,0.0,0.1854,5,High-confidence exact physical match on one-way or dominant directed edge.
522,1208988379,8163267506,293461291,0,MAPPED,HIGH,CLEAR,DYNAMIC,86.7433,86.7433,0.0,0.0,0.1071,8,High-confidence exact physical match on one-way or dominant directed edge.
523,875119268,8145903101,3184375374,0,AMBIGUOUS,MEDIUM,AMBIGUOUS,DYNAMIC_BIDIRECTIONAL,86.7402,86.7402,0.0,0.0,0.0001,36,Valid physical match on two-way street; traffic speed applied bidirectionally.
524,875119268,8145903101,3184375374,0,AMBIGUOUS,MEDIUM,AMBIGUOUS,DYNAMIC_BIDIRECTIONAL,86.7402,86.7402,0.0,0.0,0.0001,36,Valid physical match on two-way street; traffic speed applied bidirectionally.
525,1069546779,293464723,293464729,0,AMBIGUOUS,MEDIUM,AMBIGUOUS,DYNAMIC_BIDIRECTIONAL,86.6032,86.6032,0.0,0.0,0.0,22,Valid physical match on two-way street; traffic speed applied bidirectionally.
526,1069546779,293464723,293464729,0,AMBIGUOUS,MEDIUM,AMBIGUOUS,DYNAMIC_BIDIRECTIONAL,86.6032,86.6032,0.0,0.0,0.0,22,Valid physical match on two-way street; traffic speed applied bidirectionally.
527,219116711,12201173657,3714705892,0,MAPPED,HIGH,CLEAR,DYNAMIC,86.5443,86.5443,0.0,0.0,0.0,2,High-confidence exact physical match on one-way or dominant directed edge.
528,1210207764,4723479096,11012185762,0,MAPPED,HIGH,CLEAR,DYNAMIC,86.1302,86.1302,0.0,0.0,0.0931,2,High-confidence exact physical match on one-way or dominant directed edge.
529,478254536,8124335699,4714962006,0,MAPPED,HIGH,CLEAR,DYNAMIC,86.1296,86.1296,0.0,0.0,0.7008,2,High-confidence exact physical match on one-way or dominant directed edge.
530,367932805,10718627259,293463308,0,AMBIGUOUS,MEDIUM,AMBIGUOUS,DYNAMIC_BIDIRECTIONAL,85.7117,85.7117,0.0,0.0,0.0001,22,Valid physical match on two-way street; traffic speed applied bidirectionally.
531,367932805,10718627259,293463308,0,AMBIGUOUS,MEDIUM,AMBIGUOUS,DYNAMIC_BIDIRECTIONAL,85.7117,85.7117,0.0,0.0,0.0001,22,Valid physical match on two-way street; traffic speed applied bidirectionally.
532,466839445,293464865,8153698620,0,MAPPED,HIGH,CLEAR,DYNAMIC,85.6694,85.6694,0.0,0.0,0.0042,14,High-confidence exact physical match on one-way or dominant directed edge.
533,478811049,11936495262,8105566319,0,MAPPED,HIGH,CLEAR,DYNAMIC,85.4876,85.4876,0.0,0.0,0.0629,8,High-confidence exact physical match on one-way or dominant directed edge.
534,1238285689,3706277268,3706276768,0,MAPPED,HIGH,CLEAR,DYNAMIC,85.4148,85.4148,0.0,0.0,0.0266,3,High-confidence exact physical match on one-way or dominant directed edge.
535,1069546778,8157424469,10171484519,0,MAPPED,HIGH,CLEAR,DYNAMIC,85.3649,85.3649,0.0,0.0,0.0478,10,High-confidence exact physical match on one-way or dominant directed edge.
536,"[880027168, 880027169, 1069546779]",8166852630,293464703,0,AMBIGUOUS,MEDIUM,AMBIGUOUS,DYNAMIC_BIDIRECTIONAL,85.1634,85.1634,0.0,0.0,0.1839,28,Valid physical match on two-way street; traffic speed applied bidirectionally.
537,"[880027168, 880027169, 1069546779]",8166852630,293464703,0,AMBIGUOUS,MEDIUM,AMBIGUOUS,DYNAMIC_BIDIRECTIONAL,85.1634,85.1634,0.0,0.0,0.1839,28,Valid physical match on two-way street; traffic speed applied bidirectionally.
538,264753949,3719506243,8151533567,0,MAPPED,HIGH,CLEAR,DYNAMIC,85.0699,85.0699,0.0,0.0,0.0181,12,High-confidence exact physical match on one-way or dominant directed edge.
539,1141889036,8145212885,293463370,0,MAPPED,HIGH,CLEAR,DYNAMIC,84.9463,84.9463,0.0,0.0,0.0,14,High-confidence exact physical match on one-way or dominant directed edge.
540,464650412,12525781148,6949998010,0,MAPPED,HIGH,CLEAR,DYNAMIC,84.6716,84.6716,0.0,0.0,0.1706,7,High-confidence exact physical match on one-way or dominant directed edge.
541,1141889033,4721810599,4721810602,0,MAPPED,HIGH,CLEAR,DYNAMIC,84.4375,84.4375,0.0,0.0,0.0391,5,High-confidence exact physical match on one-way or dominant directed edge.
542,466615091,4720203899,4720203904,0,MAPPED,HIGH,CLEAR,DYNAMIC,84.4287,84.4287,0.0,0.0,0.099,10,High-confidence exact physical match on one-way or dominant directed edge.
543,"[1210211832, 762822066, 478257595]",7128063636,8127682909,0,MAPPED,HIGH,CLEAR,DYNAMIC,84.2311,84.2311,0.0,0.0,0.0463,4,High-confidence exact physical match on one-way or dominant directed edge.
544,776295454,3706277449,3706277440,0,AMBIGUOUS,MEDIUM,AMBIGUOUS,DYNAMIC_BIDIRECTIONAL,84.1039,84.1039,0.0,0.0,0.0001,14,Valid physical match on two-way street; traffic speed applied bidirectionally.
545,776295454,3706277449,3706277440,0,AMBIGUOUS,MEDIUM,AMBIGUOUS,DYNAMIC_BIDIRECTIONAL,84.1039,84.1039,0.0,0.0,0.0001,14,Valid physical match on two-way street; traffic speed applied bidirectionally.
546,478371821,4720132984,3719620476,0,MAPPED,HIGH,CLEAR,DYNAMIC,83.9675,83.9675,0.0,0.0,0.0,11,High-confidence exact physical match on one-way or dominant directed edge.
547,"[196857002, 1393752820]",2277412721,2277412722,0,MAPPED,HIGH,CLEAR,DYNAMIC,83.9466,83.9466,0.0,0.0,1.3301,2,High-confidence exact physical match on one-way or dominant directed edge.
548,746487577,2704039246,2704039245,0,MAPPED,HIGH,CLEAR,DYNAMIC,83.7257,83.7257,0.0,0.0,0.0,8,High-confidence exact physical match on one-way or dominant directed edge.
549,"[1141889032, 1141889036]",8145212878,293463346,0,MAPPED,HIGH,CLEAR,DYNAMIC,83.4145,83.4145,0.0,0.0,0.1671,19,High-confidence exact physical match on one-way or dominant directed edge.
550,1141889032,293463328,10593858513,0,MAPPED,HIGH,CLEAR,DYNAMIC,83.2613,83.2613,0.0,0.0,0.1007,6,High-confidence exact physical match on one-way or dominant directed edge.
551,865024248,3724390916,8062776435,0,MAPPED,HIGH,CLEAR,DYNAMIC,82.9887,82.9887,0.0,0.0,0.0,29,High-confidence exact physical match on one-way or dominant directed edge.
552,1208791971,3725763954,3726944828,0,MAPPED,HIGH,CLEAR,DYNAMIC,82.6169,82.6169,0.0,0.0,0.2014,17,High-confidence exact physical match on one-way or dominant directed edge.
553,264753949,2928864944,2928864940,0,MAPPED,HIGH,CLEAR,DYNAMIC,82.3663,82.3663,0.0,0.0,0.0,12,High-confidence exact physical match on one-way or dominant directed edge.
554,1141889036,293463350,293463358,0,MAPPED,HIGH,CLEAR,DYNAMIC,82.3374,82.3374,0.0,0.0,0.1249,14,High-confidence exact physical match on one-way or dominant directed edge.
555,279088743,293464902,293464897,0,MAPPED,HIGH,CLEAR,DYNAMIC,82.1165,82.1165,0.0,0.0,0.0001,12,High-confidence exact physical match on one-way or dominant directed edge.
556,746487577,2704039248,2704039247,0,MAPPED,HIGH,CLEAR,DYNAMIC,81.8878,81.8878,0.0,0.0,0.0,8,High-confidence exact physical match on one-way or dominant directed edge.
557,364407163,8099441580,8105648113,0,AMBIGUOUS,MEDIUM,AMBIGUOUS,DYNAMIC_BIDIRECTIONAL,81.8597,81.8597,0.0,0.0,0.6805,22,Valid physical match on two-way street; traffic speed applied bidirectionally.
558,364407163,8099441580,8105648113,0,AMBIGUOUS,MEDIUM,AMBIGUOUS,DYNAMIC_BIDIRECTIONAL,81.8597,81.8597,0.0,0.0,0.6805,22,Valid physical match on two-way street; traffic speed applied bidirectionally.
559,478257594,3714913947,293464343,0,MAPPED,HIGH,CLEAR,DYNAMIC,81.6643,81.6643,0.0,0.0,0.1676,10,High-confidence exact physical match on one-way or dominant directed edge.
560,875004049,8144958892,8144958896,0,MAPPED,HIGH,CLEAR,DYNAMIC,81.3083,81.3083,0.0,0.0,0.4378,5,High-confidence exact physical match on one-way or dominant directed edge.
561,230574632,2534722967,2443921877,0,MAPPED,HIGH,CLEAR,DYNAMIC,81.1542,81.1542,0.0,0.0,0.0,5,High-confidence exact physical match on one-way or dominant directed edge.
562,1141889032,10593858513,293460223,0,MAPPED,HIGH,CLEAR,DYNAMIC,80.9953,80.9953,0.0,0.0,0.0022,6,High-confidence exact physical match on one-way or dominant directed edge.
563,369195863,1051626824,3730052120,0,MAPPED,HIGH,CLEAR,DYNAMIC,80.82,81.0491,0.2291,0.2835,0.361,1,High-confidence exact physical match on one-way or dominant directed edge.
564,466600302,293458231,2833450839,0,MAPPED,HIGH,CLEAR,DYNAMIC,80.5615,80.5615,0.0,0.0,0.0665,2,High-confidence exact physical match on one-way or dominant directed edge.
565,230574632,2390658877,2443921783,0,MAPPED,HIGH,CLEAR,DYNAMIC,80.4493,80.4493,0.0,0.0,0.0,5,High-confidence exact physical match on one-way or dominant directed edge.
566,464650413,293464981,293464970,0,MAPPED,HIGH,CLEAR,DYNAMIC,80.4077,80.4077,0.0,0.0,0.0001,6,High-confidence exact physical match on one-way or dominant directed edge.
567,880075594,3719620255,4719689702,0,MAPPED,HIGH,CLEAR,DYNAMIC,80.2789,80.2789,0.0,0.0,0.1069,9,High-confidence exact physical match on one-way or dominant directed edge.
568,1069546779,293464753,293464758,0,AMBIGUOUS,MEDIUM,AMBIGUOUS,DYNAMIC_BIDIRECTIONAL,80.2427,80.2427,0.0,0.0,0.0512,22,Valid physical match on two-way street; traffic speed applied bidirectionally.
569,1069546779,293464758,293464753,0,AMBIGUOUS,MEDIUM,AMBIGUOUS,DYNAMIC_BIDIRECTIONAL,80.2427,80.2427,0.0,0.0,0.0512,22,Valid physical match on two-way street; traffic speed applied bidirectionally.
570,464650413,293464989,293464981,0,MAPPED,HIGH,CLEAR,DYNAMIC,80.1637,80.1637,0.0,0.0,0.4692,6,High-confidence exact physical match on one-way or dominant directed edge.
571,230574632,2443921877,2390658877,0,MAPPED,HIGH,CLEAR,DYNAMIC,79.7987,79.7987,0.0,0.0,0.0,5,High-confidence exact physical match on one-way or dominant directed edge.
572,280421141,8182316403,12094771861,0,MAPPED,HIGH,CLEAR,DYNAMIC,79.6109,79.6109,0.0,0.0,0.8568,2,High-confidence exact physical match on one-way or dominant directed edge.
573,219116706,4714939533,4714938984,0,MAPPED,HIGH,CLEAR,DYNAMIC,79.2322,79.2322,0.0,0.0,0.2403,4,High-confidence exact physical match on one-way or dominant directed edge.
574,1189548648,8151238512,4715985518,0,MAPPED,HIGH,CLEAR,DYNAMIC,79.1434,79.1434,0.0,0.0,0.5013,2,High-confidence exact physical match on one-way or dominant directed edge.
575,"[218508846, 1069546782]",9816859457,8166899548,0,MAPPED,HIGH,CLEAR,DYNAMIC,78.6115,78.6115,0.0,0.0,0.0833,2,High-confidence exact physical match on one-way or dominant directed edge.
576,26755988,1051669950,8186428309,0,AMBIGUOUS,MEDIUM,AMBIGUOUS,DYNAMIC_BIDIRECTIONAL,78.5115,78.5115,0.0,0.0,0.0005,6,Valid physical match on two-way street; traffic speed applied bidirectionally.
577,26755988,1051669950,8186428309,0,AMBIGUOUS,MEDIUM,AMBIGUOUS,DYNAMIC_BIDIRECTIONAL,78.5115,78.5115,0.0,0.0,0.0005,6,Valid physical match on two-way street; traffic speed applied bidirectionally.
578,1212991822,2365788091,4713176934,0,AMBIGUOUS,MEDIUM,AMBIGUOUS,DYNAMIC_BIDIRECTIONAL,78.2476,78.2476,0.0,0.0,0.5208,8,Valid physical match on two-way street; traffic speed applied bidirectionally.
579,1212991822,2365788091,4713176934,0,AMBIGUOUS,MEDIUM,AMBIGUOUS,DYNAMIC_BIDIRECTIONAL,78.2476,78.2476,0.0,0.0,0.5208,8,Valid physical match on two-way street; traffic speed applied bidirectionally.
580,368729170,293458410,9756374292,0,MAPPED,HIGH,CLEAR,DYNAMIC,78.0539,78.0539,0.0,0.0,0.609,6,High-confidence exact physical match on one-way or dominant directed edge.
581,876418712,8156864966,8156864967,0,MAPPED,HIGH,CLEAR,DYNAMIC,78.0422,78.0422,0.0,0.0,0.2316,2,High-confidence exact physical match on one-way or dominant directed edge.
582,762822065,10635704868,7242936306,0,MAPPED,HIGH,CLEAR,DYNAMIC,77.826,77.826,0.0,0.0,0.0696,11,High-confidence exact physical match on one-way or dominant directed edge.
583,26754699,8151563183,293457075,0,MAPPED,HIGH,CLEAR,DYNAMIC,77.6886,77.6886,0.0,0.0,0.2826,6,High-confidence exact physical match on one-way or dominant directed edge.
584,230574625,10115843783,3706277346,0,MAPPED,HIGH,CLEAR,DYNAMIC,77.6637,77.6637,0.0,0.0,0.5352,4,High-confidence exact physical match on one-way or dominant directed edge.
585,26764914,8156864967,6986305647,0,MAPPED,HIGH,CLEAR,DYNAMIC,77.4575,77.4575,0.0,0.0,0.1918,2,High-confidence exact physical match on one-way or dominant directed edge.
586,876451409,3727013594,8145580981,0,MAPPED,HIGH,CLEAR,DYNAMIC,77.3631,77.3631,0.0,0.0,0.0,14,High-confidence exact physical match on one-way or dominant directed edge.
587,26754699,293457277,293457280,0,MAPPED,HIGH,CLEAR,DYNAMIC,77.1046,77.1046,0.0,0.0,0.0,6,High-confidence exact physical match on one-way or dominant directed edge.
588,1141889037,4723212636,4723476352,0,MAPPED,HIGH,CLEAR,DYNAMIC,77.0538,77.0538,0.0,0.0,0.1947,1,High-confidence exact physical match on one-way or dominant directed edge.
589,26754491,6944073198,9781361238,0,MAPPED,HIGH,CLEAR,DYNAMIC,76.8584,76.8584,0.0,0.0,0.0055,7,High-confidence exact physical match on one-way or dominant directed edge.
590,746487581,6944073200,10991919752,0,MAPPED,HIGH,CLEAR,DYNAMIC,76.8176,76.8176,0.0,0.0,0.0,6,High-confidence exact physical match on one-way or dominant directed edge.
591,1209072902,293462770,293462769,0,MAPPED,HIGH,CLEAR,DYNAMIC,76.6623,76.6623,0.0,0.0,0.0,11,High-confidence exact physical match on one-way or dominant directed edge.
592,368729170,6604385663,3725763961,0,MAPPED,HIGH,CLEAR,DYNAMIC,76.5123,76.5123,0.0,0.0,0.0652,6,High-confidence exact physical match on one-way or dominant directed edge.
593,252236396,8124328157,3706277560,0,MAPPED,HIGH,CLEAR,DYNAMIC,76.217,76.217,0.0,0.0,0.0,6,High-confidence exact physical match on one-way or dominant directed edge.
594,456959535,4531816332,8151182358,0,MAPPED,HIGH,CLEAR,DYNAMIC,76.0183,76.0183,0.0,0.0,0.0362,9,High-confidence exact physical match on one-way or dominant directed edge.
595,874459840,8151416225,5662504046,0,MAPPED,HIGH,CLEAR,DYNAMIC,75.2715,75.2715,0.0,0.0,0.0053,13,High-confidence exact physical match on one-way or dominant directed edge.
596,40016878,3722327255,4719771206,0,MAPPED,HIGH,CLEAR,DYNAMIC,74.9334,74.9334,0.0,0.0,0.0,11,High-confidence exact physical match on one-way or dominant directed edge.
597,90617087,6985772828,293464276,0,MAPPED,HIGH,CLEAR,DYNAMIC,74.5434,74.5434,0.0,0.0,0.0424,11,High-confidence exact physical match on one-way or dominant directed edge.
598,875004054,8145297049,3714709080,0,MAPPED,HIGH,CLEAR,DYNAMIC,74.5271,74.5271,0.0,0.0,0.2506,5,High-confidence exact physical match on one-way or dominant directed edge.
599,230574625,3706277346,8128279464,0,MAPPED,HIGH,CLEAR,DYNAMIC,74.2397,74.2397,0.0,0.0,0.2513,4,High-confidence exact physical match on one-way or dominant directed edge.
600,1208795201,4594197582,12535566548,0,MAPPED,HIGH,CLEAR,DYNAMIC,73.9182,73.9182,0.0,0.0,0.0187,12,High-confidence exact physical match on one-way or dominant directed edge.
601,1209072902,293462766,293462759,0,MAPPED,HIGH,CLEAR,DYNAMIC,73.7914,73.7914,0.0,0.0,0.0,11,High-confidence exact physical match on one-way or dominant directed edge.
602,880075594,3719620306,8151182416,0,MAPPED,HIGH,CLEAR,DYNAMIC,73.4584,73.4584,0.0,0.0,0.0416,9,High-confidence exact physical match on one-way or dominant directed edge.
603,367932805,293463307,10718627261,0,AMBIGUOUS,MEDIUM,AMBIGUOUS,DYNAMIC_BIDIRECTIONAL,73.4254,73.4254,0.0,0.0,0.0764,22,Valid physical match on two-way street; traffic speed applied bidirectionally.
604,367932805,10718627261,293463307,0,AMBIGUOUS,MEDIUM,AMBIGUOUS,DYNAMIC_BIDIRECTIONAL,73.4254,73.4254,0.0,0.0,0.0764,22,Valid physical match on two-way street; traffic speed applied bidirectionally.
605,1208785492,4814206871,6947408065,0,MAPPED,HIGH,CLEAR,DYNAMIC,73.2478,73.2478,0.0,0.0,0.0,4,High-confidence exact physical match on one-way or dominant directed edge.
606,762822065,4714962027,10635704868,0,MAPPED,HIGH,CLEAR,DYNAMIC,73.2217,73.2217,0.0,0.0,0.0285,11,High-confidence exact physical match on one-way or dominant directed edge.
607,478257594,10267000474,3714705622,0,MAPPED,HIGH,CLEAR,DYNAMIC,73.0441,73.0441,0.0,0.0,0.0,10,High-confidence exact physical match on one-way or dominant directed edge.
608,252236395,9979039300,2583312049,0,MAPPED,HIGH,CLEAR,DYNAMIC,72.9358,72.9358,0.0,0.0,0.0536,6,High-confidence exact physical match on one-way or dominant directed edge.
609,464650413,293464962,4597354892,0,MAPPED,HIGH,CLEAR,DYNAMIC,72.808,72.808,0.0,0.0,0.015,6,High-confidence exact physical match on one-way or dominant directed edge.
610,26755741,2392383587,2277623507,0,MAPPED,HIGH,CLEAR,DYNAMIC,72.7619,72.7619,0.0,0.0,0.0,3,High-confidence exact physical match on one-way or dominant directed edge.
611,252236396,2583312041,9979039297,0,MAPPED,HIGH,CLEAR,DYNAMIC,72.6936,72.6936,0.0,0.0,0.0048,6,High-confidence exact physical match on one-way or dominant directed edge.
612,1210211832,7128063637,7128134805,0,MAPPED,HIGH,CLEAR,DYNAMIC,72.3936,72.3936,0.0,0.0,0.0,3,High-confidence exact physical match on one-way or dominant directed edge.
613,279088743,8153654900,293464907,0,MAPPED,HIGH,CLEAR,DYNAMIC,72.3426,72.3426,0.0,0.0,0.0,12,High-confidence exact physical match on one-way or dominant directed edge.
614,1209433726,8145212933,2408002052,0,AMBIGUOUS,MEDIUM,AMBIGUOUS,DYNAMIC_BIDIRECTIONAL,72.3294,72.3294,0.0,0.0,0.0627,10,Valid physical match on two-way street; traffic speed applied bidirectionally.
615,1209433726,8145212933,2408002052,0,AMBIGUOUS,MEDIUM,AMBIGUOUS,DYNAMIC_BIDIRECTIONAL,72.3294,72.3294,0.0,0.0,0.0627,10,Valid physical match on two-way street; traffic speed applied bidirectionally.
616,1138034029,7127990460,8141910054,0,MAPPED,HIGH,CLEAR,DYNAMIC,72.2414,72.2414,0.0,0.0,0.0877,2,High-confidence exact physical match on one-way or dominant directed edge.
617,1208491977,6604456763,3726939997,0,MAPPED,HIGH,CLEAR,DYNAMIC,72.0876,72.0876,0.0,0.0,0.0,2,High-confidence exact physical match on one-way or dominant directed edge.
618,875004049,8144958896,8144958898,0,MAPPED,HIGH,CLEAR,DYNAMIC,71.9128,71.9128,0.0,0.0,0.1544,5,High-confidence exact physical match on one-way or dominant directed edge.
619,300173742,6605237342,3725789996,0,MAPPED,HIGH,CLEAR,DYNAMIC,71.844,71.844,0.0,0.0,0.0,12,High-confidence exact physical match on one-way or dominant directed edge.
620,478371821,4719689709,3719620426,0,MAPPED,HIGH,CLEAR,DYNAMIC,71.3031,71.3031,0.0,0.0,0.0,11,High-confidence exact physical match on one-way or dominant directed edge.
621,1069546778,8166852641,8166852655,0,MAPPED,HIGH,CLEAR,DYNAMIC,70.7013,70.7013,0.0,0.0,0.5286,10,High-confidence exact physical match on one-way or dominant directed edge.
622,746487579,293454248,293455281,0,MAPPED,HIGH,CLEAR,DYNAMIC,70.404,70.404,0.0,0.0,0.0103,9,High-confidence exact physical match on one-way or dominant directed edge.
623,865024248,3724390516,3724390734,0,MAPPED,HIGH,CLEAR,DYNAMIC,70.3509,70.3509,0.0,0.0,0.0903,29,High-confidence exact physical match on one-way or dominant directed edge.
624,300173742,3725827504,293466245,0,MAPPED,HIGH,CLEAR,DYNAMIC,70.3393,70.3393,0.0,0.0,0.0002,12,High-confidence exact physical match on one-way or dominant directed edge.
625,1209072902,293462767,293462766,0,MAPPED,HIGH,CLEAR,DYNAMIC,70.2198,70.2198,0.0,0.0,0.0,11,High-confidence exact physical match on one-way or dominant directed edge.
626,746487559,293460950,9923821126,0,MAPPED,HIGH,CLEAR,DYNAMIC,70.2145,70.2145,0.0,0.0,0.2087,12,High-confidence exact physical match on one-way or dominant directed edge.
627,1069546779,293464736,293464729,0,AMBIGUOUS,MEDIUM,AMBIGUOUS,DYNAMIC_BIDIRECTIONAL,70.0214,70.0214,0.0,0.0,0.0,22,Valid physical match on two-way street; traffic speed applied bidirectionally.
628,1069546779,293464736,293464729,0,AMBIGUOUS,MEDIUM,AMBIGUOUS,DYNAMIC_BIDIRECTIONAL,70.0214,70.0214,0.0,0.0,0.0,22,Valid physical match on two-way street; traffic speed applied bidirectionally.
629,264753949,2928864940,2928864938,0,MAPPED,HIGH,CLEAR,DYNAMIC,69.9223,69.9223,0.0,0.0,0.0,12,High-confidence exact physical match on one-way or dominant directed edge.
630,865024248,8133341959,8062776421,0,MAPPED,HIGH,CLEAR,DYNAMIC,69.6319,69.6319,0.0,0.0,0.0,29,High-confidence exact physical match on one-way or dominant directed edge.
631,"[464097500, 456959532]",4531816313,1051669638,0,MAPPED,HIGH,CLEAR,DYNAMIC,69.6252,69.6252,0.0,0.0,3.4357,4,High-confidence exact physical match on one-way or dominant directed edge.
632,1208988381,8157424473,8157424472,0,MAPPED,HIGH,CLEAR,DYNAMIC,68.9251,68.9251,0.0,0.0,0.0,3,High-confidence exact physical match on one-way or dominant directed edge.
633,876473604,293462958,293462956,0,MAPPED,HIGH,CLEAR,DYNAMIC,68.8994,68.8994,0.0,0.0,0.0,5,High-confidence exact physical match on one-way or dominant directed edge.
634,879562787,11778195620,2703794064,0,MAPPED,HIGH,CLEAR,DYNAMIC,68.7912,68.7912,0.0,0.0,0.0,8,High-confidence exact physical match on one-way or dominant directed edge.
635,1210210285,7242788582,8151563186,0,MAPPED,HIGH,CLEAR,DYNAMIC,68.7082,68.7082,0.0,0.0,0.0,3,High-confidence exact physical match on one-way or dominant directed edge.
636,776295454,8128232265,3706277434,0,AMBIGUOUS,MEDIUM,AMBIGUOUS,DYNAMIC_BIDIRECTIONAL,68.5792,68.5792,0.0,0.0,0.0,14,Valid physical match on two-way street; traffic speed applied bidirectionally.
637,776295454,8128232265,3706277434,0,AMBIGUOUS,MEDIUM,AMBIGUOUS,DYNAMIC_BIDIRECTIONAL,68.5792,68.5792,0.0,0.0,0.0,14,Valid physical match on two-way street; traffic speed applied bidirectionally.
638,876134933,8154498070,8154498107,0,MAPPED,HIGH,CLEAR,DYNAMIC,68.534,68.534,0.0,0.0,0.0,8,High-confidence exact physical match on one-way or dominant directed edge.
639,865024248,2935256757,3724390537,0,MAPPED,HIGH,CLEAR,DYNAMIC,68.4707,68.4707,0.0,0.0,0.0,29,High-confidence exact physical match on one-way or dominant directed edge.
640,874644320,5418127631,2283167585,0,MAPPED,HIGH,CLEAR,DYNAMIC,68.3811,68.3811,0.0,0.0,0.0,15,High-confidence exact physical match on one-way or dominant directed edge.
641,264753949,2928864938,1051669370,0,MAPPED,HIGH,CLEAR,DYNAMIC,68.2173,68.2173,0.0,0.0,0.0,12,High-confidence exact physical match on one-way or dominant directed edge.
642,742084228,11936417211,11936417209,0,MAPPED,HIGH,CLEAR,DYNAMIC,68.1861,68.1861,0.0,0.0,0.0173,5,High-confidence exact physical match on one-way or dominant directed edge.
643,874594465,8141628231,482157966,0,MAPPED,HIGH,CLEAR,DYNAMIC,67.8951,67.8951,0.0,0.0,0.0,2,High-confidence exact physical match on one-way or dominant directed edge.
644,746487559,4715979376,4715979375,0,MAPPED,HIGH,CLEAR,DYNAMIC,67.7005,67.7005,0.0,0.0,0.0407,12,High-confidence exact physical match on one-way or dominant directed edge.
645,1209433726,8145212933,10618414232,0,AMBIGUOUS,MEDIUM,AMBIGUOUS,DYNAMIC_BIDIRECTIONAL,67.6263,67.6263,0.0,0.0,0.0,10,Valid physical match on two-way street; traffic speed applied bidirectionally.
646,1209433726,8145212933,10618414232,0,AMBIGUOUS,MEDIUM,AMBIGUOUS,DYNAMIC_BIDIRECTIONAL,67.6263,67.6263,0.0,0.0,0.0,10,Valid physical match on two-way street; traffic speed applied bidirectionally.
647,1141889036,293463358,8145212885,0,MAPPED,HIGH,CLEAR,DYNAMIC,67.5357,67.5357,0.0,0.0,0.0631,14,High-confidence exact physical match on one-way or dominant directed edge.
648,279088748,2999157396,1812432271,0,MAPPED,HIGH,CLEAR,DYNAMIC,67.4374,67.4374,0.0,0.0,0.1212,12,High-confidence exact physical match on one-way or dominant directed edge.
649,1208785499,3725790551,6604456762,0,MAPPED,HIGH,CLEAR,DYNAMIC,67.3816,67.3816,0.0,0.0,0.0,2,High-confidence exact physical match on one-way or dominant directed edge.
650,1014003072,2833045510,2704039251,0,MAPPED,HIGH,CLEAR,DYNAMIC,67.2867,67.2867,0.0,0.0,0.3284,2,High-confidence exact physical match on one-way or dominant directed edge.
651,870242503,3725561066,3725561095,0,MAPPED,HIGH,CLEAR,DYNAMIC,67.2691,67.2691,0.0,0.0,0.0816,7,High-confidence exact physical match on one-way or dominant directed edge.
652,874459840,2703776376,2703784888,0,MAPPED,HIGH,CLEAR,DYNAMIC,67.249,69.2552,2.0062,2.9832,0.2921,13,High-confidence exact physical match on one-way or dominant directed edge.
653,279088743,293464907,293464902,0,MAPPED,HIGH,CLEAR,DYNAMIC,67.1393,67.1393,0.0,0.0,0.0013,12,High-confidence exact physical match on one-way or dominant directed edge.
654,874056882,6609242521,4594197693,0,MAPPED,HIGH,CLEAR,DYNAMIC,67.0427,67.0427,0.0,0.0,0.0,17,High-confidence exact physical match on one-way or dominant directed edge.
655,279088748,8151238466,2999157389,0,MAPPED,HIGH,CLEAR,DYNAMIC,66.7052,66.7052,0.0,0.0,0.2096,12,High-confidence exact physical match on one-way or dominant directed edge.
656,1208795197,4594183933,4594183932,0,MAPPED,HIGH,CLEAR,DYNAMIC,66.7024,66.7024,0.0,0.0,0.0,8,High-confidence exact physical match on one-way or dominant directed edge.
657,880075598,8186428309,8186428311,0,MAPPED,HIGH,CLEAR,DYNAMIC,66.6568,66.6568,0.0,0.0,0.406,2,High-confidence exact physical match on one-way or dominant directed edge.
658,279088746,12555910130,1812432286,0,MAPPED,HIGH,CLEAR,DYNAMIC,66.6037,66.6037,0.0,0.0,0.1121,2,High-confidence exact physical match on one-way or dominant directed edge.
659,478372781,4721825589,4719689700,0,MAPPED,HIGH,CLEAR,DYNAMIC,66.5395,66.5395,0.0,0.0,0.0214,6,High-confidence exact physical match on one-way or dominant directed edge.
660,876451409,4594206614,3727013893,0,MAPPED,HIGH,CLEAR,DYNAMIC,66.2972,66.2972,0.0,0.0,0.2008,14,High-confidence exact physical match on one-way or dominant directed edge.
661,874644320,4714938986,5411536316,0,MAPPED,HIGH,CLEAR,DYNAMIC,66.2915,66.2915,0.0,0.0,0.3771,15,High-confidence exact physical match on one-way or dominant directed edge.
662,464650415,4601752550,8145147226,0,MAPPED,HIGH,CLEAR,DYNAMIC,66.2445,66.2445,0.0,0.0,0.0,7,High-confidence exact physical match on one-way or dominant directed edge.
663,880075597,2703797752,8186428309,0,MAPPED,HIGH,CLEAR,DYNAMIC,66.1508,66.1508,0.0,0.0,0.1564,2,High-confidence exact physical match on one-way or dominant directed edge.
664,1105211172,4715985573,7128063639,0,MAPPED,HIGH,CLEAR,DYNAMIC,66.0634,66.0634,0.0,0.0,0.0088,3,High-confidence exact physical match on one-way or dominant directed edge.
665,1203852633,4594181070,4594181069,0,MAPPED,HIGH,CLEAR,DYNAMIC,65.8341,65.8341,0.0,0.0,0.0,5,High-confidence exact physical match on one-way or dominant directed edge.
666,1208795201,11433519729,4594188519,0,MAPPED,HIGH,CLEAR,DYNAMIC,65.8028,65.8028,0.0,0.0,0.0351,12,High-confidence exact physical match on one-way or dominant directed edge.
667,279088748,7242312106,10287373214,0,MAPPED,HIGH,CLEAR,DYNAMIC,65.599,65.599,0.0,0.0,0.0,12,High-confidence exact physical match on one-way or dominant directed edge.
668,1209004191,2833450822,4613676974,0,MAPPED,HIGH,CLEAR,DYNAMIC,65.5183,65.5183,0.0,0.0,0.146,1,High-confidence exact physical match on one-way or dominant directed edge.
669,368712589,8145278210,3725591126,0,AMBIGUOUS,MEDIUM,AMBIGUOUS,DYNAMIC_BIDIRECTIONAL,65.4719,65.4719,0.0,0.0,0.1089,10,Valid physical match on two-way street; traffic speed applied bidirectionally.
670,368712589,8145278210,3725591126,0,AMBIGUOUS,MEDIUM,AMBIGUOUS,DYNAMIC_BIDIRECTIONAL,65.4719,65.4719,0.0,0.0,0.1089,10,Valid physical match on two-way street; traffic speed applied bidirectionally.
671,875007028,8144976336,9882823386,0,MAPPED,HIGH,CLEAR,DYNAMIC,65.4215,65.4215,0.0,0.0,0.0203,6,High-confidence exact physical match on one-way or dominant directed edge.
672,1209072902,293462756,4714891319,0,MAPPED,HIGH,CLEAR,DYNAMIC,65.0506,65.0506,0.0,0.0,0.0,11,High-confidence exact physical match on one-way or dominant directed edge.
673,875004053,293465828,8144960927,0,MAPPED,HIGH,CLEAR,DYNAMIC,65.0374,65.0374,0.0,0.0,0.1425,8,High-confidence exact physical match on one-way or dominant directed edge.
674,478257595,4715985581,7128063636,0,MAPPED,HIGH,CLEAR,DYNAMIC,65.0291,65.0291,0.0,0.0,0.0,2,High-confidence exact physical match on one-way or dominant directed edge.
675,368721302,3725764130,3725764138,0,MAPPED,HIGH,CLEAR,DYNAMIC,64.8036,64.8036,0.0,0.0,2.4678,5,High-confidence exact physical match on one-way or dominant directed edge.
676,"[1209433725, 1249542286]",3714707013,293463599,0,MAPPED,HIGH,CLEAR,DYNAMIC,64.3061,64.3061,0.0,0.0,0.0004,2,High-confidence exact physical match on one-way or dominant directed edge.
677,875007028,9871576949,8144976343,0,MAPPED,HIGH,CLEAR,DYNAMIC,64.0241,64.0241,0.0,0.0,0.0,6,High-confidence exact physical match on one-way or dominant directed edge.
678,1141889036,293463385,9923995138,0,MAPPED,HIGH,CLEAR,DYNAMIC,63.9382,63.9382,0.0,0.0,0.433,14,High-confidence exact physical match on one-way or dominant directed edge.
679,470103540,4643407223,4643407218,0,MAPPED,HIGH,CLEAR,DYNAMIC,63.5705,63.5705,0.0,0.0,2.0039,5,High-confidence exact physical match on one-way or dominant directed edge.
680,1209072881,4714891315,4594220613,0,MAPPED,HIGH,CLEAR,DYNAMIC,63.4267,63.4267,0.0,0.0,0.0,5,High-confidence exact physical match on one-way or dominant directed edge.
681,"[1208986537, 1208986538]",4531816328,4531816313,0,MAPPED,HIGH,CLEAR,DYNAMIC,63.41,66.2469,2.8369,4.4739,0.1795,1,High-confidence exact physical match on one-way or dominant directed edge.
682,40016878,4719771206,4719769348,0,MAPPED,HIGH,CLEAR,DYNAMIC,63.3429,63.3429,0.0,0.0,0.0154,11,High-confidence exact physical match on one-way or dominant directed edge.
683,746487581,293466272,6944073200,0,MAPPED,HIGH,CLEAR,DYNAMIC,62.917,62.917,0.0,0.0,3.9946,6,High-confidence exact physical match on one-way or dominant directed edge.
684,1208791971,3727012352,13022825217,0,MAPPED,HIGH,CLEAR,DYNAMIC,62.8891,62.8891,0.0,0.0,0.0,17,High-confidence exact physical match on one-way or dominant directed edge.
685,232511043,2443921865,2443921759,0,MAPPED,HIGH,CLEAR,DYNAMIC,62.8717,62.8717,0.0,0.0,0.0,5,High-confidence exact physical match on one-way or dominant directed edge.
686,367555141,8144958887,8144958890,0,MAPPED,HIGH,CLEAR,DYNAMIC,62.8008,62.8008,0.0,0.0,0.0361,10,High-confidence exact physical match on one-way or dominant directed edge.
687,746487560,4716027735,6167916393,0,MAPPED,HIGH,CLEAR,DYNAMIC,62.7974,62.7974,0.0,0.0,0.2974,2,High-confidence exact physical match on one-way or dominant directed edge.
688,874644320,2283167581,4714938986,0,MAPPED,HIGH,CLEAR,DYNAMIC,62.7653,62.7653,0.0,0.0,0.0,15,High-confidence exact physical match on one-way or dominant directed edge.
689,874056882,4594197691,4594197690,0,MAPPED,HIGH,CLEAR,DYNAMIC,62.2085,62.2085,0.0,0.0,0.021,17,High-confidence exact physical match on one-way or dominant directed edge.
690,279088748,10287373214,2999157392,0,MAPPED,HIGH,CLEAR,DYNAMIC,61.8218,61.8218,0.0,0.0,0.0388,12,High-confidence exact physical match on one-way or dominant directed edge.
691,264753949,2928864946,2928864944,0,MAPPED,HIGH,CLEAR,DYNAMIC,61.6179,61.6179,0.0,0.0,0.0,12,High-confidence exact physical match on one-way or dominant directed edge.
692,876451409,3726941221,3726941630,0,MAPPED,HIGH,CLEAR,DYNAMIC,61.5527,61.5527,0.0,0.0,0.0,14,High-confidence exact physical match on one-way or dominant directed edge.
693,1203852633,4594181069,4594181068,0,MAPPED,HIGH,CLEAR,DYNAMIC,61.5176,61.5176,0.0,0.0,0.0,5,High-confidence exact physical match on one-way or dominant directed edge.
694,292410140,13108436169,3722327661,0,MAPPED,HIGH,CLEAR,DYNAMIC,61.1355,61.1355,0.0,0.0,0.0174,4,High-confidence exact physical match on one-way or dominant directed edge.
695,876473604,8151376700,293462958,0,MAPPED,HIGH,CLEAR,DYNAMIC,61.0351,61.0351,0.0,0.0,0.0,5,High-confidence exact physical match on one-way or dominant directed edge.
696,1141889036,293463385,9923995138,0,AMBIGUOUS,LOW,CLEAR,STATIC_FALLBACK,61.0347,63.9382,2.9035,4.7572,133.4146,14,Elevated length error (4.8%) or distance (133.4m); reverted to static baseline.
697,1069546778,8166852625,8166852652,0,MAPPED,HIGH,CLEAR,DYNAMIC,60.9429,60.9429,0.0,0.0,0.0199,10,High-confidence exact physical match on one-way or dominant directed edge.
698,1208795197,10230224085,4594183933,0,MAPPED,HIGH,CLEAR,DYNAMIC,60.6337,60.6337,0.0,0.0,0.0075,8,High-confidence exact physical match on one-way or dominant directed edge.
699,865024248,3724390776,11968828661,0,MAPPED,HIGH,CLEAR,DYNAMIC,60.369,60.369,0.0,0.0,0.0067,29,High-confidence exact physical match on one-way or dominant directed edge.
