segment_id,traffic_osmid,traffic_length_m,traffic_lat,traffic_lon,traffic_road_type,osm_u,osm_v,osm_key,osm_osmid,osm_edge_length_m,length_error_m,length_error_pct,centroid_distance_m,road_type_compatibility,direction_status,candidate_count,second_best_score,best_score,score_margin,multi_id_connectivity,confidence,mapping_status
0,"[1209033472, 280421140, 1317533102]",3016.9979,20.2839503,85.8062675,trunk,2845389661,4875425580,0,"[1209033472, 280421140, 1317533102]",3016.9979,0.0,0.0,11.3583,exact_compatible,clear,1,0.0,0.928876,0.928876,connected_chain,HIGH,mapped
1,"[44948707, 1317533101, 1317533103]",2971.2836,20.2837554,85.8061731,trunk,2845389637,8182316403,0,"[44948707, 1317533101, 1317533103]",2971.2836,0.0,0.0,13.5105,exact_compatible,clear,1,0.0,0.917126,0.917126,connected_chain,HIGH,mapped
2,"[279958946, 1317535730, 1209009343]",2001.051,20.2964879,85.8382026,trunk,8182316352,3320289784,0,"[279958946, 1317535730, 1209009343]",2001.051,0.0,0.0,1.7423,exact_compatible,clear,1,0.0,0.988014,0.988014,connected_chain,HIGH,mapped
3,"[26755549, 1317535729, 1209009372, 218526245]",1989.5722,20.2966171,85.8381369,trunk,12194086396,8182316353,0,"[26755549, 1317535729, 1209009372, 218526245]",1989.5722,0.0,0.0,2.0713,exact_compatible,clear,1,0.0,0.985797,0.985797,connected_chain,HIGH,mapped
4,873398460,1656.8,20.2627892,85.8683166,trunk,11936495261,8106127986,0,873398460,1656.8,0.0,0.0,34.5455,exact_compatible,clear,4,0.466233,0.825392,0.359159,single_id,HIGH,mapped
5,"[742084225, 742084226, 44947113]",1588.0232,20.3477535,85.8863872,trunk,2277412755,8145058465,0,"[742084225, 742084226, 44947113]",1588.0232,0.0,0.0,55.3093,exact_compatible,clear,4,0.278139,0.765786,0.487648,connected_chain,MEDIUM,mapped
6,"[44948644, 1203900681, 1194664843, 1194664844, 1317520819]",1505.9063,20.2567444,85.7876656,trunk,12617765453,8182316410,0,"[44948644, 1203900681, 1194664843, 1194664844, 1317520819]",1505.9063,0.0,0.0,0.7354,exact_compatible,clear,2,0.524159,0.99489,0.470731,connected_chain,HIGH,mapped
7,"[1203900682, 1209038916, 1194663758]",1483.6343,20.2567898,85.7875656,trunk,11088563838,12617765452,0,"[1203900682, 1209038916, 1194663758]",1483.6343,0.0,0.0,1.9531,exact_compatible,clear,2,0.254738,0.986592,0.731853,connected_chain,HIGH,mapped
8,873398460,1452.9773,20.2504542,85.8620246,trunk,8105661609,11936495261,0,873398460,1452.9773,0.0,0.0,62.1602,exact_compatible,clear,4,0.448357,0.75096,0.302603,single_id,MEDIUM,mapped
9,1210277736,1393.6995,20.2834029,85.8732546,trunk,6010327766,4593964306,0,1210277736,1393.6995,0.0,0.0,38.1157,exact_compatible,clear,4,0.256889,0.813305,0.556416,single_id,HIGH,mapped
10,"[1203900681, 218526250, 218526251, 280421141]",1392.1328,20.2687977,85.7928509,trunk,12094771861,12617765453,0,"[1203900681, 218526250, 218526251, 280421141]",1392.1328,0.0,0.0,1.1156,exact_compatible,clear,3,0.515824,0.992277,0.476453,connected_chain,HIGH,mapped
11,"[879568355, 879568356, 325359753, 26755786, 1209009371]",1384.3006,20.2970014,85.8586749,trunk,13519081481,8140380974,0,"[279958945, 879568355, 879568356, 325359753, 218505930, 218505931, 1210086508, 26755786, 1209009371]",1567.6705,183.3698,13.2464,76.5305,exact_compatible,clear,1,0.0,0.532003,0.532003,connected_chain,MEDIUM,mapped
12,742084228,1317.3339,20.3287888,85.8834803,trunk,11936417209,2277412746,0,742084228,1317.3339,0.0,0.0,28.1884,exact_compatible,clear,5,0.295566,0.849171,0.553605,single_id,HIGH,mapped
13,"[879568354, 879568357, 573401034, 325359754, 874464058]",1308.4313,20.2965944,85.8582714,trunk,3722327657,8182365087,0,"[879568354, 879568357, 573401034, 325359754, 874464058]",1308.4313,0.0,0.0,87.4905,exact_compatible,clear,1,0.0,0.710832,0.710832,connected_chain,LOW,ambiguous
14,478811049,1277.1612,20.2645446,85.8690798,trunk,4593969312,8105607829,0,478811049,1277.1612,0.0,0.0,14.6426,exact_compatible,clear,8,0.434979,0.911147,0.476168,single_id,HIGH,mapped
15,"[218526248, 26755741, 218526246]",1222.1475,20.2702806,85.7932607,trunk,2277623507,2845389661,0,"[218526248, 26755741, 218526246]",1222.1475,0.0,0.0,1.8828,exact_compatible,clear,3,0.253631,0.987066,0.733434,connected_chain,HIGH,mapped
16,478811049,1080.1658,20.2512623,85.8623102,trunk,8105566319,10603648617,0,478811049,1080.1658,0.0,0.0,42.4209,exact_compatible,clear,8,0.410708,0.799832,0.389124,single_id,HIGH,mapped
17,26754491,1066.5091,20.3019236,85.8331158,secondary,8166852626,293466286,0,26754491,1066.5091,0.0,0.0,5.7807,exact_compatible,clear,7,0.266337,0.961787,0.69545,single_id,HIGH,mapped
18,746487581,1065.2277,20.3019203,85.833305,secondary,12702159517,2841407764,0,746487581,1065.2277,0.0,0.0,4.1723,exact_compatible,clear,6,0.264831,0.971979,0.707149,single_id,HIGH,mapped
19,464650412,1012.1732,20.2900786,85.8259971,primary,4601752551,2277623696,0,464650412,1012.1732,0.0,0.0,4.6122,exact_compatible,clear,7,0.257842,0.969159,0.711317,single_id,HIGH,mapped
20,742084229,969.86,20.3262314,85.883395,trunk,3725628684,11936417213,0,742084229,969.86,0.0,0.0,4.7239,exact_compatible,clear,5,0.645911,0.968447,0.322536,single_id,HIGH,mapped
21,"[742084229, 742084230, 742084223]",967.8664,20.3365655,85.8835975,trunk,569909810,3725628832,0,"[742084229, 742084230, 742084223]",967.8664,0.0,0.0,8.0352,exact_compatible,clear,6,0.645902,0.948041,0.302139,connected_chain,HIGH,mapped
22,"[742084224, 464267621, 742084223]",962.4217,20.3450154,85.8849167,trunk,569909804,569909810,0,"[742084224, 464267621, 742084223]",962.4217,0.0,0.0,5.7273,exact_compatible,clear,5,0.638868,0.96212,0.323252,connected_chain,HIGH,mapped
23,"[874464056, 877825096, 292410142]",919.9388,20.3041372,85.8669393,trunk,13519104254,8156596370,0,"[874464056, 877825096, 292410142]",742.6534,177.2854,19.2714,0.3608,exact_compatible,clear,5,0.258307,0.750094,0.491788,connected_chain,HIGH,mapped
24,"[414500083, 875146659]",869.4488,20.3505214,85.8069793,primary,12435035117,8144915374,0,"[414500083, 875146659]",869.4488,0.0,0.0,0.4149,exact_compatible,clear,3,0.27794,0.997108,0.719167,connected_chain,HIGH,mapped
25,"[44948784, 1317535728, 1317535732, 218526252]",852.5643,20.2952119,85.8249954,trunk,3320289784,2277623681,0,"[44948784, 1317535728, 1317535732, 218526252]",852.5643,0.0,0.0,12.2906,exact_compatible,clear,1,0.0,0.923724,0.923724,connected_chain,HIGH,mapped
26,464650415,813.4668,20.2911301,85.825927,primary,2841381803,3718108687,0,464650415,813.4668,0.0,0.0,6.4289,exact_compatible,clear,7,0.260332,0.957771,0.697438,single_id,HIGH,mapped
27,741818619,806.4772,20.240695,85.8101935,secondary,8133212859,7243077747,0,741818619,806.4772,0.0,0.0,34.6661,exact_compatible,clear,8,0.354832,0.824969,0.470137,single_id,HIGH,mapped
28,873398460,794.5244,20.2738185,85.8714055,trunk,8106128001,6010327766,0,873398460,794.5244,0.0,0.0,0.5234,exact_compatible,clear,4,0.256346,0.996355,0.740009,single_id,HIGH,mapped
29,"[877786608, 292410140, 292410141]",786.6129,20.3044641,85.8675104,trunk,3725590874,13108436171,0,"[877786608, 292410140, 292410141]",786.6129,0.0,0.0,2.7411,exact_compatible,clear,5,0.254829,0.981329,0.7265,connected_chain,HIGH,mapped
30,"[26755523, 1317535731, 218526247, 1209033471]",771.7655,20.295529,85.8253086,trunk,12888493319,12194086396,0,"[26755523, 1317535731, 218526247, 1209033471]",771.7655,0.0,0.0,13.4751,exact_compatible,clear,2,0.275505,0.917316,0.641811,connected_chain,HIGH,mapped
31,"[842470001, 196857001, 1286989884]",762.8027,20.3129648,85.8763053,trunk,11936490107,2277412722,0,"[842470001, 196857001, 1286989884]",762.8027,0.0,0.0,0.8778,exact_compatible,clear,3,0.257473,0.993909,0.736436,connected_chain,HIGH,mapped
32,"[742084226, 742084227, 742084228]",745.0017,20.3379863,85.8832987,trunk,2277412746,2277412755,0,"[742084226, 742084227, 742084228]",745.0017,0.0,0.0,8.6575,exact_compatible,clear,6,0.395023,0.944354,0.549331,connected_chain,HIGH,mapped
33,"[364407161, 1317517332, 1318339357]",726.186,20.2346528,85.8137381,secondary,8100516249,293464258,0,"[364407161, 1317517332, 1318339357]",726.186,0.0,0.0,8.1071,exact_compatible,ambiguous,2,0.917612,0.917612,0.0,connected_chain,MEDIUM,ambiguous
34,"[364407161, 1317517332, 1318339357]",726.186,20.2346528,85.8137381,secondary,293464258,8100516249,0,"[364407161, 1317517332, 1318339357]",726.186,0.0,0.0,8.1071,exact_compatible,ambiguous,2,0.917612,0.917612,0.0,connected_chain,MEDIUM,ambiguous
35,1194663768,704.2067,20.2654565,85.787996,primary,8182317117,2390658944,0,1194663768,704.2067,0.0,0.0,34.5255,exact_compatible,clear,2,0.253471,0.825462,0.571991,single_id,HIGH,mapped
36,"[1238285688, 90617087]",687.0881,20.2510625,85.8086856,secondary,3718134030,3718134117,0,"[1238285688, 90617087]",687.0881,0.0,0.0,58.5598,exact_compatible,clear,15,0.266601,0.758499,0.491898,connected_chain,MEDIUM,mapped
37,464267621,669.3368,20.3555525,85.8892709,trunk,569909792,8145181028,0,464267621,669.3368,0.0,0.0,8.572,exact_compatible,clear,4,0.337054,0.944858,0.607805,single_id,HIGH,mapped
38,"[464264628, 1209009347, 1209009348, 196856999]",594.9814,20.3090734,85.8724018,trunk,8167025453,8167025475,0,"[464264628, 1209009347, 1209009348, 196856999]",594.9814,0.0,0.0,3.3305,exact_compatible,clear,1,0.0,0.977446,0.977446,connected_chain,HIGH,mapped
39,"[1213505657, 196857002, 44947105, 742084228]",593.8299,20.3179415,85.8799063,trunk,2277412722,569909654,0,"[1213505657, 196857002, 44947105, 742084228]",593.8299,0.0,0.0,25.0419,exact_compatible,clear,6,0.362013,0.862108,0.500095,connected_chain,HIGH,mapped
40,279091485,592.3071,20.2691125,85.8250416,primary,2833450851,2833482043,0,279091485,592.3071,0.0,0.0,7.1622,exact_compatible,clear,1,0.0,0.95329,0.95329,single_id,HIGH,mapped
41,741818619,590.483,20.2487684,85.8100317,secondary,8133212845,9924471955,0,741818619,590.483,0.0,0.0,8.5695,exact_compatible,clear,8,0.314249,0.944872,0.630624,single_id,HIGH,mapped
42,"[877786609, 1393752818, 464264627]",590.0032,20.3127849,85.8764595,trunk,12901379734,8167025453,0,"[877786609, 1393752818, 464264627]",590.0032,0.0,0.0,1.0284,exact_compatible,clear,2,0.5624,0.992875,0.430474,connected_chain,HIGH,mapped
43,880075594,573.6074,20.2707281,85.8497626,primary,4719693651,2283167601,0,880075594,573.6074,0.0,0.0,0.1448,exact_compatible,clear,9,0.272469,0.998988,0.726519,single_id,HIGH,mapped
44,"[877821610, 870242500, 870242503]",567.2716,20.3036194,85.8718792,trunk,3725561095,4593964324,0,"[877821610, 870242500, 870242503]",567.2716,0.0,0.0,0.0996,exact_compatible,clear,8,0.300084,0.999303,0.69922,connected_chain,HIGH,mapped
45,865024250,560.7921,20.2852215,85.7816217,primary,8133341955,11968828660,0,865024250,560.7921,0.0,0.0,0.7987,exact_compatible,clear,12,0.429313,0.994454,0.565141,single_id,HIGH,mapped
46,"[464264129, 1210250340, 1393752818, 762847156, 1393752821]",560.4691,20.3170006,85.8795133,trunk,12901379743,12901379734,0,"[464264129, 1210250340, 1393752818, 762847156, 1393752821]",560.4691,0.0,0.0,11.0369,exact_compatible,clear,3,0.558718,0.930674,0.371957,connected_chain,HIGH,mapped
47,"[174417954, 230927119, 230927120, 746487580, 746487549]",535.5557,20.2537741,85.8339363,secondary,293464921,2393561249,0,"[174417954, 230927119, 230927120, 746487580, 746487549]",535.5557,0.0,0.0,5.6141,exact_compatible,ambiguous,6,0.932827,0.932827,0.0,connected_chain,MEDIUM,ambiguous
48,"[174417954, 230927119, 230927120, 746487580, 746487549]",535.5557,20.2537741,85.8339363,secondary,2393561249,293464921,0,"[174417954, 230927119, 230927120, 746487580, 746487549]",535.5557,0.0,0.0,5.6141,exact_compatible,ambiguous,6,0.932827,0.932827,0.0,connected_chain,MEDIUM,ambiguous
49,876418713,513.778,20.2740007,85.8300617,secondary,293461281,293452705,0,876418713,513.778,0.0,0.0,0.1802,exact_compatible,ambiguous,12,0.968741,0.968741,0.0,single_id,MEDIUM,ambiguous
50,876418713,513.778,20.2740007,85.8300617,secondary,293461281,293452705,0,876418713,513.778,0.0,0.0,0.1802,exact_compatible,ambiguous,12,0.968741,0.968741,0.0,single_id,MEDIUM,ambiguous
51,"[279088741, 746487561, 746487564, 1317517914, 1317517916]",492.841,20.2617156,85.8364576,primary,2833450825,2999157394,0,"[279088741, 746487561, 746487564, 1317517914, 1317517916]",492.841,0.0,0.0,0.6049,exact_compatible,clear,1,0.0,0.995791,0.995791,connected_chain,HIGH,mapped
52,"[279088738, 746487562, 746487563, 1317517913, 1317517915]",488.7442,20.2618376,85.8365111,primary,2999157393,2833450822,0,"[279088738, 746487562, 746487563, 1317517913, 1317517915]",488.7442,0.0,0.0,0.0652,exact_compatible,clear,1,0.0,0.999544,0.999544,connected_chain,HIGH,mapped
53,368852567,487.3602,20.3500963,85.8071016,primary,3726941181,3726926556,0,368852567,487.3602,0.0,0.0,0.108,exact_compatible,clear,5,0.373333,0.999245,0.625912,single_id,HIGH,mapped
54,"[870242497, 877821612, 870242502]",477.8349,20.3031313,85.8718816,trunk,8156683692,8141521597,0,"[870242497, 877821612, 870242502]",477.8349,0.0,0.0,0.3872,exact_compatible,clear,7,0.445186,0.9973,0.552113,connected_chain,HIGH,mapped
55,865024248,471.7401,20.2857568,85.7814731,primary,9896844093,8133341960,0,865024248,471.7401,0.0,0.0,0.1897,exact_compatible,clear,29,0.500134,0.998675,0.498541,single_id,HIGH,mapped
56,865024250,470.7998,20.2922288,85.7806473,primary,11968828662,11968762653,0,865024250,470.7998,0.0,0.0,1.3027,exact_compatible,clear,12,0.501286,0.990999,0.489712,single_id,HIGH,mapped
57,464267621,464.9493,20.3503514,85.8883884,trunk,569909799,569909804,0,464267621,464.9493,0.0,0.0,11.9026,exact_compatible,clear,4,0.295919,0.925857,0.629938,single_id,HIGH,mapped
58,1209072881,455.4429,20.2598243,85.8351557,secondary,9866097881,13539914722,0,1209072881,384.4026,71.0404,15.5981,0.0284,exact_compatible,clear,5,0.335167,0.783181,0.448015,single_id,HIGH,mapped
59,1194663760,436.3794,20.2658194,85.786815,primary,2390658892,2392383590,0,1194663760,707.7644,271.385,62.1901,5.8784,exact_compatible,clear,2,0.253344,0.579027,0.325684,single_id,LOW,ambiguous
60,865024248,427.4467,20.2779009,85.7827499,primary,11968828656,11968828657,0,865024248,427.4467,0.0,0.0,0.2969,exact_compatible,clear,29,0.489432,0.997928,0.508496,single_id,HIGH,mapped
61,865024250,427.0275,20.2779143,85.7828258,primary,11968828658,11968828655,0,865024250,427.0275,0.0,0.0,0.1341,exact_compatible,clear,12,0.49236,0.999062,0.506702,single_id,HIGH,mapped
62,1208986525,419.5136,20.3219486,85.820527,primary,3725790780,8156993031,0,1208986525,419.5136,0.0,0.0,0.206,exact_compatible,clear,9,0.581704,0.998561,0.416857,single_id,HIGH,mapped
63,1208795196,419.3338,20.2717987,85.8234847,primary,4597354891,4576934214,0,1208795196,419.3338,0.0,0.0,3.2903,exact_compatible,clear,3,0.259488,0.977709,0.718221,single_id,HIGH,mapped
64,44947113,410.6826,20.3557853,85.8890421,trunk,8145058465,569909689,0,44947113,410.6826,0.0,0.0,4.7653,exact_compatible,clear,3,0.260543,0.968183,0.70764,single_id,HIGH,mapped
65,870242502,407.7818,20.2992022,85.8712398,trunk,8141521597,8141521552,0,870242502,407.7818,0.0,0.0,3.1102,exact_compatible,clear,5,0.425521,0.978892,0.553371,single_id,HIGH,mapped
66,279958945,407.2033,20.2957063,85.8495818,trunk,8182316353,13519081481,0,279958945,362.2332,44.9701,11.0436,1.0411,exact_compatible,clear,2,0.264557,0.823065,0.558508,single_id,HIGH,mapped
67,478811049,406.7978,20.2719133,85.8709316,trunk,8105990772,4593969312,0,478811049,406.7978,0.0,0.0,1.2868,exact_compatible,clear,8,0.505619,0.991107,0.485488,single_id,HIGH,mapped
68,414500083,406.2807,20.3447865,85.8071213,primary,3725679696,12435035117,0,414500083,406.2807,0.0,0.0,0.0167,exact_compatible,clear,2,0.257473,0.999883,0.74241,single_id,HIGH,mapped
69,1208986525,402.7893,20.3181178,85.8204373,primary,4601195799,8157194822,0,1208986525,402.7893,0.0,0.0,0.3526,exact_compatible,clear,9,0.579723,0.99754,0.417817,single_id,HIGH,mapped
70,746487579,399.9348,20.291284,85.8425437,secondary,293463031,293463176,0,746487579,399.9348,0.0,0.0,0.8747,exact_compatible,clear,9,0.301112,0.99393,0.692818,single_id,HIGH,mapped
71,"[1209009344, 218505932, 218505933]",394.9459,20.2954736,85.8507829,trunk,8182365087,8182316367,0,"[1209009344, 218505932, 218505933]",394.9459,0.0,0.0,0.0854,exact_compatible,clear,2,0.2689,0.999403,0.730503,connected_chain,HIGH,mapped
72,26764975,389.0467,20.3124196,85.8322353,secondary,293466264,293466272,0,26764975,389.0467,0.0,0.0,0.3093,exact_compatible,clear,8,0.354081,0.997842,0.64376,single_id,HIGH,mapped
73,"[272996689, 286061181, 286061182]",387.2335,20.2637744,85.7849818,secondary,13875278624,2896971932,0,"[272996689, 286061181]",346.9584,40.2751,10.4007,9.6306,exact_compatible,ambiguous,6,0.74648,0.74648,0.0,partially_connected,MEDIUM,ambiguous
74,"[272996689, 286061181, 286061182]",387.2335,20.2637744,85.7849818,secondary,13875278624,2896971932,0,"[272996689, 286061181]",346.9584,40.2751,10.4007,9.6306,exact_compatible,ambiguous,6,0.74648,0.74648,0.0,partially_connected,MEDIUM,ambiguous
75,26754491,384.2461,20.3084248,85.8336432,secondary,293466286,9798857326,0,26754491,384.2461,0.0,0.0,0.0421,exact_compatible,clear,7,0.387039,0.999706,0.612666,single_id,HIGH,mapped
76,865024250,382.4606,20.2743217,85.7834473,primary,11968828655,8062742384,0,865024250,382.4606,0.0,0.0,0.3592,exact_compatible,clear,12,0.620932,0.997495,0.376563,single_id,HIGH,mapped
77,865024248,381.7823,20.2743103,85.7833794,primary,8062742384,11968828656,0,865024248,381.7823,0.0,0.0,0.4954,exact_compatible,clear,29,0.538846,0.996549,0.457703,single_id,HIGH,mapped
78,865024250,376.6895,20.2984653,85.7807039,primary,11968828665,11968828664,0,865024250,376.6895,0.0,0.0,0.4993,exact_compatible,clear,12,0.620503,0.996522,0.376019,single_id,HIGH,mapped
79,1208795201,375.6521,20.3451158,85.8238299,primary,3726941481,11433519729,0,1208795201,375.6521,0.0,0.0,0.0882,exact_compatible,clear,12,0.293764,0.999383,0.705619,single_id,HIGH,mapped
80,368852567,372.6148,20.3446264,85.8072222,primary,3726941466,3725764133,0,368852567,372.6148,0.0,0.0,0.0746,exact_compatible,clear,5,0.336021,0.999478,0.663457,single_id,HIGH,mapped
81,"[478811049, 1210277732]",369.4585,20.2756001,85.8720582,trunk,6010327767,8105990625,0,"[478811049, 1210277732]",369.4585,0.0,0.0,0.0136,exact_compatible,clear,8,0.573068,0.999905,0.426837,connected_chain,HIGH,mapped
82,1208785491,368.1006,20.3261632,85.8207604,primary,6604714345,6604381556,0,1208785491,368.1006,0.0,0.0,0.779,exact_compatible,clear,3,0.302202,0.994589,0.692387,single_id,HIGH,mapped
83,746487581,363.1666,20.3083242,85.8337946,secondary,6944073199,12702159517,0,746487581,363.1666,0.0,0.0,0.3451,exact_compatible,clear,6,0.262968,0.997593,0.734625,single_id,HIGH,mapped
84,741818619,361.0822,20.2528065,85.8068658,secondary,3730052120,8124268942,0,741818619,361.0822,0.0,0.0,6.3354,exact_compatible,clear,8,0.293614,0.958347,0.664733,single_id,HIGH,mapped
85,1210277737,360.4714,20.2384307,85.8604135,trunk,12832929442,8105564052,0,1210277737,360.4714,0.0,0.0,0.7467,exact_compatible,clear,2,0.270213,0.994812,0.724599,single_id,HIGH,mapped
86,"[762822065, 478254538, 478254539]",359.1029,20.2259356,85.8423001,primary,11937077582,4714962031,0,"[762822065, 478254538, 478254539]",359.1029,0.0,0.0,1.6967,exact_compatible,clear,20,0.401614,0.988323,0.586708,connected_chain,HIGH,mapped
87,"[865024248, 869997541]",356.9228,20.3044148,85.781283,primary,11968828666,8137990582,0,"[865024248, 869997541]",356.9228,0.0,0.0,1.5609,exact_compatible,clear,33,0.53237,0.989242,0.456873,connected_chain,HIGH,mapped
88,369195862,355.9034,20.2543061,85.8032045,secondary,7243112626,1051626824,0,369195862,356.6585,0.7551,0.2122,7.7865,exact_compatible,clear,3,0.647164,0.945305,0.298141,single_id,HIGH,mapped
89,478811049,353.675,20.2576296,85.8666096,trunk,8105607829,8105597812,0,478811049,353.675,0.0,0.0,2.2477,exact_compatible,clear,8,0.570003,0.984614,0.414612,single_id,HIGH,mapped
90,369195862,353.5345,20.2556102,85.8001197,secondary,4712962733,7243112626,0,369195862,353.5345,0.0,0.0,4.3052,exact_compatible,clear,3,0.642909,0.971124,0.328216,single_id,HIGH,mapped
91,874459842,351.5466,20.2900241,85.8573152,primary,9833884593,8141911339,0,874459842,351.5466,0.0,0.0,0.5828,exact_compatible,clear,7,0.292761,0.995944,0.703183,single_id,HIGH,mapped
92,264753949,346.5566,20.276382,85.8434666,secondary,2955625542,2703793345,0,264753949,346.5566,0.0,0.0,0.245,exact_compatible,clear,12,0.27081,0.998289,0.727479,single_id,HIGH,mapped
93,1209033471,345.9494,20.2928843,85.820751,trunk,2277623663,12888493319,0,1209033471,345.9494,0.0,0.0,0.0403,exact_compatible,clear,2,0.261873,0.999718,0.737845,single_id,HIGH,mapped
94,456959535,343.0273,20.2710564,85.8419448,secondary,8151182358,1051669905,0,456959535,343.0273,0.0,0.0,3.0122,exact_compatible,clear,9,0.314136,0.979537,0.665402,single_id,HIGH,mapped
95,870242503,330.8034,20.2990412,85.8711103,trunk,3725560939,3725561066,0,870242503,330.8034,0.0,0.0,2.1266,exact_compatible,clear,7,0.286742,0.985426,0.698685,single_id,HIGH,mapped
96,865024248,328.6793,20.2812563,85.7821657,primary,11968828657,11968828659,0,865024248,328.6793,0.0,0.0,0.0263,exact_compatible,clear,29,0.510294,0.999816,0.489521,single_id,HIGH,mapped
97,865024250,328.4002,20.2812642,85.7822269,primary,11968828660,11968828658,0,865024250,328.4002,0.0,0.0,0.2284,exact_compatible,clear,12,0.500695,0.998405,0.49771,single_id,HIGH,mapped
98,364407163,328.1231,20.2275558,85.814211,secondary,9620455916,8105649851,0,364407163,328.1231,0.0,0.0,0.1271,exact_compatible,ambiguous,22,0.969111,0.969111,0.0,single_id,MEDIUM,ambiguous
99,364407163,328.1231,20.2275558,85.814211,secondary,9620455916,8105649851,0,364407163,328.1231,0.0,0.0,0.1271,exact_compatible,ambiguous,22,0.969111,0.969111,0.0,single_id,MEDIUM,ambiguous
100,"[874594465, 874594466, 459228551]",316.5558,20.2116181,85.8526027,trunk,8141628301,8141628231,0,"[874594465, 874594466, 459228551]",316.5558,0.0,0.0,0.2275,exact_compatible,clear,2,0.272808,0.998411,0.725603,connected_chain,HIGH,mapped
101,26755988,314.7616,20.2700948,85.8372134,secondary,293462632,293462600,0,26755988,314.7616,0.0,0.0,0.0008,exact_compatible,ambiguous,6,0.969995,0.969995,0.0,single_id,MEDIUM,ambiguous
102,26755988,314.7616,20.2700948,85.8372134,secondary,293462632,293462600,0,26755988,314.7616,0.0,0.0,0.0008,exact_compatible,ambiguous,6,0.969995,0.969995,0.0,single_id,MEDIUM,ambiguous
103,466600308,314.5601,20.2640379,85.8334587,primary,1812432278,2999157393,0,466600308,314.5601,0.0,0.0,0.0082,exact_compatible,clear,1,0.0,0.999943,0.999943,single_id,HIGH,mapped
104,368721302,313.1907,20.3429439,85.8087756,primary,3725764133,3725764130,0,368721302,313.1907,0.0,0.0,0.3876,exact_compatible,clear,5,0.295908,0.997297,0.70139,single_id,HIGH,mapped
105,1209072881,310.4664,20.2570168,85.8330295,secondary,4594220613,9866097881,0,1209072881,310.4664,0.0,0.0,0.0006,exact_compatible,clear,5,0.387422,0.999995,0.612573,single_id,HIGH,mapped
106,1208791971,308.0256,20.351166,85.8258302,primary,10629571056,3727012352,0,1208791971,308.0256,0.0,0.0,0.1578,exact_compatible,clear,17,0.296039,0.998897,0.702858,single_id,HIGH,mapped
107,"[1203852633, 876451412, 1208795197]",306.0365,20.3366237,85.8221181,primary,4594183932,4594183924,0,"[1203852633, 876451412, 1208795197]",306.0365,0.0,0.0,0.0099,exact_compatible,clear,12,0.352398,0.999931,0.647532,connected_chain,HIGH,mapped
108,874644319,303.7049,20.215358,85.8529874,primary,4714939512,4714939523,0,874644319,303.7049,0.0,0.0,12.0915,exact_compatible,clear,2,0.584395,0.924816,0.340421,single_id,HIGH,mapped
109,26754491,301.8473,20.312388,85.83195,secondary,6944073197,6944073198,0,26754491,301.8473,0.0,0.0,0.2455,exact_compatible,clear,7,0.375355,0.998286,0.622931,single_id,HIGH,mapped
110,605579942,300.5797,20.2891328,85.8729073,trunk,8140492538,8140465200,0,605579942,300.5797,0.0,0.0,0.1867,exact_compatible,clear,8,0.329957,0.998695,0.668739,single_id,HIGH,mapped
111,"[466600299, 466600300]",298.3569,20.259338,85.8400113,primary,4613676974,10091564873,0,"[466600299, 466600300]",298.3569,0.0,0.0,0.1562,exact_compatible,clear,2,0.271524,0.998909,0.727384,connected_chain,HIGH,mapped
112,865024250,297.7126,20.3014858,85.7809893,primary,11968828667,11968828665,0,865024250,297.7126,0.0,0.0,0.9421,exact_compatible,clear,12,0.508817,0.993467,0.48465,single_id,HIGH,mapped
113,874159869,292.9318,20.3542367,85.8103321,primary,8138308753,9832455554,0,874159869,292.9318,0.0,0.0,0.145,exact_compatible,clear,2,0.282748,0.998986,0.716238,single_id,HIGH,mapped
114,312566658,292.155,20.3542978,85.8103333,primary,9832455553,3184375377,0,312566658,292.155,0.0,0.0,0.6814,exact_compatible,clear,2,0.282849,0.995263,0.712414,single_id,HIGH,mapped
115,"[877821609, 877821610, 870242499]",290.3975,20.3074129,85.8725858,trunk,4593964324,8167025447,0,"[877821609, 877821610, 870242499]",290.3975,0.0,0.0,2.0122,exact_compatible,clear,3,0.274742,0.986194,0.711452,connected_chain,HIGH,mapped
116,"[1337725748, 1209433725]",290.2566,20.2427399,85.8410006,primary,3714706485,3714707013,0,"[1337725748, 1209433725]",290.2566,0.0,0.0,0.8002,exact_compatible,clear,3,0.620666,0.994443,0.373777,connected_chain,HIGH,mapped
117,1208988379,289.8072,20.2799374,85.8266731,primary,6985772922,4478448738,0,1208988379,289.8072,0.0,0.0,1.4901,exact_compatible,clear,8,0.30519,0.989723,0.684533,single_id,HIGH,mapped
118,"[478254539, 874644318, 874644319]",289.4279,20.2172519,85.8510511,primary,10635696781,4714939512,0,"[478254539, 874644318, 874644319]",289.4279,0.0,0.0,0.7525,exact_compatible,clear,11,0.581985,0.994772,0.412787,connected_chain,HIGH,mapped
119,"[1105211172, 1337725743, 1337725745, 1337725746, 1337725749]",288.8406,20.2401872,85.8411391,primary,7128063639,4715985581,0,"[1105211172, 1337725743, 1337725745, 1337725746, 1337725749]",288.8406,0.0,0.0,0.3965,exact_compatible,clear,3,0.278207,0.997236,0.719029,connected_chain,HIGH,mapped
120,478371821,286.1264,20.2658042,85.847075,primary,4719689717,4719689711,0,478371821,286.1264,0.0,0.0,0.8921,exact_compatible,clear,11,0.532818,0.993811,0.460992,single_id,HIGH,mapped
121,26764975,284.2925,20.3146749,85.8216966,secondary,3042737264,3725789268,0,26764975,284.2925,0.0,0.0,0.0515,exact_compatible,clear,8,0.637064,0.99964,0.362576,single_id,HIGH,mapped
122,1203439472,283.9361,20.3145814,85.8216973,secondary,8154498081,8154498079,0,1203439472,283.9361,0.0,0.0,0.3428,exact_compatible,clear,2,0.273878,0.997609,0.723731,single_id,HIGH,mapped
123,"[1337725742, 1337725744, 1337725747, 1337725748, 1141888414]",282.7018,20.2401647,85.8410524,primary,3714705892,3714706485,0,"[1337725742, 1337725744, 1337725747, 1337725748, 1141888414]",282.7018,0.0,0.0,0.1459,exact_compatible,clear,2,0.62096,0.99898,0.37802,connected_chain,HIGH,mapped
124,300173739,281.6606,20.3032303,85.8224983,primary,8156905203,3042737292,0,300173739,281.6606,0.0,0.0,0.0935,exact_compatible,clear,15,0.56911,0.999346,0.430236,single_id,HIGH,mapped
125,1208491992,281.2456,20.3160137,85.8202717,primary,293466257,2929034393,0,1208491992,281.2456,0.0,0.0,0.0988,exact_compatible,clear,3,0.58555,0.999309,0.413759,single_id,HIGH,mapped
126,742084228,281.1371,20.3211298,85.8822003,trunk,569909654,11936417211,0,742084228,281.1371,0.0,0.0,9.5867,exact_compatible,clear,5,0.280835,0.938934,0.658099,single_id,HIGH,mapped
127,470103540,281.0756,20.3429202,85.8123089,primary,6604456761,3725763520,0,470103540,281.0756,0.0,0.0,0.2586,exact_compatible,clear,5,0.330072,0.998194,0.668122,single_id,HIGH,mapped
128,40016878,279.6637,20.2919117,85.8573618,primary,8141615216,3722327255,0,40016878,279.6637,0.0,0.0,0.7624,exact_compatible,clear,11,0.549041,0.994704,0.445662,single_id,HIGH,mapped
129,26764975,279.358,20.3145337,85.824395,secondary,3725789268,3725656912,0,26764975,279.358,0.0,0.0,0.0028,exact_compatible,clear,8,0.637531,0.99998,0.36245,single_id,HIGH,mapped
130,875007028,276.7078,20.2513575,85.8363217,secondary,8144976345,10207387801,0,875007028,276.7078,0.0,0.0,1.1885,exact_compatible,clear,6,0.528073,0.991779,0.463706,single_id,HIGH,mapped
131,865024250,271.7888,20.2955568,85.7804927,primary,11968828664,11968828662,0,865024250,271.7888,0.0,0.0,1.5605,exact_compatible,clear,12,0.498292,0.989245,0.490953,single_id,HIGH,mapped
132,1194663760,271.385,20.2650634,85.7899667,primary,2390658892,2392383590,0,1194663760,707.7644,436.3794,160.7972,1.8754,exact_compatible,clear,2,0.277835,0.587244,0.30941,single_id,LOW,ambiguous
133,876451409,271.241,20.3605447,85.8282024,primary,6609242520,3727013594,0,876451409,271.241,0.0,0.0,0.088,exact_compatible,clear,14,0.362683,0.999385,0.636701,single_id,HIGH,mapped
134,1208491992,271.2127,20.3199284,85.8203472,primary,3725790429,4814206874,0,1208491992,271.2127,0.0,0.0,0.2873,exact_compatible,clear,3,0.583443,0.997995,0.414552,single_id,HIGH,mapped
135,478254539,270.7879,20.2207581,85.8467427,primary,5415640148,8127692776,0,478254539,270.7879,0.0,0.0,4.8903,exact_compatible,clear,10,0.533564,0.967389,0.433825,single_id,HIGH,mapped
136,300173739,268.9255,20.2981816,85.8240297,primary,3042737280,6956668970,0,300173739,268.9255,0.0,0.0,0.1217,exact_compatible,clear,15,0.565718,0.999149,0.433431,single_id,HIGH,mapped
137,478371821,266.1851,20.2695321,85.849002,primary,7128301700,4720133094,0,478371821,266.1851,0.0,0.0,0.0343,exact_compatible,clear,11,0.525656,0.99976,0.474104,single_id,HIGH,mapped
138,26764975,265.0386,20.3138558,85.8284847,secondary,3478668910,3725652953,0,26764975,265.0386,0.0,0.0,0.4747,exact_compatible,clear,8,0.556265,0.996693,0.440427,single_id,HIGH,mapped
139,875119268,264.8487,20.3536444,85.8205786,secondary,3726941218,3726941220,0,875119268,264.8487,0.0,0.0,0.1579,exact_compatible,ambiguous,36,0.968897,0.968897,0.0,single_id,MEDIUM,ambiguous
140,875119268,264.8487,20.3536444,85.8205786,secondary,3726941220,3726941218,0,875119268,264.8487,0.0,0.0,0.1579,exact_compatible,ambiguous,36,0.968897,0.968897,0.0,single_id,MEDIUM,ambiguous
141,40016878,263.3789,20.286944,85.8575577,primary,3722327154,3722327026,0,40016878,263.3789,0.0,0.0,1.4646,exact_compatible,clear,11,0.543722,0.989896,0.446175,single_id,HIGH,mapped
142,1210277736,261.5884,20.2915343,85.8721805,trunk,3725560599,8140701167,0,1210277736,261.5884,0.0,0.0,0.2827,exact_compatible,clear,4,0.294671,0.998026,0.703355,single_id,HIGH,mapped
143,658700019,261.3302,20.253335,85.841169,primary,4723483921,4723212636,0,658700019,261.3302,0.0,0.0,1.7508,exact_compatible,clear,3,0.479824,0.987957,0.508132,single_id,HIGH,mapped
144,"[1208791977, 876451410, 1208986532]",261.1218,20.3362464,85.8219506,primary,3725790343,3725763413,0,"[1208791977, 876451410, 1208986532]",261.1218,0.0,0.0,0.1621,exact_compatible,clear,7,0.485088,0.998867,0.513779,connected_chain,HIGH,mapped
145,874143073,260.0213,20.3557354,85.8082217,secondary,8138167641,8144915386,0,874143073,260.0213,0.0,0.0,0.8669,exact_compatible,clear,1,0.0,0.993984,0.993984,single_id,HIGH,mapped
146,874159868,258.6851,20.3557248,85.8082749,secondary,8144915386,8138167641,0,874159868,258.6851,0.0,0.0,0.6457,exact_compatible,clear,1,0.0,0.995509,0.995509,single_id,HIGH,mapped
147,466615091,258.3748,20.2788593,85.8541148,primary,7127914070,8151563205,0,466615091,258.3748,0.0,0.0,0.4854,exact_compatible,clear,10,0.348128,0.996619,0.648491,single_id,HIGH,mapped
148,170090974,257.7095,20.2590654,85.8402608,primary,4716027739,293460471,0,170090974,257.7095,0.0,0.0,0.4261,exact_compatible,clear,2,0.301958,0.99703,0.695072,single_id,HIGH,mapped
149,368712589,256.3775,20.314928,85.8801217,secondary,3725591172,8144921986,0,368712589,256.3775,0.0,0.0,3.0422,exact_compatible,ambiguous,10,0.94934,0.94934,0.0,single_id,MEDIUM,ambiguous
150,368712589,256.3775,20.314928,85.8801217,secondary,8144921986,3725591172,0,368712589,256.3775,0.0,0.0,3.0422,exact_compatible,ambiguous,10,0.94934,0.94934,0.0,single_id,MEDIUM,ambiguous
151,875007028,255.9953,20.2480531,85.836169,secondary,9882823386,9871576949,0,875007028,255.9953,0.0,0.0,0.4426,exact_compatible,clear,6,0.520539,0.996915,0.476376,single_id,HIGH,mapped
152,"[874644320, 874644321, 219116706]",251.7026,20.2172762,85.8508519,primary,8141472796,11938897684,0,"[874644320, 874644321, 219116706]",251.7026,0.0,0.0,0.2928,exact_compatible,clear,18,0.376047,0.997957,0.621909,connected_chain,HIGH,mapped
153,"[44949024, 874594467]",251.2121,20.2116649,85.8527605,trunk,8141628265,4714939571,0,"[44949024, 874594467]",251.2121,0.0,0.0,0.1118,exact_compatible,clear,4,0.321585,0.999218,0.677633,connected_chain,HIGH,mapped
154,"[230574618, 464845715]",250.5883,20.2668487,85.7846015,primary,8184439489,2390658892,0,"[230574618, 464845715]",364.9932,114.4049,45.6545,0.112,exact_compatible,clear,3,0.325498,0.640019,0.314521,connected_chain,LOW,ambiguous
155,90617087,249.8253,20.2431482,85.810025,secondary,3711679014,8133212869,0,90617087,249.8253,0.0,0.0,0.4184,exact_compatible,clear,11,0.455455,0.997084,0.541629,single_id,HIGH,mapped
156,1208795193,249.1857,20.2673177,85.8285861,primary,2833482043,2833482024,0,1208795193,249.1857,0.0,0.0,1.5097,exact_compatible,clear,2,0.284587,0.98959,0.705003,single_id,HIGH,mapped
157,478249498,248.83,20.2671734,85.8402308,secondary,293462780,1051669851,0,478249498,248.3523,0.4777,0.192,1.5934,exact_compatible,clear,7,0.326108,0.985219,0.659111,single_id,HIGH,mapped
158,880075594,243.2291,20.2655385,85.8470571,primary,8151182416,2283167591,0,880075594,243.2291,0.0,0.0,1.132,exact_compatible,clear,9,0.333354,0.992165,0.658811,single_id,HIGH,mapped
159,218526249,241.8763,20.2916528,85.818994,trunk,6608882862,2845389637,0,218526249,241.8763,0.0,0.0,0.1727,exact_compatible,clear,2,0.432191,0.998793,0.566602,single_id,HIGH,mapped
160,1014003072,240.8445,20.2941634,85.8423143,secondary,2704039251,2704039249,0,1014003072,240.8445,0.0,0.0,0.8089,exact_compatible,clear,2,0.294258,0.994383,0.700125,single_id,HIGH,mapped
161,252236396,239.4276,20.2582787,85.7921276,secondary,2583312044,8124328157,0,252236396,239.4276,0.0,0.0,0.156,exact_compatible,clear,6,0.297194,0.99891,0.701716,single_id,HIGH,mapped
162,174418041,237.9342,20.2514514,85.8364069,secondary,293456470,293456370,0,174418041,237.9342,0.0,0.0,0.9721,exact_compatible,clear,8,0.345102,0.993261,0.648159,single_id,HIGH,mapped
163,"[1352928435, 368852567]",234.8422,20.3533411,85.8069803,primary,8146129652,3726941181,0,"[1352928435, 368852567]",234.8422,0.0,0.0,0.5289,exact_compatible,clear,6,0.31487,0.996317,0.681448,connected_chain,HIGH,mapped
164,300173739,234.4077,20.3055021,85.8217106,primary,4963335999,3042737289,0,300173739,234.4077,0.0,0.0,6.6017,exact_compatible,clear,15,0.592397,0.956709,0.364312,single_id,HIGH,mapped
165,762822065,234.2409,20.2282336,85.841173,primary,4714962014,11937077582,0,762822065,234.2409,0.0,0.0,1.1009,exact_compatible,clear,11,0.61939,0.992378,0.372988,single_id,HIGH,mapped
166,1208791977,233.2053,20.3400622,85.8224673,primary,3725763281,4594183934,0,1208791977,233.2053,0.0,0.0,0.0001,exact_compatible,clear,5,0.479809,0.999999,0.520191,single_id,HIGH,mapped
167,762822065,230.2586,20.2338865,85.8412449,primary,4721819322,4715979365,0,762822065,230.2586,0.0,0.0,0.3908,exact_compatible,clear,11,0.61939,0.997275,0.377885,single_id,HIGH,mapped
168,478254522,229.4035,20.2784384,85.8391402,secondary,8151182351,8151182352,0,478254522,320.7847,91.3812,39.8342,0.1244,exact_compatible,clear,5,0.362331,0.663448,0.301118,single_id,MEDIUM,mapped
169,1208785499,229.1843,20.342985,85.814755,primary,6604456762,6604456761,0,1208785499,229.1843,0.0,0.0,0.2914,exact_compatible,clear,2,0.301002,0.997966,0.696964,single_id,HIGH,mapped
170,300173739,226.633,20.3136273,85.8203086,primary,8154498079,3042737256,0,300173739,226.633,0.0,0.0,0.0539,exact_compatible,clear,15,0.663551,0.999623,0.336072,single_id,HIGH,mapped
171,478257594,226.5675,20.2282871,85.8410593,primary,293463605,3714913947,0,478257594,226.5675,0.0,0.0,1.2536,exact_compatible,clear,10,0.46325,0.991334,0.528084,single_id,HIGH,mapped
172,877821612,226.4286,20.306235,85.8725463,trunk,8156540160,8156683692,0,877821612,226.4286,0.0,0.0,0.7656,exact_compatible,clear,3,0.296828,0.994681,0.697853,single_id,HIGH,mapped
173,658700019,225.9968,20.2553987,85.8405482,primary,4715985536,4723483921,0,658700019,225.9968,0.0,0.0,5.0596,exact_compatible,clear,3,0.484846,0.966316,0.48147,single_id,HIGH,mapped
174,746487577,225.7918,20.2885237,85.8430811,secondary,2704039244,2704039243,0,746487577,225.7918,0.0,0.0,0.0284,exact_compatible,clear,8,0.672898,0.999801,0.326903,single_id,HIGH,mapped
175,746487579,224.428,20.2884984,85.8429109,secondary,299492240,293463031,0,746487579,224.428,0.0,0.0,0.4493,exact_compatible,clear,9,0.331156,0.996869,0.665713,single_id,HIGH,mapped
176,746487577,224.0008,20.286515,85.8433329,secondary,2704039243,2703794068,0,746487577,224.0008,0.0,0.0,0.0,exact_compatible,clear,8,0.673564,1.0,0.326435,single_id,HIGH,mapped
177,300173739,223.6561,20.311603,85.8202606,primary,3042737256,12438735280,0,300173739,223.6561,0.0,0.0,0.0759,exact_compatible,clear,15,0.664655,0.999469,0.334814,single_id,HIGH,mapped
178,26754491,222.9606,20.3113166,85.8338407,secondary,10165916006,6944073197,0,26754491,222.9606,0.0,0.0,16.1537,exact_compatible,clear,7,0.392034,0.903372,0.511337,single_id,HIGH,mapped
179,26754699,222.6968,20.2783795,85.8402187,secondary,293457398,8151563183,0,26754699,222.6986,0.0019,0.0008,0.4364,exact_compatible,clear,6,0.480052,0.996943,0.516891,single_id,HIGH,mapped
180,1208795197,222.5821,20.3413249,85.8227311,primary,6604385665,10168649545,0,1208795197,222.5821,0.0,0.0,0.3829,exact_compatible,clear,8,0.325573,0.99733,0.671756,single_id,HIGH,mapped
181,456959535,217.4152,20.2761041,85.8432787,secondary,293457275,293457276,0,456959535,217.4152,0.0,0.0,0.0001,exact_compatible,clear,9,0.326245,0.999999,0.673755,single_id,HIGH,mapped
182,464650415,216.9472,20.2865453,85.8266391,primary,3718108687,4601752550,0,464650415,216.9472,0.0,0.0,0.2378,exact_compatible,clear,7,0.485395,0.998339,0.512944,single_id,HIGH,mapped
183,90617087,216.4657,20.2474872,85.8103081,secondary,3711679549,3718134030,0,90617087,216.4657,0.0,0.0,6.3574,exact_compatible,clear,11,0.571061,0.958211,0.38715,single_id,HIGH,mapped
184,464650412,216.198,20.2827047,85.8267858,primary,3719506256,12525781148,0,464650412,216.198,0.0,0.0,0.5804,exact_compatible,clear,7,0.325101,0.995961,0.67086,single_id,HIGH,mapped
185,869997541,216.0646,20.3069776,85.7812859,primary,8137990582,3725791491,0,869997541,216.0646,0.0,0.0,0.0371,exact_compatible,clear,5,0.420582,0.999741,0.579159,single_id,HIGH,mapped
186,865024250,215.0088,20.2891726,85.7810755,primary,11968762653,8133341954,0,865024250,215.0088,0.0,0.0,0.0086,exact_compatible,clear,12,0.378495,0.99994,0.621445,single_id,HIGH,mapped
187,26754165,214.8921,20.2683166,85.8266227,primary,6985773024,10578971222,0,26754165,214.8921,0.0,0.0,1.3391,exact_compatible,clear,5,0.323231,0.990751,0.66752,single_id,HIGH,mapped
188,876134933,214.2553,20.3144547,85.824082,secondary,8154498082,8154498081,0,876134933,214.2553,0.0,0.0,0.0575,exact_compatible,clear,8,0.331063,0.999597,0.668534,single_id,HIGH,mapped
189,1069546778,213.1086,20.2874673,85.8345288,secondary,8166852648,9816859455,0,1069546778,213.1086,0.0,0.0,0.1733,exact_compatible,clear,10,0.565971,0.998789,0.432818,single_id,HIGH,mapped
190,1141889035,212.551,20.2491255,85.8412649,primary,4722179361,4723477971,0,1141889035,212.551,0.0,0.0,0.6138,exact_compatible,clear,2,0.417067,0.99573,0.578663,single_id,HIGH,mapped
191,879562788,212.1051,20.2799193,85.8438106,secondary,293465977,293463119,0,879562788,212.1051,0.0,0.0,0.1235,exact_compatible,clear,7,0.430583,0.999137,0.568553,single_id,HIGH,mapped
192,1210205481,210.5209,20.244273,85.8496653,secondary,8144958910,8144958913,0,1210205481,210.5209,0.0,0.0,0.3428,exact_compatible,clear,6,0.305398,0.997609,0.69221,single_id,HIGH,mapped
193,1208795201,209.4073,20.3508866,85.8258353,primary,4594197578,4594197577,0,1208795201,209.4073,0.0,0.0,0.6508,exact_compatible,clear,12,0.408865,0.995474,0.586609,single_id,HIGH,mapped
194,742084229,207.8876,20.3210357,85.8823785,trunk,11936417213,569909828,0,742084229,207.8876,0.0,0.0,5.3409,exact_compatible,clear,5,0.541804,0.964541,0.422738,single_id,HIGH,mapped
195,478254539,207.865,20.2240532,85.8441169,primary,4714962031,4714939496,0,478254539,207.865,0.0,0.0,0.7788,exact_compatible,clear,10,0.416054,0.994591,0.578537,single_id,HIGH,mapped
196,1208986526,207.0392,20.3315125,85.8214566,primary,6166520809,6605237341,0,1208986526,207.0392,0.0,0.0,0.2348,exact_compatible,clear,3,0.655855,0.99836,0.342505,single_id,HIGH,mapped
197,"[1208785491, 1208986526]",206.932,20.3288157,85.8211083,primary,4594181067,4594181065,0,"[1208785491, 1208986526]",206.932,0.0,0.0,0.0048,exact_compatible,clear,5,0.655861,0.999966,0.344105,connected_chain,HIGH,mapped
198,"[605579942, 870242501, 870242502]",203.766,20.294036,85.8716509,trunk,6010327769,8140526289,0,"[605579942, 870242501, 870242502]",203.766,0.0,0.0,0.308,exact_compatible,clear,12,0.531132,0.99785,0.466718,connected_chain,HIGH,mapped
199,876451409,202.3907,20.3564243,85.8275274,primary,3727011973,3727012991,0,876451409,202.3907,0.0,0.0,0.5151,exact_compatible,clear,14,0.385275,0.996413,0.611138,single_id,HIGH,mapped
200,90617087,202.3806,20.2452738,85.8101506,secondary,3711679299,293464096,0,90617087,202.3806,0.0,0.0,0.4245,exact_compatible,clear,11,0.573577,0.997041,0.423463,single_id,HIGH,mapped
201,300173739,201.7587,20.3011382,85.8231277,primary,3042737292,3722532540,0,300173739,201.7587,0.0,0.0,0.0002,exact_compatible,clear,15,0.512095,0.999999,0.487904,single_id,HIGH,mapped
202,762822065,201.6614,20.2319445,85.8412356,primary,4715979365,4714962026,0,762822065,201.6614,0.0,0.0,0.4419,exact_compatible,clear,11,0.522797,0.99692,0.474123,single_id,HIGH,mapped
203,741818619,201.0439,20.2452732,85.8102333,secondary,9924471955,8133212860,0,741818619,201.0439,0.0,0.0,0.0548,exact_compatible,clear,8,0.306337,0.999617,0.69328,single_id,HIGH,mapped
204,466615091,200.9754,20.2810703,85.8554434,primary,13505959712,293458235,0,466615091,130.7761,70.1993,34.9293,0.0004,exact_compatible,clear,10,0.540782,0.698244,0.157462,single_id,MEDIUM,mapped
205,1208988383,198.621,20.2765064,85.8257934,primary,8156864965,8163267507,0,1208988383,198.621,0.0,0.0,1.4578,exact_compatible,clear,7,0.449645,0.989943,0.540297,single_id,HIGH,mapped
206,875119268,195.7621,20.3537546,85.8183728,secondary,10132690705,3726941220,0,875119268,195.7621,0.0,0.0,0.1226,exact_compatible,ambiguous,36,0.969143,0.969143,0.0,single_id,MEDIUM,ambiguous
207,875119268,195.7621,20.3537546,85.8183728,secondary,10132690705,3726941220,0,875119268,195.7621,0.0,0.0,0.1226,exact_compatible,ambiguous,36,0.969143,0.969143,0.0,single_id,MEDIUM,ambiguous
208,478257594,195.1175,20.2358334,85.8411135,primary,3714705622,3714706393,0,478257594,195.1175,0.0,0.0,0.2919,exact_compatible,clear,10,0.497564,0.997962,0.500399,single_id,HIGH,mapped
209,877825096,194.6682,20.3077653,85.8706272,trunk,8156596370,3725590078,0,877825096,194.6682,0.0,0.0,0.0003,exact_compatible,clear,3,0.310402,0.999998,0.689596,single_id,HIGH,mapped
210,1069546778,194.197,20.2856554,85.8348134,secondary,8166852651,8166852648,0,1069546778,194.197,0.0,0.0,0.0059,exact_compatible,clear,10,0.574661,0.999959,0.425297,single_id,HIGH,mapped
211,466839445,193.6965,20.2856581,85.8348716,secondary,293464778,293464784,0,466839445,193.6965,0.0,0.0,0.0521,exact_compatible,clear,14,0.360488,0.999636,0.639148,single_id,HIGH,mapped
212,218526249,193.1577,20.2926947,85.8207583,trunk,2277623681,6608882862,0,218526249,193.1577,0.0,0.0,0.0319,exact_compatible,clear,2,0.451738,0.999777,0.548039,single_id,HIGH,mapped
213,742084229,192.1184,20.3313761,85.8841104,trunk,3725628832,3725628684,0,742084229,192.1184,0.0,0.0,0.1359,exact_compatible,clear,5,0.541804,0.99905,0.457246,single_id,HIGH,mapped
214,875119268,191.5903,20.3538677,85.8165192,secondary,3184375374,10132690705,0,875119268,191.5903,0.0,0.0,0.8146,exact_compatible,ambiguous,36,0.964344,0.964344,0.0,single_id,MEDIUM,ambiguous
215,875119268,191.5903,20.3538677,85.8165192,secondary,3184375374,10132690705,0,875119268,191.5903,0.0,0.0,0.8146,exact_compatible,ambiguous,36,0.964344,0.964344,0.0,single_id,MEDIUM,ambiguous
216,874459840,190.9332,20.28218,85.8561861,primary,2703756979,4720174490,0,874459840,190.9332,0.0,0.0,1.2119,exact_compatible,clear,13,0.494977,0.991619,0.496642,single_id,HIGH,mapped
217,1141889036,190.6045,20.2573404,85.8406676,primary,9913774165,293463399,0,1141889036,190.6045,0.0,0.0,2.5408,exact_compatible,clear,14,0.523545,0.982659,0.459114,single_id,HIGH,mapped
218,464650415,190.4071,20.2821764,85.8268854,primary,293462011,8153698627,0,464650415,190.4071,0.0,0.0,0.1891,exact_compatible,clear,7,0.530175,0.998679,0.468504,single_id,HIGH,mapped
219,879562787,189.0236,20.2798129,85.843939,secondary,2703794062,2703794060,0,879562787,189.0236,0.0,0.0,0.0145,exact_compatible,clear,8,0.449274,0.999899,0.550624,single_id,HIGH,mapped
220,"[874644320, 872816373, 478254536]",187.9416,20.2257307,85.8423505,primary,2283167585,8124335699,0,"[874644320, 872816373, 478254536]",187.9416,0.0,0.0,0.0011,exact_compatible,clear,16,0.596408,0.999992,0.403584,connected_chain,HIGH,mapped
221,252236395,187.7267,20.2582583,85.7923825,secondary,2583312092,2583312066,0,252236395,187.7267,0.0,0.0,0.0022,exact_compatible,clear,6,0.4824,0.999984,0.517584,single_id,HIGH,mapped
222,230574625,187.149,20.2551582,85.800974,secondary,3706276768,10115843783,0,230574625,187.149,0.0,0.0,0.8277,exact_compatible,clear,4,0.348609,0.994254,0.645645,single_id,HIGH,mapped
223,470103540,186.8863,20.3428513,85.8093966,primary,4643407218,3725763514,0,470103540,186.8863,0.0,0.0,0.0234,exact_compatible,clear,5,0.427275,0.999836,0.572561,single_id,HIGH,mapped
224,26754699,186.1022,20.2785929,85.8382724,secondary,293457280,293457398,0,26754699,186.1022,0.0,0.0,0.1584,exact_compatible,clear,6,0.510272,0.998893,0.488621,single_id,HIGH,mapped
225,466615091,185.03,20.2759514,85.8523886,primary,4720203904,12558344054,0,466615091,185.03,0.0,0.0,1.3089,exact_compatible,clear,10,0.498342,0.990957,0.492615,single_id,HIGH,mapped
226,1209072902,183.9324,20.2587668,85.8345386,secondary,293462774,293462770,0,1209072902,183.9324,0.0,0.0,0.063,exact_compatible,clear,11,0.417871,0.99956,0.581689,single_id,HIGH,mapped
227,1208791978,181.0781,20.274828,85.8251192,primary,4597338781,293463029,0,1208791978,181.0781,0.0,0.0,0.1038,exact_compatible,clear,3,0.328579,0.999274,0.670695,single_id,HIGH,mapped
228,865024248,180.8274,20.3009718,85.7808449,primary,8062776435,8064752282,0,865024248,180.8274,0.0,0.0,0.2025,exact_compatible,clear,29,0.56209,0.998585,0.436496,single_id,HIGH,mapped
229,874644320,180.7493,20.2185296,85.8492676,primary,11938897684,7128018275,0,874644320,180.7493,0.0,0.0,0.0812,exact_compatible,clear,15,0.604847,0.999432,0.394585,single_id,HIGH,mapped
230,300173739,180.6208,20.3097865,85.8201942,primary,12438735280,3042737291,0,300173739,180.6208,0.0,0.0,0.0174,exact_compatible,clear,15,0.602178,0.999878,0.3977,single_id,HIGH,mapped
231,1208791977,180.5717,20.3382172,85.8222114,primary,3725763413,3725763281,0,1208791977,180.5717,0.0,0.0,0.2839,exact_compatible,clear,5,0.44761,0.998018,0.550409,single_id,HIGH,mapped
232,"[746487560, 658700019]",179.8187,20.2570856,85.8406134,primary,6167916393,4715985536,0,"[746487560, 658700019]",179.8187,0.0,0.0,0.9403,exact_compatible,clear,4,0.467726,0.993479,0.525753,connected_chain,HIGH,mapped
233,875004053,177.7101,20.2431666,85.8560244,secondary,8144960927,8144960932,0,875004053,177.7101,0.0,0.0,4.5153,exact_compatible,clear,8,0.469839,0.969778,0.499939,single_id,HIGH,mapped
234,40016878,177.4812,20.2942702,85.8574822,primary,8182365093,2283167672,0,40016878,177.4812,0.0,0.0,5.2438,exact_compatible,clear,11,0.496759,0.965153,0.468394,single_id,HIGH,mapped
235,870242502,177.1968,20.2957208,85.8713279,trunk,8141521568,6010327769,0,870242502,177.1968,0.0,0.0,0.4543,exact_compatible,clear,5,0.545159,0.996834,0.451675,single_id,HIGH,mapped
236,874644320,174.7604,20.2240895,85.8439799,primary,3714912868,5418127631,0,874644320,174.7604,0.0,0.0,1.1536,exact_compatible,clear,15,0.604847,0.992017,0.38717,single_id,HIGH,mapped
237,874459842,174.3614,20.2876607,85.8573934,primary,8141910114,9833884593,0,874459842,174.3614,0.0,0.0,0.1372,exact_compatible,clear,7,0.555062,0.999041,0.443979,single_id,HIGH,mapped
238,1208791971,174.3308,20.3474821,85.8245672,primary,3726941482,3726926564,0,1208791971,174.3308,0.0,0.0,0.8463,exact_compatible,clear,17,0.549727,0.994126,0.444399,single_id,HIGH,mapped
239,300173739,173.5243,20.3071751,85.8206844,primary,8148670280,3042737299,0,300173739,173.5243,0.0,0.0,2.2809,exact_compatible,clear,15,0.602703,0.984392,0.38169,single_id,HIGH,mapped
240,368721302,171.4247,20.343002,85.8117036,primary,3725764138,8153479957,0,368721302,171.4247,0.0,0.0,0.0002,exact_compatible,clear,5,0.378048,0.999999,0.621951,single_id,HIGH,mapped
241,1208491977,171.2807,20.343072,85.8150286,primary,3726939998,6604456763,0,1208491977,171.2807,0.0,0.0,0.0002,exact_compatible,clear,2,0.367999,0.999999,0.632,single_id,HIGH,mapped
242,478257594,171.1209,20.2308807,85.8410904,primary,8124335766,3714705527,0,478257594,171.1209,0.0,0.0,0.085,exact_compatible,clear,10,0.570152,0.999406,0.429254,single_id,HIGH,mapped
243,464650415,168.9641,20.284232,85.8269376,primary,8145147226,293462245,0,464650415,168.9641,0.0,0.0,1.5943,exact_compatible,clear,7,0.534992,0.989016,0.454024,single_id,HIGH,mapped
244,874056882,168.6369,20.3626025,85.8286407,primary,3727013860,4594206606,0,874056882,168.6369,0.0,0.0,0.1028,exact_compatible,clear,17,0.6892,0.999281,0.310081,single_id,HIGH,mapped
245,865024248,168.4136,20.2960276,85.7804323,primary,3724390838,11968828663,0,865024248,168.4136,0.0,0.0,0.0715,exact_compatible,clear,29,0.562094,0.9995,0.437406,single_id,HIGH,mapped
246,1203900682,167.4211,20.2635155,85.7908889,trunk,12617765452,2392383591,0,1203900682,167.4211,0.0,0.0,0.0747,exact_compatible,clear,2,0.31604,0.999477,0.683438,single_id,HIGH,mapped
247,464260872,167.0542,20.2163015,85.8556404,trunk,8141472721,8141472740,0,464260872,167.0542,0.0,0.0,0.0046,exact_compatible,clear,6,0.430035,0.999968,0.569933,single_id,HIGH,mapped
248,464845715,166.8246,20.270757,85.7840721,primary,2365467030,2408583723,0,464845715,166.8246,0.0,0.0,0.3961,exact_compatible,clear,3,0.458296,0.997238,0.538942,single_id,HIGH,mapped
249,870242498,166.5969,20.3083682,85.8727947,trunk,4593969159,4593969164,0,870242498,166.5969,0.0,0.0,2.0104,exact_compatible,clear,2,0.350128,0.986206,0.636078,single_id,HIGH,mapped
250,26755988,166.5692,20.270994,85.8351148,secondary,1051669950,293462600,0,26755988,166.5692,0.0,0.0,0.0002,exact_compatible,ambiguous,6,0.969998,0.969998,0.0,single_id,MEDIUM,ambiguous
251,26755988,166.5692,20.270994,85.8351148,secondary,1051669950,293462600,0,26755988,166.5692,0.0,0.0,0.0002,exact_compatible,ambiguous,6,0.969998,0.969998,0.0,single_id,MEDIUM,ambiguous
252,874459840,166.3251,20.278907,85.8542465,primary,4720174504,3719620804,0,874459840,166.3251,0.0,0.0,0.3432,exact_compatible,clear,13,0.558455,0.997606,0.439151,single_id,HIGH,mapped
253,470103829,165.6506,20.3428268,85.8191338,primary,3726944827,13957674836,0,470103829,162.4416,3.2089,1.9372,0.1709,exact_compatible,clear,6,0.533933,0.973941,0.440007,single_id,HIGH,mapped
254,174418041,165.642,20.2480082,85.8362351,secondary,293456654,293456599,0,174418041,165.642,0.0,0.0,0.0,exact_compatible,clear,8,0.491519,1.0,0.508481,single_id,HIGH,mapped
255,"[1393752821, 742084229, 44947109]",165.3094,20.3196504,85.8814175,trunk,569909828,12901379743,0,"[1393752821, 742084229, 44947109]",165.3094,0.0,0.0,0.6564,exact_compatible,clear,6,0.488003,0.995435,0.507432,connected_chain,HIGH,mapped
256,874056882,165.2623,20.3611191,85.8283943,primary,4594206606,4594206590,0,874056882,165.2623,0.0,0.0,0.6105,exact_compatible,clear,17,0.691454,0.995753,0.304299,single_id,HIGH,mapped
257,279088743,165.2078,20.2624677,85.8351815,primary,293464910,293464908,0,279088743,165.2078,0.0,0.0,1.0986,exact_compatible,clear,12,0.575897,0.992394,0.416497,single_id,HIGH,mapped
258,478249498,164.8245,20.2633058,85.8379702,secondary,293462777,293462778,0,478249498,164.8245,0.0,0.0,0.3015,exact_compatible,clear,7,0.503804,0.997896,0.494092,single_id,HIGH,mapped
259,"[1141888415, 1392897335]",164.4355,20.2438948,85.8411185,primary,4723475967,4723476603,0,"[1141888415, 1392897335]",164.4355,0.0,0.0,0.1868,exact_compatible,clear,1,0.0,0.998695,0.998695,connected_chain,HIGH,mapped
260,1208988383,163.5923,20.2797516,85.8265619,primary,3719506250,3719506253,0,1208988383,163.5923,0.0,0.0,0.9405,exact_compatible,clear,7,0.476116,0.993478,0.517362,single_id,HIGH,mapped
261,26754699,163.5295,20.2780975,85.8427972,secondary,293457075,293463159,0,26754699,163.5295,0.0,0.0,0.1393,exact_compatible,clear,6,0.640552,0.999026,0.358474,single_id,HIGH,mapped
262,1208795201,163.0631,20.3474194,85.8246286,primary,4594188520,3726941481,0,1208795201,163.0631,0.0,0.0,0.0056,exact_compatible,clear,12,0.432542,0.999961,0.567419,single_id,HIGH,mapped
263,26754699,162.3343,20.2788356,85.8358773,secondary,4613766153,293457277,0,26754699,162.3343,0.0,0.0,0.0106,exact_compatible,clear,6,0.640552,0.999926,0.359374,single_id,HIGH,mapped
264,1138034029,160.9099,20.2927561,85.8572367,primary,3722327215,7127990460,0,1138034029,160.9099,0.0,0.0,0.1696,exact_compatible,clear,2,0.388455,0.998815,0.61036,single_id,HIGH,mapped
265,"[874459841, 874459842, 466615091]",160.7786,20.2836709,85.8567258,primary,293458244,6956618508,0,"[874459841, 874459842, 466615091]",160.7786,0.0,0.0,0.8147,exact_compatible,clear,16,0.56324,0.994344,0.431103,connected_chain,HIGH,mapped
266,279088740,160.5361,20.262754,85.8354022,primary,1812432267,1812432244,0,279088740,160.5361,0.0,0.0,0.2135,exact_compatible,clear,6,0.35531,0.998509,0.643199,single_id,HIGH,mapped
267,880075594,160.3229,20.2677668,85.8482082,primary,2283167601,3719620306,0,880075594,160.3229,0.0,0.0,0.1014,exact_compatible,clear,9,0.391235,0.999291,0.608056,single_id,HIGH,mapped
268,1238285689,159.9279,20.2541646,85.8032182,secondary,8124118501,3706277268,0,1238285689,159.9279,0.0,0.0,0.71,exact_compatible,clear,3,0.449831,0.995065,0.545234,single_id,HIGH,mapped
269,869997541,159.8066,20.3086584,85.7811013,primary,3725791491,3725791505,0,869997541,159.8066,0.0,0.0,0.1927,exact_compatible,clear,5,0.599247,0.998654,0.399407,single_id,HIGH,mapped
270,478254539,159.6655,20.222283,85.8454818,primary,10287153450,5415640148,0,478254539,159.6655,0.0,0.0,0.034,exact_compatible,clear,10,0.491545,0.999762,0.508217,single_id,HIGH,mapped
271,478257594,159.3093,20.2335829,85.8411142,primary,3714704501,10267000474,0,478257594,159.3093,0.0,0.0,0.0,exact_compatible,clear,10,0.57069,1.0,0.42931,single_id,HIGH,mapped
272,1208491992,159.2172,20.3179933,85.8203245,primary,2929034393,3725790429,0,1208491992,159.2172,0.0,0.0,0.218,exact_compatible,clear,3,0.364331,0.998477,0.634146,single_id,HIGH,mapped
273,879562788,158.9703,20.2815831,85.8438476,secondary,293463119,293463078,0,879562788,158.9703,0.0,0.0,0.4637,exact_compatible,clear,7,0.549915,0.996769,0.446854,single_id,HIGH,mapped
274,466600306,158.6369,20.265319,85.831648,primary,1812432245,1812432278,0,466600306,158.6369,0.0,0.0,0.0002,exact_compatible,clear,1,0.0,0.999999,0.999999,single_id,HIGH,mapped
275,90617087,158.0621,20.2404725,85.8097737,secondary,3711678597,3711673309,0,90617087,158.0621,0.0,0.0,3.7397,exact_compatible,clear,11,0.649631,0.974777,0.325146,single_id,HIGH,mapped
276,776295454,157.4162,20.256582,85.7972707,secondary,8128232265,3706277194,0,776295454,157.4162,0.0,0.0,0.9755,exact_compatible,ambiguous,14,0.963237,0.963237,0.0,single_id,MEDIUM,ambiguous
277,776295454,157.4162,20.256582,85.7972707,secondary,8128232265,3706277194,0,776295454,157.4162,0.0,0.0,0.9755,exact_compatible,ambiguous,14,0.963237,0.963237,0.0,single_id,MEDIUM,ambiguous
278,"[219116704, 762822062, 219116711]",156.2617,20.2374132,85.8410949,primary,3714706393,12201173657,0,"[219116704, 762822062, 219116711]",156.2617,0.0,0.0,0.2252,exact_compatible,clear,2,0.423098,0.998427,0.575329,connected_chain,HIGH,mapped
279,"[478254522, 1013619973]",156.0977,20.2781252,85.8418438,secondary,2703797734,8151182351,0,"[478254522, 1013619973]",156.0977,0.0,0.0,0.0585,exact_compatible,clear,5,0.584261,0.999591,0.41533,connected_chain,HIGH,mapped
280,26764975,155.5379,20.3144206,85.8264767,secondary,3725656912,293466258,0,26764975,155.5379,0.0,0.0,0.0002,exact_compatible,clear,8,0.357359,0.999999,0.64264,single_id,HIGH,mapped
281,478372781,155.1251,20.2595937,85.842806,primary,4719689700,10779362169,0,478372781,155.1251,0.0,0.0,0.1269,exact_compatible,clear,6,0.507009,0.999113,0.492103,single_id,HIGH,mapped
282,279088743,154.9478,20.2651307,85.8315107,primary,293464896,293464894,0,279088743,154.9478,0.0,0.0,0.0002,exact_compatible,clear,12,0.575907,0.999999,0.424092,single_id,HIGH,mapped
283,870242503,154.4016,20.2955744,85.8712359,trunk,6010327768,3725560916,0,870242503,154.4016,0.0,0.0,0.3395,exact_compatible,clear,7,0.696688,0.997632,0.300943,single_id,HIGH,mapped
284,1141889035,154.338,20.250775,85.8412564,primary,4723476352,4722179361,0,1141889035,154.338,0.0,0.0,0.0647,exact_compatible,clear,2,0.450175,0.999548,0.549372,single_id,HIGH,mapped
285,879562787,154.0707,20.2835019,85.8437521,secondary,5875519688,2703794066,0,879562787,154.0707,0.0,0.0,0.0122,exact_compatible,clear,8,0.685999,0.999914,0.313915,single_id,HIGH,mapped
286,869089258,153.9876,20.2329785,85.8155867,secondary,3719483256,6985772815,0,869089258,153.9876,0.0,0.0,0.4318,exact_compatible,ambiguous,10,0.96699,0.96699,0.0,single_id,MEDIUM,ambiguous
287,869089258,153.9876,20.2329785,85.8155867,secondary,3719483256,6985772815,0,869089258,153.9876,0.0,0.0,0.4318,exact_compatible,ambiguous,10,0.96699,0.96699,0.0,single_id,MEDIUM,ambiguous
288,"[874459840, 40016878, 874459839]",153.3286,20.2835953,85.8568543,primary,2703768573,2703756979,0,"[874459840, 40016878, 874459839]",153.3286,0.0,0.0,0.1369,exact_compatible,clear,23,0.580451,0.999043,0.418592,connected_chain,HIGH,mapped
289,874056882,152.9864,20.3539004,85.8268983,primary,4594259889,13022825212,0,874056882,152.9864,0.0,0.0,0.0766,exact_compatible,clear,17,0.56292,0.999464,0.436544,single_id,HIGH,mapped
290,842470001,152.7923,20.3099623,85.8731545,trunk,8169509578,8169509567,0,842470001,152.7832,0.0092,0.006,0.5921,exact_compatible,clear,3,0.350679,0.995806,0.645128,single_id,HIGH,mapped
291,605579942,152.5003,20.2871465,85.8733872,trunk,8140465200,4593969290,0,605579942,152.5003,0.0,0.0,0.5676,exact_compatible,clear,8,0.646456,0.996049,0.349593,single_id,HIGH,mapped
292,605579942,152.0507,20.2918405,85.8722204,trunk,8140526284,8140526242,0,605579942,152.0507,0.0,0.0,0.0,exact_compatible,clear,8,0.646456,1.0,0.353543,single_id,HIGH,mapped
293,870242503,150.6949,20.2942239,85.8714876,trunk,8140750597,6010327768,0,870242503,150.6949,0.0,0.0,0.264,exact_compatible,clear,7,0.699487,0.998157,0.29867,single_id,HIGH,mapped
294,478371821,150.4083,20.2726606,85.8506979,primary,3719620476,3719620498,0,478371821,150.4083,0.0,0.0,0.0001,exact_compatible,clear,11,0.552276,0.999999,0.447723,single_id,HIGH,mapped
295,1210205483,150.0213,20.2445206,85.8471393,secondary,3714709047,8144958903,0,1210205483,150.0213,0.0,0.0,0.0714,exact_compatible,clear,8,0.40043,0.999501,0.59907,single_id,HIGH,mapped
296,1208988379,149.5909,20.2779902,85.8263341,primary,4478448738,8163267506,0,1208988379,149.5909,0.0,0.0,0.0001,exact_compatible,clear,8,0.482651,1.0,0.517349,single_id,HIGH,mapped
297,"[746487576, 746487577, 879562787]",148.8716,20.2848515,85.8435562,secondary,2703794068,5875519688,0,"[746487576, 746487577, 879562787]",148.8716,0.0,0.0,0.1934,exact_compatible,clear,15,0.690033,0.998649,0.308615,connected_chain,HIGH,mapped
298,1208986532,148.8615,20.3344153,85.8217236,primary,293458413,3725790343,0,1208986532,148.8615,0.0,0.0,0.1095,exact_compatible,clear,3,0.716171,0.999234,0.283063,single_id,HIGH,mapped
299,367555141,148.5639,20.2432051,85.8559049,secondary,3716311233,8144958887,0,367555141,148.5639,0.0,0.0,2.2226,exact_compatible,clear,10,0.517092,0.984782,0.46769,single_id,HIGH,mapped
300,466615091,148.5538,20.2772579,85.853171,primary,12558344054,7127914070,0,466615091,148.5538,0.0,0.0,0.0871,exact_compatible,clear,10,0.56324,0.999391,0.436151,single_id,HIGH,mapped
301,1208791971,148.3746,20.3461048,85.8240815,primary,3726941434,3726941482,0,1208791971,148.3746,0.0,0.0,0.0001,exact_compatible,clear,17,0.567867,0.999999,0.432132,single_id,HIGH,mapped
302,1141889036,148.1399,20.2538287,85.8410461,primary,293463370,293463385,0,1141889036,148.1399,0.0,0.0,2.7819,exact_compatible,clear,14,0.604984,0.981058,0.376075,single_id,HIGH,mapped
303,90617087,147.7795,20.2391576,85.8100965,secondary,8099252001,3711678597,0,90617087,147.7795,0.0,0.0,0.0522,exact_compatible,clear,11,0.655926,0.999635,0.343709,single_id,HIGH,mapped
304,252236395,147.4982,20.2587566,85.7908662,secondary,2583312049,2583312092,0,252236395,147.4982,0.0,0.0,0.0002,exact_compatible,clear,6,0.574241,0.999999,0.425758,single_id,HIGH,mapped
305,875004053,147.2606,20.2439283,85.8530385,secondary,8144960935,8144960921,0,875004053,147.2606,0.0,0.0,0.0971,exact_compatible,clear,8,0.469528,0.999321,0.529793,single_id,HIGH,mapped
306,1208986532,147.1627,20.3330945,85.8215481,primary,3725777494,293458413,0,1208986532,147.1627,0.0,0.0,0.1115,exact_compatible,clear,3,0.71751,0.99922,0.28171,single_id,HIGH,mapped
307,478254522,147.1028,20.2786434,85.8373491,secondary,8151182352,9757587446,0,478254522,147.1028,0.0,0.0,1.75,exact_compatible,clear,5,0.704036,0.987962,0.283926,single_id,HIGH,mapped
308,"[218505930, 218505931, 1210086508]",146.7648,20.2956492,85.8522189,trunk,13519081481,8140380974,0,"[279958945, 879568355, 879568356, 325359753, 218505930, 218505931, 1210086508, 26755786, 1209009371]",1567.6705,1420.9057,968.1519,15.4087,exact_compatible,clear,1,0.0,0.507175,0.507175,connected_chain,LOW,ambiguous
309,478254522,146.5832,20.2787822,85.8357944,secondary,4620986372,4613766154,0,478254522,146.5832,0.0,0.0,0.0002,exact_compatible,clear,5,0.704231,0.999999,0.295768,single_id,HIGH,mapped
310,219116706,145.654,20.2161096,85.8522928,primary,2283167579,8141472796,0,219116706,145.654,0.0,0.0,0.4149,exact_compatible,clear,4,0.477433,0.997108,0.519675,single_id,HIGH,mapped
311,"[746487578, 746487579, 879562788]",144.406,20.2848558,85.8434171,secondary,10110997385,5338412716,0,"[746487578, 746487579, 879562788]",144.406,0.0,0.0,0.0533,exact_compatible,clear,15,0.591237,0.999627,0.40839,connected_chain,HIGH,mapped
312,870242503,143.9113,20.2969088,85.8710963,trunk,3725560916,3725560939,0,870242503,143.9113,0.0,0.0,0.1388,exact_compatible,clear,7,0.657852,0.99903,0.341177,single_id,HIGH,mapped
313,464283097,143.6205,20.2986927,85.8237747,primary,3042737290,2841381805,0,464283097,143.6205,0.0,0.0,0.0165,exact_compatible,clear,6,0.53998,0.999885,0.459905,single_id,HIGH,mapped
314,368852567,143.2676,20.3472612,85.8071616,primary,3726926556,12435035118,0,368852567,143.2676,0.0,0.0,0.0907,exact_compatible,clear,5,0.380081,0.999366,0.619285,single_id,HIGH,mapped
315,1141889036,142.1581,20.2494408,85.8411702,primary,293463347,293463349,0,1141889036,142.1581,0.0,0.0,0.256,exact_compatible,clear,14,0.604989,0.998212,0.393224,single_id,HIGH,mapped
316,869997541,141.604,20.310007,85.7809563,primary,3725791505,3184374603,0,869997541,141.604,0.0,0.0,0.1101,exact_compatible,clear,5,0.650464,0.99923,0.348766,single_id,HIGH,mapped
317,478249498,141.3044,20.2656055,85.8394007,secondary,9771712112,293462780,0,478249498,141.3044,0.0,0.0,0.0222,exact_compatible,clear,7,0.573621,0.999845,0.426224,single_id,HIGH,mapped
318,368729170,141.2953,20.3428276,85.818435,primary,3725763498,3725764126,0,368729170,141.2953,0.0,0.0,0.2492,exact_compatible,clear,6,0.717197,0.99826,0.281063,single_id,HIGH,mapped
319,874644320,140.6115,20.2197955,85.8476948,primary,5414086844,8127692843,0,874644320,140.6115,0.0,0.0,0.0002,exact_compatible,clear,15,0.590982,0.999999,0.409017,single_id,HIGH,mapped
320,1208785492,140.1753,20.3226715,85.8204333,primary,6947408065,3725790736,0,1208785492,140.1753,0.0,0.0,0.0,exact_compatible,clear,4,0.513402,1.0,0.486598,single_id,HIGH,mapped
321,865024248,139.5782,20.2987917,85.7806615,primary,3724390901,3724390916,0,865024248,139.5782,0.0,0.0,0.0863,exact_compatible,clear,29,0.587086,0.999396,0.41231,single_id,HIGH,mapped
322,279088746,139.1437,20.260923,85.83793,primary,1812432286,2833450822,0,279088746,139.1437,0.0,0.0,0.487,exact_compatible,clear,2,0.43175,0.996607,0.564857,single_id,HIGH,mapped
323,"[568707032, 874594467, 1210221828, 374402719]",139.0851,20.2132555,85.8535506,trunk,4714939528,8141628265,0,"[568707032, 874594467, 1210221828, 374402719]",139.0851,0.0,0.0,0.8369,exact_compatible,clear,3,0.37998,0.99419,0.61421,connected_chain,HIGH,mapped
324,368729170,139.0097,20.3426722,85.8197685,primary,3725763961,3725763498,0,368729170,139.0097,0.0,0.0,0.0001,exact_compatible,clear,6,0.719143,0.999999,0.280856,single_id,HIGH,mapped
325,746487559,138.963,20.2598305,85.8429091,primary,293461082,293460950,0,746487559,138.963,0.0,0.0,1.1143,exact_compatible,clear,12,0.438583,0.992286,0.553704,single_id,HIGH,mapped
326,874459842,138.0139,20.2862587,85.8574488,primary,8141910101,8141910114,0,874459842,138.0139,0.0,0.0,0.5166,exact_compatible,clear,7,0.587056,0.996402,0.409346,single_id,HIGH,mapped
327,875119268,137.569,20.3540828,85.8132369,secondary,8145903096,6965369868,0,875119268,137.569,0.0,0.0,0.0415,exact_compatible,ambiguous,36,0.969709,0.969709,0.0,single_id,MEDIUM,ambiguous
328,875119268,137.569,20.3540828,85.8132369,secondary,8145903096,6965369868,0,875119268,137.569,0.0,0.0,0.0415,exact_compatible,ambiguous,36,0.969709,0.969709,0.0,single_id,MEDIUM,ambiguous
329,876451409,137.4696,20.3630482,85.8286179,primary,8145580981,4594206614,0,876451409,137.4696,0.0,0.0,0.433,exact_compatible,clear,14,0.574652,0.996982,0.422331,single_id,HIGH,mapped
330,874656098,137.405,20.2144319,85.8542161,trunk,4714939538,4714939527,0,874656098,137.405,0.0,0.0,0.6711,exact_compatible,clear,1,0.0,0.995334,0.995334,single_id,HIGH,mapped
331,252236395,136.8634,20.2576378,85.7941797,secondary,2751622292,2583312029,0,252236395,136.8634,0.0,0.0,0.3174,exact_compatible,clear,6,0.574342,0.997785,0.423442,single_id,HIGH,mapped
332,478257594,135.2725,20.2322583,85.8411085,primary,3714705527,3714704501,0,478257594,135.2725,0.0,0.0,0.0,exact_compatible,clear,10,0.588384,1.0,0.411616,single_id,HIGH,mapped
333,470103829,135.0421,20.3425346,85.8221896,primary,3726944825,3725763954,0,470103829,135.0421,0.0,0.0,0.1712,exact_compatible,clear,6,0.684006,0.998804,0.314797,single_id,HIGH,mapped
334,478254539,134.4403,20.2187394,85.8491631,primary,7128018274,4801591614,0,478254539,134.4403,0.0,0.0,0.1014,exact_compatible,clear,10,0.501452,0.999291,0.497839,single_id,HIGH,mapped
335,174418041,133.6998,20.246305,85.8361392,secondary,9882823387,3714708616,0,174418041,133.6998,0.0,0.0,0.0541,exact_compatible,clear,8,0.637782,0.999622,0.36184,single_id,HIGH,mapped
336,280421147,133.3374,20.2917168,85.8188193,trunk,4875425580,2277623663,0,280421147,133.3374,0.0,0.0,0.4397,exact_compatible,clear,1,0.0,0.996935,0.996935,single_id,HIGH,mapped
337,368729170,132.5109,20.3429889,85.817134,primary,3725764126,3725790551,0,368729170,132.5109,0.0,0.0,1.0826,exact_compatible,clear,6,0.67851,0.992503,0.313993,single_id,HIGH,mapped
338,874644320,132.3595,20.2219825,85.8455824,primary,9919058606,3714913529,0,874644320,132.3595,0.0,0.0,0.0214,exact_compatible,clear,15,0.591151,0.99985,0.408699,single_id,HIGH,mapped
339,174418041,132.0745,20.2497893,85.8363514,secondary,293456370,9871576948,0,174418041,132.0745,0.0,0.0,0.1681,exact_compatible,clear,8,0.637791,0.998826,0.361035,single_id,HIGH,mapped
340,300173742,131.9728,20.3297908,85.8211247,primary,3725789806,3725790040,0,300173742,131.9728,0.0,0.0,0.0286,exact_compatible,clear,12,0.606576,0.9998,0.393223,single_id,HIGH,mapped
341,"[26754491, 876134933]",131.2783,20.313355,85.8293367,secondary,9781361238,8154498070,0,"[26754491, 876134933]",131.2783,0.0,0.0,0.0649,exact_compatible,clear,14,0.579263,0.999546,0.420283,connected_chain,HIGH,mapped
342,865024248,131.0219,20.2892003,85.7809878,primary,8062776421,3724390367,0,865024248,131.0219,0.0,0.0,0.0197,exact_compatible,clear,29,0.605637,0.999862,0.394226,single_id,HIGH,mapped
343,470103829,130.896,20.3426822,85.8205474,primary,13957674836,6604385662,0,470103829,134.105,3.2089,2.4515,0.2749,exact_compatible,clear,6,0.661335,0.973216,0.311881,single_id,HIGH,mapped
344,40016878,130.7138,20.2847846,85.8573484,primary,2283167656,2703768573,0,40016878,130.7138,0.0,0.0,0.544,exact_compatible,clear,11,0.599763,0.996213,0.39645,single_id,HIGH,mapped
345,1208791979,130.1794,20.2668626,85.8290269,primary,2833482027,293460604,0,1208791979,130.1794,0.0,0.0,0.0001,exact_compatible,clear,2,0.713677,0.999999,0.286322,single_id,HIGH,mapped
346,1208988383,130.1318,20.2779319,85.8262094,primary,8163267507,4597338734,0,1208988383,130.1318,0.0,0.0,0.7343,exact_compatible,clear,7,0.484446,0.994897,0.510451,single_id,HIGH,mapped
347,470103829,129.6828,20.3430744,85.8171612,primary,3726939997,6605170431,0,470103829,129.6828,0.0,0.0,1.0192,exact_compatible,clear,6,0.617257,0.992938,0.37568,single_id,HIGH,mapped
348,869997541,129.6556,20.3112219,85.7808673,primary,3184374603,3184374604,0,869997541,129.6556,0.0,0.0,1.2578,exact_compatible,clear,5,0.661392,0.991305,0.329913,single_id,HIGH,mapped
349,466600302,129.3372,20.2605886,85.8377933,primary,2833450825,293458231,0,466600302,129.3372,0.0,0.0,0.8386,exact_compatible,clear,2,0.49719,0.994179,0.496989,single_id,HIGH,mapped
350,876418713,129.074,20.2750292,85.8271818,secondary,293452702,293452705,0,876418713,129.074,0.0,0.0,0.3961,exact_compatible,ambiguous,12,0.967238,0.967238,0.0,single_id,MEDIUM,ambiguous
351,876418713,129.074,20.2750292,85.8271818,secondary,293452702,293452705,0,876418713,129.074,0.0,0.0,0.3961,exact_compatible,ambiguous,12,0.967238,0.967238,0.0,single_id,MEDIUM,ambiguous
352,478372781,128.981,20.2611374,85.8439316,primary,4715985522,4721825589,0,478372781,128.981,0.0,0.0,0.4056,exact_compatible,clear,6,0.583543,0.997172,0.413629,single_id,HIGH,mapped
353,869974597,128.5721,20.242452,85.8584111,secondary,13127794959,7242244227,0,869974597,128.5721,0.0,0.0,2.6301,exact_compatible,clear,2,0.396965,0.982065,0.5851,single_id,HIGH,mapped
354,367555141,128.3389,20.2439389,85.8517093,secondary,3714708572,3714707014,0,367555141,128.3389,0.0,0.0,0.5933,exact_compatible,clear,10,0.729095,0.995872,0.266776,single_id,HIGH,mapped
355,470103540,128.0856,20.3428504,85.8078862,primary,3725763514,3725763504,0,470103540,128.0856,0.0,0.0,0.0001,exact_compatible,clear,5,0.470469,0.999999,0.529531,single_id,HIGH,mapped
356,762822065,127.5911,20.2354956,85.8412352,primary,4714962029,4721819322,0,762822065,127.5911,0.0,0.0,0.0023,exact_compatible,clear,11,0.437309,0.999984,0.562674,single_id,HIGH,mapped
357,869089258,127.5595,20.2321614,85.8152456,secondary,3719483256,6965143039,0,869089258,127.5595,0.0,0.0,0.6516,exact_compatible,ambiguous,10,0.965468,0.965468,0.0,single_id,MEDIUM,ambiguous
358,869089258,127.5595,20.2321614,85.8152456,secondary,3719483256,6965143039,0,869089258,127.5595,0.0,0.0,0.6516,exact_compatible,ambiguous,10,0.965468,0.965468,0.0,single_id,MEDIUM,ambiguous
359,1427941136,127.2301,20.2423832,85.8584155,secondary,13127794973,13127794959,0,1427941136,127.2301,0.0,0.0,2.0727,exact_compatible,clear,1,0.0,0.985788,0.985788,single_id,HIGH,mapped
360,464650412,127.2116,20.2850025,85.8267422,primary,6949998010,4601752551,0,464650412,127.2116,0.0,0.0,0.087,exact_compatible,clear,7,0.519474,0.999392,0.479918,single_id,HIGH,mapped
361,876451409,127.0322,20.3578887,85.8277644,primary,3727012991,3727013278,0,876451409,127.0322,0.0,0.0,0.0553,exact_compatible,clear,14,0.580509,0.999613,0.419104,single_id,HIGH,mapped
362,879562788,126.0848,20.2828575,85.843705,secondary,293463078,293463063,0,879562788,126.0848,0.0,0.0,0.1048,exact_compatible,clear,7,0.556986,0.999267,0.442281,single_id,HIGH,mapped
363,367555141,126.0606,20.2438635,85.8529252,secondary,3714708563,3714708572,0,367555141,126.0606,0.0,0.0,0.0001,exact_compatible,clear,10,0.731241,0.999999,0.268758,single_id,HIGH,mapped
364,1208791979,126.0598,20.2675224,85.8280205,primary,293460604,6985773024,0,1208791979,126.0598,0.0,0.0,0.0001,exact_compatible,clear,2,0.717643,0.999999,0.282356,single_id,HIGH,mapped
365,466615091,125.6879,20.2823702,85.8561687,primary,293458235,5662526910,0,466615091,125.6879,0.0,0.0,0.5716,exact_compatible,clear,10,0.711558,0.996022,0.284464,single_id,HIGH,mapped
366,"[464097499, 456959534]",124.9694,20.2691449,85.8394637,secondary,4592522613,1051669812,0,"[464097499, 456959534]",124.9694,0.0,0.0,0.4139,exact_compatible,clear,3,0.7069,0.997114,0.290215,connected_chain,HIGH,mapped
367,865024248,124.2944,20.2915741,85.7806407,primary,3724390537,3724390516,0,865024248,124.2944,0.0,0.0,0.0949,exact_compatible,clear,29,0.606053,0.999336,0.393283,single_id,HIGH,mapped
368,456959535,124.1545,20.2730731,85.8425719,secondary,1051669905,10128190730,0,456959535,124.1545,0.0,0.0,0.0,exact_compatible,clear,9,0.663446,1.0,0.336553,single_id,HIGH,mapped
369,1209433726,124.0314,20.2446959,85.8417512,secondary,3714709074,4723475967,0,1209433726,124.0314,0.0,0.0,0.0066,exact_compatible,ambiguous,10,0.969953,0.969953,0.0,single_id,MEDIUM,ambiguous
370,1209433726,124.0314,20.2446959,85.8417512,secondary,3714709074,4723475967,0,1209433726,124.0314,0.0,0.0,0.0066,exact_compatible,ambiguous,10,0.969953,0.969953,0.0,single_id,MEDIUM,ambiguous
371,478249498,123.6425,20.2622476,85.8371726,secondary,2833450832,293462777,0,478249498,123.6425,0.0,0.0,1.4595,exact_compatible,clear,7,0.635686,0.989931,0.354245,single_id,HIGH,mapped
372,300173742,123.5519,20.3250728,85.8205259,primary,6604381555,3725827504,0,300173742,123.5519,0.0,0.0,0.6224,exact_compatible,clear,12,0.588036,0.99567,0.407634,single_id,HIGH,mapped
373,746487579,122.501,20.2860464,85.8432556,secondary,5338412716,9911548099,0,746487579,122.501,0.0,0.0,0.0003,exact_compatible,clear,9,0.616397,0.999998,0.383601,single_id,HIGH,mapped
374,746487577,122.4693,20.2912915,85.8427049,secondary,2704039247,2704039246,0,746487577,122.4693,0.0,0.0,0.0,exact_compatible,clear,8,0.537723,1.0,0.462276,single_id,HIGH,mapped
375,1208988379,122.2277,20.2750348,85.8253511,primary,6986305647,293452701,0,1208988379,122.2277,0.0,0.0,0.2744,exact_compatible,clear,8,0.669079,0.998084,0.329006,single_id,HIGH,mapped
376,464097500,122.099,20.2690891,85.8394229,secondary,1051669449,4592522613,0,464097500,122.099,0.0,0.0,0.4403,exact_compatible,clear,3,0.440861,0.996931,0.55607,single_id,HIGH,mapped
377,874459842,121.6226,20.2848507,85.8572228,primary,6956618508,9717246530,0,874459842,121.6226,0.0,0.0,0.625,exact_compatible,clear,7,0.595748,0.995652,0.399904,single_id,HIGH,mapped
378,279088748,121.5267,20.2637669,85.8384284,secondary,2999157389,2999157408,0,279088748,121.5267,0.0,0.0,0.0001,exact_compatible,clear,12,0.653877,0.999999,0.346122,single_id,HIGH,mapped
379,478371821,121.4402,20.2737578,85.8512685,primary,3719620498,2283167617,0,478371821,121.4402,0.0,0.0,0.6386,exact_compatible,clear,11,0.578768,0.995558,0.41679,single_id,HIGH,mapped
380,478249498,121.3225,20.2643984,85.8386936,secondary,293462778,293462779,0,478249498,121.3225,0.0,0.0,0.3207,exact_compatible,clear,7,0.635773,0.997762,0.36199,single_id,HIGH,mapped
381,876134933,121.1372,20.3143101,85.826637,secondary,9726096123,10232859317,0,876134933,121.1372,0.0,0.0,0.4341,exact_compatible,clear,8,0.612289,0.996975,0.384686,single_id,HIGH,mapped
382,466839445,120.6735,20.2875302,85.834578,secondary,3240828570,293464764,0,466839445,120.6735,0.0,0.0,0.0084,exact_compatible,clear,14,0.459083,0.999941,0.540859,single_id,HIGH,mapped
383,1209072902,120.257,20.2598852,85.8353771,secondary,293462775,293462774,0,1209072902,120.257,0.0,0.0,0.0001,exact_compatible,clear,11,0.500648,0.999999,0.499351,single_id,HIGH,mapped
384,1105211172,119.7812,20.2426176,85.8410812,primary,4723476603,4715985573,0,1105211172,119.7812,0.0,0.0,0.0186,exact_compatible,clear,3,0.492858,0.99987,0.507012,single_id,HIGH,mapped
385,300173739,119.7337,20.2964993,85.8245347,primary,6956668970,2841381812,0,300173739,119.7337,0.0,0.0,0.0115,exact_compatible,clear,15,0.614522,0.999919,0.385398,single_id,HIGH,mapped
386,456959534,119.2383,20.2688501,85.840558,secondary,1051669812,4531816332,0,456959534,119.2383,0.0,0.0,6.5532,exact_compatible,clear,3,0.717818,0.957006,0.239189,single_id,HIGH,mapped
387,218505933,119.2094,20.2956713,85.848327,trunk,8182316367,8182316352,0,218505933,119.2094,0.0,0.0,0.0001,exact_compatible,clear,2,0.357708,0.999999,0.642291,single_id,HIGH,mapped
388,874056882,118.8095,20.3598555,85.8281946,primary,4594206590,6609242521,0,874056882,118.8095,0.0,0.0,0.0007,exact_compatible,clear,17,0.515547,0.999995,0.484448,single_id,HIGH,mapped
389,252236396,118.3592,20.257554,85.7942408,secondary,2583312029,3706277462,0,252236396,118.3592,0.0,0.0,0.1684,exact_compatible,clear,6,0.471532,0.998823,0.527291,single_id,HIGH,mapped
390,1209004192,118.1218,20.26608,85.8305985,primary,1812432274,1812432245,0,1209004192,118.1218,0.0,0.0,0.0001,exact_compatible,clear,1,0.0,0.999999,0.999999,single_id,HIGH,mapped
391,746487579,118.0402,20.2935947,85.8422353,secondary,293463176,293455110,0,746487579,118.0402,0.0,0.0,0.0,exact_compatible,clear,9,0.65244,1.0,0.34756,single_id,HIGH,mapped
392,464260872,117.5635,20.2145616,85.8541857,trunk,8142194644,4714939537,0,464260872,117.5635,0.0,0.0,0.5879,exact_compatible,clear,6,0.6652,0.995908,0.330708,single_id,HIGH,mapped
393,"[875146659, 1352928436]",117.0835,20.3544482,85.8074505,primary,8144915374,8146129661,0,"[875146659, 1352928436]",117.0835,0.0,0.0,0.285,exact_compatible,clear,2,0.361246,0.99801,0.636765,connected_chain,HIGH,mapped
394,1210210285,116.8904,20.2754812,85.8523738,primary,2703786131,7242788582,0,1210210285,116.8904,0.0,0.0,0.3024,exact_compatible,clear,3,0.511914,0.997889,0.485976,single_id,HIGH,mapped
395,232511043,116.488,20.2694895,85.7841723,primary,2390658890,2407964442,0,232511043,116.488,0.0,0.0,0.0,exact_compatible,clear,5,0.450969,1.0,0.549031,single_id,HIGH,mapped
396,875119268,115.6324,20.3534156,85.8249368,secondary,3726941209,8145707262,0,875119268,115.6324,0.0,0.0,0.3452,exact_compatible,ambiguous,36,0.967592,0.967592,0.0,single_id,MEDIUM,ambiguous
397,875119268,115.6324,20.3534156,85.8249368,secondary,8145707262,3726941209,0,875119268,115.6324,0.0,0.0,0.3452,exact_compatible,ambiguous,36,0.967592,0.967592,0.0,single_id,MEDIUM,ambiguous
398,"[1209004194, 466600301, 170090974]",115.3787,20.2600386,85.8388052,primary,293460471,4613676969,0,"[1209004194, 466600301, 170090974]",115.3787,0.0,0.0,0.1693,exact_compatible,clear,3,0.403375,0.998817,0.595442,connected_chain,HIGH,mapped
399,300173739,115.0898,20.3084604,85.8201909,primary,3042737291,3042737273,0,300173739,115.0898,0.0,0.0,2.5842,exact_compatible,clear,15,0.614522,0.98237,0.367848,single_id,HIGH,mapped
400,464845715,114.9867,20.2695017,85.7842586,primary,2408583723,8184439489,0,464845715,114.9867,0.0,0.0,0.0,exact_compatible,clear,3,0.503251,1.0,0.496749,single_id,HIGH,mapped
401,879562787,114.7433,20.2811768,85.844002,secondary,2703794064,2703794062,0,879562787,114.7433,0.0,0.0,1.1383,exact_compatible,clear,8,0.523169,0.992122,0.468953,single_id,HIGH,mapped
402,464845715,114.4049,20.2684783,85.7843946,primary,2408583723,8184439489,0,464845715,114.9867,0.5818,0.5086,56.9361,exact_compatible,clear,3,0.602366,0.757452,0.155086,single_id,MEDIUM,mapped
403,478372781,114.1359,20.2624782,85.8447295,primary,4715985518,11209425689,0,478372781,114.1359,0.0,0.0,0.0576,exact_compatible,clear,6,0.589344,0.999597,0.410253,single_id,HIGH,mapped
404,1210204475,113.7248,20.2719902,85.7838115,primary,2365467030,2365769916,0,1210204475,113.7248,0.0,0.0,0.0,exact_compatible,ambiguous,2,0.97,0.97,0.0,single_id,MEDIUM,ambiguous
405,1210204475,113.7248,20.2719902,85.7838115,primary,2365467030,2365769916,0,1210204475,113.7248,0.0,0.0,0.0,exact_compatible,ambiguous,2,0.97,0.97,0.0,single_id,MEDIUM,ambiguous
406,"[279088748, 456959531, 1208986540, 264753949]",113.6703,20.2683695,85.8410177,secondary,11176575743,1051669679,0,"[279088748, 456959531, 1208986540, 264753949]",113.6703,0.0,0.0,1.0521,exact_compatible,clear,23,0.665313,0.992712,0.327399,connected_chain,HIGH,mapped
407,1210250347,113.5977,20.3088393,85.871728,trunk,3725590079,8169509566,0,1210250347,113.5977,0.0,0.0,0.0001,exact_compatible,clear,2,0.414543,0.999999,0.585456,single_id,HIGH,mapped
408,875007028,113.2417,20.2458068,85.8360564,secondary,8148598918,8144976336,0,875007028,113.2417,0.0,0.0,0.6747,exact_compatible,clear,6,0.51705,0.995309,0.478259,single_id,HIGH,mapped
409,279088748,113.0144,20.2656249,85.8395786,secondary,2999157392,2999157391,0,279088748,113.0144,0.0,0.0,0.0032,exact_compatible,clear,12,0.646018,0.999978,0.35396,single_id,HIGH,mapped
410,1208988379,113.0019,20.2761036,85.8257695,primary,293461291,8156864966,0,1208988379,113.0019,0.0,0.0,0.2687,exact_compatible,clear,8,0.67749,0.998124,0.320634,single_id,HIGH,mapped
411,1238285688,112.8804,20.2531698,85.8058426,secondary,3718134117,3730052116,0,1238285688,112.8804,0.0,0.0,0.1211,exact_compatible,clear,5,0.617279,0.999153,0.381874,single_id,HIGH,mapped
412,456959535,111.6966,20.2740984,85.8428591,secondary,10128190730,8151376713,0,456959535,111.6966,0.0,0.0,0.6528,exact_compatible,clear,9,0.676951,0.99546,0.318509,single_id,HIGH,mapped
413,300173742,110.9116,20.3287071,85.8209801,primary,3725777460,3725789806,0,300173742,110.9116,0.0,0.0,0.0017,exact_compatible,clear,12,0.628522,0.999988,0.371466,single_id,HIGH,mapped
414,279088743,110.6214,20.2658477,85.8304927,primary,293464894,2955635979,0,279088743,110.6214,0.0,0.0,0.0001,exact_compatible,clear,12,0.530725,0.999999,0.469274,single_id,HIGH,mapped
415,464283097,110.4976,20.2975946,85.8241115,primary,3722532411,3042737290,0,464283097,110.4976,0.0,0.0,0.022,exact_compatible,clear,6,0.697244,0.999846,0.302603,single_id,HIGH,mapped
416,1212991822,107.8009,20.2603566,85.7873648,secondary,4713176938,4713176922,0,1212991822,107.8009,0.0,0.0,0.0558,exact_compatible,ambiguous,8,0.96961,0.96961,0.0,single_id,MEDIUM,ambiguous
417,1212991822,107.8009,20.2603566,85.7873648,secondary,4713176938,4713176922,0,1212991822,107.8009,0.0,0.0,0.0558,exact_compatible,ambiguous,8,0.96961,0.96961,0.0,single_id,MEDIUM,ambiguous
418,40016878,107.4495,20.2889305,85.8574886,primary,4719769348,9833884594,0,40016878,107.4495,0.0,0.0,0.0,exact_compatible,clear,11,0.535667,1.0,0.464333,single_id,HIGH,mapped
419,279088748,107.0904,20.2629041,85.8378328,secondary,2999157408,2999157398,0,279088748,107.0904,0.0,0.0,0.001,exact_compatible,clear,12,0.669988,0.999993,0.330005,single_id,HIGH,mapped
420,300173739,106.6165,20.2998048,85.8235335,primary,3722532540,3042737280,0,300173739,106.6165,0.0,0.0,0.0012,exact_compatible,clear,15,0.587646,0.999992,0.412345,single_id,HIGH,mapped
421,364407163,106.3049,20.2304255,85.8152802,secondary,8105649904,3719483230,0,364407163,106.3049,0.0,0.0,0.6811,exact_compatible,ambiguous,22,0.965265,0.965265,0.0,single_id,MEDIUM,ambiguous
422,364407163,106.3049,20.2304255,85.8152802,secondary,8105649904,3719483230,0,364407163,106.3049,0.0,0.0,0.6811,exact_compatible,ambiguous,22,0.965265,0.965265,0.0,single_id,MEDIUM,ambiguous
423,1352928435,106.1244,20.354385,85.8074926,primary,10116085882,8146129652,0,1352928435,106.1244,0.0,0.0,0.0147,exact_compatible,clear,2,0.403045,0.999897,0.596852,single_id,HIGH,mapped
424,464283097,105.7797,20.2965112,85.8244313,primary,2277623798,11001108947,0,464283097,105.7797,0.0,0.0,0.0197,exact_compatible,clear,6,0.701234,0.999862,0.298628,single_id,HIGH,mapped
425,865024248,105.4895,20.2831862,85.7818521,primary,11968828659,9896844093,0,865024248,105.4895,0.0,0.0,0.0072,exact_compatible,clear,29,0.639991,0.99995,0.359959,single_id,HIGH,mapped
426,1089369693,105.2718,20.2598428,85.7882197,secondary,4713176922,9979039307,0,1089369693,105.2718,0.0,0.0,0.1473,exact_compatible,clear,2,0.45704,0.99897,0.541931,single_id,HIGH,mapped
427,1141889036,104.5778,20.2553937,85.840385,primary,9923995138,293463471,0,1141889036,165.6125,61.0347,58.3629,1.0191,exact_compatible,clear,14,0.551368,0.710949,0.159581,single_id,LOW,ambiguous
428,880027169,104.3986,20.2953281,85.8334583,secondary,293464690,8166899537,0,880027169,104.3986,0.0,0.0,0.0,exact_compatible,ambiguous,8,0.97,0.97,0.0,single_id,MEDIUM,ambiguous
429,880027169,104.3986,20.2953281,85.8334583,secondary,293464690,8166899537,0,880027169,104.3986,0.0,0.0,0.0,exact_compatible,ambiguous,8,0.97,0.97,0.0,single_id,MEDIUM,ambiguous
430,464260872,104.2795,20.2153831,85.8547861,trunk,4714939537,8141472721,0,464260872,104.2795,0.0,0.0,0.33,exact_compatible,clear,6,0.680323,0.997698,0.317375,single_id,HIGH,mapped
431,865024248,104.2224,20.2948033,85.7803796,primary,11968828661,3724390838,0,865024248,104.2224,0.0,0.0,0.3347,exact_compatible,clear,29,0.639991,0.997665,0.357674,single_id,HIGH,mapped
432,"[219116708, 478371821]",104.1847,20.2639548,85.8457907,primary,4715979375,4719689703,0,"[219116708, 478371821]",104.1847,0.0,0.0,0.0007,exact_compatible,clear,11,0.60383,0.999995,0.396165,connected_chain,HIGH,mapped
433,264753949,103.9381,20.2725875,85.8425569,secondary,4714938952,2928864953,0,264753949,103.9381,0.0,0.0,0.0,exact_compatible,clear,12,0.663661,1.0,0.336339,single_id,HIGH,mapped
434,"[1238285688, 1238285689]",103.3046,20.2537452,85.8043955,secondary,3718134122,8124118501,0,"[1238285688, 1238285689]",103.3046,0.0,0.0,0.2998,exact_compatible,clear,7,0.620709,0.997908,0.377198,connected_chain,HIGH,mapped
435,1208988381,103.2362,20.2804669,85.835175,secondary,8157424472,8157424470,0,1208988381,103.2362,0.0,0.0,0.1239,exact_compatible,clear,3,0.576644,0.999134,0.42249,single_id,HIGH,mapped
436,746487579,102.7074,20.2945804,85.8421106,secondary,293455110,293454248,0,746487579,102.7074,0.0,0.0,0.0,exact_compatible,clear,9,0.670263,1.0,0.329737,single_id,HIGH,mapped
437,1013619972,102.6243,20.2779923,85.8430758,secondary,2703797732,2703797734,0,1013619972,102.6243,0.0,0.0,0.0607,exact_compatible,clear,1,0.0,0.999575,0.999575,single_id,HIGH,mapped
438,367932805,102.477,20.2446158,85.8405811,secondary,293463599,293463318,0,367932805,102.477,0.0,0.0,0.0001,exact_compatible,ambiguous,22,0.969999,0.969999,0.0,single_id,MEDIUM,ambiguous
439,367932805,102.477,20.2446158,85.8405811,secondary,293463599,293463318,0,367932805,102.477,0.0,0.0,0.0001,exact_compatible,ambiguous,22,0.969999,0.969999,0.0,single_id,MEDIUM,ambiguous
440,880075594,102.3731,20.2734414,85.8512212,primary,3719618337,4719693651,0,880075594,102.3731,0.0,0.0,0.0001,exact_compatible,clear,9,0.50713,1.0,0.49287,single_id,HIGH,mapped
441,"[1210277736, 870242503, 870242504]",101.5932,20.2931189,85.8717603,trunk,8140701167,8140750597,0,"[1210277736, 870242503, 870242504]",101.5932,0.0,0.0,0.0238,exact_compatible,clear,10,0.586001,0.999833,0.413833,connected_chain,HIGH,mapped
442,746487579,101.5382,20.2870457,85.8431196,secondary,9911548099,299492240,0,746487579,101.5382,0.0,0.0,0.0,exact_compatible,clear,9,0.640755,1.0,0.359245,single_id,HIGH,mapped
443,1208791977,100.9367,20.3415525,85.8226708,primary,4594183934,4594183939,0,1208791977,100.9367,0.0,0.0,0.0,exact_compatible,clear,5,0.490264,1.0,0.509736,single_id,HIGH,mapped
444,1210205481,100.732,20.2446071,85.8468746,secondary,8144958902,8144958906,0,1210205481,100.732,0.0,0.0,0.0089,exact_compatible,clear,6,0.711781,0.999938,0.288157,single_id,HIGH,mapped
445,26754165,100.7107,20.2698211,85.822788,primary,293464998,293464993,0,26754165,100.7107,0.0,0.0,0.0001,exact_compatible,clear,5,0.715372,0.999999,0.284628,single_id,HIGH,mapped
446,"[875004051, 869974598, 1427941135]",100.4714,20.2423607,85.8573503,secondary,13127794959,3716311230,0,"[875004051, 869974598, 1427941135]",100.4714,0.0,0.0,2.7686,exact_compatible,ambiguous,6,0.951147,0.951147,0.0,connected_chain,MEDIUM,ambiguous
447,"[875004051, 869974598, 1427941135]",100.4714,20.2423607,85.8573503,secondary,3716311230,13127794959,0,"[875004051, 869974598, 1427941135]",100.4714,0.0,0.0,2.7686,exact_compatible,ambiguous,6,0.951147,0.951147,0.0,connected_chain,MEDIUM,ambiguous
448,1208795201,100.1057,20.3485452,85.8250174,primary,3727011926,4594188520,0,1208795201,100.1057,0.0,0.0,0.0277,exact_compatible,clear,12,0.501735,0.999806,0.498072,single_id,HIGH,mapped
449,876451409,99.7309,20.358895,85.8279378,primary,3727013278,6609242520,0,876451409,99.7309,0.0,0.0,0.2954,exact_compatible,clear,14,0.611438,0.997938,0.3865,single_id,HIGH,mapped
450,279088748,99.6448,20.2674993,85.8405914,secondary,1051669679,7242312106,0,279088748,99.6448,0.0,0.0,0.1964,exact_compatible,clear,12,0.681803,0.998628,0.316824,single_id,HIGH,mapped
451,1208785492,99.3219,20.3237478,85.8204719,primary,3725790736,6604339619,0,1208785492,99.3219,0.0,0.0,0.0799,exact_compatible,clear,4,0.556917,0.999441,0.442524,single_id,HIGH,mapped
452,876134933,99.2485,20.3143673,85.8255823,secondary,10232859317,8154498082,0,876134933,99.2485,0.0,0.0,0.0108,exact_compatible,clear,8,0.637752,0.999925,0.362173,single_id,HIGH,mapped
453,874056882,98.2908,20.3560516,85.8275778,primary,4594197585,4594197584,0,874056882,98.2908,0.0,0.0,0.6153,exact_compatible,clear,17,0.652155,0.995719,0.343564,single_id,HIGH,mapped
454,"[1210277737, 873398450, 873398461]",98.2663,20.2363997,85.8607861,trunk,8133556950,12832929442,0,"[1210277737, 873398450, 873398461]",98.2663,0.0,0.0,0.1808,exact_compatible,clear,2,0.383722,0.998737,0.615015,connected_chain,HIGH,mapped
455,478371821,98.0523,20.2709956,85.849785,primary,4720133094,4720132984,0,478371821,98.0523,0.0,0.0,0.0001,exact_compatible,clear,11,0.683533,1.0,0.316467,single_id,HIGH,mapped
456,1208791971,97.7658,20.3494301,85.8252312,primary,3726926583,10629571056,0,1208791971,97.7658,0.0,0.0,0.1749,exact_compatible,clear,17,0.733837,0.998778,0.26494,single_id,HIGH,mapped
457,1203852633,97.4746,20.3348222,85.8218879,primary,4594183924,4594181070,0,1203852633,97.4746,0.0,0.0,0.0834,exact_compatible,clear,5,0.613027,0.999417,0.38639,single_id,HIGH,mapped
458,456959535,97.1018,20.2775025,85.8435039,secondary,293457276,2703797732,0,456959535,97.1018,0.0,0.0,0.0233,exact_compatible,clear,9,0.549241,0.999837,0.450596,single_id,HIGH,mapped
459,875004054,97.0906,20.2448184,85.8445568,secondary,3714709080,3717989214,0,875004054,97.0906,0.0,0.0,0.7098,exact_compatible,clear,5,0.637159,0.995067,0.357908,single_id,HIGH,mapped
460,874159869,97.0144,20.3543324,85.8084647,primary,9832455554,10116085882,0,874159869,97.0144,0.0,0.0,0.0125,exact_compatible,clear,2,0.390442,0.999913,0.60947,single_id,HIGH,mapped
461,312566658,96.5419,20.3543969,85.8084723,primary,8146129661,9832455553,0,312566658,96.5419,0.0,0.0,0.0005,exact_compatible,clear,2,0.391121,0.999996,0.608875,single_id,HIGH,mapped
462,1210205483,96.2147,20.2442059,85.8497079,secondary,8145127248,3714709032,0,1210205483,96.2147,0.0,0.0,0.0552,exact_compatible,clear,8,0.749466,0.999614,0.250148,single_id,HIGH,mapped
463,26754165,95.8197,20.2692704,85.824515,primary,10578971213,10578971202,0,26754165,95.8197,0.0,0.0,0.1624,exact_compatible,clear,5,0.756587,0.998865,0.242278,single_id,HIGH,mapped
464,870242502,95.6692,20.2969417,85.8712027,trunk,8141521552,8141521568,0,870242502,95.6692,0.0,0.0,0.0595,exact_compatible,clear,5,0.46338,0.999583,0.536203,single_id,HIGH,mapped
465,1210205480,95.5129,20.2440783,85.8511173,secondary,8144958913,8144958915,0,1210205480,95.5129,0.0,0.0,0.104,exact_compatible,clear,2,0.527672,0.999273,0.471601,single_id,HIGH,mapped
466,368721302,95.5003,20.3430335,85.8131946,primary,6950332807,6604456764,0,368721302,95.5003,0.0,0.0,0.4287,exact_compatible,clear,5,0.476621,0.997012,0.520391,single_id,HIGH,mapped
467,90617087,95.3722,20.241603,85.8098965,secondary,3711673309,3711679014,0,90617087,95.3722,0.0,0.0,0.0,exact_compatible,clear,11,0.600435,1.0,0.399565,single_id,HIGH,mapped
468,464650413,95.3575,20.2719353,85.8234859,primary,293464970,293464966,0,464650413,95.3575,0.0,0.0,0.0405,exact_compatible,clear,6,0.738288,0.999716,0.261428,single_id,HIGH,mapped
469,879562787,95.2902,20.2784431,85.843811,secondary,2703793342,2955625538,0,879562787,95.2902,0.0,0.0,0.0083,exact_compatible,clear,8,0.523618,0.999942,0.476324,single_id,HIGH,mapped
470,219116706,95.1558,20.2153011,85.8530429,primary,4714938984,2283167579,0,219116706,95.1558,0.0,0.0,1.784,exact_compatible,clear,4,0.676589,0.987732,0.311144,single_id,HIGH,mapped
471,300173742,95.0978,20.3267337,85.8207286,primary,11189778457,3725789369,0,300173742,95.0978,0.0,0.0,0.0,exact_compatible,clear,12,0.7431,1.0,0.2569,single_id,HIGH,mapped
472,1208986526,95.086,20.3301636,85.8212844,primary,6605237341,4594181067,0,1208986526,95.086,0.0,0.0,0.0,exact_compatible,clear,3,0.428538,1.0,0.571462,single_id,HIGH,mapped
473,865024248,94.5761,20.302402,85.781011,primary,3724390947,11968828666,0,865024248,94.5761,0.0,0.0,0.0835,exact_compatible,clear,29,0.59402,0.999416,0.405396,single_id,HIGH,mapped
474,367555141,94.4254,20.2438257,85.8539811,secondary,3714708555,3714708563,0,367555141,94.4254,0.0,0.0,0.196,exact_compatible,clear,10,0.598452,0.998631,0.400179,single_id,HIGH,mapped
475,368729170,94.2967,20.3424903,85.8216111,primary,9756374292,6604385663,0,368729170,94.2967,0.0,0.0,0.0001,exact_compatible,clear,6,0.675208,1.0,0.324791,single_id,HIGH,mapped
476,"[1209433720, 44949028]",94.2034,20.2945402,85.8573857,primary,8141910054,2277422474,0,"[1209433720, 44949028]",94.2034,0.0,0.0,1.1654,exact_compatible,clear,1,0.0,0.991937,0.991937,connected_chain,HIGH,mapped
477,879562788,94.0185,20.2784537,85.843649,secondary,293463159,2955625544,0,879562788,94.0185,0.0,0.0,0.0,exact_compatible,clear,7,0.612009,1.0,0.387991,single_id,HIGH,mapped
478,1210277736,92.772,20.2899841,85.8725736,trunk,4593964306,3725560599,0,1210277736,92.772,0.0,0.0,0.0,exact_compatible,clear,4,0.586065,1.0,0.413935,single_id,HIGH,mapped
479,1069546783,92.5553,20.2963881,85.8333477,secondary,2841407758,9816859457,0,1069546783,92.5553,0.0,0.0,0.0132,exact_compatible,clear,1,0.0,0.999908,0.999908,single_id,HIGH,mapped
480,875119268,92.4747,20.3535227,85.8230116,secondary,3726941215,8145704185,0,875119268,92.4747,0.0,0.0,0.0006,exact_compatible,ambiguous,36,0.969996,0.969996,0.0,single_id,MEDIUM,ambiguous
481,875119268,92.4747,20.3535227,85.8230116,secondary,3726941215,8145704185,0,875119268,92.4747,0.0,0.0,0.0006,exact_compatible,ambiguous,36,0.969996,0.969996,0.0,single_id,MEDIUM,ambiguous
482,1069546779,92.4073,20.2932424,85.8337525,secondary,293464723,8166899540,0,1069546779,92.4073,0.0,0.0,0.0,exact_compatible,ambiguous,22,0.97,0.97,0.0,single_id,MEDIUM,ambiguous
483,1069546779,92.4073,20.2932424,85.8337525,secondary,293464723,8166899540,0,1069546779,92.4073,0.0,0.0,0.0,exact_compatible,ambiguous,22,0.97,0.97,0.0,single_id,MEDIUM,ambiguous
484,26754165,92.2376,20.2695703,85.8236724,primary,10578971202,293464998,0,26754165,92.2376,0.0,0.0,0.1216,exact_compatible,clear,5,0.761399,0.99915,0.23775,single_id,HIGH,mapped
485,367932805,91.8551,20.2446156,85.8396499,secondary,293463318,293463316,0,367932805,91.8551,0.0,0.0,0.3899,exact_compatible,ambiguous,22,0.967282,0.967282,0.0,single_id,MEDIUM,ambiguous
486,367932805,91.8551,20.2446156,85.8396499,secondary,293463318,293463316,0,367932805,91.8551,0.0,0.0,0.3899,exact_compatible,ambiguous,22,0.967282,0.967282,0.0,single_id,MEDIUM,ambiguous
487,876418713,91.828,20.2730116,85.8327659,secondary,293461281,11613566804,0,876418713,91.828,0.0,0.0,0.0001,exact_compatible,ambiguous,12,0.97,0.97,0.0,single_id,MEDIUM,ambiguous
488,876418713,91.828,20.2730116,85.8327659,secondary,293461281,11613566804,0,876418713,91.828,0.0,0.0,0.0001,exact_compatible,ambiguous,12,0.97,0.97,0.0,single_id,MEDIUM,ambiguous
489,1210205483,91.7574,20.2443123,85.8488144,secondary,3714709032,3714709041,0,1210205483,91.7574,0.0,0.0,0.0083,exact_compatible,clear,8,0.755547,0.999942,0.244395,single_id,HIGH,mapped
490,875119268,91.7346,20.3540124,85.814334,secondary,8145903101,6965369868,0,875119268,91.7346,0.0,0.0,0.0001,exact_compatible,ambiguous,36,0.97,0.97,0.0,single_id,MEDIUM,ambiguous
491,875119268,91.7346,20.3540124,85.814334,secondary,8145903101,6965369868,0,875119268,91.7346,0.0,0.0,0.0001,exact_compatible,ambiguous,36,0.97,0.97,0.0,single_id,MEDIUM,ambiguous
492,1210205481,91.7315,20.2444934,85.847789,secondary,8144958906,8144958908,0,1210205481,91.7315,0.0,0.0,0.0341,exact_compatible,clear,6,0.723811,0.999761,0.27595,single_id,HIGH,mapped
493,478254522,91.3802,20.2782608,85.8406662,secondary,8151182351,8151182352,0,478254522,320.7847,229.4045,251.044,0.1834,exact_compatible,clear,5,0.499824,0.602788,0.102964,single_id,LOW,ambiguous
494,1208791971,91.3248,20.3486208,85.824953,primary,3726926564,3726926583,0,1208791971,91.3248,0.0,0.0,0.0139,exact_compatible,clear,17,0.7426,0.999903,0.257303,single_id,HIGH,mapped
495,1203852633,91.1567,20.3328446,85.82162,primary,4594181068,6166520809,0,1203852633,91.1567,0.0,0.0,0.0192,exact_compatible,clear,5,0.613709,0.999866,0.386157,single_id,HIGH,mapped
496,1209072902,89.8484,20.261059,85.8363195,secondary,7128108987,293462776,0,1209072902,89.8484,0.0,0.0,0.0001,exact_compatible,clear,11,0.60598,1.0,0.394019,single_id,HIGH,mapped
497,874056882,89.5711,20.3549352,85.8272657,primary,4594197583,4594259889,0,874056882,89.5711,0.0,0.0,0.0834,exact_compatible,clear,17,0.65789,0.999417,0.341527,single_id,HIGH,mapped
498,478371821,89.5462,20.2673362,85.8478349,primary,4719689711,4719689709,0,478371821,89.5462,0.0,0.0,0.0,exact_compatible,clear,11,0.671109,1.0,0.32889,single_id,HIGH,mapped
499,300173742,89.4521,20.3275582,85.8208298,primary,3725789369,3725789405,0,300173742,89.4521,0.0,0.0,0.0,exact_compatible,clear,12,0.75095,1.0,0.249049,single_id,HIGH,mapped
500,1208491982,89.358,20.3541846,85.8121583,primary,3184375377,8145903096,0,1208491982,89.358,0.0,0.0,0.1966,exact_compatible,clear,1,0.0,0.998626,0.998626,single_id,HIGH,mapped
501,1141889032,89.2891,20.2450227,85.8410924,primary,293463599,293463328,0,1141889032,89.2891,0.0,0.0,0.0,exact_compatible,clear,6,0.748474,1.0,0.251526,single_id,HIGH,mapped
502,464650413,89.1213,20.2726338,85.8239621,primary,293464966,293464962,0,464650413,89.1213,0.0,0.0,0.1635,exact_compatible,clear,6,0.747178,0.998858,0.251679,single_id,HIGH,mapped
503,26754165,89.0882,20.2689439,85.8253298,primary,10578971222,10578971213,0,26754165,89.0882,0.0,0.0,0.197,exact_compatible,clear,5,0.743285,0.998624,0.255339,single_id,HIGH,mapped
504,879562788,89.028,20.2838165,85.8435712,secondary,293463063,10110997385,0,879562788,89.028,0.0,0.0,0.0249,exact_compatible,clear,7,0.61201,0.999826,0.387816,single_id,HIGH,mapped
505,1209009346,88.8291,20.3004227,85.8632992,trunk,13108436166,3722327657,0,1209009346,88.8291,0.0,0.0,0.0001,exact_compatible,clear,2,0.55349,0.999999,0.446509,single_id,HIGH,mapped
506,272996689,88.7453,20.2618477,85.7858229,secondary,2365788091,2896971932,0,272996689,88.7453,0.0,0.0,0.1493,exact_compatible,ambiguous,4,0.968956,0.968956,0.0,single_id,MEDIUM,ambiguous
507,272996689,88.7453,20.2618477,85.7858229,secondary,2365788091,2896971932,0,272996689,88.7453,0.0,0.0,0.1493,exact_compatible,ambiguous,4,0.968956,0.968956,0.0,single_id,MEDIUM,ambiguous
508,1208785497,88.741,20.3541334,85.8121586,primary,8145903096,8138308753,0,1208785497,88.741,0.0,0.0,0.202,exact_compatible,clear,1,0.0,0.998589,0.998589,single_id,HIGH,mapped
509,264753949,88.721,20.2744574,85.8430927,secondary,2703793345,3719506243,0,264753949,88.721,0.0,0.0,0.0,exact_compatible,clear,12,0.766512,1.0,0.233488,single_id,HIGH,mapped
510,90617087,88.7045,20.2381813,85.8105452,secondary,293464276,8099252001,0,90617087,88.7045,0.0,0.0,0.2,exact_compatible,clear,11,0.696027,0.998603,0.302576,single_id,HIGH,mapped
511,478254539,88.6516,20.2193884,85.8483479,primary,4801496565,7128018274,0,478254539,88.6516,0.0,0.0,0.0026,exact_compatible,clear,10,0.57056,0.999982,0.429422,single_id,HIGH,mapped
512,300173742,88.5815,20.3320421,85.8214151,primary,3725790135,3725777494,0,300173742,88.5815,0.0,0.0,0.0962,exact_compatible,clear,12,0.643134,0.999327,0.356193,single_id,HIGH,mapped
513,264753949,87.7454,20.2717575,85.8423095,secondary,2928864953,2928864946,0,264753949,87.7454,0.0,0.0,0.0,exact_compatible,clear,12,0.685426,1.0,0.314574,single_id,HIGH,mapped
514,1069546778,87.7395,20.2821904,85.8352303,secondary,10171484519,8166852641,0,1069546778,87.7395,0.0,0.0,0.2253,exact_compatible,clear,10,0.777629,0.998426,0.220798,single_id,HIGH,mapped
515,874459840,87.6941,20.2798961,85.8548546,primary,2703784888,4720174504,0,874459840,87.6941,0.0,0.0,0.0,exact_compatible,clear,13,0.67265,1.0,0.327349,single_id,HIGH,mapped
516,1069546779,87.6912,20.2898837,85.8342226,secondary,293464760,293464758,0,1069546779,87.6912,0.0,0.0,0.0,exact_compatible,ambiguous,22,0.97,0.97,0.0,single_id,MEDIUM,ambiguous
517,1069546779,87.6912,20.2898837,85.8342226,secondary,293464760,293464758,0,1069546779,87.6912,0.0,0.0,0.0,exact_compatible,ambiguous,22,0.97,0.97,0.0,single_id,MEDIUM,ambiguous
518,292410140,87.2124,20.3016804,85.8645597,trunk,13108436171,13108436169,0,292410140,87.2124,0.0,0.0,0.103,exact_compatible,clear,4,0.63397,0.99928,0.365309,single_id,HIGH,mapped
519,1209433713,87.1663,20.2450242,85.8411861,primary,7214193059,4723475967,0,1209433713,87.1663,0.0,0.0,0.3961,exact_compatible,clear,1,0.0,0.997239,0.997239,single_id,HIGH,mapped
520,865024248,87.0379,20.2931456,85.7804412,primary,3724390734,3724390760,0,865024248,87.0379,0.0,0.0,0.5099,exact_compatible,clear,29,0.683708,0.996449,0.312741,single_id,HIGH,mapped
521,230574632,86.9254,20.2661078,85.7846102,primary,8184439492,2534722967,0,230574632,86.9254,0.0,0.0,0.1854,exact_compatible,clear,5,0.753746,0.998705,0.244959,single_id,HIGH,mapped
522,1208988379,86.7433,20.2769606,85.826056,primary,8163267506,293461291,0,1208988379,86.7433,0.0,0.0,0.1071,exact_compatible,clear,8,0.634128,0.999251,0.365123,single_id,HIGH,mapped
523,875119268,86.7402,20.3539579,85.8151881,secondary,8145903101,3184375374,0,875119268,86.7402,0.0,0.0,0.0001,exact_compatible,ambiguous,36,0.97,0.97,0.0,single_id,MEDIUM,ambiguous
524,875119268,86.7402,20.3539579,85.8151881,secondary,8145903101,3184375374,0,875119268,86.7402,0.0,0.0,0.0001,exact_compatible,ambiguous,36,0.97,0.97,0.0,single_id,MEDIUM,ambiguous
525,1069546779,86.6032,20.2924447,85.8338673,secondary,293464723,293464729,0,1069546779,86.6032,0.0,0.0,0.0,exact_compatible,ambiguous,22,0.97,0.97,0.0,single_id,MEDIUM,ambiguous
526,1069546779,86.6032,20.2924447,85.8338673,secondary,293464723,293464729,0,1069546779,86.6032,0.0,0.0,0.0,exact_compatible,ambiguous,22,0.97,0.97,0.0,single_id,MEDIUM,ambiguous
527,219116711,86.5443,20.2385049,85.8410876,primary,12201173657,3714705892,0,219116711,86.5443,0.0,0.0,0.0,exact_compatible,clear,2,0.497089,1.0,0.502911,single_id,HIGH,mapped
528,1210207764,86.1302,20.2587345,85.8420065,primary,4723479096,11012185762,0,1210207764,86.1302,0.0,0.0,0.0931,exact_compatible,clear,2,0.520475,0.999349,0.478874,single_id,HIGH,mapped
529,478254536,86.1296,20.2266331,85.8414586,primary,8124335699,4714962006,0,478254536,86.1296,0.0,0.0,0.7008,exact_compatible,clear,2,0.450822,0.995129,0.544307,single_id,HIGH,mapped
530,367932805,85.7117,20.2450252,85.8372507,secondary,10718627259,293463308,0,367932805,85.7117,0.0,0.0,0.0001,exact_compatible,ambiguous,22,0.97,0.97,0.0,single_id,MEDIUM,ambiguous
531,367932805,85.7117,20.2450252,85.8372507,secondary,10718627259,293463308,0,367932805,85.7117,0.0,0.0,0.0001,exact_compatible,ambiguous,22,0.97,0.97,0.0,single_id,MEDIUM,ambiguous
532,466839445,85.6694,20.2814111,85.835282,secondary,293464865,8153698620,0,466839445,85.6694,0.0,0.0,0.0042,exact_compatible,clear,14,0.558369,0.99997,0.441601,single_id,HIGH,mapped
533,478811049,85.4876,20.2555525,85.865293,trunk,11936495262,8105566319,0,478811049,85.4876,0.0,0.0,0.0629,exact_compatible,clear,8,0.597976,0.99956,0.401584,single_id,HIGH,mapped
534,1238285689,85.4148,20.2546169,85.8021452,secondary,3706277268,3706276768,0,1238285689,85.4148,0.0,0.0,0.0266,exact_compatible,clear,3,0.535785,0.999814,0.464029,single_id,HIGH,mapped
535,1069546778,85.3649,20.2814123,85.8352183,secondary,8157424469,10171484519,0,1069546778,85.3649,0.0,0.0,0.0478,exact_compatible,clear,10,0.781089,0.999665,0.218577,single_id,HIGH,mapped
536,"[880027168, 880027169, 1069546779]",85.1634,20.2943791,85.8335945,secondary,8166852630,293464703,0,"[880027168, 880027169, 1069546779]",85.1634,0.0,0.0,0.1839,exact_compatible,ambiguous,28,0.968715,0.968715,0.0,connected_chain,MEDIUM,ambiguous
537,"[880027168, 880027169, 1069546779]",85.1634,20.2943791,85.8335945,secondary,8166852630,293464703,0,"[880027168, 880027169, 1069546779]",85.1634,0.0,0.0,0.1839,exact_compatible,ambiguous,28,0.968715,0.968715,0.0,connected_chain,MEDIUM,ambiguous
538,264753949,85.0699,20.2736996,85.8428898,secondary,3719506243,8151533567,0,264753949,85.0699,0.0,0.0,0.0181,exact_compatible,clear,12,0.771856,0.999874,0.228018,single_id,HIGH,mapped
539,1141889036,84.9463,20.2527834,85.8410971,primary,8145212885,293463370,0,1141889036,84.9463,0.0,0.0,0.0,exact_compatible,clear,14,0.682641,1.0,0.317359,single_id,HIGH,mapped
540,464650412,84.6716,20.2840545,85.8268371,primary,12525781148,6949998010,0,464650412,84.6716,0.0,0.0,0.1706,exact_compatible,clear,7,0.571684,0.998808,0.427124,single_id,HIGH,mapped
541,1141889033,84.4375,20.2472736,85.8412665,primary,4721810599,4721810602,0,1141889033,84.4375,0.0,0.0,0.0391,exact_compatible,clear,5,0.634381,0.999727,0.365346,single_id,HIGH,mapped
542,466615091,84.4287,20.2748717,85.8518015,primary,4720203899,4720203904,0,466615091,84.4287,0.0,0.0,0.099,exact_compatible,clear,10,0.529259,0.999308,0.470049,single_id,HIGH,mapped
543,"[1210211832, 762822066, 478257595]",84.2311,20.2379256,85.8411981,primary,7128063636,8127682909,0,"[1210211832, 762822066, 478257595]",84.2311,0.0,0.0,0.0463,exact_compatible,clear,4,0.673777,0.999676,0.325899,connected_chain,HIGH,mapped
544,776295454,84.1039,20.2572465,85.7951834,secondary,3706277449,3706277440,0,776295454,84.1039,0.0,0.0,0.0001,exact_compatible,ambiguous,14,0.97,0.97,0.0,single_id,MEDIUM,ambiguous
545,776295454,84.1039,20.2572465,85.7951834,secondary,3706277449,3706277440,0,776295454,84.1039,0.0,0.0,0.0001,exact_compatible,ambiguous,14,0.97,0.97,0.0,single_id,MEDIUM,ambiguous
546,478371821,83.9675,20.271724,85.8501828,primary,4720132984,3719620476,0,478371821,83.9675,0.0,0.0,0.0,exact_compatible,clear,11,0.703371,1.0,0.296629,single_id,HIGH,mapped
547,"[196857002, 1393752820]",83.9466,20.3153499,85.8783617,trunk,2277412721,2277412722,0,"[196857002, 1393752820]",83.9466,0.0,0.0,1.3301,exact_compatible,clear,2,0.401361,0.990812,0.589451,connected_chain,HIGH,mapped
548,746487577,83.7257,20.290372,85.8428303,secondary,2704039246,2704039245,0,746487577,83.7257,0.0,0.0,0.0,exact_compatible,clear,8,0.648847,1.0,0.351153,single_id,HIGH,mapped
549,"[1141889032, 1141889036]",83.4145,20.248095,85.8411904,primary,8145212878,293463346,0,"[1141889032, 1141889036]",83.4145,0.0,0.0,0.1671,exact_compatible,clear,19,0.655939,0.998832,0.342893,connected_chain,HIGH,mapped
550,1141889032,83.2613,20.245798,85.8411207,primary,293463328,10593858513,0,1141889032,83.2613,0.0,0.0,0.1007,exact_compatible,clear,6,0.785091,0.999296,0.214205,single_id,HIGH,mapped
551,865024248,82.9887,20.29979,85.7807369,primary,3724390916,8062776435,0,865024248,82.9887,0.0,0.0,0.0,exact_compatible,clear,29,0.618884,1.0,0.381116,single_id,HIGH,mapped
552,1208791971,82.6169,20.3428288,85.8229489,primary,3725763954,3726944828,0,1208791971,82.6169,0.0,0.0,0.2014,exact_compatible,clear,17,0.586067,0.998593,0.412526,single_id,HIGH,mapped
553,264753949,82.3663,20.2705058,85.8418728,secondary,2928864944,2928864940,0,264753949,82.3663,0.0,0.0,0.0,exact_compatible,clear,12,0.715927,1.0,0.284073,single_id,HIGH,mapped
554,1141889036,82.3374,20.2514247,85.841145,primary,293463350,293463358,0,1141889036,82.3374,0.0,0.0,0.1249,exact_compatible,clear,14,0.701724,0.999127,0.297402,single_id,HIGH,mapped
555,279088743,82.1165,20.2642409,85.8328092,primary,293464902,293464897,0,279088743,82.1165,0.0,0.0,0.0001,exact_compatible,clear,12,0.700519,1.0,0.29948,single_id,HIGH,mapped
556,746487577,81.8878,20.2922039,85.8425888,secondary,2704039248,2704039247,0,746487577,81.8878,0.0,0.0,0.0,exact_compatible,clear,8,0.655023,1.0,0.344977,single_id,HIGH,mapped
557,364407163,81.8597,20.2252799,85.812912,secondary,8099441580,8105648113,0,364407163,81.8597,0.0,0.0,0.6805,exact_compatible,ambiguous,22,0.965269,0.965269,0.0,single_id,MEDIUM,ambiguous
558,364407163,81.8597,20.2252799,85.812912,secondary,8099441580,8105648113,0,364407163,81.8597,0.0,0.0,0.6805,exact_compatible,ambiguous,22,0.965269,0.965269,0.0,single_id,MEDIUM,ambiguous
559,478257594,81.6643,20.2296727,85.8410768,primary,3714913947,293464343,0,478257594,81.6643,0.0,0.0,0.1676,exact_compatible,clear,10,0.586668,0.998828,0.41216,single_id,HIGH,mapped
560,875004049,81.3083,20.244903,85.844143,secondary,8144958892,8144958896,0,875004049,81.3083,0.0,0.0,0.4378,exact_compatible,clear,5,0.737068,0.996949,0.259881,single_id,HIGH,mapped
561,230574632,81.1542,20.2668591,85.784524,primary,2534722967,2443921877,0,230574632,81.1542,0.0,0.0,0.0,exact_compatible,clear,5,0.79533,1.0,0.20467,single_id,HIGH,mapped
562,1141889032,80.9953,20.2465361,85.8411488,primary,10593858513,293460223,0,1141889032,80.9953,0.0,0.0,0.0022,exact_compatible,clear,6,0.788565,0.999985,0.211419,single_id,HIGH,mapped
563,369195863,80.82,20.2539606,85.8051446,secondary,1051626824,3730052120,0,369195863,81.0491,0.2291,0.2835,0.361,exact_compatible,clear,1,0.0,0.995654,0.995654,single_id,HIGH,mapped
564,466600302,80.5615,20.26115,85.8369863,primary,293458231,2833450839,0,466600302,80.5615,0.0,0.0,0.0665,exact_compatible,clear,2,0.5573,0.999535,0.442235,single_id,HIGH,mapped
565,230574632,80.4493,20.2682931,85.7843401,primary,2390658877,2443921783,0,230574632,80.4493,0.0,0.0,0.0,exact_compatible,clear,5,0.801958,1.0,0.198042,single_id,HIGH,mapped
566,464650413,80.4077,20.2712905,85.8229994,primary,293464981,293464970,0,464650413,80.4077,0.0,0.0,0.0001,exact_compatible,clear,6,0.804993,0.999999,0.195006,single_id,HIGH,mapped
567,880075594,80.2789,20.2640281,85.8459928,primary,3719620255,4719689702,0,880075594,80.2789,0.0,0.0,0.1069,exact_compatible,clear,9,0.599561,0.999252,0.399691,single_id,HIGH,mapped
568,1069546779,80.2427,20.2906323,85.8341198,secondary,293464753,293464758,0,1069546779,80.2427,0.0,0.0,0.0512,exact_compatible,ambiguous,22,0.969642,0.969642,0.0,single_id,MEDIUM,ambiguous
569,1069546779,80.2427,20.2906323,85.8341198,secondary,293464758,293464753,0,1069546779,80.2427,0.0,0.0,0.0512,exact_compatible,ambiguous,22,0.969642,0.969642,0.0,single_id,MEDIUM,ambiguous
570,464650413,80.1637,20.2707143,85.822535,primary,293464989,293464981,0,464650413,80.1637,0.0,0.0,0.4692,exact_compatible,clear,6,0.805203,0.996731,0.191528,single_id,HIGH,mapped
571,230574632,79.7987,20.2675774,85.7844292,primary,2443921877,2390658877,0,230574632,79.7987,0.0,0.0,0.0,exact_compatible,clear,5,0.802977,1.0,0.197023,single_id,HIGH,mapped
572,280421141,79.6109,20.2750555,85.7951368,trunk,8182316403,12094771861,0,280421141,79.6109,0.0,0.0,0.8568,exact_compatible,clear,2,0.408284,0.994054,0.58577,single_id,HIGH,mapped
573,219116706,79.2322,20.2145783,85.8533616,primary,4714939533,4714938984,0,219116706,79.2322,0.0,0.0,0.2403,exact_compatible,clear,4,0.699905,0.998322,0.298417,single_id,HIGH,mapped
574,1189548648,79.1434,20.2632067,85.8452332,primary,8151238512,4715985518,0,1189548648,79.1434,0.0,0.0,0.5013,exact_compatible,clear,2,0.509263,0.996509,0.487246,single_id,HIGH,mapped
575,"[218508846, 1069546782]",78.6115,20.2963169,85.8332977,secondary,9816859457,8166899548,0,"[218508846, 1069546782]",78.6115,0.0,0.0,0.0833,exact_compatible,clear,2,0.524908,0.999417,0.474509,connected_chain,HIGH,mapped
576,26755988,78.5115,20.2714425,85.8340417,secondary,1051669950,8186428309,0,26755988,78.5115,0.0,0.0,0.0005,exact_compatible,ambiguous,6,0.969996,0.969996,0.0,single_id,MEDIUM,ambiguous
577,26755988,78.5115,20.2714425,85.8340417,secondary,1051669950,8186428309,0,26755988,78.5115,0.0,0.0,0.0005,exact_compatible,ambiguous,6,0.969996,0.969996,0.0,single_id,MEDIUM,ambiguous
578,1212991822,78.2476,20.2612266,85.7862728,secondary,2365788091,4713176934,0,1212991822,78.2476,0.0,0.0,0.5208,exact_compatible,ambiguous,8,0.966374,0.966374,0.0,single_id,MEDIUM,ambiguous
579,1212991822,78.2476,20.2612266,85.7862728,secondary,2365788091,4713176934,0,1212991822,78.2476,0.0,0.0,0.5208,exact_compatible,ambiguous,8,0.966374,0.966374,0.0,single_id,MEDIUM,ambiguous
580,368729170,78.0539,20.3423993,85.8224313,primary,293458410,9756374292,0,368729170,78.0539,0.0,0.0,0.609,exact_compatible,clear,6,0.699423,0.995763,0.29634,single_id,HIGH,mapped
581,876418712,78.0422,20.2754909,85.8259452,secondary,8156864966,8156864967,0,876418712,78.0422,0.0,0.0,0.2316,exact_compatible,clear,2,0.517411,0.998382,0.480972,single_id,HIGH,mapped
582,762822065,77.826,20.2297573,85.841198,primary,10635704868,7242936306,0,762822065,77.826,0.0,0.0,0.0696,exact_compatible,clear,11,0.776111,0.999513,0.223402,single_id,HIGH,mapped
583,26754699,77.6886,20.2782158,85.8416479,secondary,8151563183,293457075,0,26754699,77.6886,0.0,0.0,0.2826,exact_compatible,clear,6,0.6454,0.998027,0.352627,single_id,HIGH,mapped
584,230574625,77.6637,20.2557045,85.7998462,secondary,10115843783,3706277346,0,230574625,77.6637,0.0,0.0,0.5352,exact_compatible,clear,4,0.784651,0.996274,0.211622,single_id,HIGH,mapped
585,26764914,77.4575,20.2754286,85.8259204,secondary,8156864967,6986305647,0,26764914,77.4575,0.0,0.0,0.1918,exact_compatible,clear,2,0.521154,0.99866,0.477506,single_id,HIGH,mapped
586,876451409,77.3631,20.3620941,85.8284555,primary,3727013594,8145580981,0,876451409,77.3631,0.0,0.0,0.0,exact_compatible,clear,14,0.581088,1.0,0.418911,single_id,HIGH,mapped
587,26754699,77.1046,20.2787242,85.8370188,secondary,293457277,293457280,0,26754699,77.1046,0.0,0.0,0.0,exact_compatible,clear,6,0.6454,1.0,0.3546,single_id,HIGH,mapped
588,1141889037,77.0538,20.2518152,85.8412382,primary,4723212636,4723476352,0,1141889037,77.0538,0.0,0.0,0.1947,exact_compatible,clear,1,0.0,0.99864,0.99864,single_id,HIGH,mapped
589,26754491,76.8584,20.3129565,85.8302392,secondary,6944073198,9781361238,0,26754491,76.8584,0.0,0.0,0.0055,exact_compatible,clear,7,0.54695,0.999962,0.453012,single_id,HIGH,mapped
590,746487581,76.8176,20.310985,85.8340543,secondary,6944073200,10991919752,0,746487581,76.8176,0.0,0.0,0.0,exact_compatible,clear,6,0.715829,1.0,0.28417,single_id,HIGH,mapped
591,1209072902,76.6623,20.257803,85.8338287,secondary,293462770,293462769,0,1209072902,76.6623,0.0,0.0,0.0,exact_compatible,clear,11,0.680218,1.0,0.319782,single_id,HIGH,mapped
592,368729170,76.5123,20.3425747,85.8207968,primary,6604385663,3725763961,0,368729170,76.5123,0.0,0.0,0.0652,exact_compatible,clear,6,0.692965,0.999544,0.30658,single_id,HIGH,mapped
593,252236396,76.217,20.2587442,85.7906988,secondary,8124328157,3706277560,0,252236396,76.217,0.0,0.0,0.0,exact_compatible,clear,6,0.733073,1.0,0.266926,single_id,HIGH,mapped
594,456959535,76.0183,20.2692986,85.8412336,secondary,4531816332,8151182358,0,456959535,76.0183,0.0,0.0,0.0362,exact_compatible,clear,9,0.556573,0.999747,0.443174,single_id,HIGH,mapped
595,874459840,75.2715,20.2771145,85.8532532,primary,8151416225,5662504046,0,874459840,75.2715,0.0,0.0,0.0053,exact_compatible,clear,13,0.642903,0.999963,0.35706,single_id,HIGH,mapped
596,40016878,74.9334,20.2903195,85.8574428,primary,3722327255,4719771206,0,40016878,74.9334,0.0,0.0,0.0,exact_compatible,clear,11,0.733249,1.0,0.266751,single_id,HIGH,mapped
597,90617087,74.5434,20.2375483,85.8109361,secondary,6985772828,293464276,0,90617087,74.5434,0.0,0.0,0.0424,exact_compatible,clear,11,0.71769,0.999703,0.282014,single_id,HIGH,mapped
598,875004054,74.5271,20.2447491,85.8453752,secondary,8145297049,3714709080,0,875004054,74.5271,0.0,0.0,0.2506,exact_compatible,clear,5,0.670847,0.99825,0.327403,single_id,HIGH,mapped
599,230574625,74.2397,20.2559608,85.7991719,secondary,3706277346,8128279464,0,230574625,74.2397,0.0,0.0,0.2513,exact_compatible,clear,4,0.790009,0.998245,0.208236,single_id,HIGH,mapped
600,1208795201,73.9182,20.3524198,85.8263855,primary,4594197582,12535566548,0,1208795201,73.9182,0.0,0.0,0.0187,exact_compatible,clear,12,0.663937,0.999869,0.335932,single_id,HIGH,mapped
601,1209072902,73.7914,20.256329,85.8326981,secondary,293462766,293462759,0,1209072902,73.7914,0.0,0.0,0.0,exact_compatible,clear,11,0.790078,1.0,0.209922,single_id,HIGH,mapped
602,880075594,73.4584,20.2668265,85.8477077,primary,3719620306,8151182416,0,880075594,73.4584,0.0,0.0,0.0416,exact_compatible,clear,9,0.599591,0.999709,0.400119,single_id,HIGH,mapped
603,367932805,73.4254,20.2451972,85.8363825,secondary,293463307,10718627261,0,367932805,73.4254,0.0,0.0,0.0764,exact_compatible,ambiguous,22,0.969466,0.969466,0.0,single_id,MEDIUM,ambiguous
604,367932805,73.4254,20.2451972,85.8363825,secondary,10718627261,293463307,0,367932805,73.4254,0.0,0.0,0.0764,exact_compatible,ambiguous,22,0.969466,0.969466,0.0,single_id,MEDIUM,ambiguous
605,1208785492,73.2478,20.3217124,85.8203992,primary,4814206871,6947408065,0,1208785492,73.2478,0.0,0.0,0.0,exact_compatible,clear,4,0.523707,1.0,0.476293,single_id,HIGH,mapped
606,762822065,73.2217,20.2304364,85.84121,primary,4714962027,10635704868,0,762822065,73.2217,0.0,0.0,0.0285,exact_compatible,clear,11,0.783674,0.999801,0.216127,single_id,HIGH,mapped
607,478257594,73.0441,20.2346277,85.8411155,primary,10267000474,3714705622,0,478257594,73.0441,0.0,0.0,0.0,exact_compatible,clear,10,0.586669,1.0,0.413331,single_id,HIGH,mapped
608,252236395,72.9358,20.2590698,85.789864,secondary,9979039300,2583312049,0,252236395,72.9358,0.0,0.0,0.0536,exact_compatible,clear,6,0.593101,0.999625,0.406524,single_id,HIGH,mapped
609,464650413,72.808,20.273265,85.8243493,primary,293464962,4597354892,0,464650413,72.808,0.0,0.0,0.015,exact_compatible,clear,6,0.708067,0.999895,0.291828,single_id,HIGH,mapped
610,26755741,72.7619,20.2647424,85.7913348,trunk,2392383587,2277623507,0,26755741,72.7619,0.0,0.0,0.0,exact_compatible,clear,3,0.570559,1.0,0.429441,single_id,HIGH,mapped
611,252236396,72.6936,20.2590112,85.7898433,secondary,2583312041,9979039297,0,252236396,72.6936,0.0,0.0,0.0048,exact_compatible,clear,6,0.737034,0.999966,0.262932,single_id,HIGH,mapped
612,1210211832,72.3936,20.2370403,85.8412148,primary,7128063637,7128134805,0,1210211832,72.3936,0.0,0.0,0.0,exact_compatible,clear,3,0.679672,1.0,0.320328,single_id,HIGH,mapped
613,279088743,72.3426,20.2634836,85.8339334,primary,8153654900,293464907,0,279088743,72.3426,0.0,0.0,0.0,exact_compatible,clear,12,0.780331,1.0,0.219668,single_id,HIGH,mapped
614,1209433726,72.3294,20.2448511,85.8433536,secondary,8145212933,2408002052,0,1209433726,72.3294,0.0,0.0,0.0627,exact_compatible,ambiguous,10,0.969562,0.969562,0.0,single_id,MEDIUM,ambiguous
615,1209433726,72.3294,20.2448511,85.8433536,secondary,8145212933,2408002052,0,1209433726,72.3294,0.0,0.0,0.0627,exact_compatible,ambiguous,10,0.969562,0.969562,0.0,single_id,MEDIUM,ambiguous
616,1138034029,72.2414,20.2938021,85.8572641,primary,7127990460,8141910054,0,1138034029,72.2414,0.0,0.0,0.0877,exact_compatible,clear,2,0.488415,0.999387,0.510972,single_id,HIGH,mapped
617,1208491977,72.0876,20.3430999,85.8161954,primary,6604456763,3726939997,0,1208491977,72.0876,0.0,0.0,0.0,exact_compatible,clear,2,0.475068,1.0,0.524931,single_id,HIGH,mapped
618,875004049,71.9128,20.244872,85.8448739,secondary,8144958896,8144958898,0,875004049,71.9128,0.0,0.0,0.1544,exact_compatible,clear,5,0.751848,0.998921,0.247073,single_id,HIGH,mapped
619,300173742,71.844,20.3309205,85.8212721,primary,6605237342,3725789996,0,300173742,71.844,0.0,0.0,0.0,exact_compatible,clear,12,0.65688,1.0,0.34312,single_id,HIGH,mapped
620,478371821,71.3031,20.2679831,85.8481798,primary,4719689709,3719620426,0,478371821,71.3031,0.0,0.0,0.0,exact_compatible,clear,11,0.699682,1.0,0.300318,single_id,HIGH,mapped
621,1069546778,70.7013,20.2829012,85.8351894,secondary,8166852641,8166852655,0,1069546778,70.7013,0.0,0.0,0.5286,exact_compatible,clear,10,0.707675,0.99632,0.288644,single_id,HIGH,mapped
622,746487579,70.404,20.2953539,85.8420173,secondary,293454248,293455281,0,746487579,70.404,0.0,0.0,0.0103,exact_compatible,clear,9,0.633297,0.999928,0.366631,single_id,HIGH,mapped
623,865024248,70.3509,20.2924419,85.7805197,primary,3724390516,3724390734,0,865024248,70.3509,0.0,0.0,0.0903,exact_compatible,clear,29,0.710235,0.999368,0.289134,single_id,HIGH,mapped
624,300173742,70.3393,20.3259391,85.8206253,primary,3725827504,293466245,0,300173742,70.3393,0.0,0.0,0.0002,exact_compatible,clear,12,0.647062,0.999999,0.352937,single_id,HIGH,mapped
625,1209072902,70.2198,20.2568583,85.8330957,secondary,293462767,293462766,0,1209072902,70.2198,0.0,0.0,0.0,exact_compatible,clear,11,0.796179,1.0,0.203821,single_id,HIGH,mapped
626,746487559,70.2145,20.2605948,85.8434901,primary,293460950,9923821126,0,746487559,70.2145,0.0,0.0,0.2087,exact_compatible,clear,12,0.630915,0.998542,0.367627,single_id,HIGH,mapped
627,1069546779,70.0214,20.2917471,85.8339703,secondary,293464736,293464729,0,1069546779,70.0214,0.0,0.0,0.0,exact_compatible,ambiguous,22,0.97,0.97,0.0,single_id,MEDIUM,ambiguous
628,1069546779,70.0214,20.2917471,85.8339703,secondary,293464736,293464729,0,1069546779,70.0214,0.0,0.0,0.0,exact_compatible,ambiguous,22,0.97,0.97,0.0,single_id,MEDIUM,ambiguous
629,264753949,69.9223,20.2698713,85.8415983,secondary,2928864940,2928864938,0,264753949,69.9223,0.0,0.0,0.0,exact_compatible,clear,12,0.810996,1.0,0.189004,single_id,HIGH,mapped
630,865024248,69.6319,20.2883072,85.7811228,primary,8133341959,8062776421,0,865024248,69.6319,0.0,0.0,0.0,exact_compatible,clear,29,0.644357,1.0,0.355643,single_id,HIGH,mapped
631,"[464097500, 456959532]",69.6252,20.2686865,85.8406796,secondary,4531816313,1051669638,0,"[464097500, 456959532]",69.6252,0.0,0.0,3.4357,exact_compatible,clear,4,0.678863,0.976758,0.297895,connected_chain,HIGH,mapped
632,1208988381,68.9251,20.2796952,85.8351142,secondary,8157424473,8157424472,0,1208988381,68.9251,0.0,0.0,0.0,exact_compatible,clear,3,0.709445,1.0,0.290555,single_id,HIGH,mapped
633,876473604,68.8994,20.2796942,85.8351809,secondary,293462958,293462956,0,876473604,68.8994,0.0,0.0,0.0,exact_compatible,clear,5,0.768063,1.0,0.231937,single_id,HIGH,mapped
634,879562787,68.7912,20.2819995,85.8439476,secondary,11778195620,2703794064,0,879562787,68.7912,0.0,0.0,0.0,exact_compatible,clear,8,0.741647,1.0,0.258353,single_id,HIGH,mapped
635,1210210285,68.7082,20.2747487,85.8519489,primary,7242788582,8151563186,0,1210210285,68.7082,0.0,0.0,0.0,exact_compatible,clear,3,0.612335,1.0,0.387664,single_id,HIGH,mapped
636,776295454,68.5792,20.2568963,85.7962413,secondary,8128232265,3706277434,0,776295454,68.5792,0.0,0.0,0.0,exact_compatible,ambiguous,14,0.97,0.97,0.0,single_id,MEDIUM,ambiguous
637,776295454,68.5792,20.2568963,85.7962413,secondary,8128232265,3706277434,0,776295454,68.5792,0.0,0.0,0.0,exact_compatible,ambiguous,14,0.97,0.97,0.0,single_id,MEDIUM,ambiguous
638,876134933,68.534,20.3137481,85.8284753,secondary,8154498070,8154498107,0,876134933,68.534,0.0,0.0,0.0,exact_compatible,clear,8,0.746446,1.0,0.253553,single_id,HIGH,mapped
639,865024248,68.4707,20.2907166,85.780775,primary,2935256757,3724390537,0,865024248,68.4707,0.0,0.0,0.0,exact_compatible,clear,29,0.650142,1.0,0.349858,single_id,HIGH,mapped
640,874644320,68.3811,20.2249015,85.8432034,primary,5418127631,2283167585,0,874644320,68.3811,0.0,0.0,0.0,exact_compatible,clear,15,0.633644,1.0,0.366355,single_id,HIGH,mapped
641,264753949,68.2173,20.2692922,85.8413586,secondary,2928864938,1051669370,0,264753949,68.2173,0.0,0.0,0.0,exact_compatible,clear,12,0.813983,1.0,0.186016,single_id,HIGH,mapped
642,742084228,68.1861,20.3226489,85.882569,trunk,11936417211,11936417209,0,742084228,68.1861,0.0,0.0,0.0173,exact_compatible,clear,5,0.433201,0.999879,0.566678,single_id,HIGH,mapped
643,874594465,67.8951,20.2131842,85.8533828,trunk,8141628231,482157966,0,874594465,67.8951,0.0,0.0,0.0,exact_compatible,clear,2,0.430704,1.0,0.569296,single_id,HIGH,mapped
644,746487559,67.7005,20.2633698,85.8452528,primary,4715979376,4715979375,0,746487559,67.7005,0.0,0.0,0.0407,exact_compatible,clear,12,0.668343,0.999715,0.331372,single_id,HIGH,mapped
645,1209433726,67.6263,20.2448009,85.8426862,secondary,8145212933,10618414232,0,1209433726,67.6263,0.0,0.0,0.0,exact_compatible,ambiguous,10,0.97,0.97,0.0,single_id,MEDIUM,ambiguous
646,1209433726,67.6263,20.2448009,85.8426862,secondary,8145212933,10618414232,0,1209433726,67.6263,0.0,0.0,0.0,exact_compatible,ambiguous,10,0.97,0.97,0.0,single_id,MEDIUM,ambiguous
647,1141889036,67.5357,20.2520981,85.8411206,primary,293463358,8145212885,0,1141889036,67.5357,0.0,0.0,0.0631,exact_compatible,clear,14,0.7262,0.999558,0.273358,single_id,HIGH,mapped
648,279088748,67.4374,20.2619388,85.8371094,secondary,2999157396,1812432271,0,279088748,67.4374,0.0,0.0,0.1212,exact_compatible,clear,12,0.679445,0.999153,0.319708,single_id,HIGH,mapped
649,1208785499,67.3816,20.3430135,85.8161769,primary,3725790551,6604456762,0,1208785499,67.3816,0.0,0.0,0.0,exact_compatible,clear,2,0.443986,1.0,0.556014,single_id,HIGH,mapped
650,1014003072,67.2867,20.2955393,85.8421433,secondary,2833045510,2704039251,0,1014003072,67.2867,0.0,0.0,0.3284,exact_compatible,clear,2,0.441681,0.997709,0.556028,single_id,HIGH,mapped
651,870242503,67.2691,20.3008216,85.8712848,trunk,3725561066,3725561095,0,870242503,67.2691,0.0,0.0,0.0816,exact_compatible,clear,7,0.451337,0.99943,0.548092,single_id,HIGH,mapped
652,874459840,67.249,20.2804996,85.8552258,primary,2703776376,2703784888,0,874459840,69.2552,2.0062,2.9832,0.2921,exact_compatible,clear,13,0.69478,0.982229,0.287449,single_id,HIGH,mapped
653,279088743,67.1393,20.2638497,85.8333905,primary,293464907,293464902,0,279088743,67.1393,0.0,0.0,0.0013,exact_compatible,clear,12,0.789403,0.999991,0.210587,single_id,HIGH,mapped
654,874056882,67.0427,20.3590286,85.8280653,primary,6609242521,4594197693,0,874056882,67.0427,0.0,0.0,0.0,exact_compatible,clear,17,0.652301,1.0,0.347699,single_id,HIGH,mapped
655,279088748,66.7052,20.264485,85.8389046,secondary,8151238466,2999157389,0,279088748,66.7052,0.0,0.0,0.2096,exact_compatible,clear,12,0.644969,0.998536,0.353568,single_id,HIGH,mapped
656,1208795197,66.7024,20.3382874,85.8223352,primary,4594183933,4594183932,0,1208795197,66.7024,0.0,0.0,0.0,exact_compatible,clear,8,0.784453,1.0,0.215547,single_id,HIGH,mapped
657,880075598,66.6568,20.2716669,85.8333952,secondary,8186428309,8186428311,0,880075598,66.6568,0.0,0.0,0.406,exact_compatible,clear,2,0.550823,0.997169,0.446347,single_id,HIGH,mapped
658,279088746,66.6037,20.2614939,85.8371599,primary,12555910130,1812432286,0,279088746,66.6037,0.0,0.0,0.1121,exact_compatible,clear,2,0.523713,0.999216,0.475504,single_id,HIGH,mapped
659,478372781,66.5395,20.2603827,85.8434517,primary,4721825589,4719689700,0,478372781,66.5395,0.0,0.0,0.0214,exact_compatible,clear,6,0.54499,0.999851,0.454861,single_id,HIGH,mapped
660,876451409,66.2972,20.3639312,85.828861,primary,4594206614,3727013893,0,876451409,66.2972,0.0,0.0,0.2008,exact_compatible,clear,14,0.613789,0.998597,0.384808,single_id,HIGH,mapped
661,874644320,66.2915,20.2210759,85.8462584,primary,4714938986,5411536316,0,874644320,66.2915,0.0,0.0,0.3771,exact_compatible,clear,15,0.803606,0.99737,0.193764,single_id,HIGH,mapped
662,464650415,66.2445,20.2852823,85.8268126,primary,4601752550,8145147226,0,464650415,66.2445,0.0,0.0,0.0,exact_compatible,clear,7,0.54187,1.0,0.45813,single_id,HIGH,mapped
663,880075597,66.1508,20.2717367,85.8334246,secondary,2703797752,8186428309,0,880075597,66.1508,0.0,0.0,0.1564,exact_compatible,clear,2,0.552524,0.998907,0.446383,single_id,HIGH,mapped
664,1105211172,66.0634,20.2417822,85.8410867,primary,4715985573,7128063639,0,1105211172,66.0634,0.0,0.0,0.0088,exact_compatible,clear,3,0.56794,0.999938,0.431999,single_id,HIGH,mapped
665,1203852633,65.8341,20.3340936,85.8217896,primary,4594181070,4594181069,0,1203852633,65.8341,0.0,0.0,0.0,exact_compatible,clear,5,0.798652,1.0,0.201348,single_id,HIGH,mapped
666,1208795201,65.8028,20.3432257,85.8231825,primary,11433519729,4594188519,0,1208795201,65.8028,0.0,0.0,0.0351,exact_compatible,clear,12,0.766264,0.999755,0.23349,single_id,HIGH,mapped
667,279088748,65.599,20.2668286,85.8402508,secondary,7242312106,10287373214,0,279088748,65.599,0.0,0.0,0.0,exact_compatible,clear,12,0.802937,1.0,0.197062,single_id,HIGH,mapped
668,1209004191,65.5183,20.260306,85.8386067,primary,2833450822,4613676974,0,1209004191,65.5183,0.0,0.0,0.146,exact_compatible,clear,1,0.0,0.99898,0.99898,single_id,HIGH,mapped
669,368712589,65.4719,20.3130364,85.881143,secondary,8145278210,3725591126,0,368712589,65.4719,0.0,0.0,0.1089,exact_compatible,ambiguous,10,0.969239,0.969239,0.0,single_id,MEDIUM,ambiguous
670,368712589,65.4719,20.3130364,85.881143,secondary,8145278210,3725591126,0,368712589,65.4719,0.0,0.0,0.1089,exact_compatible,ambiguous,10,0.969239,0.969239,0.0,single_id,MEDIUM,ambiguous
671,875007028,65.4215,20.2466094,85.8360959,secondary,8144976336,9882823386,0,875007028,65.4215,0.0,0.0,0.0203,exact_compatible,clear,6,0.640093,0.999858,0.359766,single_id,HIGH,mapped
672,1209072902,65.0506,20.2555575,85.8321366,secondary,293462756,4714891319,0,1209072902,65.0506,0.0,0.0,0.0,exact_compatible,clear,11,0.677825,1.0,0.322175,single_id,HIGH,mapped
673,875004053,65.0374,20.2438387,85.8552072,secondary,293465828,8144960927,0,875004053,65.0374,0.0,0.0,0.1425,exact_compatible,clear,8,0.682307,0.999004,0.316697,single_id,HIGH,mapped
674,478257595,65.0291,20.2385967,85.8411827,primary,4715985581,7128063636,0,478257595,65.0291,0.0,0.0,0.0,exact_compatible,clear,2,0.705652,1.0,0.294348,single_id,HIGH,mapped
675,368721302,64.8036,20.3429987,85.8105789,primary,3725764130,3725764138,0,368721302,64.8036,0.0,0.0,2.4678,exact_compatible,clear,5,0.482888,0.983145,0.500256,single_id,HIGH,mapped
676,"[1209433725, 1249542286]",64.3061,20.244333,85.8410531,primary,3714707013,293463599,0,"[1209433725, 1249542286]",64.3061,0.0,0.0,0.0004,exact_compatible,clear,2,0.438891,0.999997,0.561106,connected_chain,HIGH,mapped
677,875007028,64.0241,20.2494892,85.836263,secondary,9871576949,8144976343,0,875007028,64.0241,0.0,0.0,0.0,exact_compatible,clear,6,0.67053,1.0,0.32947,single_id,HIGH,mapped
678,1141889036,63.9382,20.2547283,85.8407656,primary,293463385,9923995138,0,1141889036,63.9382,0.0,0.0,0.433,exact_compatible,clear,14,0.62416,0.996982,0.372823,single_id,HIGH,mapped
679,470103540,63.5705,20.342841,85.8105928,primary,4643407223,4643407218,0,470103540,63.5705,0.0,0.0,2.0039,exact_compatible,clear,5,0.567388,0.98625,0.418862,single_id,HIGH,mapped
680,1209072881,63.4267,20.2556377,85.8320052,secondary,4714891315,4594220613,0,1209072881,63.4267,0.0,0.0,0.0,exact_compatible,clear,5,0.606126,1.0,0.393874,single_id,HIGH,mapped
681,"[1208986537, 1208986538]",63.41,20.2685406,85.8408344,secondary,4531816328,4531816313,0,"[1208986537, 1208986538]",66.2469,2.8369,4.4739,0.1795,exact_compatible,clear,1,0.0,0.976682,0.976682,connected_chain,HIGH,mapped
682,40016878,63.3429,20.289698,85.8574619,primary,4719771206,4719769348,0,40016878,63.3429,0.0,0.0,0.0154,exact_compatible,clear,11,0.753549,0.999892,0.246343,single_id,HIGH,mapped
683,746487581,62.917,20.3116011,85.8341058,secondary,293466272,6944073200,0,746487581,62.917,0.0,0.0,3.9946,exact_compatible,clear,6,0.74403,0.973126,0.229095,single_id,HIGH,mapped
684,1208791971,62.8891,20.3527536,85.8263753,primary,3727012352,13022825217,0,1208791971,62.8891,0.0,0.0,0.0,exact_compatible,clear,17,0.626923,1.0,0.373077,single_id,HIGH,mapped
685,232511043,62.8717,20.2706687,85.7840077,primary,2443921865,2443921759,0,232511043,62.8717,0.0,0.0,0.0,exact_compatible,clear,5,0.703711,1.0,0.296289,single_id,HIGH,mapped
686,367555141,62.8008,20.2437771,85.8551933,secondary,8144958887,8144958890,0,367555141,62.8008,0.0,0.0,0.0361,exact_compatible,clear,10,0.661423,0.999747,0.338324,single_id,HIGH,mapped
687,746487560,62.7974,20.2579773,85.8412687,primary,4716027735,6167916393,0,746487560,62.7974,0.0,0.0,0.2974,exact_compatible,clear,2,0.475492,0.997924,0.522432,single_id,HIGH,mapped
688,874644320,62.7653,20.2206449,85.8466696,primary,2283167581,4714938986,0,874644320,62.7653,0.0,0.0,0.0,exact_compatible,clear,15,0.80979,1.0,0.19021,single_id,HIGH,mapped
689,874056882,62.2085,20.3577742,85.8278609,primary,4594197691,4594197690,0,874056882,62.2085,0.0,0.0,0.021,exact_compatible,clear,17,0.696622,0.999853,0.303231,single_id,HIGH,mapped
690,279088748,61.8218,20.2663183,85.8399736,secondary,10287373214,2999157392,0,279088748,61.8218,0.0,0.0,0.0388,exact_compatible,clear,12,0.809912,0.999728,0.189816,single_id,HIGH,mapped
691,264753949,61.6179,20.2711115,85.8421143,secondary,2928864946,2928864944,0,264753949,61.6179,0.0,0.0,0.0,exact_compatible,clear,12,0.70362,1.0,0.296379,single_id,HIGH,mapped
692,876451409,61.5527,20.353996,85.8268256,primary,3726941221,3726941630,0,876451409,61.5527,0.0,0.0,0.0,exact_compatible,clear,14,0.773408,1.0,0.226592,single_id,HIGH,mapped
693,1203852633,61.5176,20.3335256,85.8217124,primary,4594181069,4594181068,0,1203852633,61.5176,0.0,0.0,0.0,exact_compatible,clear,5,0.806631,1.0,0.193369,single_id,HIGH,mapped
694,292410140,61.1355,20.3011929,85.8640742,trunk,13108436169,3722327661,0,292410140,61.1355,0.0,0.0,0.0174,exact_compatible,clear,4,0.717266,0.999878,0.282612,single_id,HIGH,mapped
695,876473604,61.0351,20.2802767,85.8352277,secondary,8151376700,293462958,0,876473604,61.0351,0.0,0.0,0.0,exact_compatible,clear,5,0.782422,1.0,0.217578,single_id,HIGH,mapped
696,1141889036,61.0347,20.2560987,85.8401471,primary,293463385,9923995138,0,1141889036,63.9382,2.9035,4.7572,133.4146,exact_compatible,clear,14,0.643955,0.651713,0.007758,single_id,LOW,ambiguous
697,1069546778,60.9429,20.2840268,85.8350692,secondary,8166852625,8166852652,0,1069546778,60.9429,0.0,0.0,0.0199,exact_compatible,clear,10,0.799507,0.999861,0.200354,single_id,HIGH,mapped
698,1208795197,60.6337,20.3388556,85.8224104,primary,10230224085,4594183933,0,1208795197,60.6337,0.0,0.0,0.0075,exact_compatible,clear,8,0.795675,0.999948,0.204273,single_id,HIGH,mapped
699,865024248,60.369,20.2940634,85.780393,primary,3724390776,11968828661,0,865024248,60.369,0.0,0.0,0.0067,exact_compatible,clear,29,0.653392,0.999953,0.346561,single_id,HIGH,mapped
