segment_id,status,distance_m,candidate_count_500m,score,dataset_road_type,candidate_road_type,road_type_match,dataset_length_m,candidate_edge_length_m,length_ratio,length_log_error,candidate_osmid,candidate_u,candidate_v
0,matched,0.6039595714905976,170,0.01609102375031743,trunk,trunk,True,3016.9979383186064,2968.969573126181,1.01617677918533,0.016047329282021912,"[44948707, 1317533101, 1317533103]",2845389637,8182316403
1,matched,13.510543098806073,167,0.27040563633222864,trunk,trunk,True,2971.283590979436,2968.969573126181,1.0007794009996602,0.0007790974244287452,"[44948707, 1317533101, 1317533103]",2845389637,8182316403
2,matched,1.7422560118889292,221,0.035158225026621866,trunk,trunk,True,2001.0510399446507,2003.558764631382,0.9987483647941853,0.0012524191553731309,"[279958946, 1317535730, 1209009343]",8182316352,3320289784
3,matched,2.0712795946359006,218,0.041738819973604756,trunk,trunk,True,1989.572233152408,1992.0665549788926,0.9987478722433996,0.0012529123235469483,"[26755549, 1317535729, 1209009372, 218526245]",12194086396,8182316353
4,matched,34.545463378646076,3,0.6919097787002177,trunk,trunk,True,1656.7999817793127,1650.1826447801516,1.00401006338304,0.004002044509185093,873398460,11936495261,8106127986
5,matched,37.78846537038193,51,0.881907083568706,trunk,trunk,True,1588.023179665442,958.8111521195347,1.6562418742783498,0.5045511046442697,"[742084224, 464267621, 742084223]",569909804,569909810
6,matched,0.7353513306414209,290,0.015565449311206164,trunk,trunk,True,1505.9062740619322,1500.744324893178,1.0034395926628752,0.003433690793510979,"[44948644, 1203900681, 1194664843, 1194664844, 1317520819]",12617765453,8182316410
7,matched,1.9531115724710424,284,0.03992024184615656,trunk,trunk,True,1483.6343357813123,1478.5511688507565,1.0034379377850728,0.0034320415869428236,"[1203900682, 1209038916, 1194663758]",11088563838,12617765452
8,matched,49.687174664521436,18,1.0687052059341249,trunk,trunk,True,1452.9773308428084,1076.5569423782376,1.3496520933049905,0.29984685057478433,478811049,8105566319,10603648617
9,matched,38.1157166744926,21,0.7634196587384564,trunk,trunk,True,1393.69952816302,1387.5511649510563,1.0044310893661212,0.004421300994417069,1210277736,6010327766,4593964306
10,matched,1.1155964970608792,109,0.023312325636224426,trunk,trunk,True,1392.132772228004,1386.5731687246364,1.004009599802426,0.004001582780027361,"[1203900681, 218526250, 218526251, 280421141]",12094771861,12617765453
11,matched,76.53052254558584,219,1.5616105020998687,trunk,trunk,True,1384.3006303268353,1567.0506046218045,0.8833796600084434,0.12400020475260773,"[279958945, 879568355, 879568356, 325359753, 218505930, 218505931, 1210086508, 26755786, 1209009371]",13519081481,8140380974
12,matched,28.18840430748095,82,0.5648857386550018,trunk,trunk,True,1317.3339434844804,1311.4578019106236,1.0044806181070378,0.0044706100215309635,742084228,11936417209,2277412746
13,matched,76.07150549556647,227,1.5665216930715617,trunk,trunk,True,1308.4312809218004,1567.0506046218045,0.8349642807084587,0.18036633264092916,"[279958945, 879568355, 879568356, 325359753, 218505930, 218505931, 1210086508, 26755786, 1209009371]",13519081481,8140380974
14,matched,0.3277603188308971,2,0.07061675909415345,trunk,trunk,True,1277.1611518246043,1650.1826447801516,0.7739513900867357,0.25624621087014204,873398460,11936495261,8106127986
15,matched,1.8827613122929603,199,0.03864762703551896,trunk,trunk,True,1222.1475264366486,1217.305702173846,1.003977492468947,0.0039696031586390155,"[218526248, 26755741, 218526246]",2277623507,2845389661
16,matched,42.420941876155815,10,0.8492555007105684,trunk,trunk,True,1080.1658401252282,1076.5569423782376,1.003352259044485,0.0033466527498085125,478811049,8105566319,10603648617
17,matched,5.780681823511905,2,0.11675109737068097,secondary,secondary,True,1066.50914612262,1061.6677185289775,1.0045602098558206,0.004549843601771488,26754491,8166852626,293466286
18,matched,4.172284512936192,2,0.08458659332789437,secondary,secondary,True,1065.2277230966693,1060.377512440294,1.0045740414139992,0.004563612276682142,746487581,12702159517,2841407764
19,matched,4.6122230263827655,35,0.0933482810284129,primary,primary,True,1012.1732372373798,1007.7140584691377,1.0044250437222402,0.004415282003030371,464650412,4601752551,2277623696
20,matched,4.723871026164361,68,0.09558592110931344,trunk,trunk,True,969.8600383768458,965.5691965246064,1.0044438470776444,0.00443400234410483,742084229,3725628684,11936417213
21,matched,8.035164748502881,143,0.16184328638368492,trunk,trunk,True,967.8664462943204,963.4630558257937,1.0045703781187048,0.004559965654509209,"[742084229, 742084230, 742084223]",569909810,3725628832
22,matched,5.7273313483903,71,0.11548628067823884,trunk,trunk,True,962.4217350910671,958.8111521195347,1.0037656872925924,0.0037586148417313252,"[742084224, 464267621, 742084223]",569909804,569909810
23,matched,0.3608488821376146,242,0.06118170027617678,trunk,trunk,True,919.938817989941,741.3317827701684,1.2409272600621053,0.21585889053369794,"[874464056, 877825096, 292410142]",13519104254,8156596370
24,matched,0.41487932622153084,57,0.009441268363681801,primary,primary,True,869.4487815342277,865.4803745188397,1.0045852073972148,0.004574727357004741,"[414500083, 875146659]",12435035117,8144915374
25,matched,12.290642977556477,237,0.24583782584053382,trunk,trunk,True,852.5643479559544,852.4792107341588,1.000099870144308,9.986515761716144e-05,"[44948784, 1317535728, 1317535732, 218526252]",3320289784,2277623681
26,matched,6.428920252527616,62,0.12967475754632363,primary,primary,True,813.4667803841377,809.9072058461466,1.0043950399654393,0.004385409983085213,464650415,2841381803,3718108687
27,matched,34.66611780825952,329,0.6943500046226491,secondary,secondary,True,806.477181068368,803.1688851327463,1.0041190539086622,0.0041105938298345536,741818619,8133212859,7243077747
28,matched,0.5234483225003901,144,0.011513141799168227,trunk,trunk,True,794.5244481372048,791.2128773004227,1.004185435970255,0.004176701396641701,873398460,8106128001,6010327766
29,matched,2.7410712095725227,246,0.055252280234549415,trunk,trunk,True,786.6128867962552,785.2583866572334,1.0017249101213523,0.0017234241723958377,"[877786608, 292410140, 292410141]",3725590874,13108436171
30,matched,0.020479549695380867,237,0.025276604037842234,trunk,trunk,True,771.7655177847529,852.4792107341588,0.9053188723747352,0.09946805217573847,"[44948784, 1317535728, 1317535732, 218526252]",3320289784,2277623681
31,matched,0.8777817731191884,92,0.01804933437715974,trunk,trunk,True,762.8027211582153,761.2978280729528,1.0019767468522427,0.001974795659103904,"[842470001, 196857001, 1286989884]",11936490107,2277412722
32,matched,8.657469427660102,140,0.17428960360730408,trunk,trunk,True,745.0016873605796,741.6115755930846,1.0045712767694919,0.004560860216408248,"[742084226, 742084227, 742084228]",2277412746,2277412755
33,matched,8.107134261087944,492,0.16255496935682678,secondary,secondary,True,726.186014336685,724.989421389178,1.0016504971137568,0.0016491365402715057,"[364407161, 1317517332, 1318339357]",293464258,8100516249
34,matched,8.1071342599606,492,0.16255496933427985,secondary,secondary,True,726.1860143366849,724.989421389178,1.0016504971137565,0.001649136540271284,"[364407161, 1317517332, 1318339357]",293464258,8100516249
35,matched,34.52553314696501,95,0.6906573475771641,primary,primary,True,704.2067158098589,704.6200222777805,0.9994134335459478,0.0005867385514557047,1194663768,8182317117,2390658944
36,matched,58.559776161548804,167,1.1717260197018908,secondary,secondary,True,687.0880641753015,685.631618827035,1.002124238889038,0.002121985883659314,"[1238285688, 90617087]",3718134030,3718134117
37,matched,8.571953039401635,38,0.17257650083236506,trunk,trunk,True,669.3367594339045,666.2983549478024,1.0045601260509491,0.004549760177329469,464267621,569909792,8145181028
38,matched,3.3305417313595256,244,0.06695318184189808,trunk,trunk,True,594.9813733926426,594.1671701363757,1.0013703268998857,0.0013693888588302311,"[464264628, 1209009347, 1209009348, 196856999]",8167025453,8167025475
39,matched,8.519981707628904,201,0.18564539329605625,trunk,trunk,True,593.829930247831,558.6984762116481,1.062880883932954,0.060983036573912644,"[464264129, 1210250340, 1393752818, 762847156, 1393752821]",12901379743,12901379734
40,matched,7.162209934959467,228,0.1433257897931582,primary,primary,True,592.3070665718152,592.5004060457658,0.9996736888751843,0.00032636437587541667,279091485,2833450851,2833482043
41,matched,0.7526383017657309,128,0.052402669875793784,secondary,secondary,True,590.4830137421894,685.631618827035,0.861224887429165,0.14939961536191668,"[1238285688, 90617087]",3718134030,3718134117
42,matched,1.028397684621914,89,0.02104116723806933,trunk,trunk,True,590.0031819087746,588.8874482119232,1.0018946467618544,0.0018928541825242089,"[877786609, 1393752818, 464264627]",12901379734,8167025453
43,matched,0.14477872368355899,330,0.0037535087155879687,primary,primary,True,573.6074437863839,571.6423476916178,1.0034376321185816,0.0034317369676671564,880075594,4719693651,2283167601
44,matched,0.0996108716768942,140,0.0030860561372340794,trunk,trunk,True,567.271621111069,564.7950284291412,1.0043849406550476,0.004375354814784781,"[877821610, 870242500, 870242503]",3725561095,4593964324
45,matched,0.7986577205381081,80,0.01709582944336748,primary,primary,True,560.7921275102855,558.2794243510158,1.0045007984347456,0.004490700130421271,865024250,8133341955,11968828660
46,matched,11.036888807828214,202,0.22152880354767596,trunk,trunk,True,560.469059085779,558.6984762116481,1.0031691206429212,0.0031641095644467047,"[464264129, 1210250340, 1393752818, 762847156, 1393752821]",12901379743,12901379734
47,matched,5.6140678466012695,387,0.1123681386654913,secondary,secondary,True,535.5556741544974,535.3698006181368,1.0003471871893896,0.00034712693386363124,"[174417954, 230927119, 230927120, 746487580, 746487549]",2393561249,293464921
48,matched,5.6140678466012695,387,0.11236813866549124,secondary,secondary,True,535.5556741544973,535.3698006181368,1.0003471871893894,0.00034712693386340925,"[174417954, 230927119, 230927120, 746487580, 746487549]",2393561249,293464921
49,matched,0.18015429700139693,271,0.0037426930222075596,secondary,secondary,True,513.7780151849071,514.0650035070057,0.9994417275633611,0.0005584283287184853,876418713,293461281,293452705
50,matched,0.18015429656699192,271,0.0037426930135195154,secondary,secondary,True,513.778015184907,514.0650035070057,0.9994417275633609,0.0005584283287187076,876418713,293461281,293452705
51,matched,0.6048854618837121,555,0.012321272357656546,primary,primary,True,492.841002847525,492.4004755591848,1.0008946524428919,0.0008942524799292172,"[279088741, 746487561, 746487564, 1317517914, 1317517916]",2833450825,2999157394
52,matched,0.06522794938668036,549,0.0015316410372921638,primary,primary,True,488.74421379732553,488.30047520685605,1.0009087408532247,0.0009083281982342261,"[279088738, 746487562, 746487563, 1317517913, 1317517915]",2999157393,2833450822
53,matched,0.10803598289075496,57,0.003307138146463161,primary,primary,True,487.360208526007,485.13044989166633,1.0045962042474115,0.0045856739545922474,368852567,3726941181,3726926556
54,matched,0.38721744381056017,144,0.008840142381122611,trunk,trunk,True,477.834937011317,475.74508676427035,1.0043927941773618,0.004383174019645636,"[870242497, 877821612, 870242502]",8156683692,8141521597
55,matched,0.18967126783355143,111,0.00491479931678039,primary,primary,True,471.7401221958465,469.6288723809045,1.0044955707349048,0.004485495840437447,865024248,9896844093,8133341960
56,matched,1.3027337221399877,555,0.027182768869833396,primary,primary,True,470.7998473595436,468.6802065299366,1.0045225738148846,0.004512377708134568,865024250,11968828662,11968762653
57,matched,11.90258575012484,33,0.23861309249239132,trunk,trunk,True,464.9493326535148,463.9064556299232,1.002248033005222,0.0022455099595780357,464267621,569909799,569909804
58,matched,0.0283988527614912,522,0.04361806350369281,secondary,secondary,True,455.4429073913592,383.39662299505574,1.1879158033095993,0.17220034579385193,1209072881,9866097881,13539914722
59,matched,2.3754195246150767,152,0.16729502075996705,primary,primary,True,436.3794490946383,704.6200222777805,0.6193117358260443,0.479146521070662,1194663768,8182317117,2390658944
60,matched,0.296854862847023,20,0.0070438690779213615,primary,primary,True,427.4466559469736,425.55849490260385,1.0044369013120085,0.004427087283923607,865024248,11968828656,11968828657
61,matched,0.13414879960794998,20,0.003789992640977786,primary,primary,True,427.0275331443135,425.1408071465906,1.0044378849689495,0.004428066595275145,865024250,11968828658,11968828655
62,matched,0.20603039852344826,499,0.005268979136974281,primary,primary,True,419.5135551577196,417.59094519520954,1.0046040508891094,0.004593484666021266,1208986525,3725790780,8156993031
63,matched,3.290283220320086,236,0.06650558590551656,primary,primary,True,419.3337677527084,418.1614067623829,1.002803608777296,0.00279968599645937,1208795196,4597354891,4576934214
64,matched,4.765280326761599,38,0.09644932261876824,trunk,trunk,True,410.6826044863959,408.8080784071176,1.0045853450024331,0.004574864334145051,44947113,8145058465,569909689
65,matched,3.110171253305125,257,0.0633460113890462,trunk,trunk,True,407.7818079461824,405.9223566840172,1.0045808052489522,0.004570345291774807,870242502,8141521597,8141521552
66,matched,1.0410700717158516,288,0.049763146509366654,trunk,trunk,True,407.2032609070704,362.6889185006834,1.1227342224582002,0.11576698030019848,279958945,8182316353,13519081481
67,matched,1.286817614697585,71,0.026782849009623907,trunk,trunk,True,406.7978050226346,405.0985138416354,1.0041947603433161,0.004185986862688825,478811049,8105990772,4593969312
68,matched,0.01673187151191751,87,0.0014814977540150238,primary,primary,True,406.2806743297109,404.42115406797916,1.0045979797125528,0.0045874412951066946,414500083,3725679696,12435035117
69,matched,0.35261508973098343,450,0.008201204370780547,primary,primary,True,402.7893414285748,400.94252545410524,1.0046061863165496,0.004595610304643513,1208986525,4601195799,8157194822
70,matched,0.8747101849673378,424,0.01862580635702403,secondary,secondary,True,399.9348179885905,398.1286396131627,1.0045366703012946,0.004526410630709098,746487579,293463031,293463176
71,matched,0.08536272664346278,281,0.002022292951056752,trunk,trunk,True,394.9459138664409,395.4439201266439,0.9987406399874765,0.0012601536727499863,"[1209009344, 218505932, 218505933]",8182365087,8182316367
72,matched,0.30930247145138207,127,0.006354999076186703,secondary,secondary,True,389.04666320627103,389.309669251727,0.9993244297117987,0.000675798588636245,26764975,293466264,293466272
73,matched,9.630570864519534,148,0.22105634484558495,secondary,secondary,True,387.2334663165051,345.58826228215787,1.1205052618377,0.11377971022077714,"[272996689, 286061181]",2896971932,13875278624
74,matched,9.630570861825465,148,0.22105634479170352,secondary,secondary,True,387.2334663165051,345.5882622821579,1.1205052618376998,0.11377971022077693,"[272996689, 286061181]",13875278624,2896971932
75,matched,0.042082545155567336,78,0.0019821674657402727,secondary,secondary,True,384.2460579503212,382.49709445447127,1.0045724883174456,0.004562066250515705,26754491,293466286,9798857326
76,matched,0.35919082966438226,124,0.008297846229338149,primary,primary,True,382.46063737311147,380.7601390594184,1.0044660618044046,0.004456118544202011,865024250,11968828655,8062742384
77,matched,0.4954184420407941,122,0.011015341903248006,primary,primary,True,381.7822872587907,380.0955335656622,1.0044377098496926,0.004427892249728487,865024248,8062742384,11968828656
78,matched,0.49927322912436956,561,0.011123935831946345,primary,primary,True,376.6895331135906,374.9780322467026,1.0045642696897028,0.004553884997835818,865024250,11968828665,11968828664
79,matched,0.08820227824170387,391,0.0027727487764898605,primary,primary,True,375.6520650924455,374.1394329602307,1.004042963662629,0.004034812846623132,1208795201,3726941481,11433519729
80,matched,0.07460194447317786,87,0.002639023675904787,primary,primary,True,372.6147750290638,370.9091567446868,1.0045984798524428,0.0045879391457649184,368852567,3726941466,3725764133
81,matched,0.013602656922995034,147,0.0013128987931861381,trunk,trunk,True,369.4585090077485,367.9235094853796,1.0041720615366925,0.00416338261890495,"[478811049, 1210277732]",6010327767,8105990625
82,matched,0.778991241106283,425,0.01671016138989573,primary,primary,True,368.100578753048,366.4400253711718,1.0045315829792179,0.004521346271080282,1208785491,6604714345,6604381556
83,matched,0.34508845566158625,76,0.008044641696088805,secondary,secondary,True,363.1665570057236,361.51013364808847,1.004581955534468,0.004571490331428319,746487581,6944073199,12702159517
84,matched,6.335392210949248,257,0.12684209183331904,secondary,secondary,True,361.0821640762453,360.88831845110553,1.0005371346625231,0.0005369904573363924,741818619,3730052120,8124268942
85,matched,0.7467121885706632,79,0.016030430968896295,trunk,trunk,True,360.4714493807581,358.8943327861264,1.0043943758665355,0.0043847487899321275,1210277737,12832929442,8105564052
86,matched,1.6966750294541857,352,0.03443556452145884,primary,primary,True,359.10287530431435,358.3824285602907,1.002010273625629,0.002008255729500517,"[762822065, 478254538, 478254539]",11937077582,4714962031
87,matched,1.560929121521543,466,0.03234509110110378,primary,primary,True,356.9228028032657,355.31811438081246,1.0045162021228489,0.004506034682691653,"[865024248, 869997541]",11968828666,8137990582
88,matched,7.786527440430922,472,0.15638256126237313,secondary,secondary,True,355.9034088743231,356.8328341609024,0.9973953481922008,0.0026080498150187568,369195862,7243112626,1051626824
89,matched,2.2477155698404223,37,0.04582084894918531,trunk,trunk,True,353.6750166874374,352.45124806240295,1.0034721642546653,0.0034661502095074655,478811049,8105607829,8105597812
90,matched,4.305243080762158,560,0.08618124838281711,secondary,secondary,True,353.5344880213471,353.6425259529068,0.9996944996044563,0.0003055470702958517,369195862,4712962733,7243112626
91,matched,0.5828190673743538,402,0.01280807303121308,primary,primary,True,351.5465816823749,349.9308131759406,1.0046173941979264,0.004606766734904011,874459842,9833884593,8141911339
92,matched,0.24498341143946217,389,0.006014049449779559,secondary,secondary,True,346.55664795501025,345.01530092157907,1.0044674744259574,0.004457524883961258,264753949,2955625542,2703793345
93,matched,0.04029943398982844,318,0.0008955513815092388,trunk,trunk,True,345.94935756437445,345.82544312544667,1.0003583149863349,0.00035825080685068024,1209033471,2277623663,12888493319
94,matched,3.012201198979464,519,0.06124453466753789,secondary,secondary,True,343.0272619789918,341.65719557230807,1.004010061618602,0.0040020427517944105,456959535,8151182358,1051669905
95,matched,2.1265715439398165,271,0.04367817636252052,trunk,trunk,True,330.8034176442437,329.28950314717866,1.00459751824032,0.0045869819348967585,870242503,3725560939,3725561066
96,matched,0.026310897368084465,17,0.0016384106057004521,primary,primary,True,328.6793148977963,327.220343734197,1.00445868110445,0.004448770633355051,865024248,11968828657,11968828659
97,matched,0.22836045221183007,17,0.00567650173138722,primary,primary,True,328.40020854141017,326.946268817131,1.0044470295670889,0.004437170748602478,865024250,11968828660,11968828658
98,matched,0.12713883330679762,210,0.003392439257273616,secondary,secondary,True,328.123102425736,327.00981962516823,1.0034044323251328,0.003398650364550655,364407163,8105649851,9620455916
99,matched,0.12713883220831512,210,0.003392439235303966,secondary,secondary,True,328.123102425736,327.00981962516823,1.0034044323251328,0.003398650364550655,364407163,8105649851,9620455916
100,matched,0.22753167179930187,141,0.005435992901237981,trunk,trunk,True,316.55579626022336,315.4367163238585,1.0035477161612851,0.003541437861007774,"[874594465, 874594466, 459228551]",8141628301,8141628231
101,matched,0.0007834457533951688,478,8.109300990762194e-05,secondary,secondary,True,314.761614948291,314.84399770244823,0.9997383378601518,0.00026169637935887424,26755988,293462600,293462632
102,matched,0.0007834457533951688,478,8.109300990762194e-05,secondary,secondary,True,314.761614948291,314.84399770244823,0.9997383378601518,0.00026169637935887424,26755988,293462600,293462632
103,matched,0.008162464276666559,348,0.00037007247212342915,primary,primary,True,314.5600659883634,314.2999403423428,1.0008276350473924,0.0008272927463603919,466600308,1812432278,2999157393
104,matched,0.3875874416156988,162,0.008080088398613896,primary,primary,True,313.19068597158,313.6022877787374,0.9986875038123199,0.0013133582651996825,368721302,3725764133,3725764130
105,matched,0.0006456080892401793,441,0.000667623243605596,secondary,secondary,True,310.4664369263973,309.65443737353326,1.0026222764955393,0.0026188443272831697,1209072881,4594220613,9866097881
106,matched,0.15780968652013813,493,0.004166346021930197,primary,primary,True,308.0256074271481,306.7835074445994,1.0040487834332912,0.004040609166109737,1208791971,10629571056,3727012352
107,matched,0.009889978848697006,367,0.0013260883293605922,primary,primary,True,306.03649684091926,304.65841877119186,1.0045233546320032,0.004513155009546608,"[1203852633, 876451412, 1208795197]",4594183932,4594183924
108,matched,12.091499277171694,233,0.2425354466675621,primary,primary,True,303.70489612299906,302.84909616838706,1.0028258296473045,0.002821844496512934,874644319,4714939512,4714939523
109,matched,0.245524654835077,140,0.005083721297439063,secondary,secondary,True,301.8473140062701,302.05654035411743,0.9993073272056879,0.0006929128029500918,26754491,6944073197,6944073198
110,matched,0.18671338146155494,228,0.004809273823992466,trunk,trunk,True,300.579748215858,299.29002276342663,1.004309283151249,0.004300024779045466,605579942,8140492538,8140465200
111,matched,0.15616941320908745,547,0.0033085795680237186,primary,primary,True,298.3569192516161,298.1359886630204,1.0007410396496796,0.0007407652153678787,"[466600299, 466600300]",4613676974,10091564873
112,matched,0.9421419674425908,509,0.0199726646408933,primary,primary,True,297.7126292320591,296.37021187795403,1.0045295286108507,0.004519301168165943,865024250,11968828667,11968828665
113,matched,0.14503584794594163,87,0.0032251653828258824,primary,primary,True,292.93183180917873,293.31224368842584,0.9987030480744227,0.0012977936956281998,874159869,8138308753,9832455554
114,matched,0.6813507882417197,83,0.013950251855258094,primary,primary,True,292.15503222281444,292.5330167282787,0.9987078911307459,0.0012929443616948057,312566658,9832455553,3184375377
115,matched,2.012221017483683,200,0.04138395410334106,trunk,trunk,True,290.3974828028281,289.07682402536585,1.0045685391138321,0.004558135014669591,"[877821609, 877821610, 870242499]",4593964324,8167025447
116,matched,0.8002416177703972,447,0.017157513054315975,primary,primary,True,290.2566451529857,288.92143273517405,1.0046213685332077,0.004610722795632127,"[1337725748, 1209433725]",3714706485,3714707013
117,matched,1.4901300380666567,352,0.030934202406423892,primary,primary,True,289.80722814266846,288.49840716075107,1.0045366662325734,0.0045264065803630365,1208988379,6985772922,4478448738
118,matched,0.7524931851595423,392,0.01535147024449824,primary,primary,True,289.4278532105612,289.0788904167495,1.0012071541900156,0.0012064261652295796,"[478254539, 874644318, 874644319]",10635696781,4714939512
119,matched,0.39649442684534275,381,0.009082227894789331,primary,primary,True,288.84058233287084,287.5122765180908,1.0046199968601912,0.004609357431529905,"[1105211172, 1337725743, 1337725745, 1337725746, 1337725749]",7128063639,4715985581
120,matched,0.8921195381098354,389,0.018712372453381067,primary,primary,True,286.1263783647371,285.1324099942067,1.0034859887395846,0.0034799267647374395,478371821,4719689717,4719689711
121,matched,0.051476502579307686,158,0.0013518060861687413,secondary,secondary,True,284.2925252255048,284.6592442149687,0.9987117263994878,0.001289104138330351,26764975,3042737264,3725789268
122,matched,0.34277081622674127,154,0.007179107175443238,secondary,secondary,True,283.9360861494393,284.303954302476,0.9987060744408596,0.001294763403633649,1203439472,8154498081,8154498079
123,matched,0.14590880629874814,383,0.004070368428161979,primary,primary,True,282.7018044874525,281.40189490821547,1.0046194059199958,0.004608769208748064,"[1337725742, 1337725744, 1337725747, 1337725748, 1141888414]",3714705892,3714706485
124,matched,0.0935309790039391,123,0.0029116128265763075,primary,primary,True,281.6606494291864,280.4902605187318,1.0041726543670004,0.004163972985990102,300173739,8156905203,3042737292
125,matched,0.09875474004049906,279,0.0031229329059365603,primary,primary,True,281.24560459882736,279.95726678110947,1.0046019088289113,0.004591352420506317,1208491992,293466257,2929034393
126,matched,9.586682408600703,220,0.19264728900445385,trunk,trunk,True,281.1371286412992,280.11157032567127,1.003661249388719,0.0036545633297591163,742084228,569909654,11936417211
127,matched,0.25864326616295535,203,0.00550017613242083,primary,primary,True,281.075554071599,281.44379134323253,0.998691613448369,0.0013092432366468916,470103540,6604456761,3725763520
128,matched,0.7623911505012523,315,0.016397838843100015,primary,primary,True,279.66370485795244,278.38018849546665,1.0046106598656415,0.004600063332299876,40016878,8141615216,3722327255
129,matched,0.00280703369284842,131,0.000378796986788832,secondary,secondary,True,279.357956847722,279.71873604639313,0.9987102072468563,0.0012906252517274543,26764975,3725789268,3725656912
130,matched,1.1885088016164993,375,0.024922135089886055,secondary,secondary,True,276.70778724563,275.4356961229249,1.0046184686321027,0.004607836230224269,875007028,8144976345,10207387801
131,matched,1.5605108223980977,562,0.03235259814693699,primary,primary,True,271.7887932114351,270.54968027403055,1.0045799830040438,0.004569526795900122,865024250,11968828664,11968828662
132,matched,1.8753827462070416,62,0.27730082570839243,primary,primary,True,271.38499590456155,708.1890975333188,0.38320979078867207,0.9591726831370064,1194663760,2390658892,2392383590
133,matched,0.08796982127080381,483,0.0028762428422457968,primary,primary,True,271.2410224009768,270.0319867701183,1.0044773793109474,0.0044673856673188815,876451409,6609242520,3727013594
134,matched,0.28729815850383744,518,0.006894989684462928,primary,primary,True,271.21266624269725,269.9690042549727,1.0046066843531045,0.004596106057544717,1208491992,3725790429,4814206874
135,matched,4.890271190678114,394,0.0982577304407013,primary,primary,True,270.7879475421756,270.2984737273016,1.001810864146306,0.0018092265085560147,478254539,5415640148,8127692776
136,matched,0.12174051807169986,238,0.003473836809909381,primary,primary,True,268.9255065505725,267.810143084444,1.0041647543789138,0.004156105793901534,300173739,3042737280,6956668970
137,matched,0.03433639387165768,343,0.0015462290887399326,primary,primary,True,266.18514162678645,265.2715671567347,1.0034439215625095,0.0034380048452271163,478371821,7128301700,4720133094
138,matched,0.4747440614302626,187,0.009551240973296236,secondary,secondary,True,265.038636976774,265.0983937519271,0.9997745864306932,0.00022543897876394137,26764975,3478668910,3725652953
139,matched,0.1578716738254917,372,0.0034811964228025362,secondary,secondary,True,264.8487140598092,265.1919290523781,0.9987057864325082,0.001295051785170809,875119268,3726941220,3726941218
140,matched,0.1578716738254917,372,0.0034811964228025918,secondary,secondary,True,264.84871405980914,265.1919290523781,0.998705786432508,0.0012950517851710315,875119268,3726941220,3726941218
141,matched,1.4646105413670438,420,0.030444354018879263,primary,primary,True,263.37889006194814,262.1678819349427,1.0046192085699726,0.004608572766153552,40016878,3722327154,3722327026
142,matched,0.28273762016329496,331,0.006725588141770545,trunk,trunk,True,261.5883755462839,260.4702990829529,1.004292529579255,0.004283342954018586,1210277736,3725560599,8140701167
143,matched,1.7507944029979836,336,0.03614879971155689,primary,primary,True,261.33015913154424,260.14858246875895,1.0045419300446397,0.004531646606388888,658700019,4723483921,4723212636
144,matched,0.16210222950610334,371,0.004370476682843967,primary,primary,True,261.1217520553267,259.9457754109768,1.004523930587026,0.004513728370887601,"[1208791977, 876451410, 1208986532]",3725790343,3725763413
145,matched,0.8669456508419281,49,0.018412154821174004,secondary,secondary,True,260.0213282753854,258.90745785257286,1.0043021952015254,0.004292967217341759,874143073,8138167641,8144915386
146,matched,0.6457021506571783,49,0.013998139992759402,secondary,secondary,True,258.68512961739776,257.5657992260461,1.004345803653727,0.004336387918463341,874159868,8144915386,8138167641
147,matched,0.48541058442176543,527,0.010508535818551795,primary,primary,True,258.3747870725,257.5489753051012,1.003206426142525,0.0032012965204659505,466615091,7127914070,8151563205
148,matched,0.426112053336853,540,0.008717269449987474,primary,primary,True,257.7094633441375,257.5084991018545,1.0007804179007058,0.0007801135330016587,170090974,4716027739,293460471
149,matched,3.0421933949716897,149,0.06125690696270353,secondary,secondary,True,256.3774713304631,255.95424540200847,1.0016535218151583,0.0016521562530789362,368712589,8144921986,3725591172
150,matched,3.0421933937750394,149,0.061256906938770464,secondary,secondary,True,256.37747133046304,255.95424540200847,1.001653521815158,0.0016521562530787146,368712589,8144921986,3725591172
151,matched,0.44264719101211175,422,0.010001623546156361,secondary,secondary,True,255.9953045703409,254.82177618628165,1.0046052908100027,0.004594718903656498,875007028,9882823386,9871576949
152,matched,0.2927682568775498,391,0.006149303920378996,primary,primary,True,251.7025669308751,251.40680025490752,1.00117644660235,0.0011757551313120007,"[874644320, 874644321, 219116706]",8141472796,11938897684
153,matched,0.11182823257081712,147,0.003122265745407182,trunk,trunk,True,251.21206102536337,250.32364051555078,1.003549087525185,0.0035428043759633586,"[44949024, 874594467]",8141628265,4714939571
154,matched,0.11198589365992073,324,0.09512808101951645,primary,primary,True,250.58832229383628,363.34939608073364,0.6896621406194862,0.3715534525852721,"[230574618, 464845715]",8184439489,2390658892
155,matched,0.41835734368076344,249,0.009512981875644798,secondary,secondary,True,249.8253073011373,248.68289301159436,1.0045938595763788,0.004583340008118115,90617087,3711679014,8133212869
156,matched,1.5096706731542076,201,0.0302845828876094,primary,primary,True,249.18569077073536,249.09483487419192,1.0003647442010966,0.0003646776981010027,1208795193,2833482043,2833482024
157,matched,1.5933824784504877,483,0.03325556877024234,secondary,secondary,True,248.82995491585007,247.4523589488121,1.0055671159203736,0.005551676804930356,478249498,293462780,1051669851
158,matched,1.1320247832511081,402,0.02348556354966864,primary,primary,True,243.22906750563075,242.4082752432934,1.0033859910991634,0.003380271538585917,880075594,8151182416,2283167591
159,matched,0.17271146905885792,384,0.0035346342332414197,trunk,trunk,True,241.87628586022743,241.79850626068247,1.000321671133324,0.00032161940825704485,218526249,6608882862,2845389637
160,matched,0.8089338716607465,327,0.017308993759331648,secondary,secondary,True,240.8445496880053,239.7580855288612,1.0045315016457008,0.004521265304466885,1014003072,2704039251,2704039249
161,matched,0.15599710945082565,351,0.0032825629110496053,secondary,secondary,True,239.4275623291592,239.5833565266379,0.999349728629996,0.0006504828881323682,252236396,2583312044,8124328157
162,matched,0.9721016793421333,370,0.0205942193162068,secondary,secondary,True,237.93418161428303,236.84012718427246,1.0046193795072544,0.004608742917456538,174418041,293456470,293456370
163,matched,0.5288946530179064,37,0.011714459868107516,primary,primary,True,234.8422416669632,233.7770093293865,1.0045566171824698,0.004546267230997553,"[1352928435, 368852567]",8146129652,3726941181
164,matched,6.601659316347321,146,0.13290376052838362,primary,primary,True,234.40772390992504,233.5928662532582,1.0034883670453505,0.003482296805748704,300173739,4963335999,3042737289
165,matched,1.1008956639679415,345,0.023161277140169002,primary,primary,True,234.24087059904133,233.1720264329941,1.004583929652275,0.004573455443240696,762822065,4714962014,11937077582
166,matched,7.973338821184985e-05,360,0.001127232662138914,primary,primary,True,233.20526151029617,232.1576030372136,1.0045127036951473,0.0045025519774987074,1208791977,3725763281,4594183934
167,matched,0.39079517578514417,434,0.008969828385696403,primary,primary,True,230.2585599712922,229.19820467900237,1.004626368229083,0.0046156994799740735,762822065,4721819322,4715979365
168,matched,0.12442068432150627,480,0.08661386985608119,secondary,secondary,True,229.40354685525816,321.17446838537944,0.714264580271665,0.33650182467860423,478254522,8151182351,8151182352
169,matched,0.29142332517974584,234,0.006155395346409782,primary,primary,True,229.18427401204093,229.48417786171518,0.9986931393158835,0.0013077153712594634,1208785499,6604456762,6604456761
170,matched,0.05390348572833345,122,0.0022272505331325377,primary,primary,True,226.6330065111433,225.59362799326917,1.0046073044133372,0.004596723274263475,300173739,8154498079,3042737256
171,matched,1.2536410117648125,345,0.026222087833116386,primary,primary,True,226.5674830169553,225.52832671652646,1.0046076531296886,0.004597070391280538,478257594,293463605,3714913947
172,matched,0.7656351303836882,174,0.016423374355544716,trunk,trunk,True,226.42862037738408,225.42490014944116,1.0044525703561475,0.004442686991483808,877821612,8156540160,8156683692
173,matched,5.059595704022036,393,0.10211780218185083,primary,primary,True,225.99675824669325,225.16131541710425,1.0037104190302022,0.0037035524056404476,658700019,4715985536,4723483921
174,matched,0.028448917535969037,365,0.0017022143266073532,secondary,secondary,True,225.7917915252612,224.77060623678193,1.004543233234881,0.00453294390355189,746487577,2704039244,2704039243
175,matched,0.44928812531546414,369,0.010108449044503942,secondary,secondary,True,224.42801347059057,223.42242384634986,1.0045008446642414,0.004490746152778641,746487579,299492240,293463031
176,matched,3.2169336357133454e-05,381,0.0011314645132119363,secondary,secondary,True,224.0007977529587,222.98986650363886,1.0045335299992357,0.004523284505939174,746487577,2704039243,2703794068
177,matched,0.07591205940457696,79,0.0026671257152748504,primary,primary,True,223.65607911388247,222.6306171585366,1.0046061137880942,0.004595538108733245,300173739,3042737256,12438735280
178,matched,16.153741764370857,109,0.3237660914401916,secondary,secondary,True,222.96057089947155,222.34493095566063,1.0027688508173531,0.002765024611097702,26754491,10165916006,6944073197
179,matched,0.43644687889776573,410,0.009034758368020198,secondary,secondary,True,222.69678439840925,222.96937231672064,0.9987774647455876,0.00122328316025953,26754699,293457398,8151563183
180,matched,0.3829164681276746,366,0.008781007480459216,primary,primary,True,222.5821363227924,221.58482494259636,1.0045008108314926,0.004490712471622896,1208795197,6604385665,10168649545
181,matched,8.796201782312058e-05,389,0.0011191431727759014,secondary,secondary,True,217.41518014009304,216.44560361682102,1.0044795390022727,0.004469535729677756,456959535,293457275,293457276
182,matched,0.23781080051074857,160,0.005881744357397852,primary,primary,True,216.94723502398884,215.97270933118028,1.0045122631272556,0.0045021133887315195,464650415,3718108687,4601752550
183,matched,6.357439623999062,113,0.12824721577826925,secondary,secondary,True,216.4656838334737,215.51668636039523,1.0044033596150022,0.004393693193152098,90617087,3711679549,3718134030
184,matched,0.5803631800527396,392,0.01275249866485175,primary,primary,True,216.19804967540165,215.20992432613005,1.0045914488022132,0.004580940255187833,464650412,3719506256,12525781148
185,matched,0.037077617159526136,409,0.0018743596109095893,primary,primary,True,216.0646225823624,215.08779906024705,1.0045415106127975,0.004531229070876267,869997541,8137990582,3725791491
186,matched,0.008552431674924265,317,0.0012886906205425502,primary,primary,True,215.00879985598672,214.0497337891063,1.0044805758451694,0.00447056794817626,865024250,11968762653,8133341954
187,matched,1.3390976357561202,203,0.026804304868212062,primary,primary,True,214.89208561368105,214.8728732693868,1.0000894126094277,8.940861235863623e-05,26754165,6985773024,10578971222
188,matched,0.05754369159565531,127,0.0014711194264726837,secondary,secondary,True,214.2552691317572,214.52990221847782,0.9987198377294698,0.0012809823782383093,876134933,8154498082,8154498081
189,matched,0.1733176554123414,417,0.004583609353736353,secondary,secondary,True,213.1086115818499,212.15834882838058,1.0044790259667697,0.004469024981958101,1069546778,8166852648,9816859455
190,matched,0.6137647094916088,442,0.013428240532635341,primary,primary,True,212.5509726333529,211.5729900234288,1.0046224360199087,0.0046117853712126676,1141889035,4722179361,4723477971
191,matched,0.12349786858140167,338,0.003612920443885441,secondary,secondary,True,212.10510682944545,211.13760692979736,1.0045823191506087,0.0045718522890296305,879562788,293465977,293463119
192,matched,0.3427550620439707,626,0.007153359827088781,secondary,secondary,True,210.52086674897487,210.77217525334186,0.9988076770377071,0.0011930343448374678,1210205481,8144958910,8144958913
193,matched,0.6507850711084143,489,0.01401411898827765,primary,primary,True,209.4073351757516,208.57269906813605,1.0040016555922446,0.003993670264437457,1208795201,4594197578,4594197577
194,matched,5.3409123320703715,232,0.10774917864985963,trunk,trunk,True,207.88762026176863,207.11494281549028,1.0037306697226898,0.003723728033808778,742084229,11936417213,569909828
195,matched,0.7788003296806052,341,0.01616265071629821,primary,primary,True,207.86501308530177,207.37781378112464,1.0023493318561616,0.0023465764907444177,478254539,4714962031,4714939496
196,matched,0.23476849188635665,390,0.005825780696110283,primary,primary,True,207.0391754770542,206.10513144719863,1.0045318814883308,0.004521643433532602,1208986526,6166520809,6605237341
197,matched,0.004820918596348555,462,0.0012244302464303818,primary,primary,True,206.93196124001668,206.00037765720705,1.0045222421114188,0.004512047498013643,"[1208785491, 1208986526]",4594181067,4594181065
198,matched,0.3080491514545025,393,0.007247216874291084,trunk,trunk,True,203.7659908303777,202.88256137916912,1.0043543882983492,0.004344935380804137,"[605579942, 870242501, 870242502]",6010327769,8140526289
199,matched,0.5151279533617699,563,0.011414137497207738,primary,primary,True,202.3907474497905,201.49285233357267,1.0044562132394224,0.004446313719889362,876451409,3727011973,3727012991
200,matched,0.42453325893459803,159,0.009625535352382671,secondary,secondary,True,202.38056952074967,201.46394889728487,1.004549799745721,0.004539480694762846,90617087,3711679299,293464096
201,matched,0.00017142850113639215,146,0.0010422516696678263,primary,primary,True,201.75865915403148,200.9220323495993,1.0041639375963332,0.004155292398580394,300173739,3042737292,3722532540
202,matched,0.44192250938512706,439,0.009992219269512874,primary,primary,True,201.6613876353403,200.73284922503623,1.0046257421936113,0.004615076327241336,762822065,4715979365,4714962026
203,matched,0.05478697815823624,151,0.0022294078439279684,secondary,secondary,True,201.04385285302587,200.13424863454114,1.0045449703121314,0.0045346731230529735,741818619,9924471955,8133212860
204,matched,0.00038944039687271455,500,0.10823542237266642,primary,primary,True,200.97537138967195,130.35634761473943,1.5417382817723837,0.4329105342589159,466615091,13505959712,293458235
205,matched,1.4578166383703337,250,0.03017524098699362,primary,primary,True,198.62095288052777,197.81309418064177,1.0040839495647758,0.004075632878347791,1208988383,8156864965,8163267507
206,matched,0.12256566721091003,244,0.002773080811948073,secondary,secondary,True,195.7621185690046,196.01424030802485,0.9987137580482721,0.0012870698709194896,875119268,10132690705,3726941220
207,matched,0.12256566824005295,244,0.0027730808325309316,secondary,secondary,True,195.7621185690046,196.01424030802485,0.9987137580482721,0.0012870698709194896,875119268,10132690705,3726941220
208,matched,0.29192533280093746,394,0.00699206464748111,primary,primary,True,195.11745418292568,194.219210933814,1.0046248939267794,0.004614231965849443,478257594,3714705622,3714706393
209,matched,0.0002797887421645367,297,0.0004582507859694117,trunk,trunk,True,194.6682361488065,194.31608484072183,1.0018122602067314,0.0018106200445044838,877825096,8156596370,3725590078
210,matched,0.005889776150063682,503,0.0012345751119112749,secondary,secondary,True,194.1969920604718,193.33142584536674,1.0044771108024486,0.004467118355640005,1069546778,8166852651,8166852648
211,matched,0.05208271822471435,515,0.0021600368505381613,secondary,secondary,True,193.69651812587333,192.83194623792065,1.0044835511170227,0.004473529944175496,466839445,293464778,293464784
212,matched,0.03188967056866634,298,0.0007458865073633016,trunk,trunk,True,193.157669389202,193.07417139962126,1.0004324658703723,0.0004323723839598995,218526249,2277623681,6608882862
213,matched,0.13590558982563605,118,0.003867601069261686,trunk,trunk,True,192.1184492479658,191.23712456117016,1.0046085439154036,0.004597957090995859,742084229,3725628832,3725628684
214,matched,0.8145604809430432,144,0.016611276353609417,secondary,secondary,True,191.5903217247036,191.83576556272936,0.9987205522530912,0.0012802669389941998,875119268,10132690705,3184375374
215,matched,0.8145604809430432,144,0.016611276353609417,secondary,secondary,True,191.5903217247036,191.83576556272936,0.9987205522530912,0.0012802669389941998,875119268,10132690705,3184375374
216,matched,1.2118642044947203,417,0.025106671548675272,primary,primary,True,190.9332157229613,190.27038912435157,1.0034836035268555,0.0034775498351234603,874459840,2703756979,4720174490
217,matched,2.5408154443227424,446,0.051519584062804144,primary,primary,True,190.60445950539227,190.06902343679624,1.0028170611860594,0.0028131007053971563,1141889036,9913774165,293463399
218,matched,0.18905455961734804,401,0.004922119159229347,primary,primary,True,190.407087202514,189.54002813858324,1.0045745432901212,0.004564111867529544,464650415,293462011,8153698627
219,matched,0.014493581853112962,338,0.0014368240169882066,secondary,secondary,True,189.02364063471927,188.15842242253342,1.0045983496303073,0.0045878095197037895,879562787,2703794062,2703794060
220,matched,0.0011277288982636375,355,0.0004712025841831329,primary,primary,True,187.94159050330447,187.60461448152387,1.001796203268837,0.0017945920248714406,"[874644320, 872816373, 478254536]",2283167585,8124335699
221,matched,0.0022415385503503373,350,0.00020190591145333032,secondary,secondary,True,187.7266712930368,187.84465712747397,0.999371896777681,0.0006283005617852943,252236395,2583312092,2583312066
222,matched,0.8277012490501529,571,0.016567952352659985,secondary,secondary,True,187.14898865889165,187.15941492339095,0.9999442920651169,5.570948662771019e-05,230574625,3706276768,10115843783
223,matched,0.023411270397467678,186,0.0007964844929390855,primary,primary,True,186.8862870494912,187.13183670836122,0.9986878253150867,0.0013130363399589276,470103540,4643407218,3725763514
224,matched,0.1583828569821412,485,0.0034719875988982424,secondary,secondary,True,186.10219270450244,186.32887691342498,0.9987834187986446,0.001217321837021675,26754699,293457280,293457398
225,matched,1.308888326956989,386,0.026996338744431667,primary,primary,True,185.0299778788576,184.42512705922866,1.0032796551601926,0.0032742888211675387,466615091,4720203904,12558344054
226,matched,0.06296222349026022,507,0.001947844360021455,secondary,secondary,True,183.93236613042592,183.42643998316618,1.0027581964045433,0.0027543995608650023,1209072902,293462774,293462770
227,matched,0.10383096695219034,228,0.0030031130385974334,primary,primary,True,181.0781227785953,180.4082937704146,1.0037128504138126,0.0037059747982145065,1208791978,4597338781,293463029
228,matched,0.20250208289616636,533,0.005182362043498833,primary,primary,True,180.8273791077356,180.01021298189713,1.0045395542414066,0.004529281542302023,865024248,8062776435,8064752282
229,matched,0.0811828711884455,433,0.0019049849092071195,primary,primary,True,180.7492962673884,180.54601168786502,1.001125943340553,0.0011253099417528373,874644320,11938897684,7128018275
230,matched,0.017429657255168075,126,0.0014967089272162914,primary,primary,True,180.62078068781472,179.7931882107846,1.004603024648853,0.0045924631284517195,300173739,12438735280,3042737291
231,matched,0.28391057962705757,394,0.006803551459844573,primary,primary,True,180.57172746646995,179.76073586290843,1.00451150580614,0.004501359469213684,1208791977,3725763413,3725763281
232,matched,0.9403344797836896,456,0.01959590256422958,primary,primary,True,179.81871632556832,179.2519503427287,1.0031618399786222,0.003156851874223174,"[746487560, 658700019]",6167916393,4715985536
233,matched,4.515317993585972,509,0.09083148773106632,secondary,secondary,True,177.71005433719856,177.33716410272964,1.0021027190569762,0.0021005114373874724,875004053,8144960927,8144960932
234,matched,5.243792627598712,235,0.10588062138683853,primary,primary,True,177.4812021104335,176.7693232933594,1.004027162653628,0.0040190753394571685,40016878,8182365093,2283167672
235,matched,0.4542986881345954,365,0.010214108674096098,trunk,trunk,True,177.19679037258618,176.3989842506422,1.0045227364847542,0.004512539645616755,870242502,8141521568,6010327769
236,matched,1.1536088606588435,336,0.023630089215216813,primary,primary,True,174.76037906868515,174.37081026872877,1.0022341399879717,0.0022316480081597647,874644320,3714912868,5418127631
237,matched,0.13720458916233855,415,0.0038933866645135813,primary,primary,True,174.36137297484692,173.56164210270265,1.004607762766332,0.004597179525067241,874459842,8141910114,9833884593
238,matched,0.8462517562611126,387,0.017931474446280207,primary,primary,True,174.33077320862347,173.63037059990066,1.0040338715300952,0.004025757284231826,1208791971,3726941482,3726926564
239,matched,2.280905262550821,171,0.046436807633011806,primary,primary,True,173.52427150475398,172.95694202211297,1.0032801775748814,0.003274809527981578,300173739,8148670280,3042737299
240,matched,0.00021387173366758873,201,0.00033072602723773165,primary,primary,True,171.424659809368,171.64865137670688,0.9986950578082475,0.0013057943702575194,368721302,3725764138,8153479957
241,matched,0.00021355906591984442,240,0.00033130999391250005,primary,primary,True,171.28074451744112,171.5049529404094,0.9986927000117239,0.0013081552503764126,1208491977,3726939998,6604456763
242,matched,0.08495473147426073,420,0.002852744797547834,primary,primary,True,171.1209286495828,170.3330930685504,1.0046252643384768,0.004614600672250477,478257594,8124335766,3714705527
243,matched,1.5942637509042437,340,0.033023444985342335,primary,primary,True,168.96413026723744,168.19663906928685,1.0045630590610934,0.004552679869029856,464650415,8145147226,293462245
244,matched,0.1028270491824514,253,0.003169994783782702,primary,primary,True,168.63690927120786,167.88750174144786,1.0044637481765266,0.004453815200534696,874056882,3727013860,4594206606
245,matched,0.0715290582029582,588,0.0025709740579083927,primary,primary,True,168.41358578498432,167.6471046674699,1.0045719913805535,0.0045615715753969145,865024248,3724390838,11968828663
246,matched,0.07471533796790981,146,0.0024870226410869667,trunk,trunk,True,167.4211338703478,166.75764557876602,1.003978757851126,0.003970863526915083,1203900682,12617765452,2392383591
247,matched,0.0046133175246141555,184,0.0005793644953206067,trunk,trunk,True,167.05420760560193,166.7290373097244,1.0019502919294945,0.0019483925793132941,464260872,8141472721,8141472740
248,matched,0.39612165270575683,326,0.009020346560341544,primary,primary,True,166.82460045758106,166.09357091886028,1.0044013114696528,0.004391654024905625,464845715,2365467030,2408583723
249,matched,2.0104357441893423,208,0.041338992330792565,trunk,trunk,True,166.59687843859135,165.84537575398642,1.004531345424546,0.004521109788022858,870242498,4593969159,4593969164
250,matched,0.00021861319094564448,355,8.772305770955765e-05,secondary,secondary,True,166.56924953562327,166.62479351112393,0.9996666523971,0.00033340317556257903,26755988,293462600,1051669950
251,matched,0.00021861319094564448,355,8.772305770955765e-05,secondary,secondary,True,166.56924953562327,166.62479351112393,0.9996666523971,0.00033340317556257903,26755988,293462600,1051669950
252,matched,0.3431966280166211,532,0.007657655969088033,primary,primary,True,166.32513016888691,165.7979029597932,1.0031799389478502,0.003174893635022446,874459840,4720174504,3719620804
253,matched,0.17089954446182787,299,0.008001684545266176,primary,primary,True,165.65055454369568,162.6410624458763,1.018503888578697,0.018334774624118477,470103829,3726944827,13957674836
254,matched,1.3553797950874828e-05,432,0.0011482077570560535,secondary,secondary,True,165.64197366954426,164.88313121898872,1.0046023049474218,0.004591746724388144,174418041,293456654,293456599
255,matched,0.6563780106834032,268,0.013635111730763264,trunk,trunk,True,165.30941993060364,164.974148193616,1.0020322683320915,0.0020302060683808033,"[1393752821, 742084229, 44947109]",569909828,12901379743
256,matched,0.610476205191396,416,0.0133237457335747,primary,primary,True,165.26230635726083,164.5273899480002,1.0044668332093087,0.0044568865189871226,874056882,4594206606,4594206590
257,matched,1.0985518430515737,489,0.022270296434710343,primary,primary,True,165.20780555006587,165.01016379621063,1.0011977550310134,0.001197038294715472,279088743,293464910,293464908
258,matched,0.3014771995003983,549,0.006743046368684552,secondary,secondary,True,164.82454558256248,164.35480540153634,1.0028580860771215,0.0028540095147063403,478249498,293462777,293462778
259,matched,0.1868449212181451,474,0.004886800164202839,primary,primary,True,164.43550182597903,163.68089991390445,1.0046102013886256,0.004599606959359749,"[1141888415, 1392897335]",4723475967,4723476603
260,matched,0.9404728617141587,349,0.01993549567102649,primary,primary,True,163.59233278163993,162.85714470594917,1.0045143126942215,0.004504153746973257,1208988383,3719506250,3719506253
261,matched,0.13927664049017008,354,0.0030983548132190943,secondary,secondary,True,163.5295448295978,163.7342954632144,0.9987494945207578,0.0012512880136627707,26754699,293457075,293463159
262,matched,0.0056126450351769155,376,0.001120424566805161,primary,primary,True,163.06309145955152,162.40683323642784,1.0040408288866043,0.004032686664406491,1208795201,4594188520,3726941481
263,matched,0.01062010152354695,495,0.0005188278973644192,secondary,secondary,True,162.33426427348215,162.53335993530382,0.9987750474001096,0.0012257034675739208,26754699,4613766153,293457277
264,matched,0.16960017360398486,286,0.00454500748838698,primary,primary,True,160.90992781663525,160.16951734939477,1.0046226677803203,0.004612016065229132,1138034029,3722327215,7127990460
265,matched,0.8146613827216161,443,0.017243647609042463,primary,primary,True,160.7785741574832,160.16850587377658,1.0038089153693386,0.0038016798184405684,"[874459841, 874459842, 466615091]",293458244,6956618508
266,matched,0.21348450292937235,489,0.00444134679679464,primary,primary,True,160.536079822312,160.42588925723965,1.0006868627350767,0.0006866269528287735,279088740,1812432267,1812432244
267,matched,0.10139173253618487,336,0.00288991444442029,primary,primary,True,160.32290359860772,159.7710111534966,1.0034542714671868,0.0034483191747863703,880075594,2283167601,3719620306
268,matched,0.7100049486114481,479,0.014309961017100456,secondary,secondary,True,159.92789645403872,159.9981919214608,0.9995606483637228,0.0004394481794859708,1238285689,8124118501,3706277268
269,matched,0.19271442249344994,337,0.004984344586412833,primary,primary,True,159.80658112838552,159.08584965895915,1.0045304561717554,0.0045202245461753365,869997541,3725791491,3725791505
270,matched,0.03396367729220062,358,0.0013577249015231411,primary,primary,True,159.6654664959185,159.23275290293742,1.0027174911259924,0.0027138054227165143,478254539,10287153450,5415640148
271,matched,8.974096767803163e-06,436,0.0011541897007081496,primary,primary,True,159.30930714438122,158.57562353036303,1.0046267112036782,0.004616040875091174,478257594,3714704501,10267000474
272,matched,0.21804038864029557,451,0.005510674333782857,primary,primary,True,159.21721425515156,158.48658160090042,1.004610060024457,0.004599466243907781,1208491992,2929034393,3725790429
273,matched,0.46371316391947914,313,0.010417079881828585,secondary,secondary,True,158.9703039004298,158.24526672103838,1.00458173059084,0.004571266413756006,879562788,293463119,293463078
274,matched,0.00020440850111948404,278,0.00022244202989817112,primary,primary,True,158.636905435644,158.49841000399,1.0008737969778405,0.0008734154395031257,466600306,1812432245,1812432278
275,matched,3.7396720372547287,353,0.07591104123781964,secondary,secondary,True,158.062135649042,157.35711141131176,1.0044804091242334,0.004470401970900251,90617087,3711678597,3711673309
276,matched,0.9755420061068003,533,0.01968297494177335,secondary,secondary,True,157.41623411523904,157.52465869851733,0.9993116977102245,0.0006885392785493607,776295454,8128232265,3706277194
277,matched,0.9755420061068003,533,0.01968297494177335,secondary,secondary,True,157.41623411523904,157.52465869851733,0.9993116977102245,0.0006885392785493607,776295454,8128232265,3706277194
278,matched,0.22520019923694118,421,0.0056574985334533895,primary,primary,True,156.26172229881945,155.54239487609743,1.0046246389821567,0.004613978194858264,"[219116704, 762822062, 219116711]",3714706393,12201173657
279,matched,0.058521778365561154,368,0.001475031632513926,secondary,secondary,True,156.09773242417683,156.2880353520153,0.998782357667944,0.0012183842608108116,"[478254522, 1013619973]",2703797734,8151182351
280,matched,0.0001769532948688496,163,0.0003243459530865208,secondary,secondary,True,155.5378914544154,155.73761007641815,0.9987175954356513,0.0012832275487565752,26764975,3725656912,293466258
281,matched,0.12691920401058057,478,0.0030702989508172504,primary,primary,True,155.1250841611919,154.79538167660206,1.0021299245560094,0.0021276594824225547,478372781,4719689700,10779362169
282,matched,0.00019503624800428418,264,0.00020420061674652373,primary,primary,True,154.94777140963538,154.8236770410672,1.000801520613254,0.0008011995671457522,279088743,293464896,293464894
283,matched,0.3394880692972363,365,0.007917802008061494,trunk,trunk,True,154.4016441798402,153.70652829009268,1.0045223576218936,0.004512162488467072,870242503,6010327768,3725560916
284,matched,0.06466522208756212,397,0.002446649389097754,primary,primary,True,154.33798610756168,153.62760624769624,1.004624037809455,0.004613379789386046,1141889035,4723476352,4722179361
285,matched,0.012233019962927237,334,0.0013712329208213114,secondary,secondary,True,154.07065549173444,153.377930406645,1.0045164586798951,0.004506290086251067,879562787,5875519688,2703794066
286,matched,0.43179124452954776,453,0.008691261021423296,secondary,secondary,True,153.9875654217518,154.02171510715783,0.9997782800601703,0.00022174452332936187,869089258,6985772815,3719483256
287,matched,0.43179124453820084,453,0.008691261021596357,secondary,secondary,True,153.9875654217518,154.02171510715783,0.9997782800601703,0.00022174452332936187,869089258,3719483256,6985772815
288,matched,0.13688000875842785,453,0.0036763954028968897,primary,primary,True,153.32855012754362,152.75385340342538,1.003762240436583,0.0037551809109133308,"[874459840, 40016878, 874459839]",2703768573,2703756979
289,matched,0.07658709862172769,552,0.0025298887606829386,primary,primary,True,152.9864390586863,152.37684510579274,1.0040005681471507,0.0039925871529935385,874056882,4594259889,13022825212
290,matched,0.5921246300458642,211,0.012082879866667992,trunk,trunk,True,152.79232362134854,152.64547691720605,1.0009620114995097,0.0009615490630028295,842470001,8169509578,8169509567
291,matched,0.5675986555759982,138,0.012454229593030003,trunk,trunk,True,152.50028671883302,151.82938909030648,1.0044187599814915,0.004409025926040154,605579942,8140465200,4593969290
292,matched,3.0355574958213747e-05,325,0.0010757937165694138,trunk,trunk,True,152.05069910225927,151.39817178543962,1.0043100079025025,0.004300746420280999,605579942,8140526284,8140526242
293,matched,0.26398905121200356,401,0.006367826947172137,trunk,trunk,True,150.69485874488413,150.04043216355961,1.004361668197617,0.004352183691728265,870242503,8140750597,6010327768
294,matched,0.00012662128290978674,289,0.0008498555508801316,primary,primary,True,150.40834068451002,149.8994257413289,1.00339504264719,0.0033892925008877435,478371821,3719620476,3719620498
295,matched,0.07138769144617028,497,0.0017286953401766678,secondary,secondary,True,150.0213357394489,150.20203506747703,0.9987969581906999,0.001203766045013048,1210205483,3714709047,8144958903
296,matched,6.218804558842306e-05,283,0.0010799596407163315,primary,primary,True,149.59088509342106,148.94681138488082,1.0043241859463239,0.004314863519218252,1208988379,4478448738,8163267506
297,matched,0.19341928028145736,378,0.004994343183691035,secondary,secondary,True,148.87162109870007,148.20263620701337,1.0045139877994629,0.004503830312247551,"[746487576, 746487577, 879562787]",2703794068,5875519688
298,matched,0.10954567733358148,334,0.0033192668452453463,primary,primary,True,148.86151304509158,148.19115347085003,1.004523613984646,0.004513413194294868,1208986532,293458413,3725790343
299,matched,2.222624134881496,517,0.045031346005039,secondary,secondary,True,148.5639441701936,148.22034924835322,1.0023181359616462,0.0023154532296363133,367555141,3716311233,8144958887
300,matched,0.08705434450256243,438,0.002538185460576934,primary,primary,True,148.55381567814263,148.08092182828761,1.003193482617588,0.0031883942821027416,466615091,12558344054,7127914070
301,matched,8.667803617181732e-05,385,0.0010097916287465426,primary,primary,True,148.3745600085324,147.7774839030622,1.0040403726582723,0.004032232272092425,1208791971,3726941434,3726941482
302,matched,2.7819286733788324,337,0.05674818374253852,primary,primary,True,148.13991025918412,147.4838569968509,1.004448305568434,0.004438441099847475,1141889036,293463370,293463385
303,matched,0.05216791765148085,430,0.0019778251781256435,secondary,secondary,True,147.77947755357297,147.22812855339492,1.0037448618385316,0.0037378673003841067,90617087,8099252001,3711678597
304,matched,0.0001673381073494334,331,0.0001860775938858964,secondary,secondary,True,147.49819235724036,147.6060416366936,0.9992693437324287,0.0007309233269556309,252236395,2583312049,2583312092
305,matched,0.09707051225935102,670,0.0022616995522989737,secondary,secondary,True,147.260610068047,147.4493949688494,0.9987196631031122,0.0012811572284478134,875004053,8144960935,8144960921
306,matched,0.11154317618469548,360,0.003355153122669242,primary,primary,True,147.16266881403016,146.50234089492875,1.0045072857885253,0.00449715839590133,1208986532,3725777494,293458413
307,matched,1.7500211729188695,474,0.03530815323167204,secondary,secondary,True,147.10275142333165,147.28393449669312,0.9987698381769837,0.001230919093178613,478254522,8151182352,9757587446
308,matched,31.400348050033124,243,0.8758014612844541,trunk,trunk,True,146.76475240876113,395.4439201266439,0.3711392309730255,0.9911780011351669,"[1209009344, 218505932, 218505933]",8182365087,8182316367
309,matched,0.00015789343021279468,495,0.000310453806806882,secondary,secondary,True,146.58324779630186,146.76353632409214,0.9987715713841062,0.0012291837528105045,478254522,4620986372,4613766154
310,matched,0.41489371467362923,287,0.008645099777480968,primary,primary,True,145.65401368646457,145.45185496668086,1.0013898669070258,0.0013889019360335323,219116706,2283167579,8141472796
311,matched,0.05334564261034204,380,0.0021942185804114554,secondary,secondary,True,144.40599390338113,143.75630099285797,1.0045194047567727,0.004509222912818459,"[746487578, 746487579, 879562788]",10110997385,5338412716
312,matched,0.13878999728142147,342,0.003924794497108866,trunk,trunk,True,143.9113100221158,143.25141437226273,1.0046065559125177,0.004595978205921745,870242503,3725560916,3725560939
313,matched,0.016457201680856785,240,0.0013671547672455785,primary,primary,True,143.62049861956012,143.02541640138293,1.0041606746070024,0.004152042934513771,464283097,3042737290,2841381805
314,matched,0.09068195079717441,52,0.0029614751589327405,primary,primary,True,143.26764369429583,142.61136034048508,1.0046019009442437,0.004591344571957009,368852567,3726926556,12435035118
315,matched,0.25601479012504125,422,0.0062737390451213515,primary,primary,True,142.15806816515317,141.50369384080167,1.004624432808713,0.004613772970482107,1141889036,293463347,293463349
316,matched,0.11008986580304105,257,0.0033312341613227475,primary,primary,True,141.60397027911924,140.96568221099233,1.0045279677870218,0.0045177473810477055,869997541,3725791505,3184374603
317,matched,0.022182616264802973,489,0.0012671788913567504,secondary,secondary,True,141.3044004724377,140.83969457719215,1.003299537794658,0.003294106264242764,478249498,9771712112,293462780
318,matched,0.249157778399891,288,0.005277636084946562,primary,primary,True,141.29533356121252,141.4618665148559,0.9988227714100896,0.0011779220677949674,368729170,3725763498,3725764126
319,matched,0.0001595223798945715,429,0.00030451882265501403,primary,primary,True,140.61152864292586,140.44214976699354,1.001206040182476,0.0012053135002284903,874644320,5414086844,8127692843
320,matched,4.151103407932879e-06,476,0.0011475629430503307,primary,primary,True,140.1753053063159,139.53338621877887,1.0046004695000417,0.0045899196839286885,1208785492,6947408065,3725790736
321,matched,0.0863220792322772,557,0.0028646745378904945,primary,primary,True,139.57815266055462,138.94410732676502,1.0045633121547104,0.004552931812979803,865024248,3724390901,3724390916
322,matched,0.4870077760191794,620,0.010058963252917932,primary,primary,True,139.14366010321675,138.96633289472211,1.0012760443828432,0.0012752309301373758,279088746,1812432286,2833450822
323,matched,0.8369369430988017,172,0.017626007383299405,trunk,trunk,True,139.0851430088607,138.59239444994776,1.0035553795059866,0.003549074085293473,"[568707032, 874594467, 1210221828, 374402719]",4714939528,8141628265
324,matched,0.0001422503643517336,308,0.0003155097173956585,primary,primary,True,139.00971035694363,139.183672841292,0.9987501229073992,0.0012506588404344954,368729170,3725763961,3725763498
325,matched,1.1142985988269611,487,0.02283323869556813,primary,primary,True,138.9630034556413,138.65913686126368,1.0021914646323067,0.002189066876115627,746487559,293461082,293460950
326,matched,0.5166170819553578,410,0.011483314476144185,primary,primary,True,138.0138551701159,137.37991479242356,1.0046145055385294,0.00460389134814811,874459842,8141910101,8141910114
327,matched,0.04152721154115715,108,0.0011510400131819773,secondary,secondary,True,137.56901352817457,137.7454877769863,0.9987188382598968,0.0012819831294353372,875119268,6965369868,8145903096
328,matched,0.04152721154115715,108,0.0011510400131819773,secondary,secondary,True,137.56901352817457,137.7454877769863,0.9987188382598968,0.0012819831294353372,875119268,6965369868,8145903096
329,matched,0.4329738627917192,223,0.009763898136631352,primary,primary,True,137.46960957416178,136.86365179533993,1.0044274558721258,0.004417683523187873,876451409,8145580981,4594206614
330,matched,0.671087599693314,190,0.014160056863428258,trunk,trunk,True,137.40500781992966,136.99981927426754,1.0029575845268157,0.0029532194782479148,874656098,4714939538,4714939527
331,matched,0.3174468698293576,445,0.006456917858662791,secondary,secondary,True,136.86336549284852,136.92249253884938,0.9995681714165108,0.0004319218483025581,252236395,2751622292,2583312029
332,matched,4.814456318112889e-06,448,0.001154063482659324,primary,primary,True,135.2725275408109,134.64956616499865,1.0046265383064723,0.004615868774131848,478257594,3714705527,3714704501
333,matched,0.17120462580869955,380,0.0037378665007351355,primary,primary,True,135.04207668749473,135.21167385753355,0.9987456913652476,0.001255095938244579,470103829,3726944825,3725763954
334,matched,0.10144477603289662,430,0.0023102395384672738,primary,primary,True,134.4403488200718,134.28913796899633,1.0011260095444978,0.0011253760712373662,478254539,7128018274,4801591614
335,matched,0.054084598760402315,427,0.0022317713013502707,secondary,secondary,True,133.69979440501174,133.0861454992496,1.0046109150089226,0.0046003173045688975,174418041,9882823387,3714708616
336,matched,0.4397461694088309,396,0.008914406888665412,trunk,trunk,True,133.33738830461525,133.27367705911058,1.0004780482306075,0.0004779340019551796,280421147,4875425580,2277623663
337,matched,1.082629135374581,284,0.02196781574483054,primary,primary,True,132.51086982524495,132.6780624282585,0.9987398624915558,0.0012609321493556817,368729170,3725764126,3725790551
338,matched,0.02136487976793676,364,0.0011185328427940023,primary,primary,True,132.35946621924458,131.99400557709532,1.002768766964465,0.002764940989741069,874644320,9919058606,3714913529
339,matched,0.1680532484820697,397,0.004508067241403487,secondary,secondary,True,132.07449319061763,131.46992216488096,1.0045985501153523,0.004588009087048369,174418041,293456370,9871576948
340,matched,0.028623766227810075,446,0.0017006282025959513,primary,primary,True,131.97280249943776,131.37860221744427,1.0045228086763325,0.004512611512158999,300173742,3725789806,3725790040
341,matched,0.06490471013629262,168,0.0013352212151326044,secondary,secondary,True,131.27828741015398,131.29778474029504,0.9998515029771475,0.00014850804962700768,"[26754491, 876134933]",9781361238,8154498070
342,matched,0.019661622231528876,321,0.0015112400170972432,primary,primary,True,131.0218911495294,130.43726548983204,1.0044820447400666,0.004472030289866663,865024248,8062776421,3724390367
343,matched,0.2749310065686718,352,0.011865616473932647,primary,primary,True,130.8960342471774,134.27250599750838,0.9748535880428594,0.025467985370236843,470103829,13957674836,6604385662
344,matched,0.5440188519467217,394,0.011874973074119437,primary,primary,True,130.71375905683067,130.19476257903693,1.0039863084160445,0.00397838414074001,40016878,2283167656,2703768573
345,matched,0.00013768667795646382,230,0.0001991522786962602,primary,primary,True,130.17936963866217,130.07714164356315,1.0007859028404786,0.0007855941805485238,1208791979,2833482027,293460604
346,matched,0.734302636485051,293,0.01575728178477465,primary,primary,True,130.1318069047123,129.5753959530181,1.004294109600066,0.0042849162202945185,1208988383,8163267507,4597338734
347,matched,1.019221565235978,272,0.020697339721901208,primary,primary,True,129.682784755002,129.84520171672105,0.9987491492979972,0.0012516336687265865,470103829,3726939997,6605170431
348,matched,1.2578047721362153,174,0.026299497877301348,primary,primary,True,129.65559817577272,129.06395806613565,1.0045840846546321,0.004573609738308174,869997541,3184374603,3184374604
349,matched,0.8386274171877922,624,0.016911958327570007,primary,primary,True,129.33721632578963,129.26511283461298,1.0005577954453102,0.0005576399352566466,466600302,2833450825,293458231
350,matched,0.3960818485854941,274,0.008066403008724063,secondary,secondary,True,129.07399139271223,129.14875515799324,0.9994211034772302,0.0005790641480567238,876418713,293452705,293452702
351,matched,0.3960818485854941,274,0.008066403008724063,secondary,secondary,True,129.07399139271223,129.14875515799324,0.9994211034772302,0.0005790641480567238,876418713,293452705,293452702
352,matched,0.4056484425414638,523,0.0089019120630527,primary,primary,True,128.98100364169895,128.5746104719181,1.0031607575421713,0.003155772848893694,478372781,4715985522,4721825589
353,matched,2.630082216619534,288,0.05277521157352188,secondary,secondary,True,128.57207934666087,128.661373944703,0.9993059719844084,0.0006942689645247998,869974597,13127794959,7242244227
354,matched,0.5932835265406844,674,0.012172592385251231,secondary,secondary,True,128.33886652544595,128.49652329390113,0.9987730658821439,0.0012276874177501744,367555141,3714708572,3714707014
355,matched,0.00011958858130377779,125,0.0003308890227405914,primary,primary,True,128.08561489942574,128.25402861168442,0.998686873901103,0.0013139890044580633,470103540,3725763514,3725763504
356,matched,0.0023467885619066517,407,0.0012007668661428448,primary,primary,True,127.5911283328734,127.00361072273344,1.004625991393446,0.004615324379618847,762822065,4714962029,4721819322
357,matched,0.651630780085634,402,0.013888859907245775,secondary,secondary,True,127.55952666008145,127.12338549991922,1.003430849158454,0.0034249772221323803,869089258,3719483256,6965143039
358,matched,0.6516307812020173,402,0.01388885992957344,secondary,secondary,True,127.55952666008145,127.12338549991922,1.003430849158454,0.0034249772221323803,869089258,3719483256,6965143039
359,matched,2.072731051451098,286,0.04166454682482389,secondary,secondary,True,127.23012114543832,127.33700155079222,0.9991606492688516,0.0008397031832077169,1427941136,13127794973,13127794959
360,matched,0.08697191190077357,294,0.002875750002291535,primary,primary,True,127.211601170194,126.6347050751721,1.0045555923605574,0.004545247057104253,464650412,6949998010,4601752551
361,matched,0.05528043466915356,563,0.002219633369593159,primary,primary,True,127.03219257785528,126.4673839451525,1.0044660418764393,0.0044560987048403505,876451409,3727012991,3727013278
362,matched,0.1047885228304462,340,0.003225872710464364,secondary,secondary,True,126.08480883515908,125.51614020434786,1.0045306414767488,0.004520409015421759,879562788,293463078,293463063
363,matched,0.00011553764866474986,669,0.0003236867537800677,secondary,secondary,True,126.0606157650531,126.22277139479348,0.9987153219031042,0.001285504003227091,367555141,3714708563,3714708572
364,matched,0.00012876326064514175,196,0.00011960761740759481,primary,primary,True,126.05982943747486,126.0008309345941,1.0004682389984505,0.0004681294087787679,1208791979,293460604,6985773024
365,matched,0.5715732541903912,416,0.012332760311566352,primary,primary,True,125.68791531195204,125.23560346184938,1.0036116873923993,0.003605180911034118,466615091,293458235,5662526910
366,matched,0.41392375171780565,533,0.008392206364943191,secondary,secondary,True,124.96936131413244,125.02622597471824,0.9995451781404863,0.0004549253223483064,"[464097499, 456959534]",4592522613,1051669812
367,matched,0.09489618663525075,517,0.003017138561012221,primary,primary,True,124.2944241184147,123.73921918270827,1.0044868954190396,0.004476859313228825,865024248,3724390537,3724390516
368,matched,4.7503792479370384e-05,539,0.0010657377223001311,secondary,secondary,True,124.15445111892798,123.62678312211759,1.0042682336584716,0.004259150585802175,456959535,1051669905,10128190730
369,matched,0.006647965525167991,494,0.000439257869163879,secondary,secondary,True,124.03144057332644,124.18349630911572,0.9987755560093847,0.0012251942346420768,1209433726,3714709074,4723475967
370,matched,0.006647965525167991,494,0.000439257869163879,secondary,secondary,True,124.03144057332644,124.18349630911572,0.9987755560093847,0.0012251942346420768,1209433726,3714709074,4723475967
371,matched,1.45954489281346,560,0.029713838131807557,secondary,secondary,True,123.64245942016632,123.38409924106693,1.00209395036061,0.002091761102153428,478249498,2833450832,293462777
372,matched,0.6224261625650115,400,0.013588413705084589,primary,primary,True,123.5519388365556,122.98987848226554,1.0045699724337163,0.00455956181513743,300173742,6604381555,3725827504
373,matched,0.0002821241910513067,379,0.0011344979438643488,secondary,secondary,True,122.5010438093988,121.94914688217729,1.0045256317188895,0.004515421840173291,746487579,5338412716,9911548099
374,matched,2.994713170224876e-05,424,0.001134312520793824,secondary,secondary,True,122.46931259961792,121.91518949261406,1.0045451523252353,0.0045348543126391165,746487577,2704039247,2704039246
375,matched,0.2743991284051667,227,0.0064210204942549125,primary,primary,True,122.22771719700162,121.77239500816975,1.0037391248550325,0.0037321517046063147,1208988379,6986305647,293452701
376,matched,0.44032388975463466,527,0.008834803021035093,secondary,secondary,True,122.09899259994764,122.11282730988634,0.9998867055145354,0.00011330090376959427,464097500,1051669449,4592522613
377,matched,0.6249724282635223,384,0.013487629455045318,primary,primary,True,121.62255283492242,121.14276137121429,1.0039605458739538,0.003952723559099497,874459842,6956618508,9717246530
378,matched,9.346147591518605e-05,531,0.000733671713803845,secondary,secondary,True,121.52665674273196,121.17144285194163,1.0029314983995392,0.002927209937142165,279088748,2999157389,2999157408
379,matched,0.6386285326544147,329,0.013698528978874634,primary,primary,True,121.44023393798912,120.99127150943823,1.0037107009699942,0.0037038333031453588,478371821,3719620498,2283167617
380,matched,0.3207031764826494,511,0.007193352677768382,secondary,secondary,True,121.32251713396718,120.94492466304393,1.00312201997707,0.0031171565924615753,478249498,293462778,293462779
381,matched,0.43408307774148547,167,0.009000732964620593,secondary,secondary,True,121.13715182824048,121.29185613793254,0.998724528466972,0.0012762856391635277,876134933,9726096123,10232859317
382,matched,0.00836440840501787,425,0.0012894619332524469,secondary,secondary,True,120.6734848444312,120.13303223996856,1.0044987843425368,0.004488695060608358,466839445,3240828570,293464764
383,matched,9.846963009466074e-05,542,0.0006306482937944983,secondary,secondary,True,120.2570218739447,119.95498958627438,1.0025178801541481,0.00251471560477042,1209072902,293462775,293462774
384,matched,0.01855402243166007,454,0.0015245155414127212,primary,primary,True,119.78122001794884,119.22985347654551,1.004624400058596,0.00461374037111808,1105211172,4723476603,4715985573
385,matched,0.01152160694215798,262,0.0012765275917035626,primary,primary,True,119.73370221974604,119.23373744520782,1.004193148560557,0.004184381811441612,300173739,6956668970,2841381812
386,matched,6.55324798035092,513,0.13120388682018938,secondary,secondary,True,119.23826066536982,119.30454083693355,0.999444445524883,0.0005557088526838395,456959534,1051669812,4531816332
387,matched,0.00010432325089186765,308,0.0003123102415812588,trunk,trunk,True,119.20936277592196,119.35738090930545,0.9987598744857181,0.0012408951062536859,218505933,8182316367,8182316352
388,matched,0.0007043232223580327,521,0.001131819658784185,primary,primary,True,118.80951705861052,118.27951338279935,1.0044809423090528,0.004470932777348098,874056882,4594206590,6609242521
389,matched,0.16843212350275108,447,0.0035248550385202256,secondary,secondary,True,118.3591805639456,118.43316044110112,0.999375344904417,0.000624850273860815,252236396,2583312029,3706277462
390,matched,0.00011330301880613125,236,0.00023601556403661598,primary,primary,True,118.12178550470377,118.01139348597232,1.00093543526155,0.0009349980146419734,1209004192,1812432274,1812432245
391,matched,2.945024091688326e-05,362,0.0011313617018578201,secondary,secondary,True,118.04024145184802,117.50754035899003,1.004533335403248,0.00452309078815793,746487579,293463176,293455110
392,matched,0.587949579958619,194,0.012511208715489015,trunk,trunk,True,117.5635239324274,117.21032238756624,1.0030133996534305,0.00300886846526654,464260872,8142194644,4714939537
393,matched,0.28502970727291793,47,0.00599465065837711,primary,primary,True,117.0835209067391,117.22131861899393,0.9988244654310474,0.001176226051675002,"[875146659, 1352928436]",8144915374,8146129661
394,matched,0.30241632872289687,364,0.006874598531128933,primary,primary,True,116.89041482028703,116.50471946282244,1.0033105556516762,0.003305087826683983,1210210285,2703786131,7242788582
395,matched,3.192999569960918e-05,381,0.0011214006383272997,primary,primary,True,116.48804031005898,115.96698764079171,1.0044931120473806,0.00448304815365323,232511043,2390658890,2407964442
396,matched,0.3452400361169896,557,0.0072216428917060765,secondary,secondary,True,115.63235117941038,115.77899290433302,0.9987334340950451,0.0012673686774651366,875119268,8145707262,3726941209
397,matched,0.3452400361169896,557,0.007221642891706104,secondary,secondary,True,115.63235117941036,115.77899290433302,0.998733434095045,0.0012673686774652478,875119268,8145707262,3726941209
398,matched,0.16927620671244928,585,0.003521776341749157,primary,primary,True,115.37873694307146,115.31587164527045,1.0005451573742978,0.0005450088300006851,"[1209004194, 466600301, 170090974]",293460471,4613676969
399,matched,2.5841861086163305,172,0.05278163963525186,primary,primary,True,115.08979365749288,114.58546551237515,1.004401327366107,0.004391669851700997,300173739,3042737291,3042737273
400,matched,3.061521615478732e-05,381,0.001122451199980197,primary,primary,True,114.98669279561967,114.47186259476346,1.0044974388394354,0.004487355582628405,464845715,2408583723,8184439489
401,matched,1.1382989905187555,334,0.023915980723185567,secondary,secondary,True,114.74331746161296,114.21670990925156,1.0046105999094161,0.004600003651241828,879562787,2703794064,2703794062
402,matched,7.918940425266726,390,0.24753839254787302,primary,primary,True,114.404867295694,80.08633883548184,1.4285191327163969,0.356638336170154,230574632,2390658877,2443921783
403,matched,0.05755853358978248,482,0.0019195020478192386,primary,primary,True,114.1358823425619,113.78564409816697,1.0030780530107364,0.003073325504094356,478372781,4715985518,11209425689
404,matched,4.0524852252719453e-05,262,0.0010940099381987114,primary,primary,True,113.72484536287398,113.2286353170636,1.0043823723956478,0.004372797764614628,1210204475,2365467030,2365769916
405,matched,4.0524852252719453e-05,262,0.0010940099381987114,primary,primary,True,113.72484536287398,113.2286353170636,1.0043823723956478,0.004372797764614628,1210204475,2365467030,2365769916
406,matched,1.0521391472893618,518,0.021974801966014142,secondary,secondary,True,113.67030006572054,113.24731748446149,1.0037350340004043,0.0037280760809076303,"[279088748, 456959531, 1208986540, 264753949]",11176575743,1051669679
407,matched,9.608521419641242e-05,272,0.00042512468676667286,trunk,trunk,True,113.59765220235256,113.40551541309924,1.0016942455448787,0.0016928119299309784,1210250347,3725590079,8169509566
408,matched,0.6747294396366269,428,0.014625081687862565,secondary,secondary,True,113.24174354350352,112.73082365070569,1.0045322111224957,0.0045219715805201125,875007028,8148598918,8144976336
409,matched,0.0031784475043144084,497,0.0008859031352962423,secondary,secondary,True,113.01439981601987,112.64326812164893,1.003294752545444,0.0032893367408398165,279088748,2999157392,2999157391
410,matched,0.268683853849435,240,0.006382816665251116,primary,primary,True,113.00194714241655,112.54672756706233,1.004044716227604,0.004036558353049664,1208988379,293461291,8156864966
411,matched,0.12113322259012117,319,0.0024266196240260254,secondary,secondary,True,112.8804306736899,112.87864484164054,1.0000158208140422,1.582068889440821e-05,1238285688,3718134117,3730052116
412,matched,0.652820499789192,500,0.014113407426877668,secondary,secondary,True,111.69660217078165,111.22534701753753,1.004236940282774,0.004227989724375312,456959535,10128190730,8151376713
413,matched,0.0016918182782358804,468,0.0011591296538460945,primary,primary,True,110.91156924165185,110.41345894515642,1.0045113186495032,0.004501173153125508,300173742,3725777460,3725789806
414,matched,9.941030731206254e-05,234,0.00021342787924907066,primary,primary,True,110.62141418741076,110.52789471782168,1.0008461164471452,0.0008457586924113177,279088743,293464894,2955635979
415,matched,0.021969463279086002,249,0.001479022714410835,primary,primary,True,110.49759596628742,110.0390420958735,1.0041671924953182,0.004158533795316459,464283097,3722532411,3042737290
416,matched,0.05576586759350344,173,0.0012908295646223069,secondary,secondary,True,107.80087282454969,107.72521790547731,1.0007022953449838,0.0007020488510089527,1212991822,4713176922,4713176938
417,matched,0.05576586759350344,173,0.0012908295646223069,secondary,secondary,True,107.80087282454969,107.72521790547731,1.0007022953449838,0.0007020488510089527,1212991822,4713176922,4713176938
418,matched,8.509975745660408e-06,390,0.0011529391698400005,primary,primary,True,107.44946829037174,106.95515118137705,1.0046217232506776,0.00461107588130035,40016878,4719769348,9833884594
419,matched,0.0010107647008563577,563,0.0007142557294723211,secondary,secondary,True,107.09038366155735,106.79349573065501,1.0027800188473195,0.002776161741820776,279088748,2999157408,2999157398
420,matched,0.0011706807409509563,171,0.0010622596918165603,primary,primary,True,106.61651682564306,106.17440343634554,1.0041640298884522,0.0041553843079901644,300173739,3722532540,3042737280
421,matched,0.6811132891221042,330,0.014716993419269518,secondary,secondary,True,106.3049213202081,105.84043928384997,1.004388511985598,0.004378910547309729,364407163,8105649904,3719483230
422,matched,0.6811132891221042,330,0.014716993419269518,secondary,secondary,True,106.3049213202081,105.84043928384997,1.004388511985598,0.004378910547309729,364407163,8105649904,3719483230
423,matched,0.014670776126334741,47,0.0006015512904905718,primary,primary,True,106.12439266253055,106.25527619068511,0.9987682161973804,0.0012325430718555079,1352928435,10116085882,8146129652
424,matched,0.019668462216384106,268,0.0014364880951213967,primary,primary,True,105.77972245995996,105.3392786792557,1.0041811922981299,0.004172475403174858,464283097,2277623798,11001108947
425,matched,0.007191637875903075,13,0.0012608840045183897,primary,primary,True,105.4895135716658,105.01921627575597,1.0044782023003764,0.004468204988001313,865024248,11968828659,9896844093
426,matched,0.14729488415881964,221,0.003002657087596148,secondary,secondary,True,105.27183782085024,105.24793986655266,1.0002270633926695,0.00022703761767902075,1089369693,4713176922,9979039307
427,matched,1.0191206920358291,399,0.13433367636628446,primary,primary,True,104.57783306837564,164.96554902664965,0.633937411086247,0.45580505010227157,1141889036,9923995138,293463471
428,matched,2.4395265023455143e-05,295,0.0011273389652949432,secondary,secondary,True,104.39855419484648,103.9290466341092,1.0045175778662747,0.0045074042399778965,880027169,8166899537,293464690
429,matched,2.4395265023455143e-05,295,0.0011273389652949432,secondary,secondary,True,104.39855419484648,103.9290466341092,1.0045175778662747,0.0045074042399778965,880027169,8166899537,293464690
430,matched,0.32996525811561134,204,0.007183977811332275,trunk,trunk,True,104.27952457168114,104.0359319830767,1.0023414274660805,0.002338690596080195,464260872,4714939537,8141472721
431,matched,0.3346689764183956,589,0.007840201332010436,primary,primary,True,104.22244045695945,103.74543710055198,1.004597824923569,0.0045872872145700985,865024248,11968828661,3724390838
432,matched,0.0006708689071292324,394,0.0005002965019216358,primary,primary,True,104.18472459641404,103.9820205755039,1.001949414137062,0.0019475164951162044,"[219116708, 478371821]",4715979375,4719689703
433,matched,3.873476334388505e-05,525,0.0010356175968302221,secondary,secondary,True,103.93806754857442,103.5087184936515,1.0041479506380833,0.0041393716062533776,264753949,4714938952,2928864953
434,matched,0.299818115661765,404,0.006135881331592131,secondary,secondary,True,103.30459683906756,103.36226475288323,0.9994420796220599,0.0005580760734273236,"[1238285688, 1238285689]",3718134122,8124118501
435,matched,0.12389159500784308,545,0.0036261528410893606,secondary,secondary,True,103.2362101014179,102.76310428018232,1.004603849061874,0.004593283763729996,1208988381,8157424472,8157424470
436,matched,2.135978249042448e-05,296,0.0011333478772565168,secondary,secondary,True,102.70736918888564,102.24298499369513,1.004541966328733,0.004531682726426833,746487579,293455110,293454248
437,matched,0.06072505954144248,347,0.0015191593502842382,secondary,secondary,True,102.62427437271606,102.74941189574784,0.9987821095933984,0.0012186326378215546,1013619972,2703797732,2703797734
438,matched,7.607432958874173e-05,493,0.0003263776169522138,secondary,secondary,True,102.476997651402,102.61024532893467,0.9987014193650399,0.0012994245214417559,367932805,293463318,293463599
439,matched,7.607432958874173e-05,493,0.0003263776169522138,secondary,secondary,True,102.476997651402,102.61024532893467,0.9987014193650399,0.0012994245214417559,367932805,293463318,293463599
440,matched,5.8187411211432056e-05,311,0.0008544511872306866,primary,primary,True,102.37311296509772,102.02429382417345,1.0034189811842795,0.0034131497560258317,880075594,3719618337,4719693651
441,matched,0.023806152245818543,404,0.0015444653737758435,trunk,trunk,True,101.59319729986645,101.15997835940695,1.0042825131784858,0.00427336931543789,"[1210277736, 870242503, 870242504]",8140701167,8140750597
442,matched,2.2654080463983343e-05,361,0.0011292848640957892,secondary,secondary,True,101.53815345123046,101.08070900509121,1.0045255365800432,0.004515327129946038,746487579,9911548099,299492240
443,matched,1.4942324478604993e-05,364,0.0011259038492343974,primary,primary,True,100.9366843706595,100.48324657281375,1.0045125711331109,0.004502420010979301,1208791977,4594183934,4594183939
444,matched,0.008916866127197942,485,0.0004788275950029148,secondary,secondary,True,100.7319707019562,100.85311940467041,0.9987987609760676,0.0012019610898358238,1210205481,8144958902,8144958906
445,matched,7.667469102869628e-05,263,0.0002371186762677776,primary,primary,True,100.7106938148192,100.80564233342811,0.9990581031338022,0.0009423407297888146,26754165,293464998,293464993
446,matched,2.768579485151455,372,0.05560235957941435,secondary,secondary,True,100.47138019138104,100.56416608111735,0.9990773464012871,0.0009230795055409815,"[875004051, 869974598, 1427941135]",3716311230,13127794959
447,matched,2.768579485151455,372,0.05560235957941443,secondary,secondary,True,100.47138019138102,100.56416608111735,0.9990773464012868,0.0009230795055413149,"[875004051, 869974598, 1427941135]",3716311230,13127794959
448,matched,0.027678675141390215,412,0.0015613116777844134,primary,primary,True,100.10566802587924,99.70295900886939,1.0040390879168795,0.004030952699826436,1208795201,3727011926,4594188520
449,matched,0.29542132453765785,537,0.007017796917554721,primary,primary,True,99.73088648072944,99.28931295813626,1.0044473419085833,0.004437481707206256,876451409,3727013278,6609242520
450,matched,0.1964264111053904,495,0.004814876653242896,secondary,secondary,True,99.6447710729296,99.29211664568106,1.0035516860669509,0.0035453937245403474,279088748,1051669679,7242312106
451,matched,0.07990253672088884,449,0.002747181654675304,primary,primary,True,99.32186286954249,98.86637520669575,1.004607103900537,0.004596523681030108,1208785492,3725790736,6604339619
452,matched,0.010766166224906983,137,0.000537711753345652,secondary,secondary,True,99.24851520626802,99.37658405588198,0.9987112774017073,0.0012895537153900492,876134933,10232859317,8154498082
453,matched,0.6153339252005987,532,0.013412743290310194,primary,primary,True,98.2907953419388,97.8568919500548,1.0044340606291222,0.004424259145192876,874056882,4594197585,4594197584
454,matched,0.18076666462604501,56,0.004757594498056634,trunk,trunk,True,98.26633451988994,97.81837538494955,1.0045794988229717,0.004569044822142932,"[1210277737, 873398450, 873398461]",8133556950,12832929442
455,matched,5.3096352213129946e-05,331,0.0008579246442286035,primary,primary,True,98.05232146363188,97.71682722269598,1.0034333312948374,0.003427450868737364,478371821,4720133094,4720132984
456,matched,0.17493324755820233,443,0.004505177535854613,primary,primary,True,97.76577531165924,97.37295666327489,1.004034165766813,0.0040260503387622645,1208791971,3726926583,10629571056
457,matched,0.08338149711873105,360,0.0027949843174384726,primary,primary,True,97.47461625771064,97.03605209496033,1.004519600223648,0.004509417500255406,1203852633,4594183924,4594181070
458,matched,0.023270050417559966,332,0.0015917476327373943,secondary,secondary,True,97.10180814796917,96.66531100517193,1.0045155510105779,0.00450538649754478,456959535,293457276,2703797732
459,matched,0.709786698061966,449,0.01451436832717881,secondary,secondary,True,97.09064412203196,97.21446867810151,0.9987262744141557,0.001274537463757956,875004054,3714709080,3717989214
460,matched,0.0125014127724107,63,0.0005730423161261441,primary,primary,True,97.01436508289387,97.13979411216272,0.9987087781025764,0.0012920562427117207,874159869,9832455554,10116085882
461,matched,0.0005389038857770708,63,0.00033228375653555106,primary,primary,True,96.541865494114,96.66610039344403,0.9987148038575636,0.0012860227152800385,312566658,8146129661,9832455553
462,matched,0.05519442197307164,629,0.0013960838134910772,secondary,secondary,True,96.21468334087702,96.3272030250742,0.9988319012629496,0.0011687814961185785,1210205483,8145127248,3714709032
463,matched,0.16236525337330504,256,0.003369245444714417,primary,primary,True,95.81974142698188,95.86649000880422,0.9995123574273133,0.00048776150899326596,26754165,10578971213,10578971202
464,matched,0.05954016851268696,338,0.0023409729736928514,trunk,trunk,True,95.66919658658033,95.23006430674806,1.0046112777832195,0.004600678413756449,870242502,8141521552,8141521568
465,matched,0.10397177511129047,664,0.002377422057741504,secondary,secondary,True,95.512939841262,95.62685400535584,0.9988087638636793,0.0011919462220627791,1210205480,8144958913,8144958915
466,matched,0.4286901684355136,227,0.008901340573607194,primary,primary,True,95.50028628527592,95.62548787106884,0.9986907090506902,0.0013101488195876834,368721302,6950332807,6604456764
467,matched,1.3051063010428287e-05,298,0.0011280784597527756,secondary,secondary,True,95.37223235604064,94.94295151771928,1.0045214608505324,0.004511269753970268,90617087,3711673309,3711679014
468,matched,0.04054542011780681,238,0.0015000507166959276,primary,primary,True,95.357485157256,95.09498760776935,1.0027603720878469,0.0027565692573591656,464650413,293464970,293464966
469,matched,0.008261156635554951,357,0.0012865681258599642,secondary,secondary,True,95.29020148251854,94.8637458439696,1.0044954543461775,0.004485379972595461,879562787,2703793342,2955625538
470,matched,1.7839849293561163,227,0.036473175201665535,primary,primary,True,95.15575359778543,94.85421691465413,1.0031789486323273,0.00317390645817283,219116706,4714938984,2283167579
471,matched,1.1243773407810702e-05,431,0.0011315547153420108,primary,primary,True,95.09779333517024,94.66841771359938,1.0045355740799413,0.0045253193594954185,300173742,11189778457,3725789369
472,matched,1.265475366301921e-05,437,0.0011277558682983918,primary,primary,True,95.08596447611625,94.65809130317987,1.0045201964992716,0.004510011092900525,1208986526,6605237341,4594181067
473,matched,0.08345746260883173,501,0.0027936512140437106,primary,primary,True,94.57610568556566,94.15165692256542,1.0045081390691757,0.004498007847468304,865024248,3724390947,11968828666
474,matched,0.19601682594923028,604,0.004242118146642437,secondary,secondary,True,94.42543307527836,94.54704880409172,0.9987137014814143,0.0012871265106313295,367555141,3714708555,3714708563
475,matched,6.55526155915812e-05,384,0.0003108411692865473,primary,primary,True,94.29668663291856,94.41350959622125,0.9987626456870177,0.0012381204678988628,368729170,9756374292,6604385663
476,matched,1.1653559143683703,226,0.024420453650018548,primary,primary,True,94.20338760425746,93.78480050089453,1.0044632723120088,0.004453341450604572,"[1209433720, 44949028]",8141910054,2277422474
477,matched,1.6770192053052607e-05,365,0.0011165033694719194,secondary,secondary,True,94.01851499871252,93.59968883664727,1.0044746533591173,0.004464671862523434,879562788,293463159,2955625544
478,matched,3.0296853708221634e-05,265,0.0010815310596751608,trunk,trunk,True,92.7720300853339,92.37177752299766,1.0043330611694312,0.004323700490403985,1210277736,4593964306,3725560599
479,matched,0.01321581451323745,255,0.001397939703981988,secondary,secondary,True,92.55526917903094,92.13652800531152,1.004544790028286,0.0045344936548689565,1069546783,2841407758,9816859457
480,matched,0.0005891197155372826,480,0.000335172057480939,secondary,secondary,True,92.47467045969444,92.59436927184753,0.9987072776336792,0.0012935586526807736,875119268,3726941215,8145704185
481,matched,0.0005891197155372826,480,0.000335172057480939,secondary,secondary,True,92.47467045969444,92.59436927184753,0.9987072776336792,0.0012935586526807736,875119268,3726941215,8145704185
482,matched,2.004450423399977e-05,390,0.0011242664524589807,secondary,secondary,True,92.40728972315024,91.99280858081252,1.0045055819985496,0.004495462249497203,1069546779,293464723,8166899540
483,matched,2.004450423399977e-05,390,0.0011242664524589807,secondary,secondary,True,92.40728972315024,91.99280858081252,1.0045055819985496,0.004495462249497203,1069546779,293464723,8166899540
484,matched,0.12162528438145713,260,0.0025910770228118295,primary,primary,True,92.2375596218358,92.29608311210261,0.999365915775692,0.0006342853407307484,26754165,10578971202,293464998
485,matched,0.3898676394003364,486,0.008120967754746945,secondary,secondary,True,91.85512608825712,91.97410585320455,0.9987063775848245,0.0012944598669608674,367932805,293463316,293463318
486,matched,0.3898676394003364,486,0.008120967754746945,secondary,secondary,True,91.85512608825712,91.97410585320455,0.9987063775848245,0.0012944598669608674,367932805,293463316,293463318
487,matched,6.63304314330284e-05,341,9.326526413087342e-05,secondary,secondary,True,91.82801255291602,91.86178893929268,0.9996323129914335,0.0003677546220088514,876418713,293461281,11613566804
488,matched,6.63304314330284e-05,341,9.326526413087342e-05,secondary,secondary,True,91.82801255291602,91.86178893929268,0.9996323129914335,0.0003677546220088514,876418713,293461281,11613566804
489,matched,0.008337613156340472,591,0.00047477998983309926,secondary,secondary,True,91.7573601557057,91.8704850768484,0.9987686478301702,0.0012321109068251593,1210205483,3714709032,3714709041
490,matched,6.171449540502364e-05,116,0.0003226079234895802,secondary,secondary,True,91.73461384815508,91.85261402090437,0.9987153313598409,0.0012854945343259189,875119268,6965369868,8145903101
491,matched,6.171449540502364e-05,116,0.0003226079234895802,secondary,secondary,True,91.73461384815508,91.85261402090437,0.9987153313598409,0.0012854945343259189,875119268,6965369868,8145903101
492,matched,0.03414647926510028,540,0.0009795737705781465,secondary,secondary,True,91.73147317037696,91.84038420574032,0.9988141269627163,0.0011865767411045633,1210205481,8144958906,8144958908
493,matched,0.18337701724617222,415,0.31790642275898884,secondary,secondary,True,91.38021245024686,321.17446838537944,0.2845189186725737,1.2569555296562616,478254522,8151182351,8151182352
494,matched,0.013885475891800758,411,0.0012888842994961958,primary,primary,True,91.32478235571054,90.95614710018381,1.0040528899615844,0.004044699126640723,1208791971,3726926564,3726926583
495,matched,0.01915582427027137,357,0.0015097474815907676,primary,primary,True,91.15673836295592,90.74686258633363,1.0045166936348058,0.004506523984741361,1203852633,4594181068,6166520809
496,matched,5.675074782668681e-05,546,0.0005699394301176056,secondary,secondary,True,89.84835262206519,89.6441604423118,1.0022778079324508,0.0022752176606442875,1209072902,7128108987,293462776
497,matched,0.08342298628008842,549,0.002675866115772344,primary,primary,True,89.57107168529897,89.21086005176377,1.0040377554181878,0.004029625560682303,874056882,4594197583,4594259889
498,matched,4.339772467670638e-05,357,0.0008713169981692656,primary,primary,True,89.54616692556367,89.23492757452088,1.0034878646680456,0.003481796174702926,478371821,4719689711,4719689709
499,matched,1.0622924778119809e-05,463,0.0011295308001248638,primary,primary,True,89.45214074261825,89.04897226635336,1.0045274916262816,0.004517273366517206,300173742,3725789369,3725789405
500,matched,0.1966091951708241,102,0.004228367356316242,primary,primary,True,89.35801788359413,89.463946084689,0.9988159677084376,0.0011847338115990418,1208491982,3184375377,8145903096
501,matched,2.5140092223104157e-06,496,0.0011504275194718575,primary,primary,True,89.28910762056677,88.87918684244198,1.0046121121568254,0.004601508957149645,1141889032,293463599,293463328
502,matched,0.16347576426944715,211,0.0040303756357792184,primary,primary,True,89.12133521240253,88.85051197742007,1.0030480773712511,0.0030434414015611012,464650413,293464966,293464962
503,matched,0.19701169865173127,219,0.004010212969084784,primary,primary,True,89.08820782665019,89.11314853051265,0.9997201231886234,0.00027991598420063185,26754165,10578971222,10578971213
504,matched,0.024860017537472325,348,0.0016199095145617184,secondary,secondary,True,89.02797563357834,88.62906193581644,1.0045009355740535,0.004490836655249088,879562788,293463063,10110997385
505,matched,8.50470410956597e-05,213,0.00044846034190006937,trunk,trunk,True,88.82913044498599,88.67053120213517,1.001788635307589,0.0017870376043126247,1209009346,13108436166,3722327657
506,matched,0.14933862439858056,112,0.003705445341609992,secondary,secondary,True,88.74533136812691,88.49058226392663,1.0028788273021019,0.002874691414553523,272996689,2896971932,2365788091
507,matched,0.14933862439858056,112,0.003705445341609992,secondary,secondary,True,88.74533136812691,88.49058226392663,1.0028788273021019,0.002874691414553523,272996689,2896971932,2365788091
508,matched,0.20197364235876988,102,0.004342898385213939,primary,primary,True,88.74104511803968,88.84881570294978,0.9987870340864147,0.0012137021521541652,1208785497,8145903096,8138308753
509,matched,2.3153670461877985e-05,482,0.0010726975075419896,secondary,secondary,True,88.72099773785389,88.34129374807254,1.004298148393255,0.0042889377365310085,264753949,2703793345,3719506243
510,matched,0.1999694031653261,486,0.004880550157422241,secondary,secondary,True,88.70446519606946,88.39236349431634,1.0035308672538572,0.0035246483764628782,90617087,293464276,8099252001
511,matched,0.002607674688888123,398,0.00035721060690276747,primary,primary,True,88.65158975243222,88.5434805326441,1.001220973234142,0.00122022845250002,478254539,4801496565,7128018274
512,matched,0.09623926525517765,395,0.003060241459153578,primary,primary,True,88.5814932304645,88.1800838794346,1.0045521543342908,0.0045418246162000995,300173742,3725790135,3725777494
513,matched,2.4801213576677477e-05,528,0.0010575200250772074,secondary,secondary,True,87.74535228502363,87.37513971039724,1.0042370470119242,0.004228096003222695,264753949,2928864953,2928864946
514,matched,0.22531033610576628,515,0.005657424706136877,secondary,secondary,True,87.73952398980363,87.33642354337067,1.004615490651879,0.004604871936086204,1069546778,10171484519,8166852641
515,matched,4.647448702500781e-05,535,0.0007842327069141544,primary,primary,True,87.69410218311297,87.41976789193873,1.0031381265106234,0.003133212868694617,874459840,2703784888,4720174504
516,matched,1.5518095708334984e-05,430,0.001132953225475358,secondary,secondary,True,87.69122613283182,87.2948333877865,1.0045408500098103,0.004530571454244765,1069546779,293464760,293464758
517,matched,1.5518095708334984e-05,430,0.001132953225475358,secondary,secondary,True,87.69122613283182,87.2948333877865,1.0045408500098103,0.004530571454244765,1069546779,293464760,293464758
518,matched,0.10301182740778277,228,0.002521321370619105,trunk,trunk,True,87.21236385596588,87.05166290583661,1.0018460411296577,0.0018443392898537972,292410140,13108436171,13108436169
519,matched,0.39605972131978173,492,0.009070328914380435,primary,primary,True,87.16629275657961,86.76654900627443,1.0046071182371938,0.004596537951939195,1209433713,7214193059,4723475967
520,matched,0.5098993554016419,608,0.011333921293297347,primary,primary,True,87.03793096793834,86.64335063656833,1.0045540751652726,0.004543736741058034,865024248,3724390734,3724390760
521,matched,0.1853932921619978,298,0.0048460538229745335,primary,primary,True,86.92544872837664,86.53059823506788,1.0045631314397725,0.004552751918938312,230574632,8184439492,2534722967
522,matched,0.10712855740410664,267,0.0031696551027712108,primary,primary,True,86.74332328383596,86.38768362554397,1.0041167865992744,0.004108335818756312,1208988379,8163267506,293461291
523,matched,5.5178000286479214e-05,140,0.0003223960507556593,secondary,secondary,True,86.74023825976083,86.85178587202283,0.9987156555142531,0.0012851699629997189,875119268,3184375374,8145903101
524,matched,5.5178000286479214e-05,140,0.0003223960507556593,secondary,secondary,True,86.74023825976083,86.85178587202283,0.9987156555142531,0.0012851699629997189,875119268,3184375374,8145903101
525,matched,1.689236904235439e-05,418,0.0011269015710177685,secondary,secondary,True,86.60319361301676,86.21381552527471,1.0045164233292505,0.004506254894547685,1069546779,293464729,293464723
526,matched,1.689236904235439e-05,418,0.0011269015710177685,secondary,secondary,True,86.60319361301676,86.21381552527471,1.0045164233292505,0.004506254894547685,1069546779,293464729,293464723
527,matched,2.210037979847858e-06,378,0.0011538772268148533,primary,primary,True,86.5442964207524,86.14578608721106,1.0046259991537823,0.004615332104221026,219116711,12201173657,3714705892
528,matched,0.09309854505061761,474,0.002362834180644163,primary,primary,True,86.13019303896051,85.95780797547405,1.0020054613716494,0.002003453118527243,1210207764,4723479096,11012185762
529,matched,0.700755898272781,339,0.01457573294822638,primary,primary,True,86.12957343958736,85.93664771721481,1.002244976124824,0.002242459931083048,478254536,8124335699,4714962006
530,matched,5.48823701059101e-05,404,0.0002642021195417668,secondary,secondary,True,85.71169926395703,85.80195127260522,0.9989481357089252,0.0010524178885585943,367932805,293463308,10718627259
531,matched,5.48823701059101e-05,404,0.0002642021195417668,secondary,secondary,True,85.71169926395703,85.80195127260522,0.9989481357089252,0.0010524178885585943,367932805,293463308,10718627259
532,matched,0.0042344401718035635,507,0.0012363591859162644,secondary,secondary,True,85.66944138487148,85.27569717497525,1.0046173085995218,0.004606681529920773,466839445,293464865,8153698620
533,matched,0.06285032457072705,37,0.001846692513285561,trunk,trunk,True,85.4876467814299,85.2862409258465,1.0023615281128233,0.00235874408748408,478811049,11936495262,8105566319
534,matched,0.026605242559024453,549,0.0006044959247404184,secondary,secondary,True,85.41484457302298,85.43958124346477,0.9997104776254543,0.00028956429423971703,1238285689,3706277268,3706276768
535,matched,0.04784397762625421,509,0.002107530527774199,secondary,secondary,True,85.36493223265096,84.97293406071232,1.0046132121512783,0.00460260390099646,1069546778,8157424469,10171484519
536,matched,0.1838624773162462,324,0.004803896462572128,secondary,secondary,True,85.16343097937141,84.78049802037891,1.0045167576026794,0.00450658766498882,"[880027168, 880027169, 1069546779]",293464703,8166852630
537,matched,0.18386247586255924,324,0.00480389643349839,secondary,secondary,True,85.16343097937141,84.78049802037891,1.0045167576026794,0.00450658766498882,"[880027168, 880027169, 1069546779]",8166852630,293464703
538,matched,0.01806937677863483,519,0.001417169172869853,secondary,secondary,True,85.06990995446638,84.71140649475949,1.0042320565144798,0.004223126549188626,264753949,3719506243,8151533567
539,matched,6.613331661156765e-06,331,0.001151507398939756,primary,primary,True,84.94632813683664,84.55600727901778,1.004616122146483,0.004605500529226131,1141889036,8145212885,293463370
540,matched,0.1705948178734267,344,0.004552614744067542,primary,primary,True,84.67161784538443,84.28615204481639,1.0045732993050043,0.004562873546396033,464650412,12525781148,6949998010
541,matched,0.039053490303005575,478,0.0019325036377152638,primary,primary,True,84.43754495767931,84.04954217891225,1.0046163580277587,0.00460573532662061,1141889033,4721810599,4721810602
542,matched,0.09898781829784553,357,0.0028486731517592305,primary,primary,True,84.42868333216086,84.13574670156572,1.0034817142781676,0.003475667143209279,466615091,4720203899,4720203904
543,matched,0.046323336143058745,384,0.002079550377410366,primary,primary,True,84.23108841846901,83.84348102807174,1.0046229878059034,0.004612334618196764,"[1210211832, 762822066, 478257595]",7128063636,8127682909
544,matched,5.47806497294097e-05,473,0.00015851692771689415,secondary,secondary,True,84.10393386555911,84.15690955018228,0.9993705129512679,0.0006296852588892238,776295454,3706277440,3706277449
545,matched,5.47806497294097e-05,473,0.00015851692771689415,secondary,secondary,True,84.10393386555911,84.15690955018228,0.9993705129512679,0.0006296852588892238,776295454,3706277440,3706277449
546,matched,4.0325634975439387e-05,303,0.000831498431858055,primary,primary,True,83.96753227158553,83.68899069022477,1.0033282941885604,0.003322767676634185,478371821,4720132984,3719620476
547,matched,1.3300553504831918,141,0.026642197096352252,trunk,trunk,True,83.94662586537927,83.93282950266178,1.0001643738546555,0.00016436034675367163,"[196857002, 1393752820]",2277412721,2277412722
548,matched,1.749097960308874e-05,436,0.0011204674465367201,secondary,secondary,True,83.72572980996324,83.35143827404781,1.0044905228231913,0.004480470507778634,746487577,2704039246,2704039245
549,matched,0.16712154662586842,480,0.0044957926934516435,primary,primary,True,83.41449494471067,83.03055291868716,1.004624105374795,0.004613447043737101,"[1141889032, 1141889036]",8145212878,293463346
550,matched,0.10071482883043248,512,0.003166835243692657,primary,primary,True,83.2612557945535,82.87829196697687,1.0046207977805481,0.004610154668336028,1141889032,293463328,10593858513
551,matched,3.7441881906242974e-06,573,0.0011412955031824942,primary,primary,True,82.9887117674745,82.6107414027799,1.0045753174257541,0.004564882477674727,865024248,3724390916,8062776435
552,matched,0.20142688123087282,398,0.005059512239126888,primary,primary,True,82.61690128841516,82.27689912563628,1.0041324134282177,0.004123898458037727,1208791971,3725763954,3726944828
553,matched,3.3095221925271814e-05,502,0.0009300117579976301,secondary,secondary,True,82.36634708568087,82.06072688340078,1.0037243175132284,0.0037173994142364985,264753949,2928864944,2928864940
554,matched,0.12490261856847976,375,0.00364885006130854,primary,primary,True,82.33743447059629,81.95929055506704,1.0046138017175146,0.00460319075975578,1141889036,293463350,293463358
555,matched,5.4750740025398405e-05,324,0.00016961621317510944,primary,primary,True,82.11649597514368,82.06116114619014,1.000674312039711,0.0006740847934984059,279088743,293464902,293464897
556,matched,1.4840535667072113e-05,425,0.001128531210752095,secondary,secondary,True,81.88778201659792,81.51906020121501,1.0045231362392155,0.004512937600155014,746487577,2704039248,2704039247
557,matched,0.6804817706000611,88,0.014301383016200866,secondary,secondary,True,81.85974800762133,81.63355594930653,1.0027708220680143,0.0027669904167985813,364407163,8099441580,8105648113
558,matched,0.6804817706000611,88,0.014301383016200866,secondary,secondary,True,81.85974800762133,81.63355594930653,1.0027708220680143,0.0027669904167985813,364407163,8099441580,8105648113
559,matched,0.167645168653418,388,0.004506519993336766,primary,primary,True,81.664320714453,81.28835155948339,1.0046251295266393,0.004614466481073625,478257594,3714913947,293464343
560,matched,0.4377930124960967,442,0.009028499182728555,secondary,secondary,True,81.308304740016,81.39702434579087,0.9989100387085654,0.0010905557312264828,875004049,8144958892,8144958896
561,matched,1.4338353418644423e-05,332,0.0011259646580127592,primary,primary,True,81.15417079523998,80.78957841510564,1.0045128640016046,0.004502711563777545,230574632,2534722967,2443921877
562,matched,0.0022038175912366758,493,0.0011952502554285628,primary,primary,True,80.9953282551709,80.62322678684478,1.0046153135164126,0.004604695614415317,1141889032,10593858513,293460223
563,matched,0.360961471857217,334,0.007848647012088455,secondary,secondary,True,80.82000858795905,81.02374308373614,0.9974854963739884,0.002517670299776461,369195863,1051626824,3730052120
564,matched,0.0665231540577674,578,0.001537501699840193,primary,primary,True,80.56153115655368,80.49484138256344,1.0008284974893396,0.0008281544747393802,466600302,293458231,2833450839
565,matched,1.2809023346828404e-05,392,0.0011307370698312065,primary,primary,True,80.44930316768992,80.08633883548184,1.0045321628817832,0.004521923557457079,230574632,2390658877,2443921783
566,matched,0.0001250438790100352,234,0.0006283933459976984,primary,primary,True,80.40772178294765,80.20666721517603,1.0025067064217024,0.0025035698736699907,464650413,293464981,293464970
567,matched,0.10694663883637615,382,0.0026243897372058224,primary,primary,True,80.27893588453611,80.1231992675021,1.0019437144105299,0.0019418278419131977,880075594,3719620255,4719689702
568,matched,0.051202651567624824,444,0.002147078048665975,secondary,secondary,True,80.24271505310345,79.88306514372768,1.004502204675405,0.004492100069253913,1069546779,293464758,293464753
569,matched,0.051202651567624824,444,0.0021470780486659196,secondary,secondary,True,80.24271505310344,79.88306514372768,1.0045022046754049,0.004492100069253692,1069546779,293464758,293464753
570,matched,0.46920392745198675,244,0.009937931473687486,primary,primary,True,80.16368716067669,79.9862881687966,1.0022178675363171,0.002215411698591004,464650413,293464989,293464981
571,matched,1.3663370285250666e-05,382,0.0011267304821923148,primary,primary,True,79.79866303298277,79.43991275480602,1.0045159953697842,0.004505828859146439,230574632,2443921877,2390658877
572,matched,0.8567588347746502,385,0.018018809163173947,trunk,trunk,True,79.61094371663874,79.33005315849796,1.003540783687357,0.003534529870723765,280421141,8182316403,12094771861
573,matched,0.24028362060339925,204,0.005813753370588637,primary,primary,True,79.23224722302729,78.91340042292529,1.0040404645902112,0.004032323834082605,219116706,4714939533,4714938984
574,matched,0.5012664803236486,439,0.010633775423737477,primary,primary,True,79.1434081392674,78.95102444175615,1.0024367473236928,0.0024337832690580186,1189548648,8151238512,4715985518
575,matched,0.08333405923701633,255,0.00275561718760844,secondary,secondary,True,78.61152759130555,78.26986054804564,1.0043652440526603,0.004355744011472454,"[218508846, 1069546782]",9816859457,8166899548
576,matched,0.0005307778528171155,308,9.018855143222212e-05,secondary,secondary,True,78.51154029297457,78.53653386380681,0.999681758672014,0.00031829197750351927,26755988,8186428309,1051669950
577,matched,0.0005307778528171155,308,9.018855143222212e-05,secondary,secondary,True,78.51154029297457,78.53653386380681,0.999681758672014,0.00031829197750351927,26755988,8186428309,1051669950
578,matched,0.5207636704092082,115,0.011013057586463107,secondary,secondary,True,78.24755192657219,78.06067484581312,1.0023939977604368,0.00239113671311577,1212991822,2365788091,4713176934
579,matched,0.5207636704092082,115,0.011013057586463107,secondary,secondary,True,78.24755192657219,78.06067484581312,1.0023939977604368,0.00239113671311577,1212991822,2365788091,4713176934
580,matched,0.6090005217192144,379,0.012465006204418094,primary,primary,True,78.0539461302574,78.14297704541036,0.9988606664537336,0.0011399830801352305,368729170,293458410,9756374292
581,matched,0.23161122301725556,235,0.004694609289981878,secondary,secondary,True,78.04222668158944,78.0617037156953,0.999750491813799,0.0002495393185470681,876418712,8156864966,8156864967
582,matched,0.0695737792095206,390,0.002545154518899268,primary,primary,True,77.82599946376246,77.46768200164433,1.0046253799372817,0.004614715738835426,762822065,10635704868,7242936306
583,matched,0.2826263433586426,384,0.005954914150199324,secondary,secondary,True,77.68858521384426,77.78261022713752,0.9987911820776045,0.0012095491321058853,26754699,8151563183,293457075
584,matched,0.5351759235957181,544,0.01078105423567292,secondary,secondary,True,77.66369628471914,77.68778687632187,0.9996899050343514,0.00031014305503423447,230574625,10115843783,3706277346
585,matched,0.1918284469105532,235,0.00401697725533398,secondary,secondary,True,77.45751585045306,77.51343194381553,0.9992786270461744,0.0007216332684916624,26764914,8156864967,6986305647
586,matched,1.1598832982651835e-05,306,0.0011117310654336773,primary,primary,True,77.36311363034815,77.01992099106099,1.0044558944604345,0.004445996355096097,876451409,3727013594,8145580981
587,matched,4.347299059348021e-05,476,0.0003176626430977515,secondary,secondary,True,77.10456891854011,77.2023356564645,0.9987336297912095,0.0012671727331435277,26754699,293457277,293457280
588,matched,0.19466005255280358,374,0.005043024356993985,primary,primary,True,77.05379378989358,76.70021452888726,1.0046098862066826,0.0045992932237516534,1141889037,4723212636,4723476352
589,matched,0.005484591522205347,164,0.00021681566364387103,secondary,secondary,True,76.85837924965404,76.89131976337319,0.9995715964582149,0.00042849533279905636,26754491,6944073198,9781361238
590,matched,8.015699819326548e-06,114,0.0011302982840537886,secondary,secondary,True,76.81755821444239,76.47108417418596,1.004530784988836,0.004520551880229608,746487581,6944073200,10991919752
591,matched,4.0209822798268965e-05,458,0.000620834733630738,secondary,secondary,True,76.66226491564379,76.47236871468175,1.0024832001957535,0.0024801221486990903,1209072902,293462770,293462769
592,matched,0.06516039174405394,366,0.001614523427426656,primary,primary,True,76.51234521424433,76.60768250624534,0.9987555126472696,0.001245262370182309,368729170,6604385663,3725763961
593,matched,4.468155104628245e-05,329,0.00018364316094446307,secondary,secondary,True,76.21696737606669,76.2727022044529,0.9992692689943408,0.0007309981196941497,252236396,8124328157,3706277560
594,matched,0.03617445862885779,520,0.001615981618970709,secondary,secondary,True,76.0183041434752,75.74740493324049,1.0035763497175048,0.0035699697855742125,456959535,4531816332,8151182358
595,matched,0.005340043232162914,440,0.0009652160242372678,primary,primary,True,75.27153600195132,75.01352231081796,1.0034395624040193,0.003433660638376038,874459840,8151416225,5662504046
596,matched,3.395339875657606e-06,402,0.001153362357642539,primary,primary,True,74.93335427703464,74.58846950936442,1.0046238348894787,0.004613177803380103,40016878,3722327255,4719771206
597,matched,0.04237570162860472,459,0.0014949734695756567,secondary,secondary,True,74.54337937283115,74.35057389029156,1.0025931942747892,0.0025898377480142497,90617087,6985772828,293464276
598,matched,0.25062634894164737,454,0.005309544798758342,secondary,secondary,True,74.52705909445537,74.61565517173236,0.9988126341975678,0.0011880712797015785,875004054,8145297049,3714709080
599,matched,0.25131619981280906,553,0.005175288606216875,secondary,secondary,True,74.23970594770655,74.28395548498784,0.999404319048543,0.0005958584398427762,230574625,3706277346,8128279464
600,matched,0.018711483275418984,520,0.0013882628666453257,primary,primary,True,73.91821943479748,73.6190045579618,1.0040643700445595,0.004056132804547784,1208795201,4594197582,12535566548
601,matched,3.681724693480938e-05,432,0.000640363453818389,secondary,secondary,True,73.7914078302696,73.60285320302523,1.0025617842113304,0.0025585084355187714,1209072902,293462766,293462759
602,matched,0.04157751617006142,352,0.0016894152571320326,primary,primary,True,73.45842669377163,73.2067890495208,1.003437353932852,0.003431459734923217,880075594,3719620306,8151182416
603,matched,0.07640060993301903,409,0.0017580338347050392,secondary,secondary,True,73.42535185842101,73.492940625657,0.9990803366056576,0.000920086544178634,367932805,293463307,10718627261
604,matched,0.07640061067129492,409,0.0017580338494705846,secondary,secondary,True,73.425351858421,73.492940625657,0.9990803366056575,0.0009200865441787451,367932805,10718627261,293463307
605,matched,4.511267194658609e-07,504,0.00114932991119388,primary,primary,True,73.2478395233728,72.91187129764303,1.0046078672752516,0.004597283554637963,1208785492,4814206871,6947408065
606,matched,0.028486381086720528,406,0.0017233936643239883,primary,primary,True,73.22170644508729,72.88459129470776,1.0046253281302822,0.004614664170358311,762822065,4714962027,10635704868
607,matched,1.8890816587965206e-06,433,0.0011540191035258676,primary,primary,True,73.0440981864751,72.70770905737226,1.0046265950813744,0.004615925287570767,478257594,10267000474,3714705622
608,matched,0.05361048505669216,297,0.0012438146845155742,secondary,secondary,True,72.93580588745561,72.98588766508342,0.9993138155987412,0.0006864199335269236,252236395,9979039300,2583312049
609,matched,0.015031924294210523,216,0.0010963425014022515,primary,primary,True,72.8080067503424,72.57664065019748,1.0031878865992165,0.0031828160620721645,464650413,293464962,4597354892
610,matched,2.0882462988063213e-05,102,0.0010053475437336566,trunk,trunk,True,72.76186115709407,72.46996594077498,1.0040278094867277,0.004019719577895581,26755741,2392383587,2277623507
611,matched,0.004826021110398841,301,0.00027833689097358415,secondary,secondary,True,72.69361464489398,72.74650145921674,0.9992729985186654,0.0007272658750624293,252236396,2583312041,9979039297
612,matched,2.886017686799596e-06,427,0.0011537529700095363,primary,primary,True,72.39355995644307,72.06024920112446,1.004625445498923,0.004614780998623201,1210211832,7128063637,7128134805
613,matched,4.249095193346144e-05,395,0.00017165709751667326,primary,primary,True,72.34256714637026,72.29315747930428,1.0006834625680876,0.0006832291139120161,279088743,8153654900,293464907
614,matched,0.06267841167551237,428,0.0015754700554690888,secondary,secondary,True,72.32942985256548,72.42262173796854,0.9987132213227486,0.001287607287835365,1209433726,8145212933,2408002052
615,matched,0.06267841167551237,428,0.0015754700554690888,secondary,secondary,True,72.32942985256548,72.42262173796854,0.9987132213227486,0.001287607287835365,1209433726,8145212933,2408002052
616,matched,0.0876660760305189,244,0.0028824013524430627,primary,primary,True,72.24143592255933,71.91590618072328,1.004526533268148,0.0045163193273307384,1138034029,7127990460,8141910054
617,matched,3.7828223129160904e-05,259,0.00032769749750013425,primary,primary,True,72.08758016553178,72.1819153590384,0.9986930910181949,0.0013077637321502042,1208491977,6604456763,3726939997
618,matched,0.15442216659948568,454,0.003400393068743667,secondary,secondary,True,71.91277080011815,72.00255948726407,0.998752979230387,0.001247798947015813,875004049,8144958896,8144958898
619,matched,7.180843563800738e-06,420,0.0011278465475350213,primary,primary,True,71.8439994835778,71.52065455083088,1.0045210007483518,0.004510811722654981,300173742,6605237342,3725789996
620,matched,2.8787742758415165e-05,346,0.0008387906300382098,primary,primary,True,71.30308057455646,71.064411698611,1.003358486621372,0.003352859500732166,478371821,4719689709,3719620426
621,matched,0.5285604017745167,539,0.011703214830033093,secondary,secondary,True,70.70134577826715,70.38193186623319,1.004538294183812,0.004528027178171038,1069546778,8166852641,8166852655
622,matched,0.010278671875847559,255,0.0013398755112112631,secondary,secondary,True,70.40399314750526,70.08527914847156,1.004547517009364,0.004537208294777248,746487579,293454248,293455281
623,matched,0.09031300645569226,577,0.0029332645831727892,primary,primary,True,70.35092387073752,70.03449442321211,1.0045181942146002,0.004508017816235775,865024248,3724390516,3724390734
624,matched,0.00019366295509011053,429,0.001125755785158021,primary,primary,True,70.33925676472191,70.02431441763687,1.0044976141459474,0.004487530104224875,300173742,3725827504,293466245
625,matched,3.2432466576042833e-05,443,0.000682035379140657,secondary,secondary,True,70.2197771050809,70.0286503886563,1.002729264599044,0.0027255469192365447,1209072902,293462767,293462766
626,matched,0.20869024686442295,492,0.0049550265304294655,primary,primary,True,70.21446664791772,69.99539688026502,1.0031297739196685,0.0031248863725640234,746487559,293460950,9923821126
627,matched,1.210461311190365e-05,421,0.0011205299728715354,secondary,secondary,True,70.02143194497546,69.70835728999225,1.0044912068961946,0.004481151522437189,1069546779,293464736,293464729
628,matched,1.210461311190365e-05,421,0.0011205299728715354,secondary,secondary,True,70.02143194497546,69.70835728999225,1.0044912068961946,0.004481151522437189,1069546779,293464736,293464729
629,matched,2.2366363714786837e-05,517,0.0009588685391893576,secondary,secondary,True,69.92228678623202,69.65473994767741,1.0038410428171232,0.0038336848476602475,264753949,2928864940,2928864938
630,matched,1.11471033698107e-05,256,0.0011218391555304996,primary,primary,True,69.63187548977514,69.32017426880503,1.0044965441050597,0.004486464853852414,865024248,8133341959,8062776421
631,matched,3.435741504738522,505,0.06886312218153559,secondary,secondary,True,69.62521597412191,69.66652769958769,0.9994070075425042,0.000593168347060662,"[464097500, 456959532]",4531816313,1051669638
632,matched,5.496906269617799e-06,528,0.0011358256502773422,secondary,secondary,True,68.92511636801719,68.61270916634581,1.004553197293434,0.004542862848607799,1208988381,8157424473,8157424472
633,matched,4.688893515128713e-06,528,0.0011392996612564026,secondary,secondary,True,68.89941288296072,68.58616466734898,1.004567221642018,0.0045568235335444,876473604,293462958,293462956
634,matched,9.373055430807474e-06,332,0.0011346067203820305,secondary,secondary,True,68.79122797512909,68.47978275291068,1.0045479878834045,0.0045376770370936575,879562787,11778195620,2703794064
635,matched,2.7348384237157486e-05,353,0.0008211136885454638,primary,primary,True,68.70819694472011,68.48304800685129,1.0032876594196902,0.0032822668834428825,1210210285,7242788582,8151563186
636,matched,3.6026695600548404e-05,508,0.00019612944869964937,secondary,secondary,True,68.57922102488006,68.63284594435432,0.9992186697384262,0.0007816356591505536,776295454,3706277434,8128232265
637,matched,3.6026695600548404e-05,508,0.00019612944869964937,secondary,secondary,True,68.57922102488006,68.63284594435432,0.9992186697384262,0.0007816356591505536,776295454,3706277434,8128232265
638,matched,3.734372492019967e-05,187,5.2089147647225286e-05,secondary,secondary,True,68.53403695961849,68.5481131779614,0.9997946519941933,0.00020536909259528518,876134933,8154498070,8154498107
639,matched,1.2082360425030244e-05,464,0.001113405111324797,primary,primary,True,68.47069528602644,68.16649672863586,1.004462581649187,0.004452653856465186,865024248,2935256757,3724390537
640,matched,3.718169982301366e-05,345,0.0004115545443768694,primary,primary,True,68.3810791273995,68.26880462636707,1.0016445945061863,0.0016432436415216366,874644320,5418127631,2283167585
641,matched,2.1287904656081632e-05,524,0.0009588158712893687,secondary,secondary,True,68.21729022284364,67.95627574390093,1.0038409179444496,0.003833560452784988,264753949,2928864938,1051669370
642,matched,0.017319890830606675,144,0.0014860594422765661,trunk,trunk,True,68.18614962368711,67.87602049278698,1.0045690529387046,0.004558646502657731,742084228,11936417211,11936417209
643,matched,2.3762922210755105e-05,176,0.0009011640567498347,trunk,trunk,True,67.89512375542482,67.65095435112187,1.0036092529166059,0.0036027551932224784,874594465,8141628231,482157966
644,matched,0.04067198804084158,434,0.0013874471306806523,primary,primary,True,67.7005083194458,67.54524427019679,1.0022986673736485,0.0022960294794552825,746487559,4715979376,4715979375
645,matched,3.3198746287173175e-05,443,0.0003010967553451977,secondary,secondary,True,67.6262946331855,67.70761210717329,0.9987989906680053,0.0012017311216778168,1209433726,10618414232,8145212933
646,matched,3.3198746287173175e-05,443,0.0003010967553451977,secondary,secondary,True,67.6262946331855,67.70761210717329,0.9987989906680053,0.0012017311216778168,1209433726,10618414232,8145212933
647,matched,0.06314391175668635,372,0.0024155791421038887,primary,primary,True,67.53572053080278,67.22504337165755,1.0046214497390151,0.004610803627880648,1141889036,293463358,8145212885
648,matched,0.121150365150124,570,0.002975720182623741,secondary,secondary,True,67.43744301005415,67.28851352792074,1.0022132972527564,0.002210851518485043,279088748,2999157396,1812432271
649,matched,3.3060634457150295e-05,257,0.00032816202725770917,primary,primary,True,67.3815774180633,67.46990534633385,0.9986908544214321,0.0013100032582742647,1208785499,3725790551,6604456762
650,matched,0.3283899232480232,257,0.007699992335958224,secondary,secondary,True,67.28666428664424,66.98262706881772,1.0045390458859451,0.004528775483991042,1014003072,2833045510,2704039251
651,matched,0.08155610067681736,154,0.002754962678367198,trunk,trunk,True,67.26907640328514,66.96735618809295,1.004505481959669,0.004495362659323403,870242503,3725561066,3725561095
652,matched,0.29211414751865344,537,0.012419608410754134,primary,primary,True,67.24900013487127,69.04175402178542,0.9740337725726309,0.026309301841524257,874459840,2703776376,2703784888
653,matched,0.0013359990756762659,361,0.00020824623970002904,primary,primary,True,67.13933422814407,67.09060171426869,1.0007263687108208,0.0007261050327460149,279088743,293464907,293464902
654,matched,7.66042848252038e-06,547,0.0011191098236413913,primary,primary,True,67.04268960574902,66.74328869472795,1.0044858579323304,0.0044758264602869635,874056882,6609242521,4594197693
655,matched,0.2095648277930005,510,0.004965577059216116,secondary,secondary,True,66.70520712362648,66.49893255187729,1.0031019230509943,0.003097122013424421,279088748,8151238466,2999157389
656,matched,6.282465550056815e-06,388,0.0011271967493451448,primary,primary,True,66.70235533323444,66.4023189780202,1.0045184620030145,0.0045082844001365745,1208795197,4594183933,4594183932
657,matched,0.4060147015073777,298,0.008271946065438877,secondary,secondary,True,66.65680051718257,66.6972473414865,0.9993935758083562,0.0006066081411652977,880075598,8186428309,8186428311
658,matched,0.11208345548434612,582,0.0024905433563004635,primary,primary,True,66.60370752964253,66.53743673117313,1.0009959926580454,0.0009954969864541647,279088746,12555910130,1812432286
659,matched,0.021355900504974806,485,0.0011634167284018428,primary,primary,True,66.5395391057829,66.3438555009671,1.0029495362206218,0.0029451948732093867,478372781,4721825589,4719689700
660,matched,0.20080755931820546,140,0.004932998600253892,primary,primary,True,66.29723424228578,66.05454174721905,1.0036741227574553,0.0036673896555591305,876451409,4594206614,3727013893
661,matched,0.3770906657078124,391,0.008160934851697244,primary,primary,True,66.29147495325302,66.1275081482187,1.0024795551749328,0.002476486150163985,874644320,4714938986,5411536316
662,matched,9.542975757072692e-06,275,0.001128520921132794,primary,primary,True,66.24445559444874,65.94614683964967,1.004523520616366,0.00451332024647061,464650415,4601752550,8145147226
663,matched,0.15642422132112105,298,0.0031517053664764315,secondary,secondary,True,66.15076346765119,66.14461942134463,1.000092888074046,9.288376021604377e-05,880075597,2703797752,8186428309
664,matched,0.008812237020050602,427,0.0013284176291958394,primary,primary,True,66.06337197043854,65.75960678362247,1.0046193279077167,0.0046086915551793095,1105211172,4715985573,7128063639
665,matched,6.327638793390146e-06,338,0.001126020300219828,primary,primary,True,65.83410261113927,65.53828042184523,1.0045137313245014,0.004503574989775841,1203852633,4594181070,4594181069
666,matched,0.03506064207951875,386,0.0017122491496827461,primary,primary,True,65.80279448132725,65.53721580508164,1.0040523338225946,0.004044145232369485,1208795201,11433519729,4594188519
667,matched,2.3080358801967124e-05,487,0.0008760037053536266,secondary,secondary,True,65.59898431394345,65.36964744705335,1.0035083081498313,0.003502168392710349,279088748,7242312106,10287373214
668,matched,0.14597758606917507,582,0.003180512383644024,primary,primary,True,65.51829135071483,65.44993624610402,1.0010443876423927,0.0010438426490420904,1209004191,2833450822,4613676974
669,matched,0.10889551131171983,155,0.0030130241711613472,secondary,secondary,True,65.47185317531397,65.25351222713984,1.0033460413198008,0.003340455779707802,368712589,3725591126,8145278210
670,matched,0.10889551131171983,155,0.0030130241711613472,secondary,secondary,True,65.47185317531397,65.25351222713984,1.0033460413198008,0.003340455779707802,368712589,3725591126,8145278210
671,matched,0.020257323884669026,441,0.001556639669093036,secondary,secondary,True,65.42149091582739,65.12085420413752,1.0046165965628684,0.0046059727655986225,875007028,8144976336,9882823386
672,matched,2.819187888251664e-05,420,0.0006631787601702515,secondary,secondary,True,65.05062878754624,64.87844300464953,1.0026539752639314,0.0026504596903704045,1209072902,293462756,4714891319
673,matched,0.14250619151765356,559,0.003147750863811745,secondary,secondary,True,65.03740747541934,65.11488114538913,0.9988102002398376,0.0011905081338346951,875004053,293465828,8144960927
674,matched,2.809720776916272e-06,370,0.0011533261566919698,primary,primary,True,65.02905364273228,64.72976028859635,1.0046237364822848,0.004613079849105726,478257595,4715985581,7128063636
675,matched,2.467829595116898,195,0.049605875196727156,primary,primary,True,64.80364187891419,64.86829196727552,0.9990033637945339,0.000997133177556798,368721302,3725764130,3725764138
676,matched,0.0003988509554718658,488,0.0011559418182898464,primary,primary,True,64.306059850183,64.0114523934886,1.0046024179373936,0.004591859196721637,"[1209433725, 1249542286]",3714707013,293463599
677,matched,2.739740772174008e-06,407,0.0011455982441471438,secondary,secondary,True,64.0240951230932,63.731396701673404,1.004592688008862,0.004582173797326801,875007028,9871576949,8144976343
678,matched,0.43295156571646115,367,0.009438048034280095,primary,primary,True,63.938236476486495,63.73931074934595,1.0031209268629029,0.00311606687980349,1141889036,293463385,9923995138
679,matched,2.0038620939307363,193,0.04034401229577223,primary,primary,True,63.57053301373808,63.63840416977509,0.99893348746056,0.00106708166863,470103540,4643407223,4643407218
680,matched,2.549430875980667e-05,404,0.0007294732215497127,secondary,secondary,True,63.42674662549082,63.24207290598799,1.002920108576728,0.0029158533414980663,1209072881,4714891315,4594220613
681,matched,0.17949203598587193,513,0.013690482539578086,secondary,secondary,True,63.40995936736333,66.0243427914595,0.9604027346042079,0.04040256727944259,"[1208986537, 1208986538]",4531816328,4531816313
682,matched,0.015443232837680785,394,0.0014596817345203343,primary,primary,True,63.34287450597982,63.05196035069834,1.004613879626635,0.004603268311066874,40016878,4719771206,4719769348
683,matched,3.994604811946385,110,0.08081861831266325,secondary,secondary,True,62.91702297753602,62.684278487338936,1.0037129643319431,0.003706088294942154,746487581,293466272,6944073200
684,matched,1.5513906943949875e-05,502,0.0010095986250389,primary,primary,True,62.88910034855539,62.635719217432566,1.0040453136690781,0.004037153387600084,1208791971,3727012352,13022825217
685,matched,9.463107105527568e-06,338,0.0011197181296153983,primary,primary,True,62.871657968913176,62.590740883764965,1.00448815721274,0.004478115469893151,232511043,2443921865,2443921759
686,matched,0.036124410027787636,557,0.001021002913644663,secondary,secondary,True,62.80076167923156,62.8757942724004,0.998806653752257,0.0011940588523556412,367555141,8144958887,8144958890
687,matched,0.2974429120021617,463,0.006432371740544889,primary,primary,True,62.7974093806127,62.676073172895705,1.0019359254907736,0.0019340540020066227,746487560,4716027735,6167916393
688,matched,3.143969137282829e-05,398,0.000389628693093116,primary,primary,True,62.76526774094566,62.667680951822724,1.0015572107925608,0.0015559995970626376,874644320,2283167581,4714938986
689,matched,0.020980684620878983,569,0.0015334766071206422,primary,primary,True,62.208475198467184,61.931924880223434,1.0044653919408868,0.0044554516588122504,874056882,4594197691,4594197690
690,matched,0.03881369009646992,498,0.0015949147947228416,secondary,secondary,True,61.82178666660269,61.619678360236485,1.003279931212634,0.003274563971173773,279088748,10287373214,2999157392
691,matched,1.4436610900889813e-05,521,0.001020503794414469,secondary,secondary,True,61.61786616520726,61.36692464145598,1.0040891982972495,0.004080860248785805,264753949,2928864946,2928864944
692,matched,1.6092108948417292e-05,567,0.000984920671088712,primary,primary,True,61.552714374238654,61.31077219698056,1.003946160985883,0.003938395315638974,876451409,3726941221,3726941630
693,matched,5.518603535691877e-06,365,0.0011260525249888469,primary,primary,True,61.51758168229616,61.24114370246834,1.0045139258203741,0.004503768611672532,1203852633,4594181069,4594181068
694,matched,0.017386910232532242,235,0.0008031672816783975,trunk,trunk,True,61.13548247477992,61.024212351422754,1.0018233766413303,0.0018217163081110108,292410140,13108436169,3722327661
695,matched,1.5408090918830138e-06,545,0.0011479436651147248,secondary,secondary,True,61.03508199396885,60.75547260023051,1.0046022091800382,0.004591651395731549,876473604,8151376700,293462958
696,matched,0.8080935928181623,440,0.26473542869465266,primary,primary,True,61.034692436091326,164.96554902664965,0.36998447734218354,0.9942942273531578,1141889036,9923995138,293463471
697,matched,0.01986164423460754,522,0.0015230535439116214,secondary,secondary,True,60.94294021137681,60.66911394816701,1.004513437652044,0.004503282636877883,1069546778,8166852625,8166852652
698,matched,0.007482517957427259,379,0.00127704082686198,primary,primary,True,60.63372269388464,60.36090677241026,1.0045197452467542,0.004509561870853739,1208795197,10230224085,4594183933
699,matched,0.006698480840034625,620,0.0012802749169857205,primary,primary,True,60.36897279670646,60.09280134023877,1.0045957494127131,0.0045852212007401125,865024248,3724390776,11968828661
