segment_id,osmid,road_name,road_type,length_m,lat,lon,n_osm_ways,osmid_key,ffs,fftt,cs_med,cs_min,conf_med,roadClosure_any,tomtom_len_m,tomtom_len_over_osm_len,edge_fftt_s,tomtom_signature
0,"[1209033472, 280421140, 1317533102]",0.0,trunk,3016.9979383186064,20.283950272583752,85.80626747532335,3,280421140|1209033472|1317533102,54.0,1376.0,54.0,43.0,1.0,False,20640.0,6.841237687919274,201.1331958879071,0
1,"[44948707, 1317533101, 1317533103]",1.0,trunk,2971.283590979436,20.283755357256275,85.80617312564718,3,44948707|1317533101|1317533103,32.0,334.0,32.0,17.0,1.0,False,2968.8888888888887,0.9991940513191613,334.26940398518656,1
2,"[279958946, 1317535730, 1209009343]",2.0,trunk,2001.0510399446507,20.29648793440193,85.83820263652815,3,279958946|1209009343|1317535730,54.0,1376.0,54.0,43.0,1.0,False,20640.0,10.314579482475821,133.4034026629767,0
3,"[26755549, 1317535729, 1209009372, 218526245]",3.0,trunk,1989.572233152408,20.29661707850357,85.838136898719,4,26755549|218526245|1209009372|1317535729,51.0,181.0,51.0,38.0,1.0,False,2564.1666666666665,1.2888030019416956,140.4403929284053,2
4,873398460,4.0,trunk,1656.7999817793127,20.262789181520738,85.86831658151024,1,873398460,23.0,904.0,23.0,17.0,1.0,False,5775.555555555556,3.485970315712416,259.3252145393707,3
5,"[742084225, 742084226, 44947113]",5.0,trunk,1588.023179665442,20.34775351554416,85.88638721205078,3,44947113|742084225|742084226,29.0,500.0,29.0,16.0,1.0,False,4027.777777777778,2.536346968579094,197.13391195846867,4
6,"[44948644, 1203900681, 1194664843, 1194664844, 1317520819]",6.0,trunk,1505.9062740619322,20.256744393225915,85.78766561017697,5,44948644|1194664843|1194664844|1203900681|1317520819,54.0,1376.0,54.0,43.0,1.0,False,20640.0,13.706032278042793,100.39375160412881,0
7,"[1203900682, 1209038916, 1194663758]",7.0,trunk,1483.6343357813123,20.256789824095264,85.78756561354776,3,1194663758|1203900682|1209038916,54.0,1309.0,54.0,43.0,1.0,False,19635.0,13.234393088954635,98.90895571875416,5
8,873398460,8.0,trunk,1452.9773308428084,20.250454150626567,85.86202456938696,1,873398460,29.0,1299.0,29.0,21.0,1.0,False,10464.166666666666,7.20187882119046,180.3695996908314,6
9,1210277736,9.0,trunk,1393.69952816302,20.2834029109714,85.87325457446372,1,1210277736,21.0,998.0,21.0,16.0,1.0,False,5821.666666666667,4.1771318343918615,238.91991911366057,7
10,"[1203900681, 218526250, 218526251, 280421141]",10.0,trunk,1392.132772228004,20.268797712599337,85.79285088460102,4,218526250|218526251|280421141|1203900681,54.0,1376.0,54.0,43.0,1.0,False,20640.0,14.826172051798789,92.80885148186692,0
11,"[879568355, 879568356, 325359753, 26755786, 1209009371]",11.0,trunk,1384.3006303268353,20.2970014077427,85.85867493233974,5,26755786|325359753|879568355|879568356|1209009371,29.0,230.0,29.0,15.0,1.0,False,1852.7777777777778,1.3384215373363908,171.8442161785037,8
12,742084228,12.0,trunk,1317.3339434844804,20.328788838620497,85.88348033544113,1,742084228,36.0,649.0,36.0,24.0,1.0,False,6490.0,4.926617151330132,131.73339434844803,9
13,"[879568354, 879568357, 573401034, 325359754, 874464058]",13.0,trunk,1308.4312809218004,20.29659438726293,85.85827140894284,5,325359754|573401034|874464058|879568354|879568357,29.0,103.0,29.0,4.0,1.0,False,829.7222222222222,0.6341351160893036,162.4259521144304,10
14,478811049,14.0,trunk,1277.1611518246043,20.26454458295202,85.86907984584279,1,478811049,21.0,998.0,21.0,16.0,1.0,False,5821.666666666667,4.558286680071342,218.94191174136074,11
15,"[218526248, 26755741, 218526246]",15.0,trunk,1222.1475264366486,20.270280553760067,85.79326074244656,3,26755741|218526246|218526248,54.0,1309.0,54.0,43.0,1.0,False,19635.0,16.06598186820272,81.47650176244323,5
16,478811049,16.0,trunk,1080.1658401252282,20.251262326394176,85.86231022316852,1,478811049,29.0,1299.0,29.0,21.0,1.0,False,10464.166666666666,9.687555630766393,134.08955256726972,12
17,26754491,17.0,secondary,1066.50914612262,20.30192356653856,85.83311581230055,1,26754491,32.0,1015.0,32.0,21.0,1.0,False,9022.222222222223,8.459582606509507,119.98227893879475,13
18,746487581,18.0,secondary,1065.2277230966693,20.301920269562352,85.83330503562453,1,746487581,34.0,898.0,34.0,21.0,1.0,False,8481.111111111111,7.96178218724547,112.78881773964733,14
19,464650412,19.0,primary,1012.1732372373798,20.290078619089293,85.82599705756917,1,464650412,36.0,2051.0,36.0,26.0,1.0,False,20510.0,20.263329680579073,101.21732372373798,15
20,742084229,20.0,trunk,969.8600383768458,20.326231395902333,85.88339501250358,1,742084229,54.0,1428.0,54.0,42.0,1.0,False,21420.0,22.0856609741839,64.65733589178971,16
21,"[742084229, 742084230, 742084223]",21.0,trunk,967.8664462943204,20.33656545291409,85.883597525277,3,742084223|742084229|742084230,34.0,2181.0,34.0,28.0,1.0,False,20598.333333333332,21.282206250871045,102.47997666645746,17
22,"[742084224, 464267621, 742084223]",22.0,trunk,962.4217350910671,20.3450154375708,85.88491672083636,3,464267621|742084223|742084224,54.0,1428.0,54.0,42.0,1.0,False,21420.0,22.25635521206634,64.16144900607114,18
23,"[874464056, 877825096, 292410142]",23.0,trunk,919.938817989941,20.30413718561172,85.86693927587477,3,292410142|874464056|877825096,53.0,1358.0,53.0,43.0,1.0,False,19992.777777777777,21.732725466962943,62.48641027856203,19
24,"[414500083, 875146659]",24.0,primary,869.4487815342277,20.350521395502685,85.80697929345811,2,414500083|875146659,27.0,444.0,27.0,17.0,1.0,False,3330.0,3.8300128434522485,115.9265042045637,20
25,"[44948784, 1317535728, 1317535732, 218526252]",25.0,trunk,852.5643479559544,20.295211940880904,85.82499542067414,4,44948784|218526252|1317535728|1317535732,35.0,598.0,35.0,17.0,1.0,False,5813.888888888889,6.819296282829374,87.69233293261246,21
26,464650415,26.0,primary,813.4667803841377,20.291130135504616,85.82592697113246,1,464650415,36.0,2051.0,36.0,26.0,1.0,False,20510.0,25.213076298351982,81.34667803841377,22
27,741818619,27.0,secondary,806.477181068368,20.24069499053778,85.81019347265972,1,741818619,28.0,2489.0,27.0,23.0,0.847037,True,19358.888888888887,24.004261178528946,103.68992328021875,23
28,873398460,28.0,trunk,794.5244481372048,20.273818493777505,85.8714054986874,1,873398460,21.0,998.0,21.0,16.0,1.0,False,5821.666666666667,7.327234146558742,136.20419110923513,24
29,"[877786608, 292410140, 292410141]",29.0,trunk,786.6128867962552,20.304464114733207,85.86751035733191,3,292410140|292410141|877786608,54.0,1428.0,54.0,42.0,1.0,False,21420.0,27.230675163790075,52.44085911975035,25
30,"[26755523, 1317535731, 218526247, 1209033471]",30.0,trunk,771.7655177847529,20.29552895375968,85.8253085873208,4,26755523|218526247|1209033471|1317535731,54.0,1376.0,54.0,42.0,1.0,False,20640.0,26.74387430426315,51.451034518983526,26
31,"[842470001, 196857001, 1286989884]",31.0,trunk,762.8027211582153,20.31296475156335,85.87630530974936,3,196857001|842470001|1286989884,45.0,76.0,45.0,26.0,1.0,False,950.0,1.2454071985447959,61.024217692657224,27
32,"[742084226, 742084227, 742084228]",32.0,trunk,745.0016873605796,20.33798629615722,85.8832986801923,3,742084226|742084227|742084228,54.0,1428.0,54.0,42.0,1.0,False,21420.0,28.751612732432317,49.66677915737197,28
33,"[364407161, 1317517332, 1318339357]",33.0,secondary,726.186014336685,20.23465276671345,85.81373811726914,3,364407161|1317517332|1318339357,28.0,2489.0,27.0,23.0,0.847037,True,19358.888888888887,26.658305870255212,93.3667732718595,29
34,"[364407161, 1317517332, 1318339357]",34.0,secondary,726.1860143366849,20.23465276671345,85.81373811726912,3,364407161|1317517332|1318339357,28.0,2489.0,27.0,23.0,0.847037,True,19358.888888888887,26.658305870255216,93.36677327185949,30
35,1194663768,35.0,primary,704.2067158098589,20.265456457111377,85.78799599193567,1,1194663768,29.0,570.0,29.0,18.0,1.0,False,4591.666666666667,6.520339217989582,87.41876472122387,31
36,"[1238285688, 90617087]",36.0,secondary,687.0880641753015,20.251062509266568,85.80868556647704,2,90617087|1238285688,27.0,2618.0,26.0,22.0,0.841487,True,19635.0,28.57712282277456,91.6117418900402,32
37,464267621,37.0,trunk,669.3367594339045,20.35555251176286,85.88927091495788,1,464267621,54.0,1428.0,54.0,42.0,1.0,False,21420.0,32.00182822487755,44.62245062892696,33
38,"[464264628, 1209009347, 1209009348, 196856999]",38.0,trunk,594.9813733926426,20.30907338383928,85.87240179849277,4,196856999|464264628|1209009347|1209009348,54.0,1428.0,54.0,42.0,1.0,False,21420.0,36.0011270232899,39.665424892842836,33
39,"[1213505657, 196857002, 44947105, 742084228]",39.0,trunk,593.829930247831,20.31794148665308,85.87990634894803,4,44947105|196857002|742084228|1213505657,34.0,2181.0,34.0,28.0,1.0,False,20598.333333333332,34.687260247621325,62.876110261535054,17
40,279091485,40.0,primary,592.3070665718152,20.269112490538223,85.82504163083306,1,279091485,34.0,254.0,34.0,18.0,1.0,False,2398.8888888888887,4.050076428723532,62.714865872309844,34
41,741818619,41.0,secondary,590.4830137421894,20.24876842025203,85.81003170150667,1,741818619,27.0,2618.0,26.0,22.0,0.841487,True,19635.0,33.25243833105897,78.73106849895859,35
42,"[877786609, 1393752818, 464264627]",42.0,trunk,590.0031819087746,20.312784875498448,85.87645947161676,3,464264627|877786609|1393752818,54.0,1428.0,54.0,42.0,1.0,False,21420.0,36.30488895111065,39.33354546058498,36
43,880075594,43.0,primary,573.6074437863839,20.270728053396336,85.8497625703279,1,880075594,43.0,1723.0,43.0,24.0,1.0,False,20580.277777777777,35.8786797499128,48.02294878211586,37
44,"[877821610, 870242500, 870242503]",44.0,trunk,567.271621111069,20.30361943686951,85.87187919702518,3,870242500|870242503|877821610,54.0,1428.0,54.0,42.0,1.0,False,21420.0,37.75968901466705,37.81810807407126,36
45,865024250,45.0,primary,560.7921275102855,20.285221498521835,85.78162169350796,1,865024250,41.0,1736.0,41.0,41.0,1.0,False,19771.11111111111,35.25568591500687,49.24028436675677,38
46,"[464264129, 1210250340, 1393752818, 762847156, 1393752821]",46.0,trunk,560.469059085779,20.317000635405165,85.87951330018832,5,464264129|762847156|1210250340|1393752818|1393752821,34.0,2181.0,34.0,28.0,1.0,False,20598.333333333332,36.751954455671004,59.34378272672954,17
47,"[174417954, 230927119, 230927120, 746487580, 746487549]",47.0,secondary,535.5556741544974,20.253774067752467,85.83393630559193,5,174417954|230927119|230927120|746487549|746487580,21.0,442.0,21.0,14.0,1.0,False,2578.3333333333335,4.814314286565722,91.809544140771,39
48,"[174417954, 230927119, 230927120, 746487580, 746487549]",48.0,secondary,535.5556741544973,20.253774067752463,85.83393630559193,5,174417954|230927119|230927120|746487549|746487580,21.0,442.0,21.0,14.0,1.0,False,2578.3333333333335,4.814314286565723,91.80954414077097,39
49,876418713,49.0,secondary,513.7780151849071,20.274000717394767,85.83006166195003,1,876418713,33.0,97.0,33.0,18.0,1.0,False,889.1666666666666,1.730643663969659,56.04851074744441,40
50,876418713,50.0,secondary,513.778015184907,20.27400071739477,85.83006166195003,1,876418713,33.0,97.0,33.0,18.0,1.0,False,889.1666666666666,1.7306436639696592,56.048510747444396,40
51,"[279088741, 746487561, 746487564, 1317517914, 1317517916]",51.0,primary,492.841002847525,20.261715634128787,85.83645758441224,5,279088741|746487561|746487564|1317517914|1317517916,29.0,1295.0,29.0,19.0,1.0,True,10431.944444444443,21.166957262425417,61.18026242245138,41
52,"[279088738, 746487562, 746487563, 1317517913, 1317517915]",52.0,primary,488.74421379732553,20.26183756065556,85.83651114604143,5,279088738|746487562|746487563|1317517913|1317517915,29.0,1295.0,29.0,19.0,1.0,True,10431.944444444443,21.344384547067815,60.671695505874894,41
53,368852567,53.0,primary,487.360208526007,20.35009629497623,85.80710164776846,1,368852567,26.0,461.0,26.0,16.0,1.0,False,3329.4444444444443,6.831588599557929,67.48064425744712,42
54,"[870242497, 877821612, 870242502]",54.0,trunk,477.834937011317,20.30313133821072,85.87188160624635,3,870242497|870242502|877821612,54.0,1428.0,54.0,42.0,1.0,False,21420.0,44.8271952109117,31.855662467421133,43
55,865024248,55.0,primary,471.7401221958465,20.2857567923075,85.78147314382765,1,865024248,42.0,1665.0,42.0,40.0,1.0,False,19425.0,41.177332785646676,40.434867616786846,44
56,865024250,56.0,primary,470.7998473595436,20.292228787986165,85.78064729516193,1,865024250,41.0,1736.0,41.0,41.0,1.0,False,19771.11111111111,41.994727105364106,41.338523182789196,38
57,464267621,57.0,trunk,464.9493326535148,20.350351377972064,85.8883883608801,1,464267621,53.0,1358.0,53.0,43.0,1.0,False,19992.777777777777,42.999906384803026,31.581464104767043,45
58,1209072881,58.0,secondary,455.4429073913592,20.25982431872852,85.83515568604204,1,1209072881,29.0,1295.0,29.0,19.0,1.0,True,10431.944444444443,22.90505412455647,56.53774022789287,46
59,1194663760,59.0,primary,436.3794490946383,20.265819375302044,85.7868149673111,1,1194663760,28.0,2489.0,27.0,23.0,0.84645,True,19358.888888888887,44.36251278343425,56.105929169310635,47
60,865024248,60.0,primary,427.4466559469736,20.27790091780448,85.78274994797971,1,865024248,42.0,1665.0,42.0,38.0,1.0,False,19425.0,45.444267090978826,36.63828479545488,48
61,865024250,61.0,primary,427.0275331443135,20.2779142749146,85.78282581600101,1,865024250,41.0,1736.0,41.0,41.0,1.0,False,19771.11111111111,46.29938253754116,37.49510047120801,38
62,1208986525,62.0,primary,419.5135551577196,20.321948639313863,85.82052700816752,1,1208986525,37.0,1860.0,37.0,28.0,1.0,False,19116.666666666668,45.568650718519926,40.81753509642678,49
63,1208795196,63.0,primary,419.3337677527084,20.27179869719508,85.82348468550168,1,1208795196,35.0,598.0,35.0,18.0,1.0,False,5813.888888888889,13.864585530630302,43.1314732545643,50
64,44947113,64.0,trunk,410.6826044863959,20.3557852950124,85.88904212531142,1,44947113,53.0,1358.0,53.0,43.0,1.0,False,19992.777777777777,48.681822797878084,27.89542219152878,45
65,870242502,65.0,trunk,407.7818079461824,20.29920219897483,85.87123978020561,1,870242502,54.0,1428.0,54.0,42.0,1.0,False,21420.0,52.52809120613574,27.185453863078827,51
66,279958945,66.0,trunk,407.2032609070704,20.295706333488,85.84958178784383,1,279958945,51.0,181.0,51.0,36.0,1.0,False,2564.1666666666665,6.297018989864735,28.743759593440263,52
67,478811049,67.0,trunk,406.7978050226346,20.27191328899811,85.87093160387771,1,478811049,21.0,998.0,21.0,16.0,1.0,False,5821.666666666667,14.310958896011606,69.73676657530879,53
68,414500083,68.0,primary,406.2806743297109,20.344786497630363,85.80712127269358,1,414500083,27.0,444.0,27.0,18.0,1.0,False,3330.0,8.196304206430428,54.17075657729479,54
69,1208986525,69.0,primary,402.7893414285748,20.318117798706865,85.82043734369836,1,1208986525,37.0,1860.0,37.0,28.0,1.0,False,19116.666666666668,47.4607063803265,39.19031430115864,55
70,746487579,70.0,secondary,399.9348179885905,20.291284006600243,85.84254371761119,1,746487579,29.0,1295.0,29.0,19.0,1.0,True,10431.944444444443,26.084111648268767,49.647080853756066,56
71,"[1209009344, 218505932, 218505933]",71.0,trunk,394.9459138664409,20.295473571717828,85.85078291649354,3,218505932|218505933|1209009344,54.0,1376.0,54.0,42.0,1.0,False,20640.0,52.260320401693896,26.32972759109606,57
72,26764975,72.0,secondary,389.04666320627103,20.312419601773588,85.83223529923194,1,26764975,34.0,898.0,34.0,20.0,1.0,False,8481.111111111111,21.799727161814673,41.193176104193405,58
73,"[272996689, 286061181, 286061182]",73.0,secondary,387.2334663165051,20.263774412084214,85.78498182071834,3,272996689|286061181|286061182,28.0,2489.0,27.0,23.0,0.849196,True,19358.888888888887,49.99280943622241,49.787159954979224,59
74,"[272996689, 286061181, 286061182]",74.0,secondary,387.2334663165051,20.26377441208421,85.78498182071831,3,272996689|286061181|286061182,28.0,2489.0,27.0,23.0,0.849196,True,19358.888888888887,49.99280943622241,49.787159954979224,60
75,26754491,75.0,secondary,384.2460579503212,20.30842483807616,85.83364318307034,1,26754491,32.0,1015.0,32.0,21.0,1.0,False,9022.222222222223,23.480324743861647,43.227681519411135,61
76,865024250,76.0,primary,382.46063737311147,20.27432172165536,85.78344733189267,1,865024250,41.0,1736.0,41.0,41.0,1.0,False,19771.11111111111,51.6944991958043,33.58190962300491,38
77,865024248,77.0,primary,381.7822872587907,20.27431028595045,85.78337938709485,1,865024248,42.0,1665.0,42.0,38.0,1.0,False,19425.0,50.87978318604599,32.72419605075349,48
78,865024250,78.0,primary,376.6895331135906,20.298465276305613,85.78070393853385,1,865024250,42.0,1665.0,42.0,38.0,1.0,False,19425.0,51.56766592222354,32.28767426687919,48
79,1208795201,79.0,primary,375.6520650924455,20.345115781661523,85.82382987524727,1,1208795201,37.0,1860.0,37.0,28.0,1.0,False,19116.666666666668,50.88928943319446,36.54993065764335,62
80,368852567,80.0,primary,372.6147750290638,20.34462644767824,85.80722222805565,1,368852567,26.0,461.0,26.0,16.0,1.0,False,3329.4444444444443,8.935352722351787,51.59281500402422,63
81,"[478811049, 1210277732]",81.0,trunk,369.4585090077485,20.275600118656943,85.87205818256953,2,478811049|1210277732,21.0,998.0,21.0,16.0,1.0,False,5821.666666666667,15.757294864589442,63.33574440132831,64
82,1208785491,82.0,primary,368.100578753048,20.32616318037627,85.82076038230876,1,1208785491,37.0,1860.0,37.0,28.0,1.0,False,19116.666666666668,51.93326979116676,35.815191446242515,65
83,746487581,83.0,secondary,363.1665570057236,20.30832423747648,85.83379458132885,1,746487581,34.0,898.0,34.0,21.0,1.0,False,8481.111111111111,23.353227183243767,38.452929565311905,66
84,741818619,84.0,secondary,361.0821640762453,20.25280649992408,85.80686581083629,1,741818619,28.0,2489.0,27.0,23.0,0.848724,True,19358.888888888887,53.613528484339945,46.424849666945825,67
85,1210277737,85.0,trunk,360.4714493807581,20.2384307102931,85.86041350153981,1,1210277737,28.0,1344.0,28.0,21.0,1.0,False,10453.333333333334,28.99906040073567,46.34632920609747,68
86,"[762822065, 478254538, 478254539]",86.0,primary,359.10287530431435,20.225935605493905,85.84230007330642,3,478254538|478254539|762822065,43.0,1723.0,43.0,24.0,1.0,False,20580.277777777777,57.31025617752975,30.064426769663527,69
87,"[865024248, 869997541]",87.0,primary,356.9228028032657,20.304414833574025,85.78128299080169,2,865024248|869997541,42.0,1665.0,42.0,38.0,1.0,False,19425.0,54.423533177024204,30.593383097422777,48
88,369195862,88.0,secondary,355.9034088743231,20.25430609303033,85.80320447316555,1,369195862,28.0,2489.0,27.0,23.0,0.848049,True,19358.888888888887,54.39365964523513,45.75900971241297,67
89,478811049,89.0,trunk,353.6750166874374,20.257629601691725,85.86660963608952,1,478811049,22.0,320.0,22.0,16.0,1.0,False,1955.5555555555554,5.52924425895706,57.874093639762485,70
90,369195862,90.0,secondary,353.5344880213471,20.255610168185555,85.80011966957595,1,369195862,27.0,2618.0,26.0,22.0,0.840238,True,19635.0,55.53913596914596,47.13793173617962,71
91,874459842,91.0,primary,351.5465816823749,20.29002406914112,85.85731521612063,1,874459842,46.0,1565.0,46.0,31.0,1.0,False,19997.222222222223,56.88356327210677,27.512341175142385,72
92,264753949,92.0,secondary,346.55664795501025,20.27638196586252,85.84346662969497,1,264753949,28.0,1341.0,28.0,17.0,1.0,True,10430.0,30.09608980680704,44.55728330850132,73
93,1209033471,93.0,trunk,345.94935756437445,20.292884280123623,85.82075098802537,1,1209033471,54.0,1309.0,54.0,43.0,1.0,False,19635.0,56.75686215531216,23.06329050429163,74
94,456959535,94.0,secondary,343.0272619789918,20.271056447663643,85.84194482394722,1,456959535,29.0,1295.0,29.0,19.0,1.0,True,10431.944444444443,30.411415070220663,42.582694590495535,75
95,870242503,95.0,trunk,330.8034176442437,20.29904119114209,85.8711102792113,1,870242503,54.0,1428.0,54.0,42.0,1.0,False,21420.0,64.75144710577246,22.053561176282916,76
96,865024248,96.0,primary,328.6793148977963,20.28125632755824,85.78216570446703,1,865024248,42.0,1665.0,42.0,38.0,1.0,False,19425.0,59.10015969833774,28.1725127055254,48
97,865024250,97.0,primary,328.40020854141017,20.2812642258545,85.78222687725955,1,865024250,41.0,1736.0,41.0,35.0,1.0,False,19771.11111111111,60.20431959810415,28.835140262172597,77
98,364407163,98.0,secondary,328.123102425736,20.22755576105896,85.81421104859038,1,364407163,27.0,2618.0,26.0,22.0,0.840238,True,19635.0,59.84034606171622,43.74974699009814,78
99,364407163,99.0,secondary,328.123102425736,20.22755576105896,85.81421104859037,1,364407163,27.0,2618.0,26.0,22.0,0.840238,True,19635.0,59.84034606171622,43.74974699009814,78
100,"[874594465, 874594466, 459228551]",100.0,trunk,316.55579626022336,20.21161811932942,85.85260267378469,3,459228551|874594465|874594466,46.0,1565.0,46.0,31.0,1.0,False,19997.222222222223,63.17124013671066,24.773931881234873,79
101,26755988,101.0,secondary,314.761614948291,20.2700948,85.8372134,1,26755988,29.0,1295.0,29.0,19.0,1.0,True,10431.944444444443,33.142365361666485,39.07385564875337,80
102,26755988,102.0,secondary,314.761614948291,20.2700948,85.8372134,1,26755988,29.0,1295.0,29.0,19.0,1.0,True,10431.944444444443,33.142365361666485,39.07385564875337,81
103,466600308,103.0,primary,314.5600659883634,20.26403789232761,85.8334587118777,1,466600308,32.0,271.0,32.0,16.0,1.0,True,2408.8888888888887,7.65796154486438,35.38800742369088,82
104,368721302,104.0,primary,313.19068597158,20.342943881349704,85.80877557283264,1,368721302,27.0,299.0,27.0,17.0,1.0,False,2242.5,7.160174617081339,41.758758129544006,83
105,1209072881,105.0,secondary,310.4664369263973,20.2570168,85.83302954999999,1,1209072881,29.0,1295.0,29.0,19.0,1.0,True,10431.944444444443,33.60087662846969,38.5406611356907,84
106,1208791971,106.0,primary,308.0256074271481,20.3511659748214,85.8258302294513,1,1208791971,36.0,2051.0,36.0,26.0,1.0,False,20510.0,66.58537311658698,30.80256074271481,85
107,"[1203852633, 876451412, 1208795197]",107.0,primary,306.03649684091926,20.33662372535496,85.82211813931049,3,876451412|1203852633|1208795197,37.0,1860.0,37.0,28.0,1.0,False,19116.666666666668,62.46531660112322,29.77652401695431,86
108,874644319,108.0,primary,303.70489612299906,20.21535799278761,85.85298744654222,1,874644319,46.0,1565.0,46.0,31.0,1.0,False,19997.222222222223,65.84425367355105,23.768209261799928,87
109,26754491,109.0,secondary,301.8473140062701,20.31238799720124,85.8319500002213,1,26754491,32.0,1015.0,32.0,21.0,1.0,False,9022.222222222223,29.890019899381347,33.957822825705385,88
110,605579942,110.0,trunk,300.579748215858,20.28913278035128,85.87290732653216,1,605579942,21.0,998.0,21.0,16.0,1.0,False,5821.666666666667,19.368126765765677,51.52795683700423,89
111,"[466600299, 466600300]",111.0,primary,298.3569192516161,20.25933801608977,85.84001131938432,2,466600299|466600300,32.0,271.0,32.0,16.0,1.0,True,2408.8888888888887,8.07384958569497,33.56515341580681,90
112,865024250,112.0,primary,297.7126292320591,20.30148577272672,85.78098929010588,1,865024250,41.0,1736.0,41.0,35.0,1.0,False,19771.11111111111,66.41005174053282,26.14062110330275,77
113,874159869,113.0,primary,292.93183180917873,20.354236731570293,85.81033211869345,1,874159869,26.0,461.0,26.0,17.0,1.0,False,3329.4444444444443,11.365935971797379,40.559792096655514,91
114,312566658,114.0,primary,292.15503222281444,20.354297771216377,85.81033326522058,1,312566658,27.0,444.0,27.0,18.0,1.0,False,3330.0,11.398057992238682,38.95400429637526,92
115,"[877821609, 877821610, 870242499]",115.0,trunk,290.3974828028281,20.307412930000723,85.87258584535341,3,870242499|877821609|877821610,54.0,1428.0,54.0,41.0,1.0,False,21420.0,73.76096994113269,19.359832186855208,93
116,"[1337725748, 1209433725]",116.0,primary,290.2566451529857,20.24273992864757,85.84100063598375,2,1209433725|1337725748,46.0,1565.0,46.0,31.0,1.0,False,19997.222222222223,68.89496780231259,22.715737446755405,94
117,1208988379,117.0,primary,289.80722814266846,20.27993735867614,85.82667305387405,1,1208988379,35.0,598.0,35.0,19.0,1.0,False,5813.888888888889,20.061228031299425,29.808743466103046,95
118,"[478254539, 874644318, 874644319]",118.0,primary,289.4278532105612,20.217251875119626,85.8510511453787,3,478254539|874644318|874644319,43.0,1723.0,43.0,25.0,1.0,False,20580.277777777777,71.10676304814884,24.231169106000472,96
119,"[1105211172, 1337725743, 1337725745, 1337725746, 1337725749]",119.0,primary,288.84058233287084,20.24018721537041,85.84113908435629,5,1105211172|1337725743|1337725745|1337725746|1337725749,43.0,1723.0,43.0,25.0,1.0,False,20580.277777777777,71.25133736941537,24.182002241821746,97
120,478371821,120.0,primary,286.1263783647371,20.26580418138036,85.84707503390838,1,478371821,46.0,1565.0,46.0,31.0,1.0,False,19997.222222222223,69.8894744920405,22.39249917637073,98
121,26764975,121.0,secondary,284.2925252255048,20.314674894774008,85.82169660120663,1,26764975,34.0,898.0,34.0,21.0,1.0,False,8481.111111111111,29.832339434122567,30.101561494465212,99
122,1203439472,122.0,secondary,283.9360861494393,20.314581402787766,85.82169727933166,1,1203439472,32.0,1015.0,32.0,22.0,1.0,False,9022.222222222223,31.775539152405265,31.94280969181192,100
123,"[1337725742, 1337725744, 1337725747, 1337725748, 1141888414]",123.0,primary,282.7018044874525,20.2401646996968,85.84105243227091,5,1141888414|1337725742|1337725744|1337725747|1337725748,46.0,1565.0,46.0,31.0,1.0,False,19997.222222222223,70.7360968511603,22.124489046844108,101
124,300173739,124.0,primary,281.6606494291864,20.303230306955616,85.8224982677093,1,300173739,35.0,598.0,35.0,19.0,1.0,False,5813.888888888889,20.641466604125636,28.970809655573458,102
125,1208491992,125.0,primary,281.24560459882736,20.31601372186437,85.82027167245064,1,1208491992,36.0,2051.0,36.0,26.0,1.0,False,20510.0,72.92558413225959,28.124560459882737,103
126,742084228,126.0,trunk,281.1371286412992,20.321129837157613,85.8822003181483,1,742084228,29.0,622.0,29.0,19.0,1.0,False,5010.555555555556,17.822461158975862,34.899781486506114,104
127,470103540,127.0,primary,281.075554071599,20.3429202030264,85.81230894566222,1,470103540,31.0,258.0,31.0,21.0,1.0,False,2221.6666666666665,7.904161832945231,32.64103208573408,105
128,40016878,128.0,primary,279.66370485795244,20.291911737909725,85.85736184828454,1,40016878,27.0,62.0,27.0,3.0,1.0,False,465.0,1.6627112918931832,37.28849398106033,106
129,26764975,129.0,secondary,279.357956847722,20.31453368274516,85.82439500422804,1,26764975,34.0,898.0,34.0,21.0,1.0,False,8481.111111111111,30.35929674891689,29.579077783876446,107
130,875007028,130.0,secondary,276.70778724563,20.251357492162256,85.83632173438546,1,875007028,23.0,400.0,23.0,15.0,1.0,False,2555.5555555555557,9.235575120576643,43.31078409062035,108
131,865024250,131.0,primary,271.7887932114351,20.29555682981224,85.78049270849709,1,865024250,41.0,1736.0,41.0,35.0,1.0,False,19771.11111111111,72.74439419483492,23.86438184295528,77
132,1194663760,132.0,primary,271.38499590456155,20.26506338638364,85.78996673067407,1,1194663760,29.0,570.0,29.0,17.0,1.0,False,4591.666666666667,16.919382928160946,33.68917190539385,109
133,876451409,133.0,primary,271.2410224009768,20.36054466401151,85.82820242243884,1,876451409,36.0,2051.0,36.0,26.0,1.0,False,20510.0,75.61540587942474,27.12410224009768,110
134,1208491992,134.0,primary,271.21266624269725,20.319928412391054,85.82034717851079,1,1208491992,36.0,2051.0,36.0,26.0,1.0,False,20510.0,75.62331171379154,27.121266624269726,111
135,478254539,135.0,primary,270.7879475421756,20.22075813454876,85.84674268906952,1,478254539,43.0,1723.0,43.0,25.0,1.0,False,20580.277777777777,76.00145414364269,22.670618863996093,112
136,300173739,136.0,primary,268.9255065505725,20.29818161327276,85.82402968743351,1,300173739,35.0,598.0,35.0,19.0,1.0,False,5813.888888888889,21.618956726946106,27.660909245201744,113
137,478371821,137.0,primary,266.18514162678645,20.26953211265971,85.84900201188432,1,478371821,46.0,1565.0,46.0,31.0,1.0,False,19997.222222222223,75.1252383961385,20.831880649052852,114
138,26764975,138.0,secondary,265.038636976774,20.31385584142121,85.82848468449713,1,26764975,34.0,898.0,34.0,21.0,1.0,False,8481.111111111111,31.99952734383528,28.06291450342313,115
139,875119268,139.0,secondary,264.8487140598092,20.353644376443768,85.82057859831785,1,875119268,27.0,444.0,27.0,18.0,1.0,False,3330.0,12.573215663218233,35.313161874641224,116
140,875119268,140.0,secondary,264.84871405980914,20.353644376443768,85.82057859831785,1,875119268,27.0,444.0,27.0,18.0,1.0,False,3330.0,12.573215663218235,35.31316187464122,117
141,40016878,141.0,primary,263.37889006194814,20.28694401822593,85.85755774078063,1,40016878,26.0,272.0,26.0,20.0,1.0,False,1964.4444444444443,7.458625267888388,36.46784631626974,118
142,1210277736,142.0,trunk,261.5883755462839,20.291534310045844,85.87218054284874,1,1210277736,21.0,998.0,21.0,16.0,1.0,False,5821.666666666667,22.25506639776742,44.84372152222009,119
143,658700019,143.0,primary,261.33015913154424,20.253334978117724,85.84116895356814,1,658700019,43.0,1723.0,43.0,26.0,1.0,False,20580.277777777777,78.75201946139865,21.878804020315332,120
144,"[1208791977, 876451410, 1208986532]",144.0,primary,261.1217520553267,20.336246385280404,85.8219506441272,3,876451410|1208791977|1208986532,36.0,2051.0,36.0,26.0,1.0,False,20510.0,78.54573523102864,26.11217520553267,121
145,874143073,145.0,secondary,260.0213282753854,20.355735414314665,85.80822173344608,1,874143073,27.0,444.0,27.0,18.0,1.0,False,3330.0,12.806641755453377,34.66951043671805,122
146,874159868,146.0,secondary,258.68512961739776,20.35572484427713,85.8082749108919,1,874159868,27.0,444.0,27.0,18.0,1.0,False,3330.0,12.872792513915119,34.49135061565303,123
147,466615091,147.0,primary,258.3747870725,20.27885934633868,85.8541147982031,1,466615091,46.0,1565.0,46.0,31.0,1.0,False,19997.222222222223,77.39618268794547,20.22063551002174,124
148,170090974,148.0,primary,257.7094633441375,20.259065354445767,85.84026078654638,1,170090974,32.0,271.0,32.0,17.0,1.0,True,2408.8888888888887,9.347304742442192,28.992314626215464,125
149,368712589,149.0,secondary,256.3774713304631,20.31492799092469,85.88012166713553,1,368712589,34.0,2181.0,34.0,27.0,1.0,False,20598.333333333332,80.34377290032118,27.145849905578444,126
150,368712589,150.0,secondary,256.37747133046304,20.3149279909247,85.88012166713554,1,368712589,34.0,2181.0,34.0,27.0,1.0,False,20598.333333333332,80.3437729003212,27.145849905578437,126
151,875007028,151.0,secondary,255.9953045703409,20.248053051992645,85.83616899365825,1,875007028,23.0,400.0,23.0,15.0,1.0,False,2555.5555555555557,9.982821989039081,40.0688302805751,127
152,"[874644320, 874644321, 219116706]",152.0,primary,251.7025669308751,20.217276238976524,85.85085185773072,3,219116706|874644320|874644321,46.0,1565.0,46.0,31.0,1.0,False,19997.222222222223,79.447827910766,19.698461759807618,128
153,"[44949024, 874594467]",153.0,trunk,251.21206102536337,20.21166490327437,85.85276051072819,2,44949024|874594467,43.0,1723.0,43.0,26.0,1.0,False,20580.277777777777,81.92392393014885,21.031707434681586,129
154,"[230574618, 464845715]",154.0,primary,250.58832229383628,20.26684874247203,85.78460149338946,2,230574618|464845715,28.0,2489.0,27.0,23.0,0.849038,True,19358.888888888887,77.2537551298537,32.218498580636094,130
155,90617087,155.0,secondary,249.8253073011373,20.2431481521366,85.81002503641797,1,90617087,27.0,2618.0,26.0,22.0,0.842934,True,19635.0,78.59491983465125,33.31004097348497,131
156,1208795193,156.0,primary,249.18569077073536,20.26731773116928,85.82858608894482,1,1208795193,32.0,271.0,32.0,17.0,1.0,True,2408.8888888888887,9.667043406217093,28.033390211707726,132
157,478249498,157.0,secondary,248.82995491585007,20.267173405278243,85.84023075590676,1,478249498,29.0,1295.0,29.0,19.0,1.0,True,10431.944444444443,41.923989609580346,30.889235782657252,133
158,880075594,158.0,primary,243.22906750563075,20.26553853622512,85.84705707298589,1,880075594,43.0,1723.0,43.0,26.0,1.0,False,20580.277777777777,84.61273970596193,20.363363791169085,134
159,218526249,159.0,trunk,241.87628586022743,20.29165278549852,85.81899398254563,1,218526249,54.0,1376.0,54.0,44.0,1.0,False,20640.0,85.33287968514283,16.12508572401516,135
160,1014003072,160.0,secondary,240.8445496880053,20.29416337300201,85.84231432105823,1,1014003072,28.0,1341.0,28.0,17.0,1.0,True,10430.0,43.30594158560459,30.96572781702925,136
161,252236396,161.0,secondary,239.4275623291592,20.25827870984092,85.7921276029302,1,252236396,27.0,2618.0,26.0,22.0,0.842934,True,19635.0,82.00810219587952,31.92367497722123,137
162,174418041,162.0,secondary,237.93418161428303,20.25145137397685,85.83640689481491,1,174418041,23.0,400.0,23.0,15.0,1.0,False,2555.5555555555557,10.740598674041658,37.2418719048443,138
163,"[1352928435, 368852567]",163.0,primary,234.8422416669632,20.353341132292304,85.8069802829466,2,368852567|1352928435,26.0,461.0,26.0,17.0,1.0,False,3329.4444444444443,14.177366136565963,32.516618076964136,139
164,300173739,164.0,primary,234.40772390992504,20.30550208932056,85.82171058372232,1,300173739,36.0,2051.0,36.0,26.0,1.0,False,20510.0,87.49711680951819,23.440772390992503,140
165,762822065,165.0,primary,234.24087059904133,20.22823359712781,85.84117295668801,1,762822065,43.0,1723.0,43.0,26.0,1.0,False,20580.277777777777,87.85946587863307,19.610863585036018,141
166,1208791977,166.0,primary,233.20526151029617,20.34006215,85.82246735,1,1208791977,36.0,2051.0,36.0,26.0,1.0,False,20510.0,87.94827298137298,23.32052615102962,142
167,762822065,167.0,primary,230.2585599712922,20.233886546483006,85.84124485972757,1,762822065,43.0,1723.0,43.0,26.0,1.0,False,20580.277777777777,89.37899108004346,19.277460834805858,143
168,478254522,168.0,secondary,229.40354685525816,20.278438370663256,85.83914017933539,1,478254522,29.0,1295.0,29.0,19.0,1.0,True,10431.944444444443,45.47420729735475,28.47768167858377,144
169,1208785499,169.0,primary,229.18427401204093,20.34298497734539,85.81475501772354,1,1208785499,31.0,258.0,31.0,20.0,1.0,False,2221.6666666666665,9.693800659943815,26.6149479497854,145
170,300173739,170.0,primary,226.6330065111433,20.31362730262078,85.82030856744434,1,300173739,37.0,1860.0,37.0,28.0,1.0,False,19116.666666666668,84.3507614400673,22.050779011895024,146
171,478257594,171.0,primary,226.5674830169553,20.228287089696607,85.84105930837453,1,478257594,46.0,1565.0,46.0,31.0,1.0,False,19997.222222222223,88.26166030509206,17.731368236109546,147
172,877821612,172.0,trunk,226.42862037738408,20.306234959147435,85.87254626139713,1,877821612,54.0,1428.0,54.0,41.0,1.0,False,21420.0,94.59934863490186,15.095241358492272,148
173,658700019,173.0,primary,225.99675824669325,20.255398708026807,85.84054820734177,1,658700019,43.0,1723.0,43.0,26.0,1.0,False,20580.277777777777,91.0644822405496,18.920658829955713,149
174,746487577,174.0,secondary,225.7917915252612,20.288523703195352,85.84308105569859,1,746487577,28.0,1341.0,28.0,17.0,1.0,True,10430.0,46.192998999403876,29.030373196105014,150
175,746487579,175.0,secondary,224.42801347059057,20.288498355726087,85.84291092659457,1,746487579,29.0,1295.0,29.0,19.0,1.0,True,10431.944444444443,46.48236324478033,27.86002925841814,151
176,746487577,176.0,secondary,224.0007977529587,20.286514997719447,85.84333288251865,1,746487577,28.0,1341.0,28.0,17.0,1.0,True,10430.0,46.56233417303638,28.80010256823755,152
177,300173739,177.0,primary,223.65607911388247,20.31160303568691,85.82026059606567,1,300173739,37.0,1860.0,37.0,28.0,1.0,False,19116.666666666668,85.47349458331841,21.76113202189127,153
178,26754491,178.0,secondary,222.96057089947155,20.3113165862175,85.83384072374709,1,26754491,34.0,898.0,34.0,21.0,1.0,False,8481.111111111111,38.038614078249175,23.607589859944046,154
179,26754699,179.0,secondary,222.69678439840925,20.27837951114124,85.84021865518486,1,26754699,29.0,1295.0,29.0,19.0,1.0,True,10431.944444444443,46.84371385345859,27.645118063250806,155
180,1208795197,180.0,primary,222.5821363227924,20.341324901582947,85.82273108128567,1,1208795197,37.0,1860.0,37.0,28.0,1.0,False,19116.666666666668,85.88589804414202,21.65664029086629,156
181,456959535,181.0,secondary,217.41518014009304,20.27610415,85.8432787,1,456959535,29.0,1295.0,29.0,19.0,1.0,True,10431.944444444443,47.981674682156715,26.989470638080515,157
182,464650415,182.0,primary,216.94723502398884,20.28654533803544,85.82663906450853,1,464650415,35.0,598.0,35.0,18.0,1.0,False,5813.888888888889,26.798630958564743,22.31457274532457,158
183,90617087,183.0,secondary,216.4656838334737,20.24748720242067,85.81030811845834,1,90617087,27.0,2618.0,26.0,22.0,0.84302,True,19635.0,90.70721812472196,28.862091177796493,159
184,464650412,184.0,primary,216.19804967540165,20.2827047020015,85.82678575672277,1,464650412,36.0,2051.0,36.0,26.0,1.0,False,20510.0,94.86672072571228,21.619804967540166,160
185,869997541,185.0,primary,216.0646225823624,20.30697764504133,85.78128587253588,1,869997541,42.0,1665.0,42.0,39.0,1.0,False,19425.0,89.90365830294739,18.51982479277392,161
186,865024250,186.0,primary,215.00879985598672,20.289172568594875,85.78107546763655,1,865024250,41.0,1736.0,41.0,36.0,1.0,False,19771.11111111111,91.9548926572021,18.878821450769564,162
187,26754165,187.0,primary,214.89208561368105,20.268316556336693,85.82662270447533,1,26754165,34.0,254.0,34.0,17.0,1.0,True,2398.8888888888887,11.16322586771043,22.753279653213287,163
188,876134933,188.0,secondary,214.2552691317572,20.314454681184937,85.82408202117419,1,876134933,32.0,1015.0,32.0,21.0,1.0,False,9022.222222222223,42.10968653785578,24.103717777322682,164
189,1069546778,189.0,secondary,213.1086115818499,20.28746730473779,85.83452880053551,1,1069546778,32.0,1015.0,32.0,21.0,1.0,False,9022.222222222223,42.33626297526228,23.974718802958115,165
190,1141889035,190.0,primary,212.5509726333529,20.249125501244723,85.84126490953331,1,1141889035,43.0,1723.0,43.0,26.0,1.0,False,20580.277777777777,96.82514044891451,17.794965150699312,166
191,879562788,191.0,secondary,212.10510682944545,20.279919325577072,85.84381062626692,1,879562788,29.0,1295.0,29.0,19.0,1.0,True,10431.944444444443,49.182900875804044,26.330289123655298,167
192,1210205481,192.0,secondary,210.52086674897487,20.24427296251187,85.84966528548209,1,1210205481,28.0,1344.0,28.0,20.0,1.0,False,10453.333333333334,49.654618540963405,27.066968582011054,168
193,1208795201,193.0,primary,209.4073351757516,20.35088661846376,85.82583534595403,1,1208795201,37.0,1860.0,37.0,28.0,1.0,False,19116.666666666668,91.28938415945369,20.37476774682989,169
194,742084229,194.0,trunk,207.88762026176863,20.321035712067104,85.88237845541404,1,742084229,54.0,1428.0,54.0,41.0,1.0,False,21420.0,103.03643849993709,13.859174684117908,170
195,478254539,195.0,primary,207.86501308530177,20.22405318751145,85.84411694604917,1,478254539,43.0,1723.0,43.0,26.0,1.0,False,20580.277777777777,99.00789686685863,17.402652258304332,171
196,1208986526,196.0,primary,207.0391754770542,20.331512481682648,85.82145657998718,1,1208986526,37.0,1860.0,37.0,28.0,1.0,False,19116.666666666668,92.33357224601842,20.144352208578248,172
197,"[1208785491, 1208986526]",197.0,primary,206.93196124001668,20.328815680105805,85.82110826932356,2,1208785491|1208986526,37.0,1860.0,37.0,28.0,1.0,False,19116.666666666668,92.38141151377572,20.133920553082707,172
198,"[605579942, 870242501, 870242502]",198.0,trunk,203.7659908303777,20.294036012882,85.87165090792669,3,605579942|870242501|870242502,21.0,998.0,21.0,16.0,1.0,False,5821.666666666667,28.57035486119387,34.931312713779036,173
199,876451409,199.0,primary,202.3907474497905,20.35642426844661,85.8275274199963,1,876451409,36.0,2051.0,36.0,26.0,1.0,False,20510.0,101.33862470708135,20.23907474497905,174
200,90617087,200.0,secondary,202.38056952074967,20.245273822793298,85.81015064411208,1,90617087,27.0,2618.0,26.0,22.0,0.84302,True,19635.0,97.02018354082585,26.984075936099956,175
201,300173739,201.0,primary,201.75865915403148,20.3011382,85.82312775,1,300173739,35.0,598.0,35.0,18.0,1.0,False,5813.888888888889,28.816056338133716,20.752319227271812,176
202,762822065,202.0,primary,201.6613876353403,20.23194446397713,85.8412356402369,1,762822065,43.0,1723.0,43.0,26.0,1.0,False,20580.277777777777,102.05363564686277,16.883278964819187,177
203,741818619,203.0,secondary,201.04385285302587,20.24527316171276,85.81023331771668,1,741818619,28.0,2489.0,27.0,23.0,0.850143,True,19358.888888888887,96.29187171935718,25.848495366817613,178
204,466615091,204.0,primary,200.97537138967195,20.281070303248125,85.85544344451537,1,466615091,46.0,1565.0,46.0,32.0,1.0,False,19997.222222222223,99.5008596523478,15.728507326148241,179
205,1208988383,205.0,primary,198.62095288052777,20.276506364152244,85.82579342424705,1,1208988383,36.0,2051.0,36.0,26.0,1.0,False,20510.0,103.26201592808259,19.862095288052778,180
206,875119268,206.0,secondary,195.7621185690046,20.353754603605573,85.81837277899186,1,875119268,27.0,444.0,27.0,18.0,1.0,False,3330.0,17.010441163703494,26.101615809200613,181
207,875119268,207.0,secondary,195.7621185690046,20.353754603605577,85.81837277899187,1,875119268,27.0,444.0,27.0,18.0,1.0,False,3330.0,17.010441163703494,26.101615809200613,181
208,478257594,208.0,primary,195.11745418292568,20.23583341220688,85.84111348237114,1,478257594,46.0,1565.0,46.0,32.0,1.0,False,19997.222222222223,102.48812596475614,15.270061631707229,182
209,877825096,209.0,trunk,194.6682361488065,20.307765250000003,85.87062725,1,877825096,53.0,1358.0,53.0,42.0,1.0,False,19992.777777777777,102.70179754695616,13.22274811576799,183
210,1069546778,210.0,secondary,194.1969920604718,20.28565535288863,85.83481340662688,1,1069546778,32.0,1015.0,32.0,21.0,1.0,False,9022.222222222223,46.45912445138571,21.847161606803077,184
211,466839445,211.0,secondary,193.69651812587333,20.28565814695056,85.83487159790768,1,466839445,34.0,898.0,34.0,21.0,1.0,False,8481.111111111111,43.785563071400574,20.509043095680706,185
212,218526249,212.0,trunk,193.157669389202,20.292694701682294,85.82075833132521,1,218526249,54.0,1376.0,54.0,44.0,1.0,False,20640.0,106.85571049426748,12.877177959280134,186
213,742084229,213.0,trunk,192.1184492479658,20.33137613941173,85.88411035360558,1,742084229,54.0,1428.0,54.0,41.0,1.0,False,21420.0,111.49371694309988,12.807896616531053,187
214,875119268,214.0,secondary,191.5903217247036,20.35386774300183,85.81651924117972,1,875119268,26.0,461.0,26.0,17.0,1.0,False,3329.4444444444443,17.377936497379693,26.527890700343576,188
215,875119268,215.0,secondary,191.5903217247036,20.35386774300183,85.81651924117972,1,875119268,26.0,461.0,26.0,17.0,1.0,False,3329.4444444444443,17.377936497379693,26.527890700343576,189
216,874459840,216.0,primary,190.9332157229613,20.282179962314785,85.85618605108826,1,874459840,43.0,1723.0,43.0,26.0,1.0,False,20580.277777777777,107.78783408560602,15.985106432620016,190
217,1141889036,217.0,primary,190.60445950539227,20.2573404304178,85.84066762511686,1,1141889036,43.0,1723.0,43.0,26.0,1.0,False,20580.277777777777,107.97374747255351,15.9575826562654,190
218,464650415,218.0,primary,190.407087202514,20.28217641157419,85.82688535206351,1,464650415,35.0,598.0,35.0,18.0,1.0,False,5813.888888888889,30.533994161180186,19.58472896940144,191
219,879562787,219.0,secondary,189.02364063471927,20.279812912947342,85.84393895681636,1,879562787,28.0,1341.0,28.0,17.0,1.0,True,10430.0,55.17828333523405,24.30303951017819,192
220,"[874644320, 872816373, 478254536]",220.0,primary,187.94159050330447,20.225730695978967,85.84235045191504,3,478254536|872816373|874644320,46.0,1565.0,46.0,32.0,1.0,False,19997.222222222223,106.40126099108767,14.708472300258611,193
221,252236395,221.0,secondary,187.7266712930368,20.25825834278065,85.79238254601361,1,252236395,28.0,2489.0,27.0,23.0,0.84938,True,19358.888888888887,103.12274092726084,24.13628630910473,194
222,230574625,222.0,secondary,187.14898865889165,20.255158163625232,85.80097402079265,1,230574625,27.0,2618.0,26.0,22.0,0.845042,True,19635.0,104.91640986523237,24.95319848785222,195
223,470103540,223.0,primary,186.8862870494912,20.34285130959438,85.80939663335685,1,470103540,31.0,258.0,31.0,19.0,1.0,False,2221.6666666666665,11.887799269500844,21.70292365736027,196
224,26754699,224.0,secondary,186.10219270450244,20.27859286531184,85.83827241250681,1,26754699,34.0,898.0,34.0,20.0,1.0,False,8481.111111111111,45.57233307066738,19.704938051064964,197
225,466615091,225.0,primary,185.0299778788576,20.27595135492658,85.85238857736631,1,466615091,46.0,1565.0,46.0,32.0,1.0,False,19997.222222222223,108.07558024632505,14.480606964432335,198
226,1209072902,226.0,secondary,183.93236613042592,20.25876678731598,85.83453863966754,1,1209072902,28.0,1341.0,28.0,17.0,1.0,True,10430.0,56.7056262006879,23.648447073911903,199
227,1208791978,227.0,primary,181.0781227785953,20.274828045736,85.82511919796005,1,1208791978,36.0,2051.0,36.0,25.0,1.0,False,20510.0,113.26602951963244,18.10781227785953,200
228,865024248,228.0,primary,180.8273791077356,20.300971808214207,85.78084486134793,1,865024248,42.0,1665.0,42.0,39.0,1.0,False,19425.0,107.4228919085684,15.499489637805908,161
229,874644320,229.0,primary,180.7492962673884,20.218529599120696,85.84926760910864,1,874644320,46.0,1565.0,46.0,32.0,1.0,False,19997.222222222223,110.63513183829869,14.145597099186919,201
230,300173739,230.0,primary,180.62078068781472,20.30978647554896,85.82019422556804,1,300173739,37.0,1860.0,37.0,29.0,1.0,False,19116.666666666668,105.83868918000056,17.573913796652246,202
231,1208791977,231.0,primary,180.57172746646995,20.33821722451392,85.82221142345304,1,1208791977,36.0,2051.0,36.0,25.0,1.0,False,20510.0,113.58367274748737,18.057172746646994,203
232,"[746487560, 658700019]",232.0,primary,179.81871632556832,20.257085559593385,85.84061340497503,2,658700019|746487560,43.0,1723.0,43.0,26.0,1.0,False,20580.277777777777,114.45014289011182,15.054590204001068,204
233,875004053,233.0,secondary,177.71005433719856,20.24316663653508,85.85602438093963,1,875004053,29.0,1299.0,29.0,22.0,1.0,False,10464.166666666666,58.88336878684016,22.06055846944534,205
234,40016878,234.0,primary,177.4812021104335,20.294270234425085,85.85748224364707,1,40016878,43.0,1723.0,43.0,26.0,1.0,False,20580.277777777777,115.9575072348912,14.858891339478152,206
235,870242502,235.0,trunk,177.19679037258618,20.295720797396708,85.87132793770455,1,870242502,21.0,998.0,21.0,15.0,1.0,False,5821.666666666667,32.854244450058204,30.37659263530049,207
236,874644320,236.0,primary,174.76037906868515,20.22408951555483,85.84397994985139,1,874644320,46.0,1565.0,46.0,32.0,1.0,False,19997.222222222223,114.42652121029572,13.676899231462317,208
237,874459842,237.0,primary,174.36137297484692,20.28766071553525,85.85739344698113,1,874459842,46.0,1565.0,46.0,32.0,1.0,False,19997.222222222223,114.68837323910606,13.645672667596717,208
238,1208791971,238.0,primary,174.33077320862347,20.34748213271724,85.82456724595644,1,1208791971,36.0,2051.0,36.0,25.0,1.0,False,20510.0,117.64991127215083,17.433077320862346,209
239,300173739,239.0,primary,173.52427150475398,20.30717508300852,85.82068438944815,1,300173739,35.0,598.0,35.0,18.0,1.0,False,5813.888888888889,33.50475895085148,17.848210783346126,210
240,368721302,240.0,primary,171.424659809368,20.343002,85.8117036,1,368721302,27.0,299.0,27.0,16.0,1.0,False,2242.5,13.081548491878367,22.856621307915734,211
241,1208491977,241.0,primary,171.28074451744112,20.34307205,85.81502864999999,1,1208491977,27.0,299.0,27.0,16.0,1.0,False,2242.5,13.092540006863711,22.83743260232548,212
242,478257594,242.0,primary,171.1209286495828,20.23088065980152,85.841090441522,1,478257594,46.0,1565.0,46.0,32.0,1.0,False,19997.222222222223,116.86017823788252,13.392072676923872,213
243,464650415,243.0,primary,168.96413026723744,20.284231997513164,85.82693762443205,1,464650415,35.0,598.0,35.0,18.0,1.0,False,5813.888888888889,34.409012609324314,17.379167684630136,214
244,874056882,244.0,primary,168.63690927120786,20.36260245236853,85.8286407323994,1,874056882,37.0,1860.0,37.0,29.0,1.0,False,19116.666666666668,113.35992072721498,16.407915496658063,215
245,865024248,245.0,primary,168.41358578498432,20.2960276152352,85.78043232694897,1,865024248,42.0,1665.0,42.0,39.0,1.0,False,19425.0,115.3410510764858,14.435450210141514,161
246,1203900682,246.0,trunk,167.4211338703478,20.263515514376227,85.79088893601737,1,1203900682,54.0,1309.0,54.0,42.0,1.0,False,19635.0,117.2791005895677,11.161408924689853,216
247,464260872,247.0,trunk,167.05420760560193,20.216301516391315,85.85564035032097,1,464260872,46.0,1565.0,46.0,32.0,1.0,False,19997.222222222223,119.7049898284133,13.07380755174276,217
248,464845715,248.0,primary,166.82460045758106,20.270757033478016,85.7840720713646,1,464845715,41.0,1736.0,41.0,41.0,1.0,False,19771.11111111111,118.51436213173106,14.648013698714434,38
249,870242498,249.0,trunk,166.59687843859135,20.308368186473203,85.87279472082126,1,870242498,54.0,1428.0,54.0,41.0,1.0,False,21420.0,128.5738376418352,11.106458562572756,218
250,26755988,250.0,secondary,166.56924953562327,20.27099405,85.8351148,1,26755988,29.0,1295.0,29.0,19.0,1.0,True,10431.944444444443,62.62827306677286,20.677562011318752,219
251,26755988,251.0,secondary,166.56924953562327,20.27099405,85.8351148,1,26755988,29.0,1295.0,29.0,19.0,1.0,True,10431.944444444443,62.62827306677286,20.677562011318752,219
252,874459840,252.0,primary,166.32513016888691,20.278906959367603,85.85424648310783,1,874459840,43.0,1723.0,43.0,26.0,1.0,False,20580.277777777777,123.73522724365534,13.924894618790532,220
253,470103829,253.0,primary,165.65055454369568,20.342826799003653,85.81913384151044,1,470103829,27.0,299.0,27.0,16.0,1.0,False,2242.5,13.537533913950577,22.08674060582609,221
254,174418041,254.0,secondary,165.64197366954426,20.2480082,85.83623514999998,1,174418041,23.0,400.0,23.0,15.0,1.0,False,2555.5555555555557,15.428188272218303,25.926569791754755,222
255,"[1393752821, 742084229, 44947109]",255.0,trunk,165.30941993060364,20.319650449569803,85.8814174821795,3,44947109|742084229|1393752821,54.0,1428.0,54.0,41.0,1.0,False,21420.0,129.5751930470269,11.020627995373577,223
256,874056882,256.0,primary,165.26230635726083,20.36111911447765,85.82839433728458,1,874056882,37.0,1860.0,37.0,29.0,1.0,False,19116.666666666668,115.67469369174016,16.079575753679432,224
257,279088743,257.0,primary,165.20780555006587,20.26246765999804,85.83518152419778,1,279088743,27.0,71.0,27.0,9.0,1.0,False,532.5,3.2232133235292384,22.02770740667545,225
258,478249498,258.0,secondary,164.82454558256248,20.2633057689894,85.83797017913749,1,478249498,29.0,1295.0,29.0,19.0,1.0,True,10431.944444444443,63.29120706854286,20.460978072318103,226
259,"[1141888415, 1392897335]",259.0,primary,164.43550182597903,20.24389479748955,85.84111848674031,2,1141888415|1392897335,43.0,1723.0,43.0,26.0,1.0,False,20580.277777777777,125.15714398194707,13.766693176128477,227
260,1208988383,260.0,primary,163.59233278163993,20.279751576801075,85.82656191106943,1,1208988383,36.0,2051.0,36.0,26.0,1.0,False,20510.0,125.37262383425008,16.35923327816399,228
261,26754699,261.0,secondary,163.5295448295978,20.278097463719227,85.84279715337607,1,26754699,29.0,1295.0,29.0,19.0,1.0,True,10431.944444444443,63.79241411889706,20.30021935815697,229
262,1208795201,262.0,primary,163.06309145955152,20.34741937126521,85.82462863485311,1,1208795201,37.0,1860.0,37.0,29.0,1.0,False,19116.666666666668,117.23478621407492,15.865598087956364,230
263,26754699,263.0,secondary,162.33426427348215,20.278835642939736,85.83587733324897,1,26754699,34.0,898.0,34.0,20.0,1.0,False,8481.111111111111,52.24473803523764,17.18833386425105,231
264,1138034029,264.0,primary,160.90992781663525,20.292756107015133,85.85723668021687,1,1138034029,27.0,62.0,27.0,3.0,1.0,False,465.0,2.8898154781965366,21.454657042218034,232
265,"[874459841, 874459842, 466615091]",265.0,primary,160.7785741574832,20.2836709283626,85.85672582781902,3,466615091|874459841|874459842,46.0,1565.0,46.0,32.0,1.0,False,19997.222222222223,124.3774074189442,12.582671021020426,233
266,279088740,266.0,primary,160.536079822312,20.262753964580085,85.83540216796011,1,279088740,32.0,271.0,32.0,18.0,1.0,True,2408.8888888888887,15.005280380305456,18.0603089800101,234
267,880075594,267.0,primary,160.32290359860772,20.2677668158981,85.84820815113194,1,880075594,43.0,1723.0,43.0,26.0,1.0,False,20580.277777777777,128.36767121747974,13.42238262686018,235
268,1238285689,268.0,secondary,159.92789645403872,20.25416459648139,85.80321821647773,1,1238285689,27.0,2618.0,26.0,22.0,0.843316,True,19635.0,122.7740777897548,21.323719527205164,236
269,869997541,269.0,primary,159.80658112838552,20.3086584308926,85.78110127754225,1,869997541,42.0,1665.0,42.0,39.0,1.0,False,19425.0,121.5531917574429,13.697706953861616,161
270,478254539,270.0,primary,159.6654664959185,20.22228304058639,85.84548176164361,1,478254539,43.0,1723.0,43.0,26.0,1.0,False,20580.277777777777,128.8962367971027,13.367341381053642,237
271,478257594,271.0,primary,159.30930714438122,20.23358285,85.84111419999999,1,478257594,46.0,1565.0,46.0,32.0,1.0,False,19997.222222222223,125.52450688959962,12.467684906951575,238
272,1208491992,272.0,primary,159.21721425515156,20.31799330730969,85.82032453908892,1,1208491992,36.0,2051.0,36.0,26.0,1.0,False,20510.0,128.81772926344482,15.921721425515155,239
273,879562788,273.0,secondary,158.9703039004298,20.28158312657712,85.84384763291408,1,879562788,29.0,1295.0,29.0,19.0,1.0,True,10431.944444444443,65.62196956595388,19.73424462212232,240
274,466600306,274.0,primary,158.636905435644,20.26531895,85.83164805,1,466600306,32.0,271.0,32.0,18.0,1.0,True,2408.8888888888887,15.184921076679283,17.846651861509947,241
275,90617087,275.0,secondary,158.062135649042,20.24047250852238,85.80977373479381,1,90617087,27.0,2618.0,26.0,22.0,0.843316,True,19635.0,124.22329939661931,21.074951419872267,242
276,776295454,276.0,secondary,157.41623411523904,20.25658195950557,85.79727074936211,1,776295454,28.0,2489.0,27.0,23.0,0.849639,True,19358.888888888887,122.97898623795629,20.239230100530733,243
277,776295454,277.0,secondary,157.41623411523904,20.25658195950557,85.79727074936211,1,776295454,28.0,2489.0,27.0,23.0,0.849639,True,19358.888888888887,122.97898623795629,20.239230100530733,243
278,"[219116704, 762822062, 219116711]",278.0,primary,156.26172229881945,20.237413201603264,85.84109493470253,3,219116704|219116711|762822062,46.0,1565.0,46.0,32.0,1.0,False,19997.222222222223,127.97262136904848,12.229178266864132,244
279,"[478254522, 1013619973]",279.0,secondary,156.09773242417683,20.27812523652484,85.84184376215671,2,478254522|1013619973,29.0,1295.0,29.0,19.0,1.0,True,10431.944444444443,66.8295706954723,19.377649542311605,245
280,26764975,280.0,secondary,155.5378914544154,20.31442065,85.82647675,1,26764975,34.0,898.0,34.0,20.0,1.0,False,8481.111111111111,54.52762045187382,16.468717918702804,246
281,478372781,281.0,primary,155.1250841611919,20.259593681662995,85.84280596458206,1,478372781,43.0,1723.0,43.0,26.0,1.0,False,20580.277777777777,132.66892256053586,12.987216348378857,247
282,279088743,282.0,primary,154.94777140963538,20.2651307,85.8315107,1,279088743,34.0,254.0,34.0,17.0,1.0,True,2398.8888888888887,15.481919275540575,16.406234619843747,248
283,870242503,283.0,trunk,154.4016441798402,20.29557444708901,85.87123586555172,1,870242503,21.0,998.0,21.0,16.0,1.0,False,5821.666666666667,37.70469348037413,26.468853287972607,249
284,1141889035,284.0,primary,154.33798610756168,20.25077503642312,85.84125639868307,1,1141889035,43.0,1723.0,43.0,26.0,1.0,False,20580.277777777777,133.34551199492074,12.921319767144698,250
285,879562787,285.0,secondary,154.07065549173444,20.28350187430308,85.84375212014078,1,879562787,28.0,1341.0,28.0,17.0,1.0,True,10430.0,67.69621357624163,19.809084277508713,251
286,869089258,286.0,secondary,153.9875654217518,20.232978498458834,85.81558669836771,1,869089258,27.0,2618.0,26.0,22.0,0.843316,True,19635.0,127.51029569317693,20.531675389566907,252
287,869089258,287.0,secondary,153.9875654217518,20.23297849845884,85.81558669836772,1,869089258,27.0,2618.0,26.0,22.0,0.843316,True,19635.0,127.51029569317693,20.531675389566907,253
288,"[874459840, 40016878, 874459839]",288.0,primary,153.32855012754362,20.28359527324276,85.85685434447456,3,40016878|874459839|874459840,26.0,272.0,26.0,17.0,1.0,False,1964.4444444444443,12.8119938707459,21.23010694073681,254
289,874056882,289.0,primary,152.9864390586863,20.353900356925745,85.82689825603268,1,874056882,37.0,1860.0,37.0,29.0,1.0,False,19116.666666666668,124.95660912359315,14.885167043547858,255
290,842470001,290.0,trunk,152.79232362134854,20.309962348893407,85.87315451748603,1,842470001,45.0,76.0,45.0,26.0,1.0,False,950.0,6.217589846688237,12.223385889707883,256
291,605579942,291.0,trunk,152.50028671883302,20.28714647831337,85.87338719399122,1,605579942,21.0,998.0,21.0,16.0,1.0,False,5821.666666666667,38.174791614655504,26.14290629465709,249
292,605579942,292.0,trunk,152.05069910225927,20.291840549349768,85.87222039743621,1,605579942,23.0,904.0,23.0,17.0,1.0,False,5775.555555555556,37.984406449004865,23.79923985948406,257
293,870242503,293.0,trunk,150.69485874488413,20.294223948814302,85.87148759882331,1,870242503,21.0,998.0,21.0,16.0,1.0,False,5821.666666666667,38.63215185411429,25.833404356265852,249
294,478371821,294.0,primary,150.40834068451002,20.27266055,85.85069795,1,478371821,46.0,1565.0,46.0,32.0,1.0,False,19997.222222222223,132.9528810118817,11.77108753183122,258
295,1210205483,295.0,secondary,150.0213357394489,20.24452063969023,85.84713933775356,1,1210205483,28.0,1344.0,28.0,20.0,1.0,False,10453.333333333334,69.67897787210927,19.288457452214857,259
296,1208988379,296.0,primary,149.59088509342106,20.27799025,85.8263341,1,1208988379,35.0,598.0,35.0,18.0,1.0,False,5813.888888888889,38.86526164517346,15.386491038180454,260
297,"[746487576, 746487577, 879562787]",297.0,secondary,148.87162109870007,20.28485148299355,85.84355618785868,3,746487576|746487577|879562787,28.0,1341.0,28.0,17.0,1.0,True,10430.0,70.06036424554709,19.140636998404297,261
298,1208986532,298.0,primary,148.86151304509158,20.33441533028521,85.8217235546727,1,1208986532,36.0,2051.0,36.0,26.0,1.0,False,20510.0,137.77906445024055,14.88615130450916,262
299,367555141,299.0,secondary,148.5639441701936,20.24320506603491,85.8559048692881,1,367555141,28.0,1344.0,28.0,20.0,1.0,False,10453.333333333334,70.36251892557513,19.101078536167748,263
300,466615091,300.0,primary,148.55381567814263,20.277257877642462,85.85317100817134,1,466615091,46.0,1565.0,46.0,32.0,1.0,False,19997.222222222223,134.61264613726445,11.625950792202467,264
301,1208791971,301.0,primary,148.3745600085324,20.3461048,85.82408154999999,1,1208791971,36.0,2051.0,36.0,26.0,1.0,False,20510.0,138.23124394654013,14.83745600085324,265
302,1141889036,302.0,primary,148.13991025918412,20.25382870705,85.84104614829162,1,1141889036,46.0,1565.0,46.0,32.0,1.0,False,19997.222222222223,134.98875615109583,11.59355819419702,266
303,90617087,303.0,secondary,147.77947755357297,20.239157582744177,85.81009646065147,1,90617087,27.0,2618.0,26.0,22.0,0.840635,True,19635.0,132.86689278544733,19.703930340476397,267
304,252236395,304.0,secondary,147.49819235724036,20.2587566,85.79086625,1,252236395,28.0,2489.0,27.0,22.0,0.849968,True,19358.888888888887,131.24831280644912,18.96405330307376,268
305,875004053,305.0,secondary,147.260610068047,20.243928278712183,85.85303851262753,1,875004053,28.0,1344.0,28.0,20.0,1.0,False,10453.333333333334,70.98526434531951,18.933507008748897,269
306,1208986532,306.0,primary,147.16266881403016,20.333094494976265,85.82154813626904,1,1208986532,36.0,2051.0,36.0,26.0,1.0,False,20510.0,139.36958445567836,14.716266881403016,270
307,478254522,307.0,secondary,147.10275142333165,20.27864337204265,85.83734908060251,1,478254522,34.0,898.0,34.0,20.0,1.0,False,8481.111111111111,57.654333648078456,15.575585444823352,271
308,"[218505930, 218505931, 1210086508]",308.0,trunk,146.76475240876113,20.29564921313161,85.85221885990902,3,218505930|218505931|1210086508,51.0,181.0,51.0,38.0,1.0,False,2564.1666666666665,17.47127034647318,10.359864875912551,272
309,478254522,309.0,secondary,146.58324779630186,20.2787822,85.83579445,1,478254522,34.0,898.0,34.0,20.0,1.0,False,8481.111111111111,57.85866556113434,15.520579178431962,273
310,219116706,310.0,primary,145.65401368646457,20.21610959639971,85.85229276953932,1,219116706,46.0,1565.0,46.0,32.0,1.0,False,19997.222222222223,137.29262734405881,11.399009766766794,274
311,"[746487578, 746487579, 879562788]",311.0,secondary,144.40599390338113,20.28485584877445,85.8434171288719,3,746487578|746487579|879562788,29.0,1295.0,29.0,19.0,1.0,True,10431.944444444443,72.2403839512661,17.926261312143865,275
312,870242503,312.0,trunk,143.9113100221158,20.29690876801608,85.87109629137585,1,870242503,21.0,998.0,21.0,16.0,1.0,False,5821.666666666667,40.45315594564467,24.670510289505568,276
313,464283097,313.0,primary,143.62049861956012,20.298692671369167,85.82377469803508,1,464283097,36.0,2051.0,36.0,26.0,1.0,False,20510.0,142.80691264225064,14.362049861956013,277
314,368852567,314.0,primary,143.26764369429583,20.34726120620288,85.80716155400442,1,368852567,26.0,461.0,26.0,17.0,1.0,False,3329.4444444444443,23.239332752263348,19.83705835767173,278
315,1141889036,315.0,primary,142.15806816515317,20.2494408082722,85.84117018832029,1,1141889036,46.0,1565.0,46.0,32.0,1.0,False,19997.222222222223,140.6689221394758,11.125414030316335,279
316,869997541,316.0,primary,141.60397027911924,20.31000696691486,85.78095630594315,1,869997541,42.0,1665.0,42.0,39.0,1.0,False,19425.0,137.17835708780538,12.13748316678165,161
317,478249498,317.0,secondary,141.3044004724377,20.265605472364488,85.83940071857141,1,478249498,29.0,1295.0,29.0,19.0,1.0,True,10431.944444444443,73.82604087039213,17.541235920716403,280
318,368729170,318.0,primary,141.29533356121252,20.342827591107177,85.81843496213668,1,368729170,31.0,258.0,31.0,20.0,1.0,False,2221.6666666666665,15.723567160158105,16.408490349044033,281
319,874644320,319.0,primary,140.61152864292586,20.2197955,85.8476948,1,874644320,46.0,1565.0,46.0,32.0,1.0,False,19997.222222222223,142.21609291371772,11.004380502489852,282
320,1208785492,320.0,primary,140.1753053063159,20.3226715,85.82043329999999,1,1208785492,36.0,2051.0,36.0,26.0,1.0,False,20510.0,146.31678493712457,14.01753053063159,283
321,865024248,321.0,primary,139.57815266055462,20.29879170917969,85.78066148751674,1,865024248,42.0,1665.0,42.0,40.0,1.0,False,19425.0,139.1693444119467,11.963841656618968,44
322,279088746,322.0,primary,139.14366010321675,20.260923004213183,85.83793003537372,1,279088746,28.0,69.0,28.0,11.0,1.0,False,536.6666666666666,3.856925038974592,17.889899156127868,284
323,"[568707032, 874594467, 1210221828, 374402719]",323.0,trunk,139.0851430088607,20.21325553778045,85.8535505757336,4,374402719|568707032|874594467|1210221828,43.0,1723.0,43.0,26.0,1.0,False,20580.277777777777,147.96891553303192,11.6443375542302,285
324,368729170,324.0,primary,139.00971035694363,20.34267225,85.81976854999999,1,368729170,31.0,258.0,31.0,20.0,1.0,False,2221.6666666666665,15.982096941011955,16.143063138225713,286
325,746487559,325.0,primary,138.9630034556413,20.25983045810939,85.84290906194151,1,746487559,46.0,1565.0,46.0,32.0,1.0,False,19997.222222222223,143.90320966692101,10.875365487832799,287
326,874459842,326.0,primary,138.0138551701159,20.28625867908367,85.85744882047739,1,874459842,46.0,1565.0,46.0,32.0,1.0,False,19997.222222222223,144.89286019562053,10.801084317661246,287
327,875119268,327.0,secondary,137.56901352817457,20.354082797770086,85.81323688925912,1,875119268,27.0,444.0,27.0,18.0,1.0,False,3330.0,24.20603240945684,18.342535137089943,288
328,875119268,328.0,secondary,137.56901352817457,20.354082797770086,85.81323688925912,1,875119268,27.0,444.0,27.0,18.0,1.0,False,3330.0,24.20603240945684,18.342535137089943,288
329,876451409,329.0,primary,137.46960957416178,20.36304816267348,85.82861792346846,1,876451409,36.0,2051.0,36.0,26.0,1.0,False,20510.0,149.19661198961444,13.746960957416178,289
330,874656098,330.0,trunk,137.40500781992966,20.21443192131646,85.85421607590614,1,874656098,43.0,1723.0,43.0,26.0,1.0,False,20580.277777777777,149.77822209179152,11.503675073296437,290
331,252236395,331.0,secondary,136.86336549284852,20.257637779714223,85.79417966245782,1,252236395,28.0,2489.0,27.0,22.0,0.849784,True,19358.888888888887,141.4468277846086,17.596718420509095,291
332,478257594,332.0,primary,135.2725275408109,20.23225825,85.8411085,1,478257594,46.0,1565.0,46.0,32.0,1.0,False,19997.222222222223,147.82914598967025,10.58654563362868,292
333,470103829,333.0,primary,135.04207668749473,20.34253455637713,85.82218956378902,1,470103829,27.0,299.0,27.0,16.0,1.0,False,2242.5,16.605935387008618,18.005610224999298,293
334,478254539,334.0,primary,134.4403488200718,20.218739364187485,85.84916305835,1,478254539,43.0,1723.0,43.0,26.0,1.0,False,20580.277777777777,153.08110964009316,11.25547106400601,294
335,174418041,335.0,secondary,133.69979440501174,20.24630497555257,85.836139232433,1,174418041,23.0,400.0,23.0,16.0,1.0,False,2555.5555555555557,19.114132276180676,20.926924341654015,295
336,280421147,336.0,trunk,133.33738830461525,20.29171680439168,85.81881929677432,1,280421147,54.0,1309.0,54.0,42.0,1.0,False,19635.0,147.25802154713696,8.889159220307683,296
337,368729170,337.0,primary,132.51086982524495,20.342988895980657,85.81713402632312,1,368729170,31.0,258.0,31.0,20.0,1.0,False,2221.6666666666665,16.765920181465834,15.388359076480059,297
338,874644320,338.0,primary,132.35946621924458,20.22198253005244,85.84558237261201,1,874644320,46.0,1565.0,46.0,32.0,1.0,False,19997.222222222223,151.08267503208396,10.358566921506098,298
339,174418041,339.0,secondary,132.07449319061763,20.24978927984806,85.83635136320929,1,174418041,46.0,1565.0,46.0,32.0,1.0,False,19997.222222222223,151.40866142383044,10.336264684483119,298
340,300173742,340.0,primary,131.97280249943776,20.329790838753578,85.82112470067374,1,300173742,36.0,2051.0,36.0,26.0,1.0,False,20510.0,155.41080898155042,13.197280249943777,299
341,"[26754491, 876134933]",341.0,secondary,131.27828741015398,20.31335504285741,85.82933673801466,2,26754491|876134933,32.0,1015.0,32.0,20.0,1.0,False,9022.222222222223,68.725928713817,14.768807333642322,300
342,865024248,342.0,primary,131.0218911495294,20.28920034694518,85.78098777111258,1,865024248,42.0,1665.0,42.0,40.0,1.0,False,19425.0,148.25766770402603,11.230447812816807,44
343,470103829,343.0,primary,130.8960342471774,20.342682192989948,85.82054736225757,1,470103829,27.0,299.0,27.0,16.0,1.0,False,2242.5,17.13191704315027,17.452804566290318,301
344,40016878,344.0,primary,130.71375905683067,20.284784553836623,85.85734838324022,1,40016878,26.0,272.0,26.0,18.0,1.0,False,1964.4444444444443,15.028597284776724,18.09882817709963,302
345,1208791979,345.0,primary,130.17936963866217,20.2668626,85.8290269,1,1208791979,34.0,254.0,34.0,19.0,1.0,True,2398.8888888888887,18.427565716038306,13.7836979617407,303
346,1208988383,346.0,primary,130.1318069047123,20.27793193810554,85.82620940535024,1,1208988383,36.0,2051.0,36.0,26.0,1.0,False,20510.0,157.60943068298621,13.01318069047123,304
347,470103829,347.0,primary,129.682784755002,20.34307437451335,85.8171611738243,1,470103829,27.0,299.0,27.0,16.0,1.0,False,2242.5,17.29219498360213,17.291037967333597,305
348,869997541,348.0,primary,129.65559817577272,20.31122187747304,85.78086727644308,1,869997541,42.0,1665.0,42.0,40.0,1.0,False,19425.0,149.81998674415686,11.113336986494806,44
349,466600302,349.0,primary,129.33721632578963,20.26058863867493,85.83779334793945,1,466600302,27.0,71.0,27.0,8.0,1.0,False,532.5,4.117144431643535,17.24496217677195,306
350,876418713,0.0,secondary,129.07399139271223,20.275029217290665,85.82718177296726,1,876418713,33.0,97.0,33.0,18.0,1.0,False,889.1666666666666,6.888813594997193,14.080799061023153,307
351,876418713,1.0,secondary,129.07399139271223,20.275029217290665,85.82718177296726,1,876418713,33.0,97.0,33.0,18.0,1.0,False,889.1666666666666,6.888813594997193,14.080799061023153,308
352,478372781,2.0,primary,128.98100364169895,20.261137376764395,85.84393160288782,1,478372781,43.0,1723.0,43.0,25.0,1.0,False,20580.277777777777,159.56053369648515,10.798409607212005,309
353,869974597,3.0,secondary,128.57207934666087,20.24245203794821,85.85841111511371,1,869974597,29.0,1299.0,29.0,21.0,1.0,False,10464.166666666666,81.38755101294416,15.960671918895832,310
354,367555141,4.0,secondary,128.33886652544595,20.243938915305883,85.85170933294495,1,367555141,28.0,1344.0,28.0,20.0,1.0,False,10453.333333333334,81.45103362947916,16.50071141041448,311
355,470103540,5.0,primary,128.08561489942574,20.3428504,85.80788615,1,470103540,31.0,258.0,31.0,21.0,1.0,False,2221.6666666666665,17.345169232400877,14.874458504449441,312
356,762822065,6.0,primary,127.5911283328734,20.23549560156245,85.84123522247404,1,762822065,43.0,1723.0,43.0,25.0,1.0,False,20580.277777777777,161.29865803902717,10.682047953449866,309
357,869089258,7.0,secondary,127.55952666008145,20.232161356761303,85.81524557145464,1,869089258,27.0,2618.0,26.0,22.0,0.839551,True,19635.0,153.92813468431117,17.00793688801086,313
358,869089258,8.0,secondary,127.55952666008145,20.232161356761303,85.81524557145462,1,869089258,27.0,2618.0,26.0,22.0,0.839551,True,19635.0,153.92813468431117,17.00793688801086,313
359,1427941136,9.0,secondary,127.23012114543832,20.24238315169057,85.85841550671486,1,1427941136,28.0,1344.0,28.0,20.0,1.0,False,10453.333333333334,82.16083769490402,16.358158432984926,314
360,464650412,10.0,primary,127.211601170194,20.285002548947187,85.82674219989339,1,464650412,36.0,2051.0,36.0,26.0,1.0,False,20510.0,161.22743375079492,12.7211601170194,315
361,876451409,11.0,primary,127.03219257785528,20.357888688580093,85.8277644057332,1,876451409,36.0,2051.0,36.0,26.0,1.0,False,20510.0,161.4551365586315,12.703219257785529,316
362,879562788,12.0,secondary,126.08480883515908,20.28285747490135,85.84370502168902,1,879562788,29.0,1295.0,29.0,18.0,1.0,True,10431.944444444443,82.73752041043241,15.651907303674921,317
363,367555141,13.0,secondary,126.0606157650531,20.2438635,85.8529252,1,367555141,28.0,1344.0,28.0,20.0,1.0,False,10453.333333333334,82.92307053946057,16.207793455506827,318
364,1208791979,14.0,primary,126.05982943747486,20.26752235,85.82802054999999,1,1208791979,34.0,254.0,34.0,20.0,1.0,False,2398.8888888888887,19.02976467280346,13.34751135220322,319
365,466615091,15.0,primary,125.68791531195204,20.282370155962745,85.85616869981222,1,466615091,46.0,1565.0,46.0,32.0,1.0,False,19997.222222222223,159.10218713223122,9.836445546152769,320
366,"[464097499, 456959534]",16.0,secondary,124.96936131413244,20.269144906765444,85.83946374215054,2,456959534|464097499,29.0,1295.0,29.0,18.0,1.0,True,10431.944444444443,83.47601631908735,15.513437956237132,321
367,865024248,17.0,primary,124.2944241184147,20.29157409172242,85.7806406602287,1,865024248,42.0,1665.0,42.0,40.0,1.0,False,19425.0,156.28215133362616,10.653807781578402,322
368,456959535,18.0,secondary,124.15445111892798,20.27307305,85.8425719,1,456959535,29.0,1295.0,29.0,18.0,1.0,True,10431.944444444443,84.02392625014828,15.412276690625543,323
369,1209433726,19.0,secondary,124.03144057332644,20.244695891354525,85.84175116158268,1,1209433726,29.0,1299.0,29.0,21.0,1.0,False,10464.166666666666,84.36704934085105,15.397006415999144,324
370,1209433726,20.0,secondary,124.03144057332644,20.244695891354525,85.84175116158268,1,1209433726,29.0,1299.0,29.0,21.0,1.0,False,10464.166666666666,84.36704934085105,15.397006415999144,324
371,478249498,21.0,secondary,123.64245942016632,20.26224764764196,85.8371725690363,1,478249498,29.0,1295.0,29.0,18.0,1.0,True,10431.944444444443,84.37186136029719,15.34871910043444,325
372,300173742,22.0,primary,123.5519388365556,20.32507279227844,85.8205258580069,1,300173742,36.0,2051.0,36.0,26.0,1.0,False,20510.0,166.0030606814861,12.355193883655561,326
373,746487579,23.0,secondary,122.5010438093988,20.28604639684488,85.84325557685715,1,746487579,29.0,1295.0,29.0,18.0,1.0,True,10431.944444444443,85.15800453648103,15.2070261280633,327
374,746487577,24.0,secondary,122.46931259961792,20.2912915,85.84270495,1,746487577,28.0,1341.0,28.0,17.0,1.0,True,10430.0,85.16419157261228,15.746054477093733,328
375,1208988379,25.0,primary,122.22771719700162,20.275034781222832,85.82535107619903,1,1208988379,35.0,598.0,35.0,17.0,1.0,False,5813.888888888889,47.56604330193209,12.571993768834453,329
376,464097500,26.0,secondary,122.09899259994764,20.269089131878967,85.83942289907648,1,464097500,29.0,1295.0,29.0,18.0,1.0,True,10431.944444444443,85.43841535715437,15.15711632275212,330
377,874459842,27.0,primary,121.62255283492242,20.28485071905732,85.85722278004434,1,874459842,46.0,1565.0,46.0,32.0,1.0,False,19997.222222222223,164.42034603043018,9.518286743602625,331
378,279088748,28.0,secondary,121.52665674273196,20.2637669,85.83842845,1,279088748,28.0,1341.0,28.0,17.0,1.0,True,10430.0,85.82479169224557,15.624855866922681,332
379,478371821,29.0,primary,121.44023393798912,20.273757843199004,85.85126846901895,1,478371821,46.0,1565.0,46.0,32.0,1.0,False,19997.222222222223,164.66719120809154,9.504018308190453,333
380,478249498,30.0,secondary,121.32251713396718,20.26439839882872,85.83869358168789,1,478249498,29.0,1295.0,29.0,19.0,1.0,True,10431.944444444443,85.98522921285291,15.060726264906272,334
381,876134933,31.0,secondary,121.13715182824048,20.314310060346106,85.82663704653898,1,876134933,32.0,1015.0,32.0,21.0,1.0,False,9022.222222222223,74.47939864901866,13.627929580677053,335
382,466839445,32.0,secondary,120.6734848444312,20.28753018731952,85.83457795896936,1,466839445,34.0,898.0,34.0,21.0,1.0,False,8481.111111111111,70.28147999574817,12.777192512939774,336
383,1209072902,33.0,secondary,120.2570218739447,20.2598852,85.83537715,1,1209072902,28.0,1341.0,28.0,17.0,1.0,True,10430.0,86.73090217495067,15.461617098078603,337
384,1105211172,34.0,primary,119.78122001794884,20.242617615690914,85.84108119556835,1,1105211172,43.0,1723.0,43.0,24.0,1.0,False,20580.277777777777,171.81556319675062,10.028195164293392,338
385,300173739,35.0,primary,119.73370221974604,20.29649933706715,85.82453466189479,1,300173739,35.0,598.0,35.0,17.0,1.0,False,5813.888888888889,48.55682887194717,12.315466514031021,339
386,456959534,36.0,secondary,119.23826066536982,20.26885008908341,85.8405580116107,1,456959534,29.0,1295.0,29.0,19.0,1.0,True,10431.944444444443,87.48823059169443,14.801990979149357,340
387,218505933,37.0,trunk,119.20936277592196,20.29567125,85.84832705,1,218505933,54.0,1376.0,54.0,42.0,1.0,False,20640.0,173.14076276707428,7.94729085172813,341
388,874056882,38.0,primary,118.80951705861052,20.359855513848967,85.82819461113266,1,874056882,37.0,1860.0,37.0,28.0,1.0,False,19116.666666666668,160.9018127498669,11.559844902999943,342
389,252236396,39.0,secondary,118.3591805639456,20.2575540405929,85.79424079752803,1,252236396,28.0,2489.0,27.0,23.0,0.845604,True,19358.888888888887,163.56051804895617,15.217608929650149,343
390,1209004192,40.0,primary,118.12178550470377,20.26608005,85.83059850000001,1,1209004192,32.0,271.0,32.0,16.0,1.0,True,2408.8888888888887,20.393265125449393,13.288700869279173,344
391,746487579,41.0,secondary,118.04024145184802,20.2935947,85.8422353,1,746487579,29.0,1295.0,29.0,19.0,1.0,True,10431.944444444443,88.37616999199321,14.653271352643202,345
392,464260872,42.0,trunk,117.5635239324274,20.214561588958748,85.85418573641172,1,464260872,43.0,1723.0,43.0,24.0,1.0,False,20580.277777777777,175.0566594925039,9.842527585040433,346
393,"[875146659, 1352928436]",43.0,primary,117.0835209067391,20.35444815112814,85.8074504773093,2,875146659|1352928436,27.0,444.0,27.0,18.0,1.0,False,3330.0,28.44123557449605,15.611136120898546,347
394,1210210285,44.0,primary,116.89041482028703,20.27548122429405,85.85237376650488,1,1210210285,43.0,1723.0,43.0,24.0,1.0,False,20580.277777777777,176.06471676414947,9.78617426402403,348
395,232511043,45.0,primary,116.48804031005898,20.2694895,85.7841723,1,232511043,27.0,2618.0,26.0,22.0,0.835313,True,19635.0,168.55807641485816,15.531738708007863,349
396,875119268,46.0,secondary,115.63235117941038,20.35341558370952,85.82493679146371,1,875119268,26.0,461.0,26.0,16.0,1.0,False,3329.4444444444443,28.7933645773458,16.010633240226053,350
397,875119268,47.0,secondary,115.63235117941036,20.35341558370952,85.82493679146371,1,875119268,26.0,461.0,26.0,16.0,1.0,False,3329.4444444444443,28.793364577345802,16.01063324022605,350
398,"[1209004194, 466600301, 170090974]",48.0,primary,115.37873694307146,20.26003856665586,85.83880520739525,3,170090974|466600301|1209004194,34.0,254.0,34.0,18.0,1.0,False,2398.8888888888887,20.79142962080192,12.216572146913448,351
399,300173739,49.0,primary,115.08979365749288,20.30846043080386,85.82019086561036,1,300173739,37.0,1860.0,37.0,28.0,1.0,False,19116.666666666668,166.1021890747137,11.197925869377686,352
400,464845715,50.0,primary,114.98669279561967,20.2695017,85.78425855,1,464845715,28.0,2489.0,27.0,23.0,0.845604,True,19358.888888888887,168.35764572599612,14.784003359436815,353
401,879562787,51.0,secondary,114.74331746161296,20.281176760222102,85.84400196082301,1,879562787,28.0,1341.0,28.0,17.0,1.0,True,10430.0,90.89853972096742,14.752712245064524,354
402,464845715,52.0,primary,114.404867295694,20.26847827177125,85.78439456849787,1,464845715,28.0,2489.0,27.0,23.0,0.845604,True,19358.888888888887,169.2138572990375,14.709197223732087,353
403,478372781,53.0,primary,114.1358823425619,20.26247819438093,85.84472950000942,1,478372781,43.0,1723.0,43.0,24.0,1.0,False,20580.277777777777,180.31382730287334,9.555562242633089,355
404,1210204475,54.0,primary,113.72484536287398,20.2719902,85.7838115,1,1210204475,27.0,2618.0,26.0,22.0,0.835313,True,19635.0,172.65356516729932,15.163312715049864,356
405,1210204475,55.0,primary,113.72484536287398,20.2719902,85.7838115,1,1210204475,27.0,2618.0,26.0,22.0,0.835313,True,19635.0,172.65356516729932,15.163312715049864,357
406,"[279088748, 456959531, 1208986540, 264753949]",56.0,secondary,113.67030006572054,20.26836950413164,85.841017693293,4,264753949|279088748|456959531|1208986540,28.0,1341.0,28.0,17.0,1.0,True,10430.0,91.7565977565794,14.61475286559264,358
407,1210250347,57.0,trunk,113.59765220235256,20.3088393,85.87172795000001,1,1210250347,53.0,1358.0,53.0,43.0,1.0,False,19992.777777777777,175.99639948688775,7.71606694204659,359
408,875007028,58.0,secondary,113.24174354350352,20.245806835951168,85.83605642232128,1,875007028,23.0,400.0,23.0,15.0,1.0,False,2555.5555555555557,22.567257228548417,17.724794641591856,360
409,279088748,59.0,secondary,113.01439981601987,20.26562487140823,85.83957857759614,1,279088748,28.0,1341.0,28.0,17.0,1.0,True,10430.0,92.28912436803951,14.53042283348827,361
410,1208988379,60.0,primary,113.00194714241655,20.276103569435705,85.8257694856326,1,1208988379,35.0,598.0,35.0,18.0,1.0,False,5813.888888888889,51.449457605908634,11.623057420362846,362
411,1238285688,61.0,secondary,112.8804306736899,20.25316979576688,85.80584261798336,1,1238285688,27.0,2618.0,26.0,22.0,0.838301,True,19635.0,173.94511947566934,15.05072408982532,363
412,456959535,62.0,secondary,111.69660217078165,20.2740983780809,85.84285905906773,1,456959535,29.0,1295.0,29.0,19.0,1.0,True,10431.944444444443,93.39536066185997,13.865785097062549,364
413,300173742,63.0,primary,110.91156924165185,20.328707139996443,85.82098014715882,1,300173742,36.0,2051.0,36.0,26.0,1.0,False,20510.0,184.92209730901232,11.091156924165185,365
414,279088743,64.0,primary,110.62141418741076,20.2658477,85.83049274999999,1,279088743,34.0,254.0,34.0,18.0,1.0,False,2398.8888888888887,21.68557423090595,11.712855619843493,366
415,464283097,65.0,primary,110.49759596628742,20.29759461619921,85.82411146925492,1,464283097,36.0,2051.0,36.0,26.0,1.0,False,20510.0,185.6148979590249,11.049759596628743,367
416,1212991822,66.0,secondary,107.80087282454969,20.26035660301587,85.78736482492242,1,1212991822,27.0,2618.0,26.0,22.0,0.834729,True,19635.0,182.14138239823683,14.373449709939958,368
417,1212991822,67.0,secondary,107.80087282454969,20.26035660301587,85.78736482492242,1,1212991822,27.0,2618.0,26.0,22.0,0.834729,True,19635.0,182.14138239823683,14.373449709939958,369
418,40016878,68.0,primary,107.44946829037174,20.2889305,85.85748865,1,40016878,27.0,261.0,27.0,20.0,1.0,False,1957.5,18.217865859606178,14.326595772049565,370
419,279088748,69.0,secondary,107.09038366155735,20.26290412880721,85.83783282972912,1,279088748,28.0,1341.0,28.0,17.0,1.0,True,10430.0,97.3943658000368,13.768763613628803,371
420,300173739,70.0,primary,106.61651682564306,20.299804807509027,85.82353352467784,1,300173739,35.0,598.0,35.0,18.0,1.0,False,5813.888888888889,54.530846270252106,10.966270302066144,372
421,364407163,71.0,secondary,106.3049213202081,20.2304255033672,85.81528016343255,1,364407163,28.0,2489.0,27.0,23.0,0.847069,True,19358.888888888887,182.10717479933686,13.667775598312469,373
422,364407163,72.0,secondary,106.3049213202081,20.2304255033672,85.81528016343255,1,364407163,28.0,2489.0,27.0,23.0,0.847069,True,19358.888888888887,182.10717479933686,13.667775598312469,374
423,1352928435,73.0,primary,106.12439266253055,20.35438503606797,85.80749257043234,1,1352928435,26.0,461.0,26.0,16.0,1.0,False,3329.4444444444443,31.373036499081653,14.694146676350384,375
424,464283097,74.0,primary,105.77972245995996,20.2965112366484,85.82443128439904,1,464283097,36.0,2051.0,36.0,26.0,1.0,False,20510.0,193.893494169107,10.577972245995996,376
425,865024248,75.0,primary,105.4895135716658,20.28318618667288,85.78185207886706,1,865024248,42.0,1665.0,42.0,38.0,1.0,False,19425.0,184.14152594232365,9.041958306142783,377
426,1089369693,76.0,secondary,105.27183782085024,20.25984283020703,85.78821971645586,1,1089369693,28.0,2489.0,27.0,23.0,0.84645,True,19358.888888888887,183.89428065114151,13.534950576966459,378
427,1141889036,77.0,primary,104.57783306837564,20.255393690997284,85.8403850366,1,1141889036,46.0,1565.0,46.0,31.0,1.0,False,19997.222222222223,191.2185559357262,8.184352153177224,379
428,880027169,78.0,secondary,104.39855419484648,20.2953281,85.83345829999999,1,880027169,32.0,1015.0,32.0,21.0,1.0,False,9022.222222222223,86.4209499049518,11.744837346920228,380
429,880027169,79.0,secondary,104.39855419484648,20.2953281,85.83345829999999,1,880027169,32.0,1015.0,32.0,21.0,1.0,False,9022.222222222223,86.4209499049518,11.744837346920228,381
430,464260872,80.0,trunk,104.27952457168114,20.21538313478609,85.85478612977572,1,464260872,43.0,1723.0,43.0,24.0,1.0,False,20580.277777777777,197.35684317999565,8.730378801350048,382
431,865024248,81.0,primary,104.22244045695945,20.29480332119168,85.78037964643454,1,865024248,42.0,1665.0,42.0,38.0,1.0,False,19425.0,186.38020674656823,8.933352039167954,377
432,"[219116708, 478371821]",82.0,primary,104.18472459641404,20.26395478798264,85.84579071247579,2,219116708|478371821,46.0,1565.0,46.0,31.0,1.0,False,19997.222222222223,191.94005934830213,8.153587142328057,383
433,264753949,83.0,secondary,103.93806754857442,20.2725875,85.8425569,1,264753949,28.0,1341.0,28.0,17.0,1.0,True,10430.0,100.34821933865226,13.363465827673854,384
434,"[1238285688, 1238285689]",84.0,secondary,103.30459683906756,20.253745246290364,85.80439552074593,2,1238285688|1238285689,27.0,2618.0,26.0,23.0,0.834729,True,19635.0,190.06898628710846,13.773946245209007,385
435,1208988381,85.0,secondary,103.2362101014179,20.28046694991133,85.83517501674702,1,1208988381,32.0,1015.0,32.0,21.0,1.0,False,9022.222222222223,87.3939697452949,11.614073636409513,386
436,746487579,86.0,secondary,102.70736918888564,20.294580400000005,85.84211065,1,746487579,29.0,1295.0,29.0,19.0,1.0,True,10431.944444444443,101.56958090572263,12.749880313103045,387
437,1013619972,87.0,secondary,102.62427437271606,20.277992320542083,85.84307578423365,1,1013619972,29.0,1295.0,29.0,19.0,1.0,True,10431.944444444443,101.65182173719619,12.739565094544062,388
438,367932805,88.0,secondary,102.476997651402,20.2446158,85.84058110000001,1,367932805,46.0,1565.0,46.0,31.0,1.0,False,19997.222222222223,195.13864262736465,8.019938946631461,389
439,367932805,89.0,secondary,102.476997651402,20.2446158,85.84058110000001,1,367932805,46.0,1565.0,46.0,31.0,1.0,False,19997.222222222223,195.13864262736465,8.019938946631461,390
440,880075594,90.0,primary,102.37311296509772,20.27344145,85.8512212,1,880075594,43.0,1723.0,43.0,24.0,1.0,False,20580.277777777777,201.03205990028118,8.57077224824074,391
441,"[1210277736, 870242503, 870242504]",91.0,trunk,101.59319729986645,20.29311893879036,85.87176029097895,3,870242503|870242504|1210277736,21.0,998.0,21.0,16.0,1.0,False,5821.666666666667,57.30370557669534,17.415976679977106,392
442,746487579,92.0,secondary,101.53815345123046,20.2870457,85.84311955000001,1,746487579,29.0,1295.0,29.0,19.0,1.0,True,10431.944444444443,102.7391585317236,12.604736290497573,393
443,1208791977,93.0,primary,100.9366843706595,20.3415525,85.82267075,1,1208791977,36.0,2051.0,36.0,26.0,1.0,False,20510.0,203.1966883782631,10.09366843706595,394
444,1210205481,94.0,secondary,100.7319707019562,20.2446070655663,85.84687463145198,1,1210205481,28.0,1344.0,28.0,21.0,1.0,False,10453.333333333334,103.77373996049828,12.951253375965797,395
445,26754165,95.0,primary,100.7106938148192,20.26982115,85.82278805,1,26754165,34.0,254.0,34.0,19.0,1.0,False,2398.8888888888887,23.819604433465848,10.663485227451444,396
446,"[875004051, 869974598, 1427941135]",96.0,secondary,100.47138019138104,20.24236065563078,85.8573503183681,3,869974598|875004051|1427941135,28.0,1344.0,28.0,21.0,1.0,False,10453.333333333334,104.04289573231199,12.917748881748992,395
447,"[875004051, 869974598, 1427941135]",97.0,secondary,100.47138019138102,20.24236065563078,85.8573503183681,3,869974598|875004051|1427941135,28.0,1344.0,28.0,21.0,1.0,False,10453.333333333334,104.04289573231202,12.917748881748988,395
448,1208795201,98.0,primary,100.10566802587924,20.34854523504328,85.82501739550028,1,1208795201,37.0,1860.0,37.0,28.0,1.0,False,19116.666666666668,190.96487785011976,9.740010943058522,397
449,876451409,99.0,primary,99.73088648072944,20.35889502994624,85.82793781592135,1,876451409,36.0,2051.0,36.0,26.0,1.0,False,20510.0,205.65344121314973,9.973088648072943,398
450,279088748,100.0,secondary,99.6447710729296,20.26749925264048,85.84059138033736,1,279088748,28.0,1341.0,28.0,17.0,1.0,True,10430.0,104.6718245994697,12.811470566519521,399
451,1208785492,101.0,primary,99.32186286954249,20.32374777467155,85.82047189520796,1,1208785492,36.0,2051.0,36.0,26.0,1.0,False,20510.0,206.5003555857538,9.932186286954249,400
452,876134933,102.0,secondary,99.24851520626802,20.314367267412635,85.82558226372007,1,876134933,32.0,1015.0,32.0,21.0,1.0,False,9022.222222222223,90.90536219581072,11.165457960705153,401
453,874056882,103.0,primary,98.2907953419388,20.3560515852547,85.82757776158138,1,874056882,37.0,1860.0,37.0,28.0,1.0,False,19116.666666666668,194.49091443570762,9.563428735972424,402
454,"[1210277737, 873398450, 873398461]",104.0,trunk,98.26633451988994,20.2363997495739,85.86078610212802,3,873398450|873398461|1210277737,43.0,1723.0,43.0,25.0,1.0,False,20580.277777777777,209.43365678926546,8.226948936548926,403
455,478371821,105.0,primary,98.05232146363188,20.2709956,85.849785,1,478371821,46.0,1565.0,46.0,31.0,1.0,False,19997.222222222223,203.94440359720903,7.673659940632061,404
456,1208791971,106.0,primary,97.76577531165924,20.34943005764662,85.82523118825836,1,1208791971,36.0,2051.0,36.0,26.0,1.0,False,20510.0,209.78711552808645,9.776577531165923,405
457,1203852633,107.0,primary,97.47461625771064,20.33482216173736,85.82188790641257,1,1203852633,37.0,1860.0,37.0,28.0,1.0,False,19116.666666666668,196.1194349934613,9.48401671696644,406
458,456959535,108.0,secondary,97.10180814796917,20.277502458424664,85.84350391492815,1,456959535,29.0,1295.0,29.0,19.0,1.0,True,10431.944444444443,107.43306065472707,12.054017563196172,407
459,875004054,109.0,secondary,97.09064412203196,20.244818445422155,85.84455681452273,1,875004054,28.0,1344.0,28.0,21.0,1.0,False,10453.333333333334,107.66571205557845,12.483082815689823,408
460,874159869,110.0,primary,97.01436508289387,20.35433242128052,85.80846472889698,1,874159869,26.0,461.0,26.0,16.0,1.0,False,3329.4444444444443,34.31908709189203,13.432758242246845,409
461,312566658,111.0,primary,96.541865494114,20.354396870337148,85.80847229805539,1,312566658,27.0,444.0,27.0,18.0,1.0,False,3330.0,34.49280768458969,12.872248732548535,410
462,1210205483,112.0,secondary,96.21468334087702,20.24420586490217,85.84970792375081,1,1210205483,28.0,1344.0,28.0,21.0,1.0,False,10453.333333333334,108.64592565667378,12.370459286684188,408
463,26754165,113.0,primary,95.81974142698188,20.26927037690159,85.82451501659953,1,26754165,34.0,254.0,34.0,18.0,1.0,False,2398.8888888888887,25.03543479833881,10.145619680503962,411
464,870242502,114.0,trunk,95.66919658658033,20.29694168275076,85.87120268554949,1,870242502,54.0,1428.0,54.0,41.0,1.0,False,21420.0,223.89651804606686,6.377946439105355,412
465,1210205480,115.0,secondary,95.512939841262,20.244078260268395,85.85111733439471,1,1210205480,28.0,1344.0,28.0,21.0,1.0,False,10453.333333333334,109.4441585685278,12.280235122447971,413
466,368721302,116.0,primary,95.50028628527592,20.34303353609421,85.81319462029295,1,368721302,27.0,299.0,27.0,17.0,1.0,False,2242.5,23.48160500065166,12.733371504703456,414
467,90617087,117.0,secondary,95.37223235604064,20.24160295,85.80989645000001,1,90617087,27.0,2618.0,26.0,22.0,0.837714,True,19635.0,205.87753390000594,12.716297647472086,415
468,464650413,118.0,primary,95.357485157256,20.2719352825632,85.82348594614264,1,464650413,36.0,2051.0,36.0,26.0,1.0,False,20510.0,215.0853702378637,9.535748515725599,416
469,879562787,119.0,secondary,95.29020148251854,20.278443088306428,85.84381101896959,1,879562787,28.0,1341.0,28.0,17.0,1.0,True,10430.0,109.45511540253628,12.25159733346667,417
470,219116706,120.0,primary,95.15575359778543,20.21530111056857,85.85304293936757,1,219116706,46.0,1565.0,46.0,31.0,1.0,False,19997.222222222223,210.15252852442987,7.4469720206962515,418
471,300173742,121.0,primary,95.09779333517024,20.326733749999995,85.82072855000001,1,300173742,36.0,2051.0,36.0,26.0,1.0,False,20510.0,215.67272258056423,9.509779333517024,419
472,1208986526,122.0,primary,95.08596447611625,20.33016365,85.8212844,1,1208986526,37.0,1860.0,37.0,28.0,1.0,False,19116.666666666668,201.04614568502805,9.251607354432933,420
473,865024248,123.0,primary,94.57610568556566,20.3024019773231,85.7810110376214,1,865024248,42.0,1665.0,42.0,38.0,1.0,False,19425.0,205.3901443624853,8.106523344477058,377
474,367555141,124.0,secondary,94.42543307527836,20.24382574353277,85.85398106740779,1,367555141,28.0,1344.0,28.0,21.0,1.0,False,10453.333333333334,110.70463743597205,12.140412823964361,421
475,368729170,125.0,primary,94.29668663291856,20.34249035,85.82161105,1,368729170,31.0,258.0,31.0,21.0,1.0,False,2221.6666666666665,23.56038951098301,10.950582963822802,422
476,"[1209433720, 44949028]",126.0,primary,94.20338760425746,20.29454017659986,85.85738574463865,2,44949028|1209433720,27.0,62.0,27.0,3.0,1.0,False,465.0,4.936128220286896,12.560451680567661,423
477,879562788,127.0,secondary,94.01851499871252,20.2784537,85.843649,1,879562788,29.0,1295.0,29.0,19.0,1.0,True,10431.944444444443,110.95627754370825,11.671263930874657,424
478,1210277736,128.0,trunk,92.7720300853339,20.28998405,85.8725736,1,1210277736,21.0,998.0,21.0,16.0,1.0,False,5821.666666666667,62.75239057840775,15.90377658605724,425
479,1069546783,129.0,secondary,92.55526917903094,20.29638808242106,85.83334773751064,1,1069546783,34.0,898.0,34.0,21.0,1.0,False,8481.111111111111,91.63293658306995,9.799969677779746,426
480,875119268,130.0,secondary,92.47467045969444,20.353522734036336,85.82301159921319,1,875119268,27.0,444.0,27.0,18.0,1.0,False,3330.0,36.00986068343328,12.329956061292592,427
481,875119268,131.0,secondary,92.47467045969444,20.353522734036336,85.82301159921319,1,875119268,27.0,444.0,27.0,18.0,1.0,False,3330.0,36.00986068343328,12.329956061292592,428
482,1069546779,132.0,secondary,92.40728972315024,20.2932424,85.8337525,1,1069546779,32.0,1015.0,32.0,22.0,1.0,False,9022.222222222223,97.63539488337508,10.395820093854402,429
483,1069546779,133.0,secondary,92.40728972315024,20.2932424,85.8337525,1,1069546779,32.0,1015.0,32.0,22.0,1.0,False,9022.222222222223,97.63539488337508,10.395820093854402,430
484,26754165,134.0,primary,92.2375596218358,20.269570310947568,85.8236724024953,1,26754165,34.0,254.0,34.0,18.0,1.0,False,2398.8888888888887,26.007722870423702,9.766329842312025,431
485,367932805,135.0,secondary,91.85512608825712,20.244615570235585,85.83964990963426,1,367932805,46.0,1565.0,46.0,31.0,1.0,False,19997.222222222223,217.7039330718277,7.188662041689688,432
486,367932805,136.0,secondary,91.85512608825712,20.244615570235585,85.83964990963426,1,367932805,46.0,1565.0,46.0,31.0,1.0,False,19997.222222222223,217.7039330718277,7.188662041689688,432
487,876418713,137.0,secondary,91.82801255291602,20.2730116,85.83276595,1,876418713,33.0,97.0,33.0,20.0,1.0,False,889.1666666666666,9.682956670267508,10.017601369409022,433
488,876418713,138.0,secondary,91.82801255291602,20.2730116,85.83276595,1,876418713,33.0,97.0,33.0,20.0,1.0,False,889.1666666666666,9.682956670267508,10.017601369409022,433
489,1210205483,139.0,secondary,91.7573601557057,20.244312325079168,85.84881441245136,1,1210205483,28.0,1344.0,28.0,21.0,1.0,False,10453.333333333334,113.92364945541995,11.797374877162161,434
490,875119268,140.0,secondary,91.73461384815508,20.3540124,85.81433405,1,875119268,27.0,444.0,27.0,18.0,1.0,False,3330.0,36.30036537257383,12.231281846420677,435
491,875119268,141.0,secondary,91.73461384815508,20.3540124,85.81433405,1,875119268,27.0,444.0,27.0,18.0,1.0,False,3330.0,36.30036537257383,12.231281846420677,436
492,1210205481,142.0,secondary,91.73147317037696,20.244493415302657,85.84778899113479,1,1210205481,28.0,1344.0,28.0,21.0,1.0,False,10453.333333333334,113.95579916086044,11.794046550477038,434
493,478254522,143.0,secondary,91.38021245024686,20.2782608,85.84066625,1,478254522,29.0,1295.0,29.0,19.0,1.0,True,10431.944444444443,114.15977447113346,11.343750511065128,437
494,1208791971,144.0,primary,91.32478235571054,20.348620789056767,85.8249529857931,1,1208791971,36.0,2051.0,36.0,26.0,1.0,False,20510.0,224.5830701256252,9.132478235571053,438
495,1203852633,145.0,primary,91.15673836295592,20.33284459079865,85.82161995578187,1,1203852633,37.0,1860.0,37.0,28.0,1.0,False,19116.666666666668,209.71205212005762,8.86930427315247,439
496,1209072902,146.0,secondary,89.84835262206519,20.261059,85.8363195,1,1209072902,28.0,1341.0,28.0,17.0,1.0,True,10430.0,116.08448786893588,11.551931051408381,440
497,874056882,147.0,primary,89.57107168529897,20.354935198907487,85.82726565096554,1,874056882,37.0,1860.0,37.0,28.0,1.0,False,19116.666666666668,213.42456115554356,8.715023191002063,441
498,478371821,148.0,primary,89.54616692556367,20.26733625,85.8478349,1,478371821,46.0,1565.0,46.0,31.0,1.0,False,19997.222222222223,223.3174563333923,7.007960889826722,442
499,300173742,149.0,primary,89.45214074261825,20.32755815,85.82082975,1,300173742,36.0,2051.0,36.0,26.0,1.0,False,20510.0,229.2846189004428,8.945214074261825,443
500,1208491982,150.0,primary,89.35801788359413,20.354184644386425,85.81215833328433,1,1208491982,27.0,444.0,27.0,18.0,1.0,False,3330.0,37.265822126202046,11.914402384479217,444
501,1141889032,151.0,primary,89.28910762056677,20.245022650000003,85.84109240000001,1,1141889032,43.0,1723.0,43.0,26.0,1.0,False,20580.277777777777,230.49035124456026,7.475367149628846,445
502,464650413,152.0,primary,89.12133521240253,20.27263377533012,85.82396208115473,1,464650413,36.0,2051.0,36.0,26.0,1.0,False,20510.0,230.13569030489273,8.912133521240253,446
503,26754165,153.0,primary,89.08820782665019,20.26894392669418,85.82532980362261,1,26754165,34.0,254.0,34.0,18.0,1.0,True,2398.8888888888887,26.927120293593738,9.432869063998256,447
504,879562788,154.0,secondary,89.02797563357834,20.2838165348526,85.84357119306982,1,879562788,29.0,1295.0,29.0,19.0,1.0,True,10431.944444444443,117.1760266388655,11.05174869934076,448
505,1209009346,155.0,trunk,88.82913044498599,20.300422655044,85.86329924504481,1,1209009346,54.0,1428.0,54.0,41.0,1.0,False,21420.0,241.1371122592033,5.921942029665733,449
506,272996689,156.0,secondary,88.74533136812691,20.2618477089777,85.78582293488603,1,272996689,28.0,2489.0,27.0,22.0,0.847109,True,19358.888888888887,218.1398006007297,11.41011403304489,450
507,272996689,157.0,secondary,88.74533136812691,20.2618477089777,85.78582293488603,1,272996689,28.0,2489.0,27.0,22.0,0.847109,True,19358.888888888887,218.1398006007297,11.41011403304489,450
508,1208785497,158.0,primary,88.74104511803968,20.354133415207134,85.8121585564581,1,1208785497,26.0,461.0,26.0,17.0,1.0,False,3329.4444444444443,37.518652614646975,12.28722163172857,451
509,264753949,159.0,secondary,88.72099773785389,20.27445745,85.84309275,1,264753949,28.0,1341.0,28.0,17.0,1.0,True,10430.0,117.55954357972593,11.406985423438357,452
510,90617087,160.0,secondary,88.70446519606946,20.238181278747685,85.81054519284888,1,90617087,27.0,2618.0,26.0,22.0,0.837173,True,19635.0,221.35300581091872,11.827262026142595,453
511,478254539,161.0,primary,88.65158975243222,20.21938844029694,85.84834791098292,1,478254539,43.0,1723.0,43.0,26.0,1.0,False,20580.277777777777,232.1478705035083,7.421993560668744,454
512,300173742,162.0,primary,88.5814932304645,20.332042075982528,85.82141508321916,1,300173742,36.0,2051.0,36.0,26.0,1.0,False,20510.0,231.5382056908734,8.858149323046451,455
513,264753949,163.0,secondary,87.74535228502363,20.2717575,85.8423095,1,264753949,28.0,1341.0,28.0,17.0,1.0,True,10430.0,118.86669468395526,11.281545293788753,456
514,1069546778,164.0,secondary,87.73952398980363,20.28219040476084,85.83523027653882,1,1069546778,32.0,1015.0,32.0,22.0,1.0,False,9022.222222222223,102.82962354879783,9.870696448852907,457
515,874459840,165.0,primary,87.69410218311297,20.27989610000001,85.85485460000001,1,874459840,43.0,1723.0,43.0,26.0,1.0,False,20580.277777777777,234.68257574271476,7.341831810679226,458
516,1069546779,166.0,secondary,87.69122613283182,20.28988365,85.83422255,1,1069546779,32.0,1015.0,32.0,22.0,1.0,False,9022.222222222223,102.88625920859693,9.865262939943579,459
517,1069546779,167.0,secondary,87.69122613283182,20.28988365,85.83422255,1,1069546779,32.0,1015.0,32.0,21.0,1.0,False,9022.222222222223,102.88625920859693,9.865262939943579,460
518,292410140,168.0,trunk,87.21236385596588,20.3016804451582,85.86455969909524,1,292410140,54.0,1428.0,54.0,41.0,1.0,False,21420.0,245.60737781830846,5.814157590397725,461
519,1209433713,169.0,primary,87.16629275657961,20.245024193518805,85.84118609226516,1,1209433713,43.0,1723.0,43.0,26.0,1.0,False,20580.277777777777,236.10362591937016,7.297643114504339,462
520,865024248,170.0,primary,87.03793096793834,20.293145627833947,85.78044122011171,1,865024248,42.0,1665.0,42.0,39.0,1.0,False,19425.0,223.1785588648181,7.460394082966143,463
521,230574632,171.0,primary,86.92544872837664,20.266107843477723,85.78461022397839,1,230574632,27.0,2618.0,26.0,22.0,0.837173,True,19635.0,225.88321702376433,11.590059830450219,464
522,1208988379,172.0,primary,86.74332328383596,20.276960610412555,85.82605600430736,1,1208988379,35.0,598.0,35.0,18.0,1.0,False,5813.888888888889,67.02405059885766,8.922170394908843,465
523,875119268,173.0,secondary,86.74023825976083,20.3539579,85.81518805,1,875119268,27.0,444.0,27.0,17.0,1.0,False,3330.0,38.39048712349227,11.565365101301444,466
524,875119268,174.0,secondary,86.74023825976083,20.3539579,85.81518805,1,875119268,27.0,444.0,27.0,17.0,1.0,False,3330.0,38.39048712349227,11.565365101301444,467
525,1069546779,175.0,secondary,86.60319361301676,20.2924447,85.83386730000001,1,1069546779,32.0,1015.0,32.0,21.0,1.0,False,9022.222222222223,104.17886276270245,9.742859281464385,468
526,1069546779,176.0,secondary,86.60319361301676,20.2924447,85.83386730000001,1,1069546779,32.0,1015.0,32.0,21.0,1.0,False,9022.222222222223,104.17886276270245,9.742859281464385,469
527,219116711,177.0,primary,86.5442964207524,20.23850485,85.84108755000001,1,219116711,46.0,1565.0,46.0,31.0,1.0,False,19997.222222222223,231.0634328229064,6.773031893798015,470
528,1210207764,178.0,primary,86.13019303896051,20.258734484645643,85.84200651137132,1,1210207764,43.0,1723.0,43.0,26.0,1.0,False,20580.277777777777,238.94382505875035,7.210899882331578,471
529,478254536,179.0,primary,86.12957343958736,20.226633139335608,85.8414585562646,1,478254536,46.0,1565.0,46.0,31.0,1.0,False,19997.222222222223,232.17602762480402,6.740575312663359,472
530,367932805,180.0,secondary,85.71169926395703,20.2450252,85.83725069999998,1,367932805,46.0,1565.0,46.0,31.0,1.0,False,19997.222222222223,233.30796605302322,6.707872116309681,472
531,367932805,181.0,secondary,85.71169926395703,20.2450252,85.83725069999998,1,367932805,46.0,1565.0,46.0,31.0,1.0,False,19997.222222222223,233.30796605302322,6.707872116309681,473
532,466839445,182.0,secondary,85.66944138487148,20.28141105235608,85.83528198709233,1,466839445,34.0,898.0,34.0,21.0,1.0,False,8481.111111111111,98.99809049774902,9.070882028986391,474
533,478811049,183.0,trunk,85.4876467814299,20.255552534296307,85.86529296971801,1,478811049,21.0,998.0,21.0,16.0,1.0,False,5821.666666666667,68.09950777509624,14.65502516253084,475
534,1238285689,184.0,secondary,85.41484457302298,20.254616892639035,85.80214517492358,1,1238285689,27.0,2618.0,26.0,22.0,0.837173,True,19635.0,229.87807445125793,11.38864594306973,476
535,1069546778,185.0,secondary,85.36493223265096,20.28141230812541,85.83521830320893,1,1069546778,32.0,1015.0,32.0,21.0,1.0,False,9022.222222222223,105.69002969080249,9.603554876173233,477
536,"[880027168, 880027169, 1069546779]",186.0,secondary,85.16343097937141,20.294379127714485,85.8335945404572,3,880027168|880027169|1069546779,32.0,1015.0,32.0,21.0,1.0,False,9022.222222222223,105.94009797946747,9.580885985179284,478
537,"[880027168, 880027169, 1069546779]",187.0,secondary,85.16343097937141,20.29437912771448,85.83359454045718,3,880027168|880027169|1069546779,32.0,1015.0,32.0,21.0,1.0,False,9022.222222222223,105.94009797946747,9.580885985179284,479
538,264753949,188.0,secondary,85.06990995446638,20.273699556447102,85.84288981272967,1,264753949,28.0,1341.0,28.0,17.0,1.0,True,10430.0,122.60504337647296,10.937559851288535,480
539,1141889036,189.0,primary,84.94632813683664,20.2527834,85.8410971,1,1141889036,46.0,1565.0,46.0,31.0,1.0,False,19997.222222222223,235.41008376500392,6.6479735063611285,481
540,464650412,190.0,primary,84.67161784538443,20.284054498587302,85.82683707351988,1,464650412,36.0,2051.0,36.0,26.0,1.0,False,20510.0,242.22992924798623,8.467161784538444,482
541,1141889033,191.0,primary,84.43754495767931,20.2472735861486,85.84126647878247,1,1141889033,43.0,1723.0,43.0,26.0,1.0,False,20580.277777777777,243.73372991946601,7.069189810410361,483
542,466615091,192.0,primary,84.42868333216086,20.27487174597341,85.85180153364166,1,466615091,46.0,1565.0,46.0,31.0,1.0,False,19997.222222222223,236.8534179734722,6.607462173821285,484
543,"[1210211832, 762822066, 478257595]",193.0,primary,84.23108841846901,20.23792564277441,85.84119805854452,3,478257595|762822066|1210211832,43.0,1723.0,43.0,26.0,1.0,False,20580.277777777777,244.33113906272666,7.05190507689508,483
544,776295454,194.0,secondary,84.10393386555911,20.2572465,85.7951834,1,776295454,28.0,2489.0,27.0,22.0,0.849486,True,19358.888888888887,230.17816169971601,10.813362925571885,485
545,776295454,195.0,secondary,84.10393386555911,20.2572465,85.7951834,1,776295454,28.0,2489.0,27.0,22.0,0.849486,True,19358.888888888887,230.17816169971601,10.813362925571885,485
546,478371821,196.0,primary,83.96753227158553,20.271724,85.8501828,1,478371821,46.0,1565.0,46.0,31.0,1.0,False,19997.222222222223,238.15422081886345,6.571372090819738,486
547,"[196857002, 1393752820]",197.0,trunk,83.94662586537927,20.31534992286007,85.8783616602285,2,196857002|1393752820,53.0,1358.0,53.0,42.0,1.0,False,19992.777777777777,238.16058801266328,5.702034964440856,487
548,746487577,198.0,secondary,83.72572980996324,20.29037195,85.8428303,1,746487577,28.0,1341.0,28.0,17.0,1.0,True,10430.0,124.57341397529204,10.764736689852416,488
549,"[1141889032, 1141889036]",199.0,primary,83.41449494471067,20.24809496759856,85.8411903500112,2,1141889032|1141889036,46.0,1565.0,46.0,31.0,1.0,False,19997.222222222223,239.73318109133083,6.528090908716488,489
550,1141889032,200.0,primary,83.2612557945535,20.24579801295513,85.84112074554173,1,1141889032,46.0,1565.0,46.0,31.0,1.0,False,19997.222222222223,240.1744008229375,6.516098279573753,490
551,865024248,201.0,primary,82.9887117674745,20.29979,85.78073690000001,1,865024248,42.0,1665.0,42.0,39.0,1.0,False,19425.0,234.0679784791307,7.113318151497815,463
552,1208791971,202.0,primary,82.61690128841516,20.34282879152761,85.82294886061894,1,1208791971,36.0,2051.0,36.0,26.0,1.0,False,20510.0,248.25428792590148,8.261690128841517,491
553,264753949,203.0,secondary,82.36634708568087,20.27050575,85.8418728,1,264753949,28.0,1341.0,28.0,17.0,1.0,True,10430.0,126.62938650357147,10.589958911016112,492
554,1141889036,204.0,primary,82.33743447059629,20.251424668972263,85.84114500502854,1,1141889036,43.0,1723.0,43.0,26.0,1.0,False,20580.277777777777,249.95043761203473,6.89336660684062,493
555,279088743,205.0,primary,82.11649597514368,20.26424085,85.8328092,1,279088743,34.0,254.0,34.0,17.0,1.0,True,2398.8888888888887,29.21323980525207,8.69468780913286,494
556,746487577,206.0,secondary,81.88778201659792,20.2922039,85.84258875000002,1,746487577,28.0,1341.0,28.0,17.0,1.0,True,10430.0,127.3694285416832,10.528429116419733,495
557,364407163,207.0,secondary,81.85974800762133,20.225279914772816,85.81291200234527,1,364407163,27.0,2618.0,26.0,22.0,0.836148,True,19635.0,239.8614762187142,10.914633067682844,496
558,364407163,208.0,secondary,81.85974800762133,20.225279914772816,85.81291200234527,1,364407163,27.0,2618.0,26.0,22.0,0.836148,True,19635.0,239.8614762187142,10.914633067682844,497
559,478257594,209.0,primary,81.664320714453,20.229672733484023,85.84107679188502,1,478257594,46.0,1565.0,46.0,32.0,1.0,False,19997.222222222223,244.87097972864302,6.391120751565888,498
560,875004049,210.0,secondary,81.308304740016,20.2449029871605,85.8441429683287,1,875004049,28.0,1344.0,28.0,20.0,1.0,False,10453.333333333334,128.5641530315748,10.453924895144914,499
561,230574632,211.0,primary,81.15417079523998,20.2668591,85.78452404999999,1,230574632,27.0,2618.0,26.0,22.0,0.836148,True,19635.0,241.94689943343826,10.820556106031997,500
562,1141889032,212.0,primary,80.9953282551709,20.246536097913182,85.84114879777941,1,1141889032,46.0,1565.0,46.0,32.0,1.0,False,19997.222222222223,246.89352649108574,6.338764819969898,501
563,369195863,213.0,secondary,80.82000858795905,20.25396062782873,85.80514460947545,1,369195863,28.0,2489.0,27.0,23.0,0.847579,True,19358.888888888887,239.53089373679015,10.391143961309021,502
564,466600302,214.0,primary,80.56153115655368,20.26114995666392,85.83698629424265,1,466600302,27.0,71.0,27.0,10.0,1.0,False,532.5,6.609854509408503,10.74153748754049,503
565,230574632,215.0,primary,80.44930316768992,20.26829305,85.78434014999999,1,230574632,27.0,2618.0,26.0,22.0,0.836148,True,19635.0,244.06675044869522,10.72657375569199,504
566,464650413,216.0,primary,80.40772178294765,20.271290549217444,85.82299940099116,1,464650413,36.0,2051.0,36.0,25.0,1.0,False,20510.0,255.0750045544709,8.040772178294764,505
567,880075594,217.0,primary,80.27893588453611,20.26402814598148,85.84599283370595,1,880075594,43.0,1723.0,43.0,26.0,1.0,False,20580.277777777777,256.3596234929927,6.721027190333255,506
568,1069546779,218.0,secondary,80.24271505310345,20.29063228242225,85.83411979474296,1,1069546779,32.0,1015.0,32.0,21.0,1.0,False,9022.222222222223,112.43665192848283,9.027305443474138,507
569,1069546779,219.0,secondary,80.24271505310344,20.29063228242225,85.83411979474296,1,1069546779,32.0,1015.0,32.0,21.0,1.0,False,9022.222222222223,112.43665192848285,9.027305443474136,508
570,464650413,220.0,primary,80.16368716067669,20.27071425483863,85.82253496477543,1,464650413,36.0,2051.0,36.0,25.0,1.0,False,20510.0,255.8515049200597,8.016368716067669,509
571,230574632,221.0,primary,79.79866303298277,20.267577350000003,85.7844292,1,230574632,27.0,2618.0,26.0,22.0,0.836148,True,19635.0,246.0567540070736,10.639821737731037,510
572,280421141,222.0,trunk,79.61094371663874,20.275055499915343,85.79513683013774,1,280421141,54.0,1376.0,54.0,44.0,1.0,False,20640.0,259.2608382267704,5.307396247775916,511
573,219116706,223.0,primary,79.23224722302729,20.214578327332585,85.85336155366238,1,219116706,46.0,1565.0,46.0,32.0,1.0,False,19997.222222222223,252.38741703151422,6.200784565280397,512
574,1189548648,224.0,primary,79.1434081392674,20.26320667723116,85.8452332349964,1,1189548648,43.0,1723.0,43.0,26.0,1.0,False,20580.277777777777,260.03780051476923,6.625959751194479,513
575,"[218508846, 1069546782]",225.0,secondary,78.61152759130555,20.29631687192609,85.83329765167068,2,218508846|1069546782,32.0,1015.0,32.0,21.0,1.0,False,9022.222222222223,114.7697099734274,8.843796854021873,514
576,26755988,226.0,secondary,78.51154029297457,20.27144253761616,85.8340416947914,1,26755988,32.0,271.0,32.0,15.0,1.0,True,2408.8888888888887,30.68197210116947,8.832548282959639,515
577,26755988,227.0,secondary,78.51154029297457,20.27144253761616,85.8340416947914,1,26755988,32.0,271.0,32.0,15.0,1.0,True,2408.8888888888887,30.68197210116947,8.832548282959639,516
578,1212991822,228.0,secondary,78.24755192657219,20.26122661588895,85.7862727922035,1,1212991822,28.0,2489.0,27.0,23.0,0.847579,True,19358.888888888887,247.40568122892006,10.060399533416424,517
579,1212991822,229.0,secondary,78.24755192657219,20.26122661588895,85.7862727922035,1,1212991822,28.0,2489.0,27.0,23.0,0.847579,True,19358.888888888887,247.40568122892006,10.060399533416424,518
580,368729170,230.0,primary,78.0539461302574,20.34239925949312,85.82243133549642,1,368729170,31.0,258.0,31.0,19.0,1.0,False,2221.6666666666665,28.463220334294455,9.064329228029893,519
581,876418712,231.0,secondary,78.04222668158944,20.27549089407868,85.82594516236657,1,876418712,33.0,98.0,33.0,17.0,1.0,False,898.3333333333333,11.51086240784125,8.513697456173395,520
582,762822065,232.0,primary,77.82599946376246,20.229757310947168,85.8411980485149,1,762822065,43.0,1723.0,43.0,26.0,1.0,False,20580.277777777777,264.4396206869199,6.515665071384764,521
583,26754699,233.0,secondary,77.68858521384426,20.278215788189428,85.84164788101694,1,26754699,29.0,1295.0,29.0,19.0,1.0,True,10431.944444444443,134.27898597624932,9.644100233442737,522
584,230574625,234.0,secondary,77.66369628471914,20.25570454711136,85.79984620971724,1,230574625,27.0,2618.0,26.0,22.0,0.836148,True,19635.0,252.82082799686833,10.355159504629219,523
585,26764914,235.0,secondary,77.45751585045306,20.27542863295961,85.8259204250673,1,26764914,33.0,97.0,33.0,15.0,1.0,False,889.1666666666666,11.479411092699866,8.449910820049425,524
586,876451409,236.0,primary,77.36311363034815,20.3620941,85.82845549999999,1,876451409,36.0,2051.0,36.0,25.0,1.0,False,20510.0,265.11342470004075,7.736311363034815,525
587,26754699,237.0,secondary,77.10456891854011,20.27872425,85.83701880000001,1,26754699,34.0,898.0,34.0,20.0,1.0,False,8481.111111111111,109.99492286989226,8.164013179610128,526
588,1141889037,238.0,primary,77.05379378989358,20.25181517912289,85.8412381505656,1,1141889037,43.0,1723.0,43.0,26.0,1.0,False,20580.277777777777,267.0897403688525,6.451015294037601,527
589,26754491,239.0,secondary,76.85837924965404,20.31295650750747,85.83023922180068,1,26754491,32.0,1015.0,32.0,21.0,1.0,False,9022.222222222223,117.38762006567859,8.646567665586078,528
590,746487581,240.0,secondary,76.81755821444239,20.31098495,85.83405425000001,1,746487581,34.0,898.0,34.0,20.0,1.0,False,8481.111111111111,110.40589297873031,8.133623810940959,529
591,1209072902,241.0,secondary,76.66226491564379,20.257803,85.83382865,1,1209072902,28.0,1341.0,28.0,17.0,1.0,True,10430.0,136.0512895291676,9.85657691772563,530
592,368729170,242.0,primary,76.51234521424433,20.342574660861903,85.82079683795804,1,368729170,31.0,258.0,31.0,19.0,1.0,False,2221.6666666666665,29.036708526522304,8.88530460552515,531
593,252236396,243.0,secondary,76.21696737606669,20.25874425,85.79069875,1,252236396,27.0,2618.0,26.0,22.0,0.835309,True,19635.0,257.6198014166291,10.162262316808892,532
594,456959535,244.0,secondary,76.0183041434752,20.269298560807528,85.84123361376834,1,456959535,29.0,1295.0,29.0,19.0,1.0,True,10431.944444444443,137.22937602969188,9.43675499712106,533
595,874459840,245.0,primary,75.27153600195132,20.27711447796328,85.85325322694929,1,874459840,43.0,1723.0,43.0,26.0,1.0,False,20580.277777777777,273.41381444965145,6.301803014116855,534
596,40016878,246.0,primary,74.93335427703464,20.2903195,85.8574428,1,40016878,27.0,261.0,27.0,19.0,1.0,False,1957.5,26.123213339188915,9.991113903604619,535
597,90617087,247.0,secondary,74.54337937283115,20.23754825172548,85.81093606861062,1,90617087,27.0,2618.0,26.0,22.0,0.835248,True,19635.0,263.40367401100644,9.93911724971082,536
598,875004054,248.0,secondary,74.52705909445537,20.244749096414743,85.84537523068175,1,875004054,28.0,1344.0,28.0,20.0,1.0,False,10453.333333333334,140.2622545468326,9.582050455001404,537
599,230574625,249.0,secondary,74.23970594770655,20.255960753658176,85.79917191881756,1,230574625,27.0,2618.0,26.0,22.0,0.835248,True,19635.0,264.4811122208731,9.898627459694207,538
600,1208795201,250.0,primary,73.91821943479748,20.35241979081646,85.82638547510318,1,1208795201,37.0,1860.0,37.0,29.0,1.0,False,19116.666666666668,258.6191444117413,7.19204297203435,539
601,1209072902,251.0,secondary,73.7914078302696,20.256329,85.83269815,1,1209072902,28.0,1341.0,28.0,17.0,1.0,True,10430.0,141.3443693063891,9.487466721034664,540
602,880075594,252.0,primary,73.45842669377163,20.266826460095093,85.84770767976298,1,880075594,43.0,1723.0,43.0,26.0,1.0,False,20580.277777777777,280.16224555926584,6.1500078162227405,541
603,367932805,253.0,secondary,73.42535185842101,20.245197208153613,85.83638253892481,1,367932805,23.0,400.0,23.0,15.0,1.0,False,2555.5555555555557,34.80481183778575,11.492663769144158,542
604,367932805,254.0,secondary,73.425351858421,20.245197208153616,85.83638253892482,1,367932805,23.0,400.0,23.0,15.0,1.0,False,2555.5555555555557,34.804811837785756,11.492663769144157,542
605,1208785492,255.0,primary,73.2478395233728,20.3217124,85.82039915,1,1208785492,36.0,2051.0,36.0,25.0,1.0,False,20510.0,280.00825872079713,7.32478395233728,543
606,762822065,256.0,primary,73.22170644508729,20.230436413694544,85.84120996443687,1,762822065,43.0,1723.0,43.0,26.0,1.0,False,20580.277777777777,281.06798894685664,6.130189376798006,544
607,478257594,257.0,primary,73.0440981864751,20.23462765,85.8411155,1,478257594,46.0,1565.0,46.0,32.0,1.0,False,19997.222222222223,273.76917120902897,5.7164946406806605,545
608,252236395,258.0,secondary,72.93580588745561,20.2590698167442,85.78986399452702,1,252236395,28.0,2489.0,27.0,23.0,0.845968,True,19358.888888888887,265.42366473280396,9.377460756958579,546
609,464650413,259.0,primary,72.8080067503424,20.27326498194773,85.82434929196349,1,464650413,36.0,2051.0,36.0,26.0,1.0,False,20510.0,281.69978708974264,7.28080067503424,547
610,26755741,260.0,trunk,72.76186115709407,20.264742400000003,85.79133475,1,26755741,54.0,1309.0,54.0,41.0,1.0,False,19635.0,269.8529104087608,4.850790743806272,548
611,252236396,261.0,secondary,72.69361464489398,20.25901120338489,85.78984330609947,1,252236396,27.0,2618.0,26.0,22.0,0.834757,True,19635.0,270.1062548054098,9.692481952652532,549
612,1210211832,262.0,primary,72.39355995644307,20.2370403,85.8412148,1,1210211832,43.0,1723.0,43.0,26.0,1.0,False,20580.277777777777,284.28326760226025,6.060856182399885,550
613,279088743,263.0,primary,72.34256714637026,20.2634836,85.8339334,1,279088743,34.0,254.0,34.0,17.0,1.0,True,2398.8888888888887,33.16012941640891,7.659801227262733,551
614,1209433726,264.0,secondary,72.32942985256548,20.2448511054324,85.84335363152812,1,1209433726,28.0,1344.0,28.0,20.0,1.0,False,10453.333333333334,144.5239282908928,9.299498123901277,552
615,1209433726,265.0,secondary,72.32942985256548,20.2448511054324,85.84335363152812,1,1209433726,28.0,1344.0,28.0,20.0,1.0,False,10453.333333333334,144.5239282908928,9.299498123901277,553
616,1138034029,266.0,primary,72.24143592255933,20.293802063554526,85.85726407302036,1,1138034029,27.0,62.0,27.0,3.0,1.0,False,465.0,6.436749132429568,9.632191456341245,554
617,1208491977,267.0,primary,72.08758016553178,20.34309985,85.8161954,1,1208491977,27.0,299.0,27.0,16.0,1.0,False,2242.5,31.107993843747266,9.611677355404236,555
618,875004049,268.0,secondary,71.91277080011815,20.24487197042032,85.84487388266561,1,875004049,28.0,1344.0,28.0,20.0,1.0,False,10453.333333333334,145.3612928138789,9.245927674300905,553
619,300173742,269.0,primary,71.8439994835778,20.33092055,85.82127205,1,300173742,36.0,2051.0,36.0,26.0,1.0,False,20510.0,285.4796524056014,7.184399948357781,556
620,478371821,270.0,primary,71.30308057455646,20.26798305,85.8481798,1,478371821,46.0,1565.0,46.0,32.0,1.0,False,19997.222222222223,280.4538325845905,5.580241088443549,557
621,1069546778,271.0,secondary,70.70134577826715,20.28290119405398,85.83518939498396,1,1069546778,32.0,1015.0,32.0,21.0,1.0,False,9022.222222222223,127.61033220665452,7.953901400055054,558
622,746487579,272.0,secondary,70.40399314750526,20.295353870049286,85.84201727004343,1,746487579,29.0,1295.0,29.0,19.0,1.0,True,10431.944444444443,148.17262456389656,8.739806045897206,559
623,865024248,273.0,primary,70.35092387073752,20.2924419288294,85.78051974451752,1,865024248,42.0,1665.0,42.0,39.0,1.0,False,19425.0,276.1157768971366,6.030079188920359,463
624,300173742,274.0,primary,70.33925676472191,20.32593909886401,85.82062525770813,1,300173742,36.0,2051.0,36.0,26.0,1.0,False,20510.0,291.5868171397373,7.033925676472191,560
625,1209072902,275.0,secondary,70.2197771050809,20.25685825,85.83309575,1,1209072902,28.0,1341.0,28.0,17.0,1.0,True,10430.0,148.5336529108025,9.028257056367543,561
626,746487559,276.0,primary,70.21446664791772,20.26059484886833,85.84349012081732,1,746487559,46.0,1565.0,46.0,32.0,1.0,False,19997.222222222223,284.80202409705635,5.495045215923995,562
627,1069546779,277.0,secondary,70.02143194497546,20.2917471,85.8339703,1,1069546779,32.0,1015.0,32.0,21.0,1.0,False,9022.222222222223,128.8494389733718,7.877411093809739,563
628,1069546779,278.0,secondary,70.02143194497546,20.2917471,85.8339703,1,1069546779,32.0,1015.0,32.0,21.0,1.0,False,9022.222222222223,128.8494389733718,7.877411093809739,564
629,264753949,279.0,secondary,69.92228678623202,20.2698713,85.8415983,1,264753949,28.0,1341.0,28.0,17.0,1.0,True,10430.0,149.1656019759026,8.990008301086974,565
630,865024248,280.0,primary,69.63187548977514,20.28830715,85.78112279999999,1,865024248,42.0,1665.0,42.0,39.0,1.0,False,19425.0,278.9670659215893,5.968446470552156,463
631,"[464097500, 456959532]",281.0,secondary,69.62521597412191,20.26868653527628,85.84067959901596,2,456959532|464097500,29.0,1295.0,29.0,19.0,1.0,True,10431.944444444443,149.82997608684985,8.643130258856514,566
632,1208988381,282.0,secondary,68.92511636801719,20.2796952,85.83511415000001,1,1208988381,32.0,1015.0,32.0,21.0,1.0,False,9022.222222222223,130.89890445812492,7.754075591401933,563
633,876473604,283.0,secondary,68.89941288296072,20.27969425,85.83518095,1,876473604,34.0,898.0,34.0,20.0,1.0,False,8481.111111111111,123.09409842893663,7.295231952313488,567
634,879562787,284.0,secondary,68.79122797512909,20.2819995,85.84394764999999,1,879562787,28.0,1341.0,28.0,17.0,1.0,True,10430.0,151.61816858060567,8.844586453945169,568
635,1210210285,285.0,primary,68.70819694472011,20.2747487,85.8519489,1,1210210285,43.0,1723.0,43.0,26.0,1.0,False,20580.277777777777,299.5316234878911,5.752314162813777,569
636,776295454,286.0,secondary,68.57922102488006,20.25689625,85.79624125000001,1,776295454,28.0,2489.0,27.0,23.0,0.847172,True,19358.888888888887,282.285050771656,8.817328417484578,570
637,776295454,287.0,secondary,68.57922102488006,20.25689625,85.79624125000001,1,776295454,28.0,2489.0,27.0,22.0,0.847172,True,19358.888888888887,282.285050771656,8.817328417484578,571
638,876134933,288.0,secondary,68.53403695961849,20.31374805,85.82847534999999,1,876134933,32.0,1015.0,32.0,21.0,1.0,False,9022.222222222223,131.64585981617108,7.71007915795708,572
639,865024248,289.0,primary,68.47069528602644,20.2907166,85.78077504999999,1,865024248,42.0,1665.0,42.0,39.0,1.0,False,19425.0,283.69801005897295,5.868916738802267,463
640,874644320,290.0,primary,68.3810791273995,20.22490145,85.8432034,1,874644320,46.0,1565.0,46.0,32.0,1.0,False,19997.222222222223,292.43794449288777,5.351562714318223,573
641,264753949,291.0,secondary,68.21729022284364,20.26929225,85.84135864999999,1,264753949,28.0,1341.0,28.0,17.0,1.0,True,10430.0,152.89378933007438,8.770794457222754,574
642,742084228,292.0,trunk,68.18614962368711,20.322648945248577,85.88256900664368,1,742084228,53.0,1358.0,53.0,42.0,1.0,False,19992.777777777777,293.2087804945142,4.631512049910823,575
643,874594465,293.0,trunk,67.89512375542482,20.2131842,85.85338279999999,1,874594465,46.0,1565.0,46.0,32.0,1.0,False,19997.222222222223,294.5310519538518,5.313531424337595,576
644,746487559,294.0,primary,67.7005083194458,20.263369841523247,85.84525275854583,1,746487559,46.0,1565.0,46.0,32.0,1.0,False,19997.222222222223,295.3777263807983,5.298300651087064,577
645,1209433726,295.0,secondary,67.6262946331855,20.24480095,85.8426862,1,1209433726,29.0,1299.0,29.0,22.0,1.0,False,10464.166666666666,154.73517695189088,8.394988299291994,578
646,1209433726,296.0,secondary,67.6262946331855,20.24480095,85.8426862,1,1209433726,29.0,1299.0,29.0,22.0,1.0,False,10464.166666666666,154.73517695189088,8.394988299291994,578
647,1141889036,297.0,primary,67.53572053080278,20.25209812298477,85.84112056354039,1,1141889036,46.0,1565.0,46.0,32.0,1.0,False,19997.222222222223,296.0984507909643,5.285404215454131,579
648,279088748,298.0,secondary,67.43744301005415,20.261938751225525,85.8371094022399,1,279088748,28.0,1341.0,28.0,17.0,1.0,True,10430.0,154.66185451967695,8.670528387006962,580
649,1208785499,299.0,primary,67.3815774180633,20.34301355,85.8161769,1,1208785499,31.0,258.0,31.0,20.0,1.0,False,2221.6666666666665,32.97142560024268,7.824957377581545,581
650,1014003072,300.0,secondary,67.28666428664424,20.295539335601443,85.84214329201816,1,1014003072,28.0,1341.0,28.0,17.0,1.0,True,10430.0,155.00842716125334,8.651142551139973,582
651,870242503,301.0,trunk,67.26907640328514,20.30082160041728,85.8712847713272,1,870242503,54.0,1428.0,54.0,40.0,1.0,False,21420.0,318.42268610297043,4.484605093552343,583
652,874459840,302.0,primary,67.24900013487127,20.2804996,85.85522575,1,874459840,43.0,1723.0,43.0,26.0,1.0,False,20580.277777777777,306.0309853901618,5.63014884850085,584
653,279088743,303.0,primary,67.13933422814407,20.26384967197077,85.83339053094252,1,279088743,34.0,254.0,34.0,20.0,1.0,True,2398.8888888888887,35.730007103396346,7.108870682979959,585
654,874056882,304.0,primary,67.04268960574902,20.35902865,85.82806529999999,1,874056882,37.0,1860.0,37.0,29.0,1.0,False,19116.666666666668,285.1417026835299,6.5230725021809866,586
655,279088748,305.0,secondary,66.70520712362648,20.264484989092846,85.83890463287636,1,279088748,28.0,1341.0,28.0,17.0,1.0,True,10430.0,156.35960743918855,8.57638377303769,587
656,1208795197,306.0,primary,66.70235533323444,20.33828735,85.8223352,1,1208795197,37.0,1860.0,37.0,29.0,1.0,False,19116.666666666668,286.59657625525847,6.489958897287676,588
657,880075598,307.0,secondary,66.65680051718257,20.271666873266987,85.8333951881121,1,880075598,34.0,898.0,34.0,20.0,1.0,False,8481.111111111111,127.23549653309384,7.05777887828992,589
658,279088746,308.0,primary,66.60370752964253,20.261493857203018,85.83715986635791,1,279088746,32.0,271.0,32.0,18.0,1.0,True,2408.8888888888887,36.167489442187474,7.492917097084785,590
659,478372781,309.0,primary,66.5395391057829,20.26038274596368,85.84345168690167,1,478372781,43.0,1723.0,43.0,26.0,1.0,False,20580.277777777777,309.293963474255,5.5707521111818235,591
660,876451409,310.0,primary,66.29723424228578,20.36393124372287,85.82886098058074,1,876451409,36.0,2051.0,36.0,26.0,1.0,False,20510.0,309.36433826251965,6.629723424228578,592
661,874644320,311.0,primary,66.29147495325302,20.221075870893365,85.84625843476937,1,874644320,46.0,1565.0,46.0,32.0,1.0,False,19997.222222222223,301.6560158953128,5.18802847460241,593
662,464650415,312.0,primary,66.24445559444874,20.28528235,85.82681260000001,1,464650415,35.0,598.0,35.0,18.0,1.0,False,5813.888888888889,87.76415832415853,6.813715432571871,594
663,880075597,313.0,secondary,66.15076346765119,20.27173667510089,85.83342461999705,1,880075597,34.0,898.0,34.0,20.0,1.0,False,8481.111111111111,128.20881674719467,7.004198484810126,595
664,1105211172,314.0,primary,66.06337197043854,20.24178217895773,85.84108667482901,1,1105211172,43.0,1723.0,43.0,26.0,1.0,False,20580.277777777777,311.52327173046604,5.530886955664622,596
665,1203852633,315.0,primary,65.83410261113927,20.33409365,85.82178965,1,1203852633,37.0,1860.0,37.0,29.0,1.0,False,19116.666666666668,290.3763537202387,6.405480254056795,597
666,1208795201,316.0,primary,65.80279448132725,20.34322569329477,85.8231824751072,1,1208795201,37.0,1860.0,37.0,29.0,1.0,False,19116.666666666668,290.5145110834369,6.402434057642652,598
667,279088748,317.0,secondary,65.59898431394345,20.2668286,85.8402508,1,279088748,28.0,1341.0,28.0,17.0,1.0,True,10430.0,158.99636418277657,8.434155126078442,599
668,1209004191,318.0,primary,65.51829135071483,20.260305996632272,85.83860666960207,1,1209004191,32.0,271.0,32.0,18.0,1.0,True,2408.8888888888887,36.76666224389575,7.370807776955418,600
669,368712589,319.0,secondary,65.47185317531397,20.31303638517433,85.88114298200288,1,368712589,34.0,2181.0,34.0,27.0,1.0,False,20598.333333333332,314.6135680347581,6.932313865621479,601
670,368712589,320.0,secondary,65.47185317531397,20.31303638517433,85.88114298200288,1,368712589,34.0,2181.0,34.0,27.0,1.0,False,20598.333333333332,314.6135680347581,6.932313865621479,601
671,875007028,321.0,secondary,65.42149091582739,20.24660944241097,85.83609590555864,1,875007028,23.0,400.0,23.0,16.0,1.0,False,2555.5555555555557,39.06293665553396,10.239885534651245,602
672,1209072902,322.0,secondary,65.05062878754624,20.2555575,85.83213665,1,1209072902,28.0,1341.0,28.0,17.0,1.0,True,10430.0,160.33665153436294,8.363652272684517,603
673,875004053,323.0,secondary,65.03740747541934,20.243838721622488,85.85520723675646,1,875004053,28.0,1344.0,28.0,20.0,1.0,False,10453.333333333334,160.7280139092896,8.361952389696773,604
674,478257595,324.0,primary,65.02905364273228,20.23859665,85.84118269999999,1,478257595,43.0,1723.0,43.0,26.0,1.0,False,20580.277777777777,316.47819897311166,5.444292863112469,605
675,368721302,325.0,primary,64.80364187891419,20.342998664734267,85.81057888456992,1,368721302,27.0,299.0,27.0,16.0,1.0,False,2242.5,34.604536643019514,8.640485583855225,606
676,"[1209433725, 1249542286]",326.0,primary,64.306059850183,20.244332999030163,85.84105306463591,2,1209433725|1249542286,46.0,1565.0,46.0,32.0,1.0,False,19997.222222222223,310.9694835729438,5.032648162188235,607
677,875007028,327.0,secondary,64.0240951230932,20.24948925,85.836263,1,875007028,20.0,2.0,20.0,1.0,1.0,False,11.11111111111111,0.17354577350525308,11.524337122156776,608
678,1141889036,328.0,primary,63.938236476486495,20.254728323888045,85.84076558935882,1,1141889036,46.0,1565.0,46.0,32.0,1.0,False,19997.222222222223,312.75842632250686,5.003861985116335,607
679,470103540,329.0,primary,63.57053301373808,20.34284102126026,85.81059278314979,1,470103540,31.0,258.0,31.0,20.0,1.0,False,2221.6666666666665,34.94805787119242,7.382384479014745,609
680,1209072881,330.0,secondary,63.42674662549082,20.2556377,85.8320052,1,1209072881,29.0,1295.0,29.0,19.0,1.0,True,10431.944444444443,164.4723243656314,7.873665098336792,610
681,"[1208986537, 1208986538]",331.0,secondary,63.40995936736333,20.26854058297073,85.8408343793287,2,1208986537|1208986538,29.0,1295.0,29.0,19.0,1.0,True,10431.944444444443,164.51586704238915,7.871581162845103,611
682,40016878,332.0,primary,63.34287450597982,20.289698040869062,85.85746190686119,1,40016878,27.0,261.0,27.0,18.0,1.0,False,1957.5,30.90323916094468,8.44571660079731,612
683,746487581,333.0,secondary,62.91702297753602,20.311601132967063,85.8341057994827,1,746487581,34.0,898.0,34.0,20.0,1.0,False,8481.111111111111,134.7983536051796,6.661802432915579,613
684,1208791971,334.0,primary,62.88910034855539,20.3527536,85.8263753,1,1208791971,36.0,2051.0,36.0,26.0,1.0,False,20510.0,326.1296454604336,6.2889100348555385,614
685,232511043,335.0,primary,62.871657968913176,20.27066875,85.78400769999999,1,232511043,27.0,2618.0,26.0,22.0,0.836777,True,19635.0,312.30288232113276,8.382887729188424,615
686,367555141,336.0,secondary,62.80076167923156,20.243777144466005,85.85519331313522,1,367555141,28.0,1344.0,28.0,20.0,1.0,False,10453.333333333334,166.45233359948705,8.07438364447263,616
687,746487560,337.0,primary,62.7974093806127,20.25797731064939,85.84126868520211,1,746487560,43.0,1723.0,43.0,26.0,1.0,False,20580.277777777777,327.72494885961777,5.257457529539668,617
688,874644320,338.0,primary,62.76526774094566,20.2206449,85.8466696,1,874644320,46.0,1565.0,46.0,32.0,1.0,False,19997.222222222223,318.603312659444,4.912064431900095,618
689,874056882,339.0,primary,62.208475198467184,20.35777424512435,85.8278609214031,1,874056882,37.0,1860.0,37.0,29.0,1.0,False,19116.666666666668,307.300035978662,6.052716505796807,619
690,279088748,340.0,secondary,61.82178666660269,20.2663183005252,85.83997360686084,1,279088748,28.0,1341.0,28.0,17.0,1.0,True,10430.0,168.71075008310112,7.948515428563203,620
691,264753949,341.0,secondary,61.61786616520726,20.2711115,85.84211429999999,1,264753949,28.0,1341.0,28.0,17.0,1.0,True,10430.0,169.26908783299177,7.9222970783837905,621
692,876451409,342.0,primary,61.552714374238654,20.35399595,85.8268256,1,876451409,36.0,2051.0,36.0,26.0,1.0,False,20510.0,333.2103256291805,6.155271437423865,622
693,1203852633,343.0,primary,61.51758168229616,20.3335256,85.8217124,1,1203852633,37.0,1860.0,37.0,29.0,1.0,False,19116.666666666668,310.75127051309556,5.98549443395314,623
694,292410140,344.0,trunk,61.13548247477992,20.30119287730161,85.86407423013047,1,292410140,54.0,1428.0,54.0,41.0,1.0,False,21420.0,350.36936215946844,4.075698831651994,624
695,876473604,345.0,secondary,61.03508199396885,20.28027675,85.8352277,1,876473604,34.0,898.0,34.0,20.0,1.0,False,8481.111111111111,138.95469349822727,6.462538093479055,625
696,1141889036,346.0,primary,61.034692436091326,20.25609867314088,85.84014714090301,1,1141889036,46.0,1565.0,46.0,32.0,1.0,False,19997.222222222223,327.6369786439256,4.7766281036941045,626
697,1069546778,347.0,secondary,60.94294021137681,20.28402675637364,85.83506922144088,1,1069546778,32.0,1015.0,32.0,21.0,1.0,False,9022.222222222223,148.04376341097435,6.85608077377989,627
698,1208795197,348.0,primary,60.63372269388464,20.338855573667555,85.82241035188981,1,1208795197,37.0,1860.0,37.0,29.0,1.0,False,19116.666666666668,315.2810979985355,5.899497343188776,628
699,865024248,349.0,primary,60.36897279670646,20.29406344536884,85.78039299060175,1,865024248,42.0,1665.0,42.0,40.0,1.0,False,19425.0,321.7712526832951,5.17448338257484,322
