segment_id,rank,total_score,distance_m,distance_score,length_similarity_score,road_type_score,osmid_match,candidate_length_basis_m,traffic_length_m,osm_edge_length_attribute_m,osm_edge_geometry_length_m,length_ratio_traffic_to_basis,candidate_osmid,candidate_highway,u,v,key,reciprocal_edge_exists
0,1,0.9388808856489854,11.35828814528417,0.7967886933336948,0.9992213882443841,1.0,True,3014.648868257163,3016.9979383186064,3016.9979383186064,3014.648868257163,1.0007792184642723,1209033472;280421140;1317533102,trunk,2845389661,4875425580,0,False
1,1,0.9288098042780151,13.510543098806073,0.7632185435979385,0.9992212059931672,1.0,True,2968.969573126181,2971.283590979436,2971.283590979436,2968.969573126181,1.0007794009996602,44948707;1317533101;1317533103,trunk,2845389637,8182316403,0,False
2,1,0.9894761671318713,1.7422560118889292,0.9657549805767803,0.9987483647941853,1.0,True,2003.558764631382,2001.0510399446507,2001.0510399446507,2003.558764631382,0.9987483647941853,279958946;1317535730;1209009343,trunk,8182316352,3320289784,0,False
3,1,0.987575790858346,2.0712795946359006,0.9594207213655539,0.9987478722433996,1.0,True,1992.0665549788926,1989.572233152408,1989.5722331524078,1992.0665549788926,0.9987478722433996,26755549;1317535729;1209009372;218526245,trunk,12194086396,8182316353,0,False
4,1,0.7346029525102867,34.545463378646076,0.5011202094916722,0.42133444831392536,1.0,True,3932.268031748674,1656.7999817793127,1656.7999817793127,1650.1826447801516,0.42133444831392536,873398460,trunk,11936495261,8106127986,0,False
5,1,0.7136016487219443,55.30926484758361,0.33081853156486507,0.5717804462624241,1.0,True,2777.330337275304,1588.023179665442,1588.023179665442,1582.6386955717521,0.5717804462624241,742084225;742084226;44947113,trunk,2277412755,8145058465,0,False
6,1,0.8999319676087252,0.7353513306414209,0.9854005934666368,0.5215589478436709,1.0,True,2887.3174936178143,1505.9062740619322,1505.9062740619322,1500.744324893178,0.5215589478436709,44948644;1203900681;1194664843;1194664844;1317520819,trunk,12617765453,8182316410,0,False
7,1,0.968854475792063,1.9531115724710424,0.961690859868028,0.901736089158273,1.0,True,1645.3088144295225,1483.6343357813123,1483.6343357813125,1478.5511688507565,0.901736089158273,1203900682;1209038916;1194663758,trunk,11088563838,12617765452,0,False
8,1,0.6604377115872295,62.16023534173078,0.2884583107809237,0.3695010917647624,1.0,True,3932.268031748674,1452.9773308428084,1452.9773308428084,1447.9087292277711,0.3695010917647624,873398460,trunk,8105661609,11936495261,0,False
9,1,0.7913369115464174,38.1157166744926,0.46658534241348076,0.7568065441118659,1.0,True,1841.5532199164138,1393.69952816302,1393.69952816302,1387.5511649510563,0.7568065441118659,1210277736,trunk,6010327766,4593964306,0,False
10,1,0.8872327945005907,1.1155964970608792,0.9779351402187743,0.46926126217479247,1.0,True,2966.647546776312,1392.132772228004,1392.1327722280041,1386.5731687246364,0.46926126217479247,1203900681;218526250;218526251;280421141,trunk,12094771861,12617765453,0,False
11,1,0.7415969889791814,76.53052254558584,0.21640352325830867,0.8833796600084434,1.0,True,1567.0506046218045,1384.3006303268353,1567.6704669611318,1567.0506046218045,0.8833796600084434,279958945;879568355;879568356;325359753;218505930;218505931;1210086508;26755786;1209009371,trunk,13519081481,8140380974,0,False
12,1,0.7587414090726124,28.18840430748095,0.5690607489465023,0.44011592194330895,1.0,True,2993.152207872555,1317.3339434844804,1317.3339434844804,1311.4578019106236,0.44011592194330895,742084228,trunk,11936417209,2277412746,0,False
13,1,0.7520478783747033,87.49049939435368,0.17380696574183005,0.9995289432607714,1.0,True,1307.8149355491046,1308.4312809218004,1308.4312809218004,1307.8149355491046,1.0004712787382544,879568354;879568357;573401034;325359754;874464058,trunk,3722327657,8182365087,0,False
14,1,0.7938637485658621,14.642579999799155,0.7461328586009631,0.3501194549278656,1.0,True,3647.786873447907,1277.1611518246043,1277.1611518246045,1271.804177031116,0.3501194549278656,478811049,trunk,4593969312,8105607829,0,False
15,1,0.9749709352095337,1.8827613122929603,0.963044916270901,0.9302873016413171,1.0,True,1313.7312787999997,1222.1475264366486,1222.1475264366486,1217.305702173846,0.9302873016413171,218526248;26755741;218526246,trunk,2277623507,2845389661,0,False
16,1,0.6876504620991295,42.420941876155815,0.4280912789675377,0.29611539204434106,1.0,True,3647.786873447907,1080.1658401252282,1080.1658401252282,1076.5569423782376,0.29611539204434106,478811049,trunk,8105566319,10603648617,0,False
17,1,0.8640524440886497,5.780681823511905,0.8908193369201076,0.4840332150630864,1.0,True,2203.380084120088,1066.50914612262,1066.50914612262,1061.6677185289775,0.4840332150630864,26754491,secondary,8166852626,293466286,0,False
18,1,0.9060570140284758,4.172284512936192,0.9199410470748118,0.6503734995301615,1.0,True,1637.8707371475066,1065.2277230966693,1065.2277230966693,1060.377512440294,0.6503734995301615,746487581,secondary,12702159517,2841407764,0,False
19,1,0.904343679886489,4.6122230263827655,0.9118822030908696,0.6538950947961398,1.0,True,1547.913794265329,1012.1732372373798,1012.1732372373798,1007.7140584691377,0.6538950947961398,464650412,primary,4601752551,2277623696,0,False
20,1,0.8507811726144161,4.723871026164361,0.9098482782921083,0.38913344563391794,1.0,True,2492.358467920677,969.8600383768458,969.8600383768458,965.5691965246064,0.38913344563391794,742084229,trunk,3725628684,11936417213,0,False
21,1,0.8115525917794393,8.035164748502881,0.8515446912215747,0.28044592206483415,1.0,True,3451.1696200402116,967.8664462943204,967.8664462943203,963.4630558257937,0.28044592206483415,742084229;742084230;742084223,trunk,569909810,3725628832,0,False
22,1,0.8295341836896757,5.7273313483903,0.8917703569010011,0.31001538309687615,1.0,True,3104.432191322331,962.4217350910671,962.4217350910671,958.8111521195347,0.31001538309687615,742084224;464267621;742084223,trunk,569909804,569909810,0,False
23,1,0.9557025523711347,0.3608488821376146,0.992809002204168,0.7892992585494215,1.0,True,1165.5133436722208,919.938817989941,742.6533941679469,741.3317827701684,0.7892992585494215,874464056;877825096;292410142,trunk,13519104254,8156596370,0,False
24,1,0.922881049112305,0.41487932622153084,0.991736743429095,0.6268001304178824,1.0,True,1387.1228472058126,869.4487815342277,869.4487815342277,865.4803745188397,0.6268001304178824,414500083;875146659,primary,12435035117,8144915374,0,False
25,1,0.934600598334113,12.290642977556477,0.782068567894549,0.9999001398287417,1.0,True,852.4792107341588,852.5643479559544,852.5643479559544,852.4792107341588,1.000099870144308,44948784;1317535728;1317535732;218526252,trunk,3320289784,2277623681,0,False
26,1,0.8691079071440431,6.428920252527616,0.8793446146565598,0.526522613735375,1.0,True,1544.979758064063,813.4667803841377,813.4667803841377,809.9072058461466,0.526522613735375,464650415,primary,2841381803,3718108687,0,False
27,1,0.7271720608183347,34.66611780825952,0.49991241986855267,0.38599167428884507,1.0,True,2089.364187852574,806.477181068368,806.477181068368,803.1688851327463,0.38599167428884507,741818619,secondary,8133212859,7243077747,0,False
28,1,0.8372861856975313,0.5234483225003901,0.989585642446885,0.20205246481732858,1.0,True,3932.268031748674,794.5244481372048,794.5244481372048,791.2128773004227,0.20205246481732858,873398460,trunk,8106128001,6010327766,0,False
29,1,0.9399764721663539,2.7410712095725227,0.9466541823963418,0.7799010872372567,1.0,True,1008.60596256222,786.6128867962552,786.6128867962552,785.2583866572334,0.7799010872372567,877786608;292410140;292410141,trunk,3725590874,13108436171,0,False
30,1,0.8672442519849013,13.47510144824603,0.7637597298790924,0.6905816651058679,1.0,True,1117.5586563921288,771.7655177847529,771.7655177847529,771.7332132666822,0.6905816651058679,26755523;1317535731;218526247;1209033471,trunk,12888493319,12194086396,0,False
31,1,0.9594773107362591,0.8777817731191884,0.9825975668743553,0.8234902033697623,1.0,True,926.3045486598251,762.8027211582153,762.8027211582153,761.2978280729528,0.8234902033697623,842470001;196857001;1286989884,trunk,11936490107,2277412722,0,False
32,1,0.7848663408571545,8.657469427660102,0.8410119678986392,0.16281375243781332,1.0,True,4575.790903444307,745.0016873605796,745.0016873605796,741.6115755930846,0.16281375243781332,742084226;742084227;742084228,trunk,2277412746,2277412755,0,False
33,1,0.9547664048491544,8.107134261087944,0.8503198678050556,0.9983522225381881,1.0,True,724.989421389178,726.186014336685,726.1860143366849,724.989421389178,1.0016504971137568,364407161;1317517332;1318339357,secondary,293464258,8100516249,0,True
34,1,0.954766404854906,8.1071342599606,0.8503198678242276,0.9983522225381883,1.0,True,724.989421389178,726.1860143366849,726.1860143366849,724.989421389178,1.0016504971137565,364407161;1317517332;1318339357,secondary,293464258,8100516249,0,True
35,1,0.8451543652560372,34.52553314696501,0.501319998144873,0.9737918290628761,1.0,True,723.159401006218,704.2067158098589,704.2067158098589,704.6200222777805,0.9737918290628761,1194663768,primary,8182317117,2390658944,0,False
36,1,0.6544833443962275,58.559776161548804,0.309996112088691,0.30742255384810074,1.0,True,2234.9956292237284,687.0880641753015,687.0880641753015,685.631618827035,0.30742255384810074,1238285688;90617087,secondary,3718134030,3718134117,0,False
37,1,0.8152620025666366,8.571953039401635,0.8424516047927137,0.31263260564411205,1.0,True,2140.9691354965375,669.3367594339045,669.3367594339045,666.2983549478024,0.31263260564411205,464267621,trunk,569909792,8145181028,0,False
38,1,0.9803940749910465,3.3305417313595256,0.9355592177526524,0.998631548326254,1.0,True,594.1671701363757,594.9813733926426,594.9813733926426,594.1671701363757,1.0013703268998857,464264628;1209009347;1209009348;196856999,trunk,8167025453,8167025475,0,False
39,1,0.7204035220847316,25.041947228163412,0.6060220275001591,0.1929845691734193,1.0,True,3077.085037375217,593.829930247831,593.829930247831,592.0952395503886,0.1929845691734193,1213505657;196857002;44947105;742084228,trunk,2277412722,569909654,0,False
40,1,0.9598974681312826,7.162209934959467,0.8665424345208188,0.9996736888751843,1.0,True,592.5004060457658,592.3070665718152,592.3070665718152,592.5004060457658,0.9996736888751843,279091485,primary,2833450851,2833482043,0,False
41,1,0.8092705323838743,8.569518883902298,0.8424926189551888,0.28261373348658825,1.0,True,2089.364187852574,590.4830137421894,590.4830137421894,587.9832189929215,0.2826137334865883,741818619,secondary,8133212845,9924471955,0,False
42,1,0.8967177362539855,1.028397684621914,0.9796421239130298,0.5141254954003827,1.0,True,1147.5859244235712,590.0031819087746,590.0031819087746,588.8874482119232,0.5141254954003827,877786609;1393752818;464264627,trunk,12901379734,8167025453,0,False
43,1,0.8846465151126865,0.14477872368355899,0.9971086136587701,0.4275696550752777,1.0,True,1341.5532112198066,573.6074437863839,573.6074437863839,571.6423476916178,0.4275696550752777,880075594,primary,4719693651,2283167601,0,False
44,1,0.8624931484185328,0.0996108716768942,0.9980097657144408,0.31545109352100215,1.0,True,1798.2870649751005,567.271621111069,567.271621111069,564.7950284291412,0.3154510935210022,877821610;870242500;870242503,trunk,3725561095,4593964324,0,False
45,1,0.8285209773702464,0.7986577205381081,0.9841537398877035,0.16637427701967702,1.0,True,3370.6660522044567,560.7921275102855,560.7921275102855,558.2794243510158,0.16637427701967702,865024250,primary,8133341955,11968828660,0,False
46,1,0.8259789813630101,11.036888807828214,0.8019269370854152,0.4270045011869272,1.0,True,1312.5600726171874,560.469059085779,560.469059085779,558.6984762116481,0.4270045011869272,464264129;1210250340;1393752818;762847156;1393752821,trunk,12901379743,12901379734,0,False
47,1,0.9632135742171204,5.6140678466012695,0.8937927473346955,0.9753787500835585,1.0,True,549.0745765259061,535.5556741544974,535.5556741544973,535.3698006181368,0.9753787500835585,174417954;230927119;230927120;746487580;746487549,secondary,2393561249,293464921,0,True
48,1,0.9632135742171204,5.6140678466012695,0.8937927473346955,0.9753787500835582,1.0,True,549.0745765259061,535.5556741544973,535.5556741544973,535.3698006181368,0.9753787500835582,174417954;230927119;230927120;746487580;746487549,secondary,2393561249,293464921,0,True
49,1,0.9265466399260724,0.18015429700139693,0.996403397385121,0.6381281035526801,1.0,True,805.1330325753198,513.7780151849071,513.7780151849071,514.0650035070057,0.6381281035526801,876418713,secondary,293461281,293452705,0,True
50,1,0.9265466399286695,0.18015429656699192,0.9964033973937778,0.63812810355268,1.0,True,805.1330325753198,513.778015184907,513.7780151849071,514.0650035070057,0.63812810355268,876418713,secondary,293461281,293452705,0,True
51,1,0.9962137816022978,0.6048854618837121,0.987975173844553,0.9991061472446593,1.0,True,492.4004755591848,492.841002847525,492.841002847525,492.4004755591848,1.0008946524428919,279088741;746487561;746487564;1317517914;1317517916,primary,2833450825,2999157394,0,False
52,1,0.9994273043152189,0.06522794938668036,0.9986962915794307,0.9990920842069477,1.0,True,488.30047520685605,488.74421379732553,488.74421379732553,488.30047520685605,1.0009087408532247,279088738;746487562;746487563;1317517913;1317517915,primary,2999157393,2833450822,0,False
53,1,0.8762605893402773,0.10803598289075496,0.9978416130165172,0.38454052717661,1.0,True,1267.383212126753,487.360208526007,487.360208526007,485.13044989166633,0.38454052717661,368852567,primary,3726941181,3726926556,0,False
54,1,0.856539423605184,0.38721744381056017,0.9922855613320474,0.2942687760278491,1.0,True,1623.804412623429,477.834937011317,477.83493701131704,475.74508676427035,0.2942687760278492,870242497;877821612;870242502,trunk,8156683692,8141521597,0,False
55,1,0.8241738108029539,0.18967126783355143,0.9962137605919723,0.1265484131268109,1.0,True,3727.7442722503997,471.7401221958465,471.7401221958465,469.6288723809045,0.12654841312681087,865024248,primary,9896844093,8133341960,0,False
56,1,0.8202196685688423,1.3027337221399877,0.9742818198368856,0.13967561308888335,1.0,True,3370.6660522044567,470.7998473595436,470.7998473595436,468.6802065299366,0.13967561308888335,865024250,primary,11968828662,11968762653,0,False
57,1,0.7798821181134017,11.90258575012484,0.7881619302436154,0.21716769520158583,1.0,True,2140.9691354965375,464.9493326535148,464.94933265351483,463.9064556299232,0.21716769520158583,464267621,trunk,569909799,569909804,0,False
58,1,0.9072726437454208,0.0283988527614912,0.9994321842132041,0.5372149424072974,1.0,True,847.7852558428252,455.4429073913592,384.4025540671986,383.39662299505574,0.5372149424072974,1209072881,secondary,9866097881,13539914722,0,False
59,1,0.8868969054275262,5.878364007209911,0.8890806922569597,0.6008634887521914,1.0,True,726.2538950417243,436.3794490946383,707.7644449991999,708.1890975333188,0.6008634887521914,1194663760,primary,2390658892,2392383590,0,False
60,1,0.8211574084353384,0.296854862847023,0.9940804924771087,0.11466630346102809,1.0,True,3727.7442722503997,427.4466559469736,427.44665594697364,425.55849490260385,0.11466630346102807,865024248,primary,11968828656,11968828657,0,False
61,1,0.8245340584789222,0.13414879960794998,0.9973206199712482,0.12668936243773907,1.0,True,3370.6660522044567,427.0275331443135,427.0275331443135,425.1408071465906,0.12668936243773907,865024250,primary,11968828658,11968828655,0,False
62,1,0.8763422192506398,0.20603039852344826,0.9958878700856414,0.38787929112473646,1.0,True,1081.5569811454823,419.5135551577196,419.5135551577196,417.59094519520954,0.38787929112473646,1208986525,primary,3725790780,8156993031,0,False
63,1,0.9621729511600605,3.290283220320086,0.9363128055170721,0.9063955475246943,1.0,True,462.6388213157941,419.3337677527084,419.3337677527084,418.1614067623829,0.9063955475246943,1208795196,primary,4597354891,4576934214,0,False
64,1,0.813076195923341,4.765280326761599,0.909095066617773,0.2017383796900451,1.0,True,2035.7187616822193,410.6826044863959,410.6826044863959,408.8080784071176,0.20173837969004507,44947113,trunk,8145058465,569909689,0,False
65,1,0.8420443817921097,3.110171253305125,0.9396917104983991,0.3006843432129496,1.0,True,1356.1790533848468,407.7818079461824,407.7818079461824,405.9223566840172,0.3006843432129496,870242502,trunk,8141521597,8141521552,0,False
66,1,0.8360210850925216,1.0410700717158516,0.9793938672902439,0.21101462452724176,1.0,True,1929.739523122488,407.2032609070704,362.2331943385045,362.6889185006834,0.21101462452724176,279958945,trunk,8182316353,13519081481,0,False
67,1,0.8146814156984725,1.286817614697585,0.9745920046860943,0.11151907146322046,1.0,True,3647.786873447907,406.7978050226346,406.79780502263463,405.0985138416354,0.11151907146322043,478811049,trunk,8105990772,4593969312,0,False
68,1,0.8638857953888341,0.01673187151191751,0.9996654185546214,0.31993084911223885,1.0,True,1269.9015285868188,406.2806743297109,406.28067432971085,404.42115406797916,0.3199308491122388,414500083,primary,3725679696,12435035117,0,False
69,1,0.8723749922782251,0.35261508973098343,0.9929725073309429,0.3724162003947112,1.0,True,1081.5569811454823,402.7893414285748,402.7893414285748,400.94252545410524,0.3724162003947112,1208986525,primary,4601195799,8157194822,0,False
70,1,0.8565076395547826,0.8747101849673378,0.9826579314293759,0.3085513006298488,1.0,True,1296.169606714344,399.9348179885905,399.9348179885905,398.1286396131627,0.30855130062984887,746487579,secondary,293463031,293463176,0,False
71,1,0.9529245137988456,0.08536272664346278,0.9982942019971437,0.7671812659985123,1.0,True,514.8013010359493,394.9459138664409,394.9459138664409,395.4439201266439,0.7671812659985123,1209009344;218505932;218505933,trunk,8182365087,8182316367,0,False
72,1,0.8506378313126046,0.30930247145138207,0.9938330447818757,0.26243958939020967,1.0,True,1482.4236850478187,389.04666320627103,389.04666320627103,389.309669251727,0.26243958939020967,26764975,secondary,293466264,293466272,0,False
73,1,0.9258569139663386,9.630570864519534,0.8248024158336621,0.8920809460811997,1.0,True,434.0788445460845,387.2334663165051,346.958390847833,345.58826228215787,0.8920809460811997,272996689;286061181,secondary,2896971932,13875278624,0,True
74,1,0.9258569139796711,9.630570861825463,0.8248024158781035,0.8920809460811997,1.0,True,434.0788445460845,387.2334663165051,346.958390847833,345.58826228215787,0.8920809460811997,272996689;286061181,secondary,2896971932,13875278624,0,True
75,1,0.8346254843393799,0.042082545155567336,0.9991587031856634,0.17438936691840365,1.0,True,2203.380084120088,384.2460579503212,384.2460579503212,382.49709445447127,0.17438936691840365,26754491,secondary,293466286,9798857326,0,False
76,1,0.8205460531016144,0.35919082966438226,0.9928419253384789,0.11346737750035413,1.0,True,3370.6660522044567,382.46063737311147,382.46063737311147,380.7601390594184,0.11346737750035414,865024250,primary,11968828655,8062742384,0,False
77,1,0.8175254546413553,0.4954184420407941,0.9901405573195741,0.10241643722741552,1.0,True,3727.7442722503997,381.7822872587907,381.7822872587907,380.0955335656622,0.10241643722741549,865024248,primary,8062742384,11968828656,0,False
78,1,0.8193703118020244,0.49927322912436956,0.9900642246414485,0.11175522204794837,1.0,True,3370.6660522044567,376.6895331135906,376.68953311359064,374.9780322467026,0.11175522204794837,865024250,primary,11968828665,11968828664,0,False
79,1,0.8597246963829748,0.08820227824170387,0.9982375094490371,0.30126721774131854,1.0,True,1246.9065433299056,375.6520650924455,375.65206509244547,374.1394329602307,0.30126721774131854,1208795201,primary,3726941481,11433519729,0,False
80,1,0.8583533707793742,0.07460194447317786,0.9985090736471756,0.2940032434261075,1.0,True,1267.383212126753,372.6147750290638,372.6147750290638,370.9091567446868,0.2940032434261075,368852567,primary,3726941466,3725764133,0,False
81,1,0.8201749793198878,0.013602656922995034,0.9997279838646395,0.10128292080247944,1.0,True,3647.786873447907,369.4585090077485,369.4585090077485,367.9235094853796,0.10128292080247944,478811049;1210277732,trunk,6010327767,8105990625,0,False
82,1,0.9218288517089483,0.778991241106283,0.9845409128116605,0.6323328893272506,1.0,True,582.1310024608656,368.100578753048,368.10057875304796,366.4400253711718,0.6323328893272506,1208785491,primary,6604714345,6604381556,0,False
83,1,0.842282778552951,0.34508845566158625,0.9931219933960028,0.22173090267075013,1.0,True,1637.8707371475066,363.1665570057236,363.1665570057236,361.51013364808847,0.22173090267075016,746487581,secondary,6944073199,12702159517,0,False
84,1,0.7988611385055974,6.335392210949248,0.880991021622313,0.1728191600945174,1.0,True,2089.364187852574,361.0821640762453,361.08216407624525,360.88831845110553,0.1728191600945174,741818619,secondary,3730052120,8124268942,0,False
85,1,0.9534078084031505,0.7467121885706632,0.9851767189787471,0.7892739635476319,1.0,True,456.712708171076,360.4714493807581,360.4714493807581,358.8943327861264,0.7892739635476319,1210277737,trunk,12832929442,8105564052,0,False
86,1,0.8164475545026944,1.6966750294541857,0.9666357832103935,0.13228409769788185,1.0,True,2714.6337432368814,359.10287530431435,359.10287530431435,358.3824285602907,0.13228409769788185,762822065;478254538;478254539,primary,11937077582,4714962031,0,False
87,1,0.8071069687121235,1.560929121521543,0.9692636859072694,0.08163931469971321,1.0,True,4371.947561246733,356.9228028032657,356.9228028032657,355.31811438081246,0.08163931469971321,865024248;869997541,primary,11968828666,8137990582,0,False
88,1,0.8553763421353862,7.786527440430922,0.8557897528754371,0.49319708136377544,1.0,True,721.6251318645043,355.9034088743231,356.6585202650833,356.8328341609024,0.49319708136377544,369195862,secondary,7243112626,1051626824,0,False
89,1,0.8062035588651819,2.2477155698404223,0.9560411610205124,0.09695605279514095,1.0,True,3647.786873447907,353.6750166874374,353.6750166874374,352.45124806240295,0.09695605279514094,478811049,trunk,8105607829,8105597812,0,False
90,1,0.8732322693788255,4.305243080762158,0.9174980158516651,0.48991432311662947,1.0,True,721.6251318645043,353.5344880213471,353.5344880213471,353.6425259529068,0.48991432311662947,369195862,secondary,4712962733,7243112626,0,False
91,1,0.8654728376737135,0.5828190673743538,0.9884112910718524,0.34474725176078896,1.0,True,1019.722651556636,351.5465816823749,351.54658168237495,349.9308131759406,0.34474725176078896,874459842,primary,9833884593,8141911339,0,False
92,1,0.8585530347872574,0.24498341143946217,0.9951123155653928,0.30009670058819776,1.0,True,1154.8165883721804,346.55664795501025,346.55664795501025,345.01530092157907,0.30009670058819776,264753949,secondary,2955625542,2703793345,0,False
93,1,0.8616699249739554,0.04029943398982844,0.9991943360418329,0.30955812080702794,1.0,True,1117.5586563921288,345.94935756437445,345.94935756437445,345.82544312544667,0.30955812080702794,1209033471,trunk,2277623663,12888493319,0,False
94,1,0.8476569765964517,3.012201198979464,0.941534748492604,0.3259827602433521,1.0,True,1052.2865127067323,343.0272619789918,343.0272619789918,341.65719557230807,0.3259827602433521,456959535,secondary,8151182358,1051669905,0,False
95,1,0.8313460531778538,2.1265715439398165,0.9583603429397777,0.21918975147960273,1.0,True,1509.2102409497347,330.8034176442437,330.8034176442437,329.28950314717866,0.21918975147960273,870242503,trunk,3725560939,3725561066,0,False
96,1,0.8174763962459644,0.026310897368084465,0.9994739204810201,0.08817110050829105,1.0,True,3727.7442722503997,328.6793148977963,328.6793148977963,327.220343734197,0.08817110050829106,865024248,primary,11968828657,11968828659,0,False
97,1,0.8181187368582346,0.22836045221183007,0.995443204794898,0.09742887709882515,1.0,True,3370.6660522044567,328.40020854141017,328.40020854141017,326.946268817131,0.09742887709882515,865024250,primary,11968828660,11968828658,0,False
98,1,0.8778783431646673,0.12713883330679762,0.9974604534520479,0.3932010356452646,1.0,True,834.4919587693046,328.123102425736,328.12310242573596,327.00981962516823,0.3932010356452646,364407163,secondary,8105649851,9620455916,0,True
99,1,0.8778783431712416,0.12713883220831512,0.9974604534739617,0.3932010356452646,1.0,True,834.4919587693046,328.123102425736,328.12310242573596,327.00981962516823,0.3932010356452646,364407163,secondary,8105649851,9620455916,0,True
100,1,0.9639033692513328,0.22753167179930187,0.9954597050082464,0.8263272887442936,1.0,True,383.08767067498036,316.55579626022336,316.55579626022336,315.4367163238585,0.8263272887442936,874594465;874594466;459228551,trunk,8141628301,8141628231,0,False
101,1,0.9124090928935731,0.0007834457533951688,0.9999843312076889,0.562068967656332,1.0,True,560.005325077379,314.761614948291,314.761614948291,314.84399770244823,0.562068967656332,26755988,secondary,293462600,293462632,0,True
102,1,0.9124090928935731,0.0007834457533951688,0.9999843312076889,0.562068967656332,1.0,True,560.005325077379,314.761614948291,314.761614948291,314.84399770244823,0.562068967656332,26755988,secondary,293462600,293462632,0,True
103,1,0.999785639084859,0.008162464276666559,0.9998367640389062,0.9991730493659349,1.0,True,314.2999403423428,314.5600659883634,314.5600659883634,314.2999403423428,1.0008276350473924,466600308,primary,1812432278,2999157393,0,False
104,1,0.8914759059231068,0.3875874416156988,0.9922782184896205,0.4689622018811034,1.0,True,667.8378016720923,313.19068597158,313.19068597157997,313.6022877787374,0.4689622018811034,368721302,primary,3725764133,3725764130,0,False
105,1,0.8732378900864934,0.0006456080892401793,0.9999870879215768,0.3662088185501024,1.0,True,847.7852558428252,310.4664369263973,310.4664369263973,309.65443737353326,0.3662088185501024,1209072881,secondary,4594220613,9866097881,0,False
106,1,0.8464930595651232,0.15780968652013813,0.9968487818130596,0.23719212510602647,1.0,True,1298.633364364262,308.0256074271481,308.0256074271481,306.7835074445994,0.23719212510602647,1208791971,primary,10629571056,3727012352,0,False
107,1,0.8546737895442624,0.009889978848697006,0.9998022199840726,0.27366561774520287,1.0,True,1118.2862478758855,306.03649684091926,306.03649684091926,304.65841877119186,0.27366561774520287,1203852633;876451412;1208795197,primary,4594183932,4594183924,0,False
108,1,0.8381723859736685,12.091499277171694,0.785189659797864,0.513077440171546,1.0,True,591.9279865851365,303.70489612299906,303.70489612299906,302.84909616838706,0.513077440171546,874644319,primary,4714939512,4714939523,0,False
109,1,0.8259290327951654,0.245524654835077,0.9951015436643212,0.13699284847934518,1.0,True,2203.380084120088,301.8473140062701,301.84731400627015,302.05654035411743,0.13699284847934518,26754491,secondary,6944073197,6944073198,0,False
110,1,0.8614157076785309,0.18671338146155494,0.9962726960773208,0.3126694942766731,1.0,True,961.3337844525464,300.579748215858,300.579748215858,299.29002276342663,0.3126694942766731,605579942,trunk,8140492538,8140465200,0,False
111,1,0.9864804832381682,0.15616941320908745,0.9968814844385083,0.9370801895330788,1.0,True,318.3899548663803,298.3569192516161,298.3569192516161,298.1359886630204,0.9370801895330788,466600299;466600300,primary,4613676974,10091564873,0,False
112,1,0.8120649871182071,0.9421419674425908,0.9813335771482093,0.08832456986872116,1.0,True,3370.6660522044567,297.7126292320591,297.7126292320591,296.37021187795403,0.08832456986872117,865024250,primary,11968828667,11968828665,0,False
113,1,0.9491785822358882,0.14503584794594163,0.9971034860556184,0.7502376820960139,1.0,True,390.4520378005885,292.93183180917873,292.93183180917873,293.31224368842584,0.7502376820960139,874159869,primary,8138308753,9832455554,0,False
114,1,0.9460710186602173,0.6813507882417197,0.9864654117013203,0.7506569757491058,1.0,True,389.19911712172274,292.15503222281444,292.15503222281444,292.5330167282787,0.7506569757491058,312566658,primary,9832455553,3184375377,0,False
115,1,0.8532360738087197,2.012221017483683,0.9605546313587133,0.3253484220055283,1.0,True,892.5738167492747,290.3974828028281,290.3974828028281,289.07682402536585,0.3253484220055283,877821609;877821610;870242499,trunk,4593964324,8167025447,0,False
116,1,0.8867520556642994,0.8002416177703972,0.9841225644137984,0.45757643170079865,1.0,True,634.3347800368781,290.2566451529857,290.25664515298575,288.92143273517405,0.45757643170079865,1337725748;1209433725,primary,3714706485,3714707013,0,False
117,1,0.8608303400555057,1.4901300380666567,0.9706371176666557,0.3481960237775456,1.0,True,832.3105617306521,289.80722814266846,289.80722814266846,288.49840716075107,0.3481960237775456,1208988379,primary,6985772922,4478448738,0,False
118,1,0.8250213371175736,0.7524931851595423,0.9850628194983618,0.14751245634032525,1.0,True,1962.0570383752788,289.4278532105612,289.4278532105612,289.0788904167495,0.14751245634032525,478254539;874644318;874644319,primary,10635696781,4714939512,0,False
119,1,0.9198905555816266,0.39649442684534275,0.9921014700843266,0.6113005727816433,1.0,True,472.50173677825876,288.84058233287084,288.84058233287084,287.5122765180908,0.6113005727816433,1105211172;1337725743;1337725745;1337725746;1337725749,primary,7128063639,4715985581,0,False
120,1,0.8372938322929531,0.8921195381098354,0.9823158422094217,0.21299539815063273,1.0,True,1343.3453532286426,286.1263783647371,286.1263783647371,285.1324099942067,0.21299539815063273,478371821,primary,4719689717,4719689711,0,False
121,1,0.8380463974661945,0.051476502579307686,0.9989709997326522,0.19177548773199365,1.0,True,1482.4236850478187,284.2925252255048,284.2925252255048,284.6592442149687,0.19177548773199365,26764975,secondary,3042737264,3725789268,0,False
122,1,0.9878671996151378,0.34277081622674127,0.9931680284368309,0.949583955420442,1.0,True,299.0110400756745,283.9360861494393,283.9360861494393,284.303954302476,0.949583955420442,1203439472,secondary,8154498081,8154498079,0,False
123,1,0.8982632040584506,0.14590880629874814,0.997086077611252,0.49568690387537434,1.0,True,570.3233276433896,282.7018044874525,282.7018044874525,281.40189490821547,0.49568690387537434,1337725742;1337725744;1337725747;1337725748;1141888414,primary,3714705892,3714706485,0,False
124,1,0.8254617655519172,0.0935309790039391,0.998131128938287,0.13011213435215552,1.0,True,2164.753124922666,281.6606494291864,281.6606494291864,280.4902605187318,0.13011213435215552,300173739,primary,8156905203,3042737292,0,False
125,1,0.878809666149158,0.09875474004049906,0.9980268544154193,0.3970080491226607,1.0,True,708.4128526369825,281.24560459882736,281.24560459882736,279.95726678110947,0.3970080491226607,1208491992,primary,293466257,2929034393,0,False
126,1,0.766443370572672,9.586682408600703,0.8255267197623487,0.09392677321983678,1.0,True,2993.152207872555,281.1371286412992,281.1371286412992,280.11157032567127,0.09392677321983678,742084228,trunk,569909654,11936417211,0,False
127,1,0.8825993581252898,0.25864326616295535,0.9948404909046537,0.420736054269468,1.0,True,668.0567334777996,281.075554071599,281.075554071599,281.44379134323253,0.420736054269468,470103540,primary,6604456761,3725763520,0,False
128,1,0.8365138084271977,0.7623911505012523,0.9848678364454175,0.2052672874678621,1.0,True,1362.436793060552,279.66370485795244,279.66370485795244,278.38018849546665,0.20526728746786208,40016878,primary,8141615216,3722327255,0,False
129,1,0.8376725124903706,0.00280703369284842,0.9999438609020012,0.18844677109885133,1.0,True,1482.4236850478187,279.357956847722,279.357956847722,279.71873604639313,0.18844677109885136,26764975,secondary,3725789268,3725656912,0,False
130,1,0.8613434433999647,1.1885088016164993,0.9765101093985256,0.3419520529020354,1.0,True,809.2005440449952,276.70778724563,276.70778724563,275.4356961229249,0.3419520529020354,875007028,secondary,8144976345,10207387801,0,False
131,1,0.8069082498330649,1.5605108223980977,0.9692717947841928,0.08063355698903542,1.0,True,3370.6660522044567,271.7887932114351,271.7887932114351,270.54968027403055,0.08063355698903543,865024250,primary,11968828664,11968828662,0,False
132,1,0.8636916838804589,1.8753827462070416,0.9631870445688417,0.3736778525490319,1.0,True,726.2538950417243,271.38499590456155,707.7644449991999,708.1890975333188,0.3736778525490319,1194663760,primary,2390658892,2392383590,0,False
133,1,0.8441138401750421,0.08796982127080381,0.998242150405179,0.22320597526744138,1.0,True,1215.2050234138255,271.2410224009768,271.2410224009768,270.0319867701183,0.22320597526744135,876451409,primary,6609242520,3727013594,0,False
134,1,0.8748502521470463,0.28729815850383744,0.9942705133034575,0.382845490780045,1.0,True,708.4128526369825,271.21266624269725,271.21266624269725,269.9690042549727,0.382845490780045,1208491992,primary,3725790429,4814206874,0,False
135,1,0.8046882281373107,4.890271190678114,0.9068253332039794,0.16320314088058419,1.0,True,1659.2079422068919,270.7879475421756,270.7879475421756,270.2984737273016,0.16320314088058419,478254539,primary,5415640148,8127692776,0,False
136,1,0.8241162815022716,0.12174051807169986,0.9975681513850627,0.12422918043376406,1.0,True,2164.753124922666,268.9255065505725,268.92550655057255,267.810143084444,0.12422918043376407,300173739,primary,3042737280,6956668970,0,False
137,1,0.8394242399340388,0.03433639387165768,0.9993135078661887,0.1981509378709115,1.0,True,1343.3453532286426,266.18514162678645,266.18514162678645,265.2715671567347,0.1981509378709115,478371821,primary,7128301700,4720133094,0,False
138,1,0.8329224905370063,0.4747440614302626,0.9905500528291988,0.17878737344123355,1.0,True,1482.4236850478187,265.038636976774,265.038636976774,265.0983937519271,0.17878737344123358,26764975,secondary,3478668910,3725652953,0,False
139,1,0.8366196649275446,0.1578716738254917,0.9968475459744292,0.18782700567607868,1.0,True,1410.0672749719495,264.8487140598092,264.8487140598092,265.1919290523781,0.1878270056760787,875119268,secondary,3726941218,3726941220,0,True
140,1,0.8366196649275446,0.1578716738254917,0.9968475459744292,0.18782700567607868,1.0,True,1410.0672749719495,264.84871405980914,264.8487140598092,265.1919290523781,0.18782700567607868,875119268,secondary,3726941218,3726941220,0,True
141,1,0.8300027093237425,1.4646105413670438,0.9711326475270414,0.1933145753281507,1.0,True,1362.436793060552,263.37889006194814,263.37889006194814,262.1678819349427,0.1933145753281507,40016878,primary,3722327154,3722327026,0,False
142,1,0.8267178991030526,0.28273762016329496,0.9943612056153881,0.14204768709218032,1.0,True,1841.5532199164138,261.5883755462839,261.5883755462839,260.4702990829529,0.14204768709218032,1210277736,trunk,3725560599,8140701167,0,False
143,1,0.8683243777797236,1.7507944029979836,0.9655900747826891,0.39323677672458485,1.0,True,664.5618482285919,261.33015913154424,261.33015913154424,260.14858246875895,0.39323677672458485,658700019,primary,4723483921,4723212636,0,False
144,1,0.8463241178177845,0.16210222950610334,0.996763205161598,0.23647578134652567,1.0,True,1104.2219654311466,261.1217520553267,261.1217520553267,259.9457754109768,0.2364757813465257,1208791977;876451410;1208986532,primary,3725790343,3725763413,0,False
145,1,0.9939864091486599,0.8669456508419281,0.9828105408993273,0.9957162343943079,1.0,True,258.90745785257286,260.0213282753854,260.0213282753854,258.90745785257286,1.0043021952015254,874143073,secondary,8138167641,8144915386,0,False
146,1,0.9952852957606835,0.6457021506571783,0.9871689854449989,0.9956730006359191,1.0,True,257.5657992260461,258.68512961739776,258.68512961739776,257.5657992260461,1.004345803653727,874159868,secondary,8144915386,8138167641,0,False
147,1,0.8383598582312981,0.48541058442176543,0.990338760869251,0.20629114985261424,1.0,True,1252.4763532371464,258.3747870725,258.3747870725,257.5489753051012,0.20629114985261426,466615091,primary,7127914070,8151563205,0,False
148,1,0.9357013034350117,0.426112053336853,0.9915139702893473,0.6912355617410368,1.0,True,372.82437074712493,257.7094633441375,257.7094633441375,257.5084991018545,0.6912355617410368,170090974,primary,4716027739,293460471,0,False
149,1,0.9055952151568865,3.0421933949716893,0.9409701439526279,0.6165208598554901,1.0,True,415.8455747799951,256.3774713304631,256.3774713304631,255.95424540200844,0.6165208598554901,368712589,secondary,3725591172,8144921986,0,True
150,1,0.9055952151636424,3.0421933937750394,0.9409701439751481,0.61652085985549,1.0,True,415.8455747799951,256.37747133046304,256.37747133046304,255.95424540200847,0.61652085985549,368712589,secondary,8144921986,3725591172,0,True
151,1,0.8606270031507641,0.44264719101211175,0.9911861281013787,0.3163558236017528,1.0,True,809.2005440449952,255.9953045703409,255.99530457034086,254.82177618628165,0.3163558236017528,875007028,secondary,9882823386,9871576949,0,False
152,1,0.8256555889901074,0.2927682568775498,0.9941617441029912,0.13703532879604963,1.0,True,1836.7713577385966,251.7025669308751,251.7025669308751,251.40680025490752,0.13703532879604963,874644320;874644321;219116706,primary,8141472796,11938897684,0,False
153,1,0.9152579108313288,0.11182823257081712,0.9977659345957138,0.5796406522630734,1.0,True,433.39275815897963,251.21206102536337,251.21206102536337,250.32364051555078,0.5796406522630734,44949024;874594467,trunk,8141628265,4714939571,0,False
154,1,0.8771615904183052,0.11198589365992073,0.9977627884233957,0.38916376945643216,1.0,True,643.9148295943573,250.58832229383628,364.99318958953035,363.34939608073364,0.38916376945643216,230574618;464845715,primary,8184439489,2390658892,0,False
155,1,0.822960422978033,0.41835734368076344,0.9916677602741969,0.12730047447886958,1.0,True,1962.4852799948158,249.8253073011373,249.82530730113726,248.68289301159436,0.12730047447886958,90617087,secondary,3711679014,8133212869,0,False
156,1,0.9670574469732567,1.5096706731542076,0.9702578544675455,0.8799004531649647,1.0,True,283.1975934032367,249.18569077073536,249.18569077073536,249.09483487419192,0.8799004531649647,1208795193,primary,2833482043,2833482024,0,False
157,1,0.8509050350260217,1.5933824784504877,0.9686347728256158,0.30157301589168417,1.0,True,825.1068292039173,248.82995491585007,248.35228845213462,247.4523589488121,0.30157301589168417,478249498,secondary,293462780,1051669851,0,False
158,1,0.8295449786288773,1.1320247832511081,0.9776138770325201,0.1813040775956064,1.0,True,1341.5532112198066,243.22906750563075,243.22906750563075,242.4082752432934,0.1813040775956064,880075594,primary,8151182416,2283167591,0,False
159,1,0.9102055660429671,0.17271146905885792,0.9965517296059211,0.5562002358059537,1.0,True,434.87267766030374,241.87628586022743,241.87628586022745,241.79850626068247,0.5562002358059537,218526249,trunk,6608882862,2845389637,0,False
160,1,0.9522200640759009,0.8089338716607465,0.9839514944202853,0.7851730787490768,1.0,True,306.7407125976789,240.8445496880053,240.84454968800534,239.7580855288612,0.7851730787490768,1014003072,secondary,2704039251,2704039249,0,False
161,1,0.8812761880131386,0.15599710945082565,0.9968849197729538,0.41105356040626206,1.0,True,582.4729071620802,239.4275623291592,239.42756232915917,239.5833565266379,0.41105356040626206,252236396,secondary,2583312044,8124328157,0,False
162,1,0.8530097220926622,0.9721016793421333,0.9807457438539842,0.29392999468233505,1.0,True,809.4926884594765,237.93418161428303,237.93418161428303,236.84012718427246,0.29392999468233505,174418041,secondary,293456470,293456370,0,False
163,1,0.8310360856564183,0.5288946530179064,0.9894778561077087,0.17096364412052845,1.0,True,1373.6384883174383,234.8422416669632,234.84224166696316,233.7770093293865,0.17096364412052845,1352928435;368852567,primary,8146129652,3726941181,0,False
164,1,0.7845503366307158,6.601659316347321,0.87631191302316,0.1082838136188389,1.0,True,2164.753124922666,234.40772390992504,234.40772390992504,233.5928662532582,0.1082838136188389,300173739,primary,4963335999,3042737289,0,False
165,1,0.8266029723940296,1.1008956639679415,0.9782227117175502,0.16568079439382238,1.0,True,1413.8082295902807,234.24087059904133,234.24087059904133,233.1720264329941,0.16568079439382238,762822065,primary,4714962014,11937077582,0,False
166,1,0.857614607380393,7.973338821184985e-05,0.9999984053335073,0.2880754289017035,1.0,True,809.528471065368,233.20526151029617,233.20526151029617,232.1576030372136,0.2880754289017035,1208791977,primary,3725763281,4594183934,0,False
167,1,0.8302371820174448,0.39079517578514417,0.9922145612366569,0.1628640682322388,1.0,True,1413.8082295902807,230.2585599712922,230.2585599712922,229.19820467900237,0.16286406823223878,762822065,primary,4721819322,4715979365,0,False
168,1,0.8575016895341705,0.12442068432150627,0.9975146798483772,0.2912364278982868,1.0,True,787.6883688992932,229.40354685525816,320.78471062926695,321.17446838537944,0.2912364278982868,478254522,secondary,8151182351,8151182352,0,False
169,1,0.9526132541239551,0.29142332517974584,0.9941884860554984,0.7717835415365281,1.0,True,296.95408320804904,229.18427401204093,229.18427401204093,229.48417786171518,0.7717835415365281,1208785499,primary,6604456762,6604456761,0,False
170,1,0.8206152154767052,0.05390348572833345,0.998922511193816,0.10469231059280237,1.0,True,2164.753124922666,226.6330065111433,226.63300651114326,225.59362799326917,0.10469231059280239,300173739,primary,8154498079,3042737256,0,False
171,1,0.8343932722688119,1.2536410117648125,0.9752388923169194,0.2091080228686797,1.0,True,1083.4949319913956,226.5674830169553,226.56748301695535,225.52832671652646,0.2091080228686797,478257594,primary,293463605,3714913947,0,False
172,1,0.8563606394154635,0.7656351303836882,0.9848039406892397,0.3045972860434582,1.0,True,743.3704460028529,226.42862037738408,226.42862037738408,225.42490014944116,0.3045972860434582,877821612,trunk,8156540160,8156683692,0,False
173,1,0.8391416340220592,5.059595704022036,0.9037595720543982,0.34006881202869815,1.0,True,664.5618482285919,225.99675824669325,225.99675824669325,225.16131541710425,0.34006881202869815,658700019,primary,4715985536,4723483921,0,False
174,1,0.8453013993171208,0.028448917535969037,0.999431183486767,0.22736022135545383,1.0,True,993.1015644652255,225.7917915252612,225.7917915252612,224.77060623678193,0.22736022135545386,746487577,secondary,2704039244,2704039243,0,False
175,1,0.8319457674066513,0.44928812531546414,0.9910544888044692,0.1731471038265528,1.0,True,1296.169606714344,224.42801347059057,224.42801347059057,223.42242384634986,0.17314710382655277,746487579,secondary,299492240,293463031,0,False
176,1,0.8451111643251394,3.2169336357133454e-05,0.9999993566134798,0.2255567867054773,1.0,True,993.1015644652255,224.0007977529587,224.0007977529587,222.98986650363886,0.22555678670547732,746487577,secondary,2704039243,2703794068,0,False
177,1,0.8202082991428756,0.07591205940457696,0.9984829107570105,0.10331712957886244,1.0,True,2164.753124922666,223.65607911388247,223.65607911388247,222.6306171585366,0.10331712957886245,300173739,primary,3042737256,12438735280,0,False
178,1,0.737413952313698,16.153741764370857,0.7239196776036333,0.10119024516304005,1.0,True,2203.380084120088,222.96057089947155,222.96057089947155,222.34493095566063,0.10119024516304005,26754491,secondary,10165916006,6944073197,0,False
179,1,0.8474059810411088,0.43644687889776573,0.9913090489898527,0.25006633172076453,1.0,True,890.5508505122658,222.69678439840925,222.6986389103081,222.96937231672064,0.25006633172076453,26754699,secondary,293457398,8151563183,0,False
180,1,0.8530989868608243,0.3829164681276746,0.9923709209246854,0.27693855291709346,1.0,True,803.7239090702778,222.5821363227924,222.5821363227924,221.58482494259636,0.2769385529170935,1208795197,primary,6604385665,10168649545,0,False
181,1,0.8413219024818535,8.796201782312058e-05,0.999998240761191,0.20661215126748061,1.0,True,1052.2865127067323,217.41518014009304,217.41518014009304,216.44560361682102,0.20661215126748061,456959535,secondary,293457275,293457276,0,False
182,1,0.8266606754780785,0.23781080051074857,0.9952550768742597,0.14042076207900264,1.0,True,1544.979758064063,216.94723502398884,216.94723502398884,215.97270933118028,0.14042076207900264,464650415,primary,3718108687,4601752550,0,False
183,1,0.7862411532850077,6.357439623999062,0.8806026357986951,0.11030181272699562,1.0,True,1962.4852799948158,216.4656838334737,216.46568383347366,215.51668636039523,0.1103018127269956,90617087,secondary,3711679549,3718134030,0,False
184,1,0.824472072405454,0.5803631800527396,0.988459840799335,0.13967060082826743,1.0,True,1547.913794265329,216.19804967540165,216.19804967540165,215.20992432613005,0.13967060082826743,464650412,primary,3719506256,12525781148,0,False
185,1,0.8430112327407131,0.037077617159526136,0.9992587225387977,0.21616807989536904,1.0,True,999.5214033771465,216.0646225823624,216.0646225823624,215.08779906024705,0.21616807989536904,869997541,primary,8137990582,3725791491,0,False
186,1,0.8127063345205432,0.008552431674924265,0.999828965994485,0.0637882236109888,1.0,True,3370.6660522044567,215.00879985598672,215.00879985598672,214.0497337891063,0.06378822361098879,865024250,primary,11968762653,8133341954,0,False
187,1,0.8645538960423826,1.3390976357561202,0.9735735034409826,0.3624092250504387,1.0,True,592.9542372542344,214.89208561368105,214.89208561368102,214.8728732693868,0.3624092250504387,26754165,primary,6985773024,10578971222,0,False
188,1,0.8571752735847065,0.05754369159565531,0.9988497881693911,0.2876016856694455,1.0,True,744.9722300237528,214.2552691317572,214.2552691317572,214.52990221847782,0.2876016856694455,876134933,secondary,8154498082,8154498081,0,False
189,1,0.8500152757574708,0.1733176554123414,0.9965396477579792,0.2552669071503856,1.0,True,834.8462163029267,213.1086115818499,213.1086115818499,212.15834882838058,0.2552669071503856,1069546778,secondary,8166852648,9816859455,0,False
190,1,0.9127422360968889,0.6137647094916088,0.9877997398982481,0.5820115706370725,1.0,True,365.20059627112505,212.5509726333529,212.5509726333529,211.5729900234288,0.5820115706370725,1141889035,primary,4722179361,4723477971,0,False
191,1,0.8502641056394495,0.12349786858140167,0.9975330904632237,0.2550208925024119,1.0,True,831.7165889749187,212.10510682944545,212.10510682944545,211.13760692979736,0.2550208925024119,879562788,secondary,293465977,293463119,0,False
192,1,0.8842611996031926,0.3427550620439707,0.9931683413678931,0.4315534859641229,1.0,True,487.8210316819836,210.52086674897487,210.52086674897487,210.77217525334186,0.4315534859641229,1210205481,secondary,8144958910,8144958913,0,False
193,1,0.8297088877358638,0.6507850711084143,0.9870686365172426,0.16794148390345462,1.0,True,1246.9065433299056,209.4073351757516,209.4073351757516,208.57269906813605,0.16794148390345462,1208795201,primary,4594197578,4594197577,0,False
194,1,0.7862886994036498,5.3409123320703715,0.8986889978911282,0.08341000018155695,1.0,True,2492.358467920677,207.88762026176863,207.88762026176863,207.11494281549028,0.08341000018155693,742084229,trunk,11936417213,569909828,0,False
195,1,0.820419334355619,0.7788003296806052,0.9845446720210232,0.12527966374656033,1.0,True,1659.2079422068919,207.86501308530177,207.86501308530177,207.37781378112464,0.12527966374656035,478254539,primary,4714962031,4714939496,0,False
196,1,0.8803050486261685,0.23476849188635665,0.9953156361787189,0.40855178886276444,1.0,True,506.7636004075855,207.0391754770542,207.0391754770542,206.10513144719863,0.40855178886276444,1208986526,primary,6166520809,6605237341,0,False
197,1,0.8468468975455223,0.004820918596348555,0.9999035862761748,0.23437910831334915,1.0,True,882.894225211244,206.93196124001668,206.93196124001668,206.00037765720705,0.23437910831334918,1208785491;1208986526,primary,4594181067,4594181065,0,False
198,1,0.8174294076338524,0.3080491514545025,0.9938579569106748,0.09636010280324918,1.0,True,2114.6302764582238,203.7659908303777,203.76599083037775,202.88256137916912,0.09636010280324919,605579942;870242501;870242502,trunk,6010327769,8140526289,0,False
199,1,0.830234827724371,0.5151279533617699,0.9897503305059481,0.16654864286293228,1.0,True,1215.2050234138255,202.3907474497905,202.3907474497905,201.49285233357267,0.16654864286293228,876451409,primary,3727011973,3727012991,0,False
200,1,0.8180885097315931,0.42453325893459803,0.9915452787177614,0.10312463058132305,1.0,True,1962.4852799948158,202.38056952074967,202.38056952074967,201.46394889728487,0.10312463058132304,90617087,secondary,3711679299,293464096,0,False
201,1,0.8186393103064644,0.00017142850113639215,0.9999965714358549,0.0932016943785399,1.0,True,2164.753124922666,201.75865915403148,201.75865915403148,200.9220323495993,0.09320169437853988,300173739,primary,3042737292,3722532540,0,False
202,1,0.8258875515085831,0.44192250938512706,0.9912004940930054,0.14263701640340673,1.0,True,1413.8082295902807,201.6613876353403,201.6613876353403,200.73284922503623,0.14263701640340673,762822065,primary,4715979365,4714962026,0,False
203,1,0.8189159588596366,0.05478697815823624,0.9989048605402248,0.09622250348784649,1.0,True,2089.364187852574,201.04385285302587,201.04385285302587,200.13424863454114,0.0962225034878465,741818619,secondary,9924471955,8133212860,0,False
204,1,0.8320901449325753,0.00038944039687271455,0.9999922112223952,0.16046240782928287,1.0,True,1252.4763532371464,200.97537138967195,130.77606279880447,130.35634761473943,0.16046240782928287,466615091,primary,13505959712,293458235,0,False
205,1,0.8531859937638118,1.4578166383703337,0.9712646121124691,0.30903305065035513,1.0,True,642.7175101903604,198.62095288052777,198.62095288052777,197.81309418064177,0.30903305065035513,1208988383,primary,8156864965,8163267507,0,False
206,1,0.8270318581851475,0.12256566721091003,0.9975516886708767,0.1388317579194219,1.0,True,1410.0672749719495,195.7621185690046,195.7621185690046,196.01424030802485,0.1388317579194219,875119268,secondary,10132690705,3726941220,0,True
207,1,0.8270318581789877,0.12256566824005295,0.9975516886503443,0.1388317579194219,1.0,True,1410.0672749719495,195.7621185690046,195.7621185690046,196.01424030802485,0.1388317579194219,875119268,secondary,10132690705,3726941220,0,True
208,1,0.8342698626588083,0.29192533280093746,0.9941785043016695,0.18008155684153693,1.0,True,1083.4949319913956,195.11745418292568,195.11745418292566,194.219210933814,0.18008155684153693,478257594,primary,3714705622,3714706393,0,False
209,1,0.8411042182627915,0.0002797887421645367,0.999994404240813,0.2055294849527375,1.0,True,947.1547899493418,194.6682361488065,194.6682361488065,194.31608484072183,0.2055294849527375,877825096,trunk,8156596370,3725590078,0,False
210,1,0.8464874812244023,0.005889776150063682,0.999882211414619,0.23261408900008332,1.0,True,834.8462163029267,194.1969920604718,194.1969920604718,193.33142584536674,0.23261408900008335,1069546778,secondary,8166852651,8166852648,0,False
211,1,0.8466027975920187,0.05208271822471435,0.9989588879690888,0.23457565600646002,1.0,True,825.731541897677,193.69651812587333,193.69651812587335,192.83194623792065,0.23457565600646005,466839445,secondary,293464778,293464784,0,False
212,1,0.8886428481450539,0.03188967056866634,0.9993624099356111,0.44417062582185285,1.0,True,434.87267766030374,193.157669389202,193.157669389202,193.07417139962126,0.44417062582185285,218526249,trunk,2277623681,6608882862,0,False
213,1,0.8146022721900732,0.13590558982563605,0.9972855789246682,0.07708299256336357,1.0,True,2492.358467920677,192.1184492479658,192.1184492479658,191.23712456117016,0.07708299256336358,742084229,trunk,3725628832,3725628684,0,False
214,1,0.8223268679144293,0.8145604809430432,0.9838407744379463,0.13587317791522743,1.0,True,1410.0672749719495,191.5903217247036,191.59032172470353,191.83576556272936,0.13587317791522743,875119268,secondary,10132690705,3184375374,0,True
215,1,0.8223268679144293,0.8145604809430432,0.9838407744379463,0.13587317791522743,1.0,True,1410.0672749719495,191.5903217247036,191.59032172470353,191.83576556272936,0.13587317791522743,875119268,secondary,10132690705,3184375374,0,True
216,1,0.8298325171471974,1.2118642044947203,0.9760540801738868,0.1850814654751566,1.0,True,1031.6171596803688,190.9332157229613,190.9332157229613,190.27038912435157,0.1850814654751566,874459840,primary,2703756979,4720174490,0,False
217,1,0.8166264821326255,2.5408154443227424,0.9504532443129304,0.157452544193731,1.0,True,1210.5517918520952,190.60445950539227,190.60445950539227,190.06902343679624,0.157452544193731,1141889036,primary,9913774165,293463399,0,False
218,1,0.8235163040018254,0.18905455961734804,0.9962260481319755,0.12324244781116331,1.0,True,1544.979758064063,190.407087202514,190.407087202514,189.54002813858324,0.12324244781116331,464650415,primary,293462011,8153698627,0,False
219,1,0.8452019863051943,0.014493581853112962,0.9997101703716615,0.22644467596847861,1.0,True,834.7453514916448,189.02364063471927,189.02364063471927,188.15842242253342,0.2264446759684786,879562787,secondary,2703794062,2703794060,0,False
220,1,0.8234348220420504,0.0011277288982636375,0.9999774456763874,0.11720794169567127,1.0,True,1603.4885331515513,187.94159050330447,187.94159050330452,187.60461448152387,0.11720794169567127,874644320;872816373;478254536,primary,2283167585,8124335699,0,False
221,1,0.8610930145011404,0.0022415385503503373,0.999955170233877,0.3055323171548858,1.0,True,614.4249257857429,187.7266712930368,187.7266712930368,187.84465712747397,0.3055323171548858,252236395,secondary,2583312092,2583312066,0,False
222,1,0.8961112299871781,0.8277012490501529,0.9835822399434286,0.505182790020747,1.0,True,370.457965623108,187.14898865889165,187.14898865889165,187.15941492339095,0.505182790020747,230574625,secondary,3706276768,10115843783,0,False
223,1,0.8558087916285555,0.023411270397467678,0.9995318841924604,0.279746131854087,1.0,True,668.0567334777996,186.8862870494912,186.88628704949122,187.13183670836122,0.279746131854087,470103540,primary,4643407218,3725763514,0,False
224,1,0.8408460556214845,0.1583828569821412,0.9968373545930208,0.20897424621789096,1.0,True,890.5508505122658,186.10219270450244,186.10219270450244,186.32887691342498,0.20897424621789096,26754699,secondary,293457280,293457398,0,False
225,1,0.8217948331214315,1.308888326956989,0.9741619008259484,0.14773131436823514,1.0,True,1252.4763532371464,185.0299778788576,185.0299778788576,184.42512705922866,0.14773131436823514,466615091,primary,4720203904,12558344054,0,False
226,1,0.8428883627640336,0.06296222349026022,0.9987415480458203,0.21632949175143731,1.0,True,850.2417522515343,183.93236613042592,183.93236613042592,183.42643998316618,0.21632949175143734,1209072902,secondary,293462774,293462770,0,False
227,1,0.9620955402314104,0.10383096695219034,0.9979255353431529,0.8135893981423225,1.0,True,222.56696460407787,181.0781227785953,181.07812277859531,180.4082937704146,0.8135893981423225,1208791978,primary,4597338781,293463029,0,False
228,1,0.8084891497647033,0.20250208289616636,0.9959581486999645,0.04850852577356976,1.0,True,3727.7442722503997,180.8273791077356,180.8273791077356,180.01021298189713,0.04850852577356977,865024248,primary,8062776435,8064752282,0,False
229,1,0.8233344665531799,0.0811828711884455,0.9983776599948373,0.11910584277364353,1.0,True,1517.5518854343366,180.7492962673884,180.7492962673884,180.54601168786502,0.11910584277364353,874644320,primary,11938897684,7128018275,0,False
230,1,0.8165828656154075,0.017429657255168075,0.9996514676064276,0.08343712666739642,1.0,True,2164.753124922666,180.62078068781472,180.62078068781472,179.7931882107846,0.08343712666739643,300173739,primary,12438735280,3042737291,0,False
231,1,0.8429129453547102,0.28391057962705757,0.9943378789812706,0.2230579083016453,1.0,True,809.528471065368,180.57172746646995,180.57172746646995,179.76073586290843,0.2230579083016453,1208791977,primary,3725763413,3725763281,0,False
232,1,0.8438632295183459,0.9403344797836896,0.9813690527560219,0.2472625684576966,1.0,True,727.2379214014876,179.81871632556832,179.81871632556832,179.2519503427287,0.24726256845769662,746487560;658700019,primary,6167916393,4715985536,0,False
233,1,0.8391636109467899,4.515317993585972,0.9136512363153008,0.325341200260998,1.0,True,546.2267127392241,177.71005433719856,177.71005433719856,177.33716410272964,0.325341200260998,875004053,secondary,8144960927,8144960932,0,False
234,1,0.796184385935733,5.243792627598712,0.9004363025165927,0.13026747590377613,1.0,True,1362.436793060552,177.4812021104335,177.4812021104335,176.7693232933594,0.13026747590377613,40016878,primary,8182365093,2283167672,0,False
235,1,0.8234183229319851,0.4542986881345954,0.9909551789650675,0.13065884621232424,1.0,True,1356.1790533848468,177.19679037258618,177.19679037258618,176.3989842506422,0.13065884621232424,870242502,trunk,8141521568,6010327769,0,False
236,1,0.8161894669782834,1.1536088606588435,0.9771919502361437,0.11515940953720158,1.0,True,1517.5518854343366,174.76037906868515,174.76037906868515,174.37081026872877,0.11515940953720157,874644320,primary,3714912868,5418127631,0,False
237,1,0.8333757041762453,0.13720458916233855,0.9972596697951186,0.17098901618854817,1.0,True,1019.722651556636,174.36137297484692,174.36137297484692,173.56164210270265,0.17098901618854817,874459842,primary,8141910114,9833884593,0,False
238,1,0.8218135600881347,0.8462517562611126,0.9832173886406881,0.1342417174796414,1.0,True,1298.633364364262,174.33077320862347,174.33077320862347,173.63037059990066,0.1342417174796414,1208791971,primary,3726941482,3726926564,0,False
239,1,0.8026538111084811,2.280905262550821,0.9554067573533792,0.08015891951233609,1.0,True,2164.753124922666,173.52427150475398,173.52427150475398,172.95694202211297,0.08015891951233609,300173739,primary,8148670280,3042737299,0,False
240,1,0.8513359305030315,0.00021387173366758873,0.9999957225744749,0.2566860686534443,1.0,True,667.8378016720923,171.424659809368,171.424659809368,171.64865137670688,0.2566860686534443,368721302,primary,3725764138,8153479957,0,False
241,1,0.9405731744757824,0.00021355906591984442,0.9999957288278031,0.7028722791372064,1.0,True,243.68686829944778,171.28074451744112,171.28074451744112,171.5049529404094,0.7028722791372064,1208491977,primary,3726939998,6604456763,0,False
242,1,0.831077548716628,0.08495473147426073,0.9983023480146161,0.15793422156121514,1.0,True,1083.4949319913956,171.1209286495828,171.1209286495828,170.3330930685504,0.15793422156121514,478257594,primary,8124335766,3714705527,0,False
243,1,0.8124579759949917,1.5942637509042437,0.9686177003532104,0.109363329445143,1.0,True,1544.979758064063,168.96413026723744,168.96413026723744,168.19663906928685,0.109363329445143,464650415,primary,8145147226,293462245,0,False
244,1,0.827858921256275,0.1028270491824514,0.9979455722478624,0.14237624790958098,1.0,True,1184.4455219686943,168.63690927120786,168.63690927120786,167.88750174144786,0.14237624790958098,874056882,primary,3727013860,4594206606,0,False
245,1,0.8086068159201429,0.0715290582029582,0.9985704416293865,0.04517841715663473,1.0,True,3727.7442722503997,168.41358578498432,168.41358578498432,167.6471046674699,0.04517841715663473,865024248,primary,3724390838,11968828663,0,False
246,1,0.8199033752643887,0.07471533796790981,0.9985068091610756,0.10175666258033005,1.0,True,1645.3088144295225,167.4211338703478,167.4211338703478,166.75764557876602,0.10175666258033006,1203900682,trunk,12617765452,2392383591,0,False
247,1,0.8711106619864302,0.0046133175246141555,0.9999077379059165,0.3556917030732765,1.0,True,469.66011903625116,167.05420760560193,167.05420760560193,166.7290373097244,0.35569170307327647,464260872,trunk,8141472721,8141472740,0,False
248,1,0.8494483948859186,0.39612165270575683,0.992108866707337,0.25907867436858756,1.0,True,643.9148295943573,166.82460045758106,166.82460045758106,166.09357091886028,0.25907867436858756,464845715,primary,2365467030,2408583723,0,False
249,1,0.9483306933871605,2.0104357441893423,0.9605889290216391,0.8007700734033437,1.0,True,208.04583484312778,166.59687843859135,166.59687843859135,165.84537575398642,0.8007700734033437,870242498,trunk,4593969159,4593969164,0,False
250,1,0.859487140335355,0.00021861319094564448,0.9999956277457395,0.2974422600581655,1.0,True,560.005325077379,166.56924953562327,166.56924953562327,166.62479351112393,0.2974422600581655,26755988,secondary,293462600,1051669950,0,True
251,1,0.859487140335355,0.00021861319094564448,0.9999956277457395,0.2974422600581655,1.0,True,560.005325077379,166.56924953562327,166.56924953562327,166.62479351112393,0.2974422600581655,26755988,secondary,293462600,1051669950,0,True
252,1,0.830193385580219,0.3431966280166211,0.9931595704197295,0.16122757227150067,1.0,True,1031.6171596803688,166.32513016888691,166.32513016888691,165.7979029597932,0.16122757227150067,874459840,primary,4720174504,3719620804,0,False
253,1,0.849089912282391,0.17089954446182787,0.9965878437921006,0.2505677957238041,1.0,True,661.1007374877854,165.65055454369568,162.44163985258837,162.6410624458763,0.2505677957238041,470103829,primary,3726944827,13957674836,0,False
254,1,0.8409248031217693,1.3553797950874828e-05,0.9999997289240777,0.20462442222272934,1.0,True,809.4926884594765,165.64197366954426,165.64197366954426,164.88313121898872,0.20462442222272936,174418041,secondary,293456654,293456599,0,False
255,1,0.806923675909998,0.6563780106834032,0.9869582303874976,0.05418103396874329,1.0,True,3051.056944132325,165.30941993060364,165.30941993060364,164.974148193616,0.054181033968743304,1393752821;742084229;44947109,trunk,569909828,12901379743,0,False
256,1,0.8242648426334149,0.610476205191396,0.9878647097086078,0.1395271486041625,1.0,True,1184.4455219686943,165.26230635726083,165.26230635726085,164.5273899480002,0.13952714860416252,874056882,primary,4594206606,4594206590,0,False
257,1,0.8332046835495779,1.0985518430515737,0.9782685683693914,0.1986205651938023,1.0,True,831.7759311019269,165.20780555006587,165.20780555006587,165.01016379621063,0.1986205651938023,279088743,primary,293464910,293464908,0,False
258,1,0.8381488713449745,0.3014771995003983,0.9939885972309462,0.1997614608784527,1.0,True,825.1068292039173,164.82454558256248,164.82454558256248,164.35480540153634,0.1997614608784527,478249498,secondary,293462777,293462778,0,False
259,1,0.997963213533994,0.1868449212181451,0.9962700750914097,0.9954109550328545,1.0,True,163.68089991390445,164.43550182597903,164.43550182597903,163.68089991390445,1.0046102013886256,1141888415;1392897335,primary,4723475967,4723476603,0,False
260,1,0.8453163506315855,0.9404728617141587,0.9813663366849,0.25453224813057773,1.0,True,642.7175101903604,163.59233278163993,163.59233278163993,162.85714470594917,0.25453224813057773,1208988383,primary,3719506250,3719506253,0,False
261,1,0.8358909846589127,0.13927664049017008,0.9972183431869732,0.1836274085141031,1.0,True,890.5508505122658,163.5295448295978,163.5295448295978,163.7342954632144,0.1836274085141031,26754699,secondary,293457075,293463159,0,False
262,1,0.8261211476994175,0.0056126450351769155,0.9998877533994176,0.13077410839796066,1.0,True,1246.9065433299056,163.06309145955152,163.06309145955152,162.40683323642784,0.13077410839796066,1208795201,primary,4594188520,3726941481,0,False
263,1,0.8363933316323158,0.01062010152354695,0.9997876205252434,0.1822852273737133,1.0,True,890.5508505122658,162.33426427348215,162.33426427348215,162.53335993530382,0.1822852273737133,26754699,secondary,4613766153,293457277,0,False
264,1,0.9376485209692922,0.16960017360398486,0.9966137428726544,0.6933219905374787,1.0,True,232.08542353011805,160.90992781663525,160.90992781663525,160.16951734939477,0.6933219905374787,1138034029,primary,3722327215,7127990460,0,False
265,1,0.8103766606080265,0.8146613827216161,0.9838387890142701,0.07612511951872752,1.0,True,2112.030498920006,160.7785741574832,160.7785741574832,160.16850587377658,0.07612511951872754,874459841;874459842;466615091,primary,293458244,6956618508,0,False
266,1,0.9233191513886032,0.21348450292937235,0.9957394121089247,0.6229866387796288,1.0,True,257.6878376345066,160.536079822312,160.536079822312,160.42588925723965,0.6229866387796288,279088740,primary,1812432267,1812432244,0,False
267,1,0.8232933535292546,0.10139173253618487,0.997974220016885,0.11950543762094548,1.0,True,1341.5532112198066,160.32290359860772,160.32290359860772,159.7710111534966,0.11950543762094551,880075594,primary,2283167601,3719620306,0,False
268,1,0.8874718395902337,0.7100049486114481,0.9859002468978957,0.45850882760432526,1.0,True,348.8000379178088,159.92789645403872,159.92789645403872,159.9981919214608,0.45850882760432526,1238285689,secondary,8124118501,3706277268,0,False
269,1,0.830822559063918,0.19271442249344994,0.9961531297861242,0.1598831006404034,1.0,True,999.5214033771465,159.80658112838552,159.80658112838552,159.08584965895915,0.15988310064040337,869997541,primary,3725791491,3725791505,0,False
270,1,0.8190422734171634,0.03396367729220062,0.9993209571082023,0.09622993142351373,1.0,True,1659.2079422068919,159.6654664959185,159.6654664959185,159.23275290293742,0.09622993142351371,478254539,primary,10287153450,5415640148,0,False
271,1,0.8294065086488143,8.974096767803163e-06,0.9999998205180808,0.14703281246694963,1.0,True,1083.4949319913956,159.30930714438122,159.30930714438122,158.57562353036303,0.14703281246694963,478257594,primary,3714704501,10267000474,0,False
272,1,0.8436450085071678,0.21804038864029557,0.9956486867431429,0.22475201242112483,1.0,True,708.4128526369825,159.21721425515156,159.21721425515156,158.48658160090042,0.22475201242112483,1208491992,primary,2929034393,3725790429,0,False
273,1,0.8354576199695132,0.46371316391947914,0.9907686100593777,0.19113518475849917,1.0,True,831.7165889749187,158.9703039004298,158.9703039004298,158.24526672103838,0.19113518475849917,879562788,secondary,293463119,293463078,0,False
274,1,0.9998241667268479,0.00020440850111948404,0.9999959118383341,0.999126965876738,1.0,True,158.49841000399,158.636905435644,158.636905435644,158.49841000399,1.0008737969778405,466600306,primary,1812432245,1812432278,0,False
275,1,0.7944889059840265,3.7396720372547287,0.9279351401250836,0.08054181973250754,1.0,True,1962.4852799948158,158.062135649042,158.062135649042,157.35711141131176,0.08054181973250753,90617087,secondary,3711678597,3711673309,0,False
276,1,0.8745891226913589,0.9755420061068003,0.9806782644588843,0.4019282167684678,1.0,True,391.6526074752279,157.41623411523904,157.41623411523904,157.52465869851733,0.4019282167684678,776295454,secondary,3706277194,8128232265,0,True
277,1,0.8745891226913589,0.9755420061068003,0.9806782644588843,0.4019282167684678,1.0,True,391.6526074752279,157.41623411523904,157.41623411523904,157.52465869851733,0.4019282167684678,776295454,secondary,3706277194,8128232265,0,True
278,1,0.9279603715391345,0.22520019923694118,0.9955061238302634,0.6465426719502766,1.0,True,241.6881809633085,156.26172229881945,156.26172229881945,155.54239487609743,0.6465426719502766,219116704;762822062;219116711,primary,3714706393,12201173657,0,False
279,1,0.839283462799518,0.058521778365561154,0.9988302491252419,0.19817194030972682,1.0,True,787.6883688992932,156.09773242417683,156.09773242417683,156.2880353520153,0.19817194030972685,478254522;1013619973,secondary,2703797734,8151182351,0,False
280,1,0.8209832078972295,0.0001769532948688496,0.9999964609403651,0.10492134807559972,1.0,True,1482.4236850478187,155.5378914544154,155.5378914544154,155.73761007641815,0.10492134807559972,26764975,secondary,3725656912,293466258,0,False
281,1,0.8597749825319507,0.12691920401058057,0.9974648348924188,0.30267766032112525,1.0,True,512.5091954147268,155.1250841611919,155.1250841611919,154.79538167660206,0.30267766032112525,478372781,primary,4719689700,10779362169,0,False
282,1,0.837255924061221,0.00019503624800428418,0.9999960992826478,0.1862854713821334,1.0,True,831.7759311019269,154.94777140963538,154.94777140963538,154.8236770410672,0.18628547138213342,279088743,primary,293464896,293464894,0,False
283,1,0.8184312216146692,0.3394880692972363,0.9932332369633551,0.10230625262831268,1.0,True,1509.2102409497347,154.4016441798402,154.4016441798402,153.70652829009268,0.10230625262831267,870242503,trunk,6010327768,3725560916,0,False
284,1,0.8841345672951686,0.06466522208756212,0.9987075315160168,0.4226115392018175,1.0,True,365.20059627112505,154.33798610756168,154.33798610756168,153.62760624769624,0.4226115392018175,1141889035,primary,4723476352,4722179361,0,False
285,1,0.8368410195977809,0.012233019962927237,0.9997553695276562,0.18457204369742045,1.0,True,834.7453514916448,154.07065549173444,154.07065549173444,153.377930406645,0.18457204369742045,879562787,secondary,5875519688,2703794066,0,False
286,1,0.886637960704495,0.43179124452954776,0.9914013567368573,0.44608776841718845,1.0,True,345.1956684849968,153.9875654217518,153.9875654217518,154.02171510715783,0.44608776841718845,869089258,secondary,6985772815,3719483256,0,True
287,1,0.8866379607044435,0.43179124453820084,0.9914013567366857,0.44608776841718845,1.0,True,345.1956684849968,153.9875654217518,153.9875654217518,154.02171510715783,0.44608776841718845,869089258,secondary,3719483256,6985772815,0,True
288,1,0.8128619510931783,0.13688000875842785,0.9972661436350599,0.06841054001330119,1.0,True,2241.3000993374953,153.32855012754362,153.32855012754362,152.75385340342538,0.06841054001330117,874459840;40016878;874459839,primary,2703768573,2703756979,0,False
289,1,0.8253734126335102,0.07658709862172769,0.998469430545559,0.12916291734921168,1.0,True,1184.4455219686943,152.9864390586863,152.9864390586863,152.37684510579274,0.12916291734921165,874056882,primary,4594259889,13022825212,0,False
290,1,0.8294578581367451,0.5921246300458642,0.9882273537245025,0.16494826009697144,1.0,True,926.304548659825,152.79232362134854,152.78316325177076,152.64547691720605,0.16494826009697144,842470001,trunk,8169509578,8169509567,0,False
291,1,0.828340478362027,0.5675986555759982,0.9887122174092816,0.15863406569621166,1.0,True,961.3337844525464,152.50028671883302,152.50028671883302,151.82938909030648,0.15863406569621166,605579942,trunk,8140465200,4593969290,0,False
292,1,0.8316330968715346,3.0355574958213747e-05,0.9999993928886851,0.1581663950246459,1.0,True,961.3337844525464,152.05069910225927,152.05069910225927,151.39817178543962,0.1581663950246459,605579942,trunk,8140526284,8140526242,0,False
293,1,0.8183902684054971,0.26398905121200356,0.9947341325219962,0.09985014324449124,1.0,True,1509.2102409497347,150.69485874488413,150.69485874488413,150.04043216355961,0.09985014324449122,870242503,trunk,8140750597,6010327768,0,False
294,1,0.8223923412465941,0.00012662128290978674,0.9999974675775484,0.11196550486664762,1.0,True,1343.3453532286426,150.40834068451002,150.40834068451002,149.8994257413289,0.11196550486664761,478371821,primary,3719620476,3719620498,0,False
295,1,0.860942455770402,0.07138769144617028,0.9985732649266729,0.30685238146200045,1.0,True,488.90393167121965,150.0213357394489,150.0213357394489,150.20203506747703,0.30685238146200045,1210205483,secondary,3714709047,8144958903,0,False
296,1,0.8359455566658498,6.218804558842306e-05,0.9999987562398617,0.17972964896945626,1.0,True,832.3105617306521,149.59088509342106,149.59088509342106,148.94681138488082,0.17972964896945626,1208988379,primary,4478448738,8163267506,0,False
297,1,0.8165682915151802,0.19341928028145736,0.9961390869592749,0.08863282713698817,1.0,True,1679.6442797498569,148.87162109870007,148.87162109870007,148.20263620701337,0.08863282713698818,746487576;746487577;879562787,secondary,2703794068,5875519688,0,False
298,1,0.8530221231382371,0.10954567733358148,0.9978114847526044,0.26839338856227923,1.0,True,554.6392697767556,148.86151304509158,148.86151304509158,148.19115347085003,0.26839338856227923,1208986532,primary,293458413,3725790343,0,False
299,1,0.8304400689032561,2.222624134881496,0.9565210503137475,0.21741876904565866,1.0,True,683.3078157065394,148.5639441701936,148.5639441701936,148.22034924835322,0.21741876904565868,367555141,secondary,3716311233,8144958887,0,False
300,1,0.8231997444047281,0.08705434450256243,0.9982604279224605,0.11860808013994907,1.0,True,1252.4763532371464,148.55381567814263,148.55381567814263,148.08092182828761,0.11860808013994907,466615091,primary,12558344054,7127914070,0,False
301,1,0.8228503574901453,8.667803617181732e-05,0.9999982664407792,0.11425438778955771,1.0,True,1298.633364364262,148.3745600085324,148.3745600085324,147.7774839030622,0.11425438778955772,1208791971,primary,3726941434,3726941482,0,False
302,1,0.8082390566145536,2.7819286733788324,0.945880940586474,0.12237387219305675,1.0,True,1210.5517918520952,148.13991025918412,148.13991025918412,147.4838569968509,0.12237387219305673,1141889036,primary,293463370,293463385,0,False
303,1,0.8147475976124177,0.05216791765148085,0.9989571857560468,0.07530220942801842,1.0,True,1962.4852799948158,147.77947755357297,147.77947755357297,147.22812855339492,0.07530220942801842,90617087,secondary,8099252001,3711678597,0,False
304,1,0.8480107826591363,0.0001673381073494334,0.9999966532434534,0.2400589334305013,1.0,True,614.4249257857429,147.49819235724036,147.49819235724036,147.6060416366936,0.2400589334305013,252236395,secondary,2583312049,2583312092,0,False
305,1,0.853337368731345,0.09707051225935102,0.9980604730727216,0.26959613404764243,1.0,True,546.2267127392241,147.260610068047,147.260610068047,147.4493949688494,0.2695961340476425,875004053,secondary,8144960935,8144960921,0,False
306,1,0.8523975703295867,0.11154317618469548,0.9977716230029592,0.26533041714349526,1.0,True,554.6392697767556,147.16266881403016,147.16266881403016,146.50234089492875,0.26533041714349526,1208986532,primary,3725777494,293458413,0,False
307,1,0.827031996955957,1.7500211729188695,0.9656050073639503,0.1867524737338592,1.0,True,787.6883688992932,147.10275142333165,147.10275142333163,147.28393449669312,0.1867524737338592,478254522,secondary,8151182352,9757587446,0,False
308,1,0.7391673522491411,15.408749747447935,0.7347867227925896,0.09365667705682143,1.0,True,1567.0506046218045,146.76475240876113,1567.6704669611318,1567.0506046218045,0.09365667705682144,279958945;879568355;879568356;325359753;218505930;218505931;1210086508;26755786;1209009371,trunk,13519081481,8140380974,0,False
309,1,0.837217641510301,0.00015789343021279468,0.9999968421363818,0.18609294434693202,1.0,True,787.6883688992932,146.58324779630186,146.58324779630186,146.76353632409214,0.18609294434693205,478254522,secondary,4620986372,4613766154,0,False
310,1,0.8485715183926201,0.41489371467362923,0.9917364580380036,0.25525290490609476,1.0,True,570.6262725591678,145.65401368646457,145.65401368646457,145.45185496668086,0.25525290490609476,219116706,primary,2283167579,8141472796,0,False
311,1,0.8142361996618066,0.05334564261034204,0.9989336560969525,0.07278051416360366,1.0,True,1984.1298946964046,144.40599390338113,144.40599390338113,143.75630099285797,0.07278051416360368,746487578;746487579;879562788,secondary,10110997385,5338412716,0,False
312,1,0.8182394899118812,0.13878999728142147,0.9972280490248929,0.09535537602206666,1.0,True,1509.2102409497347,143.9113100221158,143.9113100221158,143.25141437226273,0.09535537602206667,870242503,trunk,3725560916,3725560939,0,False
313,1,0.8659276934331768,0.016457201680856785,0.9996709101283378,0.330132101973377,1.0,True,435.03948195605096,143.62049861956012,143.62049861956012,143.02541640138293,0.330132101973377,464283097,primary,3042737290,2841381805,0,False
314,1,0.8220648188479163,0.09068195079717441,0.9981880046334842,0.1130420872893552,1.0,True,1267.383212126753,143.26764369429583,143.26764369429583,142.61136034048508,0.11304208728935522,368852567,primary,3726926556,12435035118,0,False
315,1,0.8219543280616552,0.25601479012504125,0.9948927905671635,0.11743245445753055,1.0,True,1210.5517918520952,142.15806816515317,142.15806816515317,141.50369384080167,0.11743245445753055,1141889036,primary,293463347,293463349,0,False
316,1,0.827674542240816,0.11008986580304105,0.9978006248616088,0.14167177391166702,1.0,True,999.5214033771465,141.60397027911924,141.60397027911924,140.96568221099233,0.14167177391166702,869997541,primary,3725791505,3184374603,0,False
317,1,0.8341181108748925,0.022182616264802973,0.9995564460738446,0.17125588526369556,1.0,True,825.1068292039173,141.3044004724377,141.3044004724377,140.83969457719215,0.17125588526369553,478249498,secondary,9771712112,293462780,0,False
318,1,0.8411647543490199,0.249157778399891,0.99502923975389,0.21327991211426464,1.0,True,662.4877709322834,141.29533356121252,141.29533356121252,141.4618665148559,0.21327991211426467,368729170,primary,3725763498,3725764126,0,False
319,1,0.8185304064393975,0.0001595223798945715,0.9999968095574916,0.09265681786074918,1.0,True,1517.5518854343366,140.61152864292586,140.61152864292586,140.44214976699354,0.0926568178607492,874644320,primary,5414086844,8127692843,0,False
320,1,0.8807393902027867,4.151103407932879e-06,0.9999999169779353,0.40369707554703055,1.0,True,347.22893426059886,140.1753053063159,140.1753053063159,139.53338621877887,0.40369707554703055,1208785492,primary,6947408065,3725790736,0,False
321,1,0.8069711263687758,0.0863220792322772,0.9982750478583583,0.037443060056341466,1.0,True,3727.7442722503997,139.57815266055462,139.57815266055462,138.94410732676502,0.037443060056341466,865024248,primary,3724390901,3724390916,0,False
322,1,0.9325092743378909,0.4870077760191794,0.9903071261595715,0.6770856824500967,1.0,True,205.50376962589525,139.14366010321675,139.14366010321677,138.96633289472211,0.6770856824500967,279088746,primary,1812432286,2833450822,0,False
323,1,0.8647531112604265,0.8369369430988017,0.9834005754291278,0.34866469315844084,1.0,True,398.9080217699513,139.0851430088607,139.0851430088607,138.59239444994776,0.34866469315844084,568707032;874594467;1210221828;374402719,trunk,4714939528,8141628265,0,False
324,1,0.8419651167270739,0.0001422503643517336,0.99999715499676,0.2098298511402297,1.0,True,662.4877709322834,139.00971035694363,139.00971035694363,139.183672841292,0.2098298511402297,368729170,primary,3725763961,3725763498,0,False
325,1,0.8396255315321002,1.1142985988269611,0.9779605257540788,0.23118686902938218,1.0,True,601.085191555495,138.9630034556413,138.9630034556413,138.65913686126368,0.23118686902938215,746487559,primary,293461082,293460950,0,False
326,1,0.8239851566310026,0.5166170819553578,0.9897208536345453,0.13534450270319462,1.0,True,1019.722651556636,138.0138551701159,138.0138551701159,137.37991479242356,0.13534450270319462,874459842,primary,8141910101,8141910114,0,False
327,1,0.819263344434505,0.04152721154115715,0.9991698005755709,0.09756202130916854,1.0,True,1410.0672749719495,137.56901352817457,137.56901352817457,137.7454877769863,0.09756202130916855,875119268,secondary,6965369868,8145903096,0,True
328,1,0.819263344434505,0.04152721154115715,0.9991698005755709,0.09756202130916854,1.0,True,1410.0672749719495,137.56901352817457,137.56901352817457,137.7454877769863,0.09756202130916855,875119268,secondary,6965369868,8145903096,0,True
329,1,0.8200382969147963,0.4329738627917192,0.9913779080271747,0.11312462253321998,1.0,True,1215.2050234138255,137.46960957416178,137.46960957416178,136.86365179533993,0.11312462253321999,876451409,primary,8145580981,4594206614,0,False
330,1,0.9954106028253293,0.671087599693314,0.9866679180945577,0.9970511369848097,1.0,True,136.99981927426754,137.40500781992966,137.40500781992966,136.99981927426754,1.0029575845268157,874656098,trunk,4714939538,4714939527,0,False
331,1,0.8426514217785883,0.3174468698293576,0.9936711745208345,0.22275034711168987,1.0,True,614.4249257857429,136.86336549284852,136.86336549284852,136.92249253884938,0.22275034711168987,252236395,secondary,2751622292,2583312029,0,False
332,1,0.8249696361383114,4.814456318112889e-06,0.9999999037108783,0.12484832512523941,1.0,True,1083.4949319913956,135.2725275408109,135.2725275408109,134.64956616499865,0.1248483251252394,478257594,primary,3714705527,3714704501,0,False
333,1,0.8398282351608799,0.17120462580869955,0.9965817630034188,0.20426853129927083,1.0,True,661.1007374877854,135.04207668749473,135.04207668749473,135.21167385753355,0.20426853129927083,470103829,primary,3726944825,3725763954,0,False
334,1,0.8155973130572876,0.10144477603289662,0.9979731612966013,0.0810268233415363,1.0,True,1659.2079422068919,134.4403488200718,134.4403488200718,134.28913796899633,0.0810268233415363,478254539,primary,7128018274,4801591614,0,False
335,1,0.8327086516736817,0.054084598760402315,0.9989188928426733,0.1651649191043988,1.0,True,809.4926884594765,133.69979440501174,133.69979440501174,133.0861454992496,0.1651649191043988,174418041,secondary,9882823387,3714708616,0,False
336,1,0.9972775276832127,0.4397461694088309,0.9912436388171708,0.9995221801903071,1.0,True,133.27367705911058,133.33738830461525,133.33738830461525,133.27367705911058,1.0004780482306075,280421147,trunk,4875425580,2277623663,0,False
337,1,0.8335780653901255,1.082629135374581,0.9785801516681307,0.20002009944843138,1.0,True,662.4877709322834,132.51086982524495,132.51086982524495,132.6780624282585,0.20002009944843138,368729170,primary,3725764126,3725790551,0,False
338,1,0.8173156523810685,0.02136487976793676,0.9995727936832572,0.08721907138045706,1.0,True,1517.5518854343366,132.35946621924458,132.35946621924458,131.99400557709532,0.08721907138045705,874644320,primary,9919058606,3714913529,0,False
339,1,0.8316247965034189,0.1680532484820697,0.996644577086348,0.16315711688757187,1.0,True,809.4926884594765,132.07449319061763,132.07449319061763,131.46992216488096,0.1631571168875719,174418041,secondary,293456370,9871576948,0,False
340,1,0.8297323222125002,0.028623766227810075,0.9994276885081775,0.14952007830023425,1.0,True,882.6426791620468,131.97280249943776,131.97280249943776,131.37860221744427,0.14952007830023425,300173742,primary,3725789806,3725790040,0,False
341,1,0.8089310761635844,0.06490471013629262,0.9987027479571133,0.04660125888225155,1.0,True,2817.054529403546,131.27828741015398,131.27828741015398,131.29778474029504,0.046601258882251556,26754491;876134933,secondary,9781361238,8154498070,0,False
342,1,0.8069116070747056,0.019661622231528876,0.9996068448611138,0.03514776808185742,1.0,True,3727.7442722503997,131.0218911495294,131.0218911495294,130.43726548983204,0.03514776808185742,865024248,primary,8062776421,3724390367,0,False
343,1,0.8379543625217158,0.2749310065686718,0.9945164696100472,0.19799710819350863,1.0,True,661.1007374877854,130.8960342471774,134.1049530309694,134.27250599750838,0.19799710819350863,470103829,primary,13957674836,6604385662,0,False
344,1,0.8159418109803938,0.5440188519467217,0.9891786001714249,0.09594115464483148,1.0,True,1362.436793060552,130.71375905683067,130.71375905683067,130.19476257903693,0.09594115464483147,40016878,primary,2283167656,2703768573,0,False
345,1,0.901670839216463,0.00013768667795646382,0.9999972462702323,0.5083583266769667,1.0,True,256.07797257815724,130.17936963866217,130.17936963866217,130.07714164356315,0.5083583266769667,1208791979,primary,2833482027,293460604,0,False
346,1,0.8361206250534416,0.734302636485051,0.98542126136026,0.2024712332268181,1.0,True,642.7175101903604,130.1318069047123,130.13180690471233,129.5753959530181,0.20247123322681812,1208988383,primary,8163267507,4597338734,0,False
347,1,0.8331789604215394,1.019221565235978,0.9798219266731314,0.19616191209800007,1.0,True,661.1007374877854,129.682784755002,129.682784755002,129.84520171672105,0.19616191209800007,470103829,primary,3726939997,6605170431,0,False
348,1,0.8184908408671183,1.2578047721362153,0.9751576824772998,0.12971768061964167,1.0,True,999.5214033771465,129.65559817577272,129.65559817577272,129.06395806613565,0.12971768061964167,869997541,primary,3184374603,3184374604,0,False
349,1,0.9183294627683445,0.8386274171877922,0.9833673277273376,0.6165963222507164,1.0,True,209.7599542171764,129.33721632578963,129.33721632578963,129.26511283461298,0.6165963222507164,466600302,primary,2833450825,293458231,0,False
350,1,0.829695670722824,0.3960818485854941,0.9921096565080643,0.16031386885202403,1.0,True,805.1330325753198,129.07399139271223,129.07399139271223,129.14875515799324,0.16031386885202406,876418713,secondary,293452705,293452702,0,True
351,1,0.829695670722824,0.3960818485854941,0.9921096565080643,0.16031386885202403,1.0,True,805.1330325753198,129.07399139271223,129.07399139271223,129.14875515799324,0.16031386885202406,876418713,secondary,293452705,293452702,0,True
352,1,0.8479091028490566,0.4056484425414638,0.9919198524615536,0.2516657355529522,1.0,True,512.5091954147268,128.98100364169895,128.98100364169895,128.5746104719181,0.2516657355529522,478372781,primary,4715985522,4721825589,0,False
353,1,0.9527500477926423,2.630082216619534,0.9487578802932131,0.8406134185233914,1.0,True,152.95030570950033,128.57207934666087,128.57207934666087,128.661373944703,0.8406134185233914,869974597,secondary,13127794959,7242244227,0,False
354,1,0.8340253325057347,0.5932835265406844,0.9882044489256202,0.1878199891402438,1.0,True,683.3078157065394,128.33886652544595,128.33886652544595,128.49652329390113,0.1878199891402438,367555141,secondary,3714708572,3714707014,0,False
355,1,0.8383450122497236,0.00011958858130377779,0.9999976082312342,0.19172864890176602,1.0,True,668.0567334777996,128.08561489942574,128.08561489942574,128.25402861168442,0.19172864890176602,470103540,primary,3725763514,3725763504,0,False
356,1,0.8180352031811635,0.0023467885619066517,0.999953065330228,0.0902464179104751,1.0,True,1413.8082295902807,127.5911283328734,127.5911283328734,127.00361072273344,0.0902464179104751,762822065,primary,4714962029,4721819322,0,False
357,1,0.8700212180947164,0.651630780085634,0.9870519412022961,0.3695281786701375,1.0,True,345.1956684849968,127.55952666008145,127.55952666008145,127.12338549991922,0.3695281786701375,869089258,secondary,3719483256,6965143039,0,True
358,1,0.8700212180881048,0.6516307812020173,0.9870519411802575,0.3695281786701375,1.0,True,345.1956684849968,127.55952666008145,127.55952666008145,127.12338549991922,0.3695281786701375,869089258,secondary,3719483256,6965143039,0,True
359,1,0.9876499910382417,2.072731051451098,0.9593928706149041,0.9991606492688516,1.0,True,127.33700155079222,127.23012114543832,127.23012114543833,127.33700155079222,0.9991606492688516,1427941136,secondary,13127794973,13127794959,0,False
360,1,0.8159151448233237,0.08697191190077357,0.9982620737079039,0.08218261355476271,1.0,True,1547.913794265329,127.211601170194,127.211601170194,126.6347050751721,0.08218261355476271,464650412,primary,6949998010,4601752551,0,False
361,1,0.8205756217221922,0.05528043466915356,0.9988950022667267,0.1045356052108713,1.0,True,1215.2050234138255,127.03219257785528,127.03219257785528,126.4673839451525,0.1045356052108713,876451409,primary,3727012991,3727013278,0,False
362,1,0.8296911033898984,0.1047885228304462,0.9979064241369053,0.15159588074413327,1.0,True,831.7165889749187,126.08480883515908,126.08480883515908,125.51614020434786,0.15159588074413324,879562788,secondary,293463078,293463063,0,False
363,1,0.8368964746010099,0.00011553764866474986,0.9999976892496965,0.1844858391305046,1.0,True,683.3078157065394,126.0606157650531,126.0606157650531,126.22277139479348,0.1844858391305046,367555141,secondary,3714708563,3714708572,0,False
364,1,0.8984534819348684,0.00012876326064514175,0.999997424738103,0.49227127256718767,1.0,True,256.07797257815724,126.05982943747486,126.05982943747486,126.0008309345941,0.49227127256718767,1208791979,primary,293460604,6985773024,0,False
365,1,0.8166603932717327,0.5715732541903912,0.9886336258488352,0.10035152758541066,1.0,True,1252.4763532371464,125.68791531195204,125.68791531195203,125.23560346184938,0.10035152758541066,466615091,primary,293458235,5662526910,0,False
366,1,0.8932060956860548,0.41392375171780565,0.9917556971771402,0.47839693266456373,1.0,True,261.2252562282979,124.96936131413244,124.96936131413244,125.02622597471824,0.47839693266456373,464097499;456959534,secondary,4592522613,1051669812,0,False
367,1,0.8060997760995663,0.09489618663525075,0.9981038761856599,0.03334306621934114,1.0,True,3727.7442722503997,124.2944241184147,124.2944241184147,123.73921918270827,0.03334306621934113,865024248,primary,3724390537,3724390516,0,False
368,1,0.8235967961182522,4.7503792479370384e-05,0.9999990499246018,0.11798540570435807,1.0,True,1052.2865127067323,124.15445111892798,124.15445111892798,123.62678312211759,0.11798540570435809,456959535,secondary,1051669905,10128190730,0,False
369,1,0.8906018647129932,0.006647965525167991,0.999867049528194,0.4532087492726749,1.0,True,273.67397644546,124.03144057332644,124.03144057332644,124.18349630911572,0.4532087492726749,1209433726,secondary,3714709074,4723475967,0,True
370,1,0.8906018647129932,0.006647965525167991,0.999867049528194,0.4532087492726749,1.0,True,273.67397644546,124.03144057332644,124.03144057332644,124.18349630911572,0.4532087492726749,1209433726,secondary,3714709074,4723475967,0,True
371,1,0.82133936098998,1.45954489281346,0.9712310408450425,0.14985024368233565,1.0,True,825.1068292039173,123.64245942016632,123.64245942016632,123.38409924106693,0.14985024368233565,478249498,secondary,2833450832,293462777,0,False
372,1,0.8242845048552052,0.6224261625650115,0.9876286390966307,0.13997956563107952,1.0,True,882.6426791620468,123.5519388365556,123.55193883655559,122.98987848226554,0.13997956563107955,300173742,primary,6604381555,3725827504,0,False
373,1,0.8189003156348953,0.0002821241910513067,0.9999943575320978,0.09451004187632996,1.0,True,1296.169606714344,122.5010438093988,122.5010438093988,121.94914688217729,0.09451004187632997,746487579,secondary,5338412716,9911548099,0,False
374,1,0.8246638258896577,2.994713170224876e-05,0.9999994010575454,0.12332002786197034,1.0,True,993.1015644652255,122.46931259961792,122.46931259961792,121.91518949261406,0.12332002786197033,746487577,secondary,2704039247,2704039246,0,False
375,1,0.8277288142176744,0.2743991284051667,0.9945270488981847,0.14685349774109474,1.0,True,832.3105617306521,122.22771719700162,122.22771719700162,121.77239500816975,0.14685349774109474,1208988379,primary,6986305647,293452701,0,False
376,1,0.9000240518325113,0.44032388975463466,0.9912321856509824,0.5132719806860833,1.0,True,237.8836117972769,122.09899259994764,122.09899259994765,122.11282730988634,0.5132719806860833,464097500,secondary,1051669449,4592522613,0,False
377,1,0.8201275490622291,0.6249724282635223,0.9875783450787289,0.11927022769305173,1.0,True,1019.722651556636,121.62255283492242,121.62255283492242,121.14276137121429,0.11927022769305172,874459842,primary,6956618508,9717246530,0,False
378,1,0.8266268551742657,9.346147591518605e-05,0.9999981307722287,0.13313707971298527,1.0,True,912.7934682412829,121.52665674273196,121.52665674273197,121.17144285194163,0.13313707971298527,279088748,secondary,2999157389,2999157408,0,False
379,1,0.8142728658080625,0.6386285326544147,0.9873086524504207,0.09040135036468135,1.0,True,1343.3453532286426,121.44023393798912,121.44023393798912,120.99127150943823,0.09040135036468133,478371821,primary,3719620498,2283167617,0,False
380,1,0.8274896501023918,0.3207031764826494,0.9936064626669383,0.14703855651155143,1.0,True,825.1068292039173,121.32251713396718,121.32251713396718,120.94492466304393,0.1470385565115514,478249498,secondary,293462778,293462779,0,False
381,1,0.8299280275675425,0.43408307774148547,0.9913559152471938,0.16260626496692113,1.0,True,744.9722300237528,121.13715182824048,121.13715182824049,121.29185613793254,0.16260626496692115,876134933,secondary,9726096123,10232859317,0,False
382,1,0.8291780786821852,0.00836440840501787,0.999832725823785,0.14614130467524858,1.0,True,825.731541897677,120.6734848444312,120.67348484443121,120.13303223996856,0.14614130467524858,466839445,secondary,3240828570,293464764,0,False
383,1,0.828287133598943,9.846963009466074e-05,0.9999980306093373,0.14143862208070915,1.0,True,850.2417522515343,120.2570218739447,120.25702187394467,119.95498958627438,0.14143862208070915,1209072902,secondary,293462775,293462774,0,False
384,1,0.8505895556659813,0.01855402243166007,0.9996289883932009,0.25350429574010475,1.0,True,472.50173677825876,119.78122001794884,119.78122001794884,119.22985347654551,0.25350429574010475,1105211172,primary,4723476603,4715985573,0,False
385,1,0.8109929898253903,0.01152160694215798,0.999769594408603,0.055310557514046066,1.0,True,2164.753124922666,119.73370221974604,119.73370221974605,119.23373744520782,0.05531055751404606,300173739,primary,6956668970,2841381812,0,False
386,1,0.8544397632286627,6.55324798035092,0.8771607925199296,0.4564576273634181,1.0,True,261.2252562282979,119.23826066536982,119.23826066536982,119.30454083693355,0.4564576273634181,456959534,secondary,1051669812,4531816332,0,False
387,1,0.8463121407678493,0.00010432325089186765,0.9999979135371588,0.2315638335335081,1.0,True,514.8013010359493,119.20936277592196,119.20936277592197,119.35738090930545,0.2315638335335081,218505933,trunk,8182316367,8182316352,0,False
388,1,0.8200574003712462,0.0007043232223580327,0.9999859136347666,0.10030813140408051,1.0,True,1184.4455219686943,118.80951705861052,118.80951705861052,118.27951338279935,0.10030813140408051,874056882,primary,4594206590,6609242521,0,False
389,1,0.8396313430006672,0.16843212350275108,0.9966370250402657,0.20320117744293764,1.0,True,582.4729071620802,118.3591805639456,118.35918056394559,118.43316044110112,0.20320117744293764,252236396,secondary,2583312029,3706277462,0,False
390,1,0.9998124079746176,0.00011330301880613125,0.9999977339421914,0.999065438959801,1.0,True,118.01139348597232,118.12178550470377,118.12178550470375,118.01139348597232,1.00093543526155,1209004192,primary,1812432274,1812432245,0,False
391,1,0.8182135263264176,2.945024091688326e-05,0.9999994109953552,0.09106851513905487,1.0,True,1296.169606714344,118.04024145184802,118.04024145184802,117.50754035899003,0.09106851513905487,746487579,secondary,293463176,293455110,0,False
392,1,0.8465561972813316,0.587949579958619,0.9883098751437529,0.2503161736910286,1.0,True,469.66011903625116,117.5635239324274,117.56352393242739,117.21032238756624,0.2503161736910286,464260872,trunk,8142194644,4714939537,0,False
393,1,0.8221235908957711,0.28502970727291793,0.9943156234101459,0.1191445193636366,1.0,True,982.7016931378336,117.0835209067391,117.0835209067391,117.22131861899393,0.11914451936363661,875146659;1352928436,primary,8144915374,8146129661,0,False
394,1,0.906789376175893,0.30241632872289687,0.9939699277315077,0.5429919892822036,1.0,True,215.27097476117055,116.89041482028703,116.89041482028705,116.50471946282244,0.5429919892822036,1210210285,primary,2703786131,7242788582,0,False
395,1,0.8829233429880472,3.192999569960918e-05,0.9999993614002899,0.41461767283980105,1.0,True,280.9529065951497,116.48804031005898,116.48804031005898,115.96698764079171,0.41461767283980105,232511043,primary,2390658890,2407964442,0,False
396,1,0.8143366641979193,0.3452400361169896,0.9931189826428859,0.0820048470252674,1.0,True,1410.0672749719495,115.63235117941038,115.63235117941036,115.77899290433302,0.0820048470252674,875119268,secondary,8145707262,3726941209,0,True
397,1,0.8143366641979193,0.3452400361169896,0.9931189826428859,0.0820048470252674,1.0,True,1410.0672749719495,115.63235117941036,115.63235117941036,115.77899290433302,0.08200484702526739,875119268,secondary,8145707262,3726941209,0,True
398,1,0.8602644753757009,0.16927620671244928,0.9966202002907011,0.3063920764424526,1.0,True,376.5721956087928,115.37873694307146,115.37873694307146,115.31587164527045,0.3063920764424526,1209004194;466600301;170090974,primary,293460471,4613676969,0,False
399,1,0.7955218138973434,2.5841861086163305,0.9496291660011217,0.05316532048503424,1.0,True,2164.753124922666,115.08979365749288,115.08979365749289,114.58546551237515,0.05316532048503423,300173739,primary,3042737291,3042737273,0,False
400,1,0.8357146927212369,3.061521615478732e-05,0.9999993876958644,0.17857438206238713,1.0,True,643.9148295943573,114.98669279561967,114.98669279561967,114.47186259476346,0.17857438206238713,464845715,primary,2408583723,8184439489,0,False
401,1,0.8207391763691816,1.1382989905187555,0.97749120968724,0.13745906731504748,1.0,True,834.7453514916448,114.74331746161296,114.74331746161297,114.21670990925156,0.13745906731504748,879562787,secondary,2703794064,2703794062,0,False
402,1,0.8352788321914508,0.042572981448082296,0.9991489027599277,0.1776708068173626,1.0,True,643.9148295943573,114.404867295694,364.99318958953035,363.34939608073364,0.17767080681736258,230574618;464845715,primary,8184439489,2390658892,0,False
403,1,0.8441948804855619,0.05755853358978248,0.9988494916709812,0.22270016492133798,1.0,True,512.5091954147268,114.1358823425619,114.1358823425619,113.78564409816697,0.22270016492133798,478372781,primary,4715985518,11209425689,0,False
404,1,0.9991271066500074,4.0524852252719453e-05,0.9999991895032834,0.9956367489951113,1.0,True,113.2286353170636,113.72484536287398,113.72484536287398,113.2286353170636,1.0043823723956478,1210204475,primary,2365467030,2365769916,0,True
405,1,0.9991271066500074,4.0524852252719453e-05,0.9999991895032834,0.9956367489951113,1.0,True,113.2286353170636,113.72484536287398,113.72484536287398,113.2286353170636,1.0043823723956478,1210204475,primary,2365467030,2365769916,0,True
406,1,0.8053855884495698,1.0521391472893618,0.9791770715937435,0.058162334857233225,1.0,True,1954.3627391290017,113.67030006572054,113.67030006572054,113.24731748446149,0.058162334857233225,279088748;456959531;1208986540;264753949,secondary,11176575743,1051669679,0,False
407,1,0.9818830761456949,9.608521419641242e-05,0.9999980782975626,0.9094182632821308,1.0,True,124.91243775155075,113.59765220235256,113.59765220235256,113.40551541309924,0.9094182632821308,1210250347,trunk,3725590079,8169509566,0,False
408,1,0.8239673650375439,0.6747294396366269,0.986596054979031,0.13994274271917292,1.0,True,809.2005440449952,113.24174354350352,113.24174354350353,112.73082365070569,0.13994274271917292,875007028,secondary,8148598918,8144976336,0,False
409,1,0.8247432455484958,0.0031784475043144084,0.9999364330703766,0.1238115781369135,1.0,True,912.7934682412829,113.01439981601987,113.01439981601987,112.64326812164893,0.12381157813691351,279088748,secondary,2999157392,2999157391,0,False
410,1,0.8255460144588,0.268683853849435,0.9946407352983019,0.1357689693465474,1.0,True,832.3105617306521,113.00194714241655,113.00194714241655,112.54672756706233,0.1357689693465474,1208988379,primary,293461291,8156864966,0,False
411,1,0.8228364405083275,0.12113322259012117,0.9975802678312633,0.11781180079474256,1.0,True,958.1419680559477,112.8804306736899,112.8804306736899,112.87864484164054,0.11781180079474256,1238285688,secondary,3718134117,3730052116,0,False
412,1,0.8173378502095876,0.652820499789192,0.9870284551788574,0.10614656827965162,1.0,True,1052.2865127067323,111.69660217078165,111.69660217078163,111.22534701753753,0.10614656827965162,456959535,secondary,10128190730,8151376713,0,False
413,1,0.8251215524665694,0.0016918182782358804,0.9999661642068787,0.1256585160225289,1.0,True,882.6426791620468,110.91156924165185,110.91156924165183,110.41345894515642,0.12565851602252887,300173742,primary,3725777460,3725789806,0,False
414,1,0.8265982530728684,9.941030731206254e-05,0.9999980117958303,0.13299424767059662,1.0,True,831.7759311019269,110.62141418741076,110.62141418741076,110.52789471782168,0.13299424767059662,279088743,primary,293464894,2955635979,0,False
415,1,0.850667093908952,0.021969463279086002,0.9995607072517448,0.25399440866714307,1.0,True,435.03948195605096,110.49759596628742,110.49759596628742,110.0390420958735,0.25399440866714307,464283097,primary,3722532411,3042737290,0,False
416,1,0.8882530839476417,0.05576586759350344,0.9988853043833621,0.4429374631631648,1.0,True,243.37718479423154,107.80087282454969,107.80087282454967,107.72521790547731,0.4429374631631648,1212991822,secondary,4713176922,4713176938,0,True
417,1,0.8882530839476417,0.05576586759350344,0.9988853043833621,0.4429374631631648,1.0,True,243.37718479423154,107.80087282454969,107.80087282454967,107.72521790547731,0.4429374631631648,1212991822,secondary,4713176922,4713176938,0,True
418,1,0.8157730796773197,8.509975745660408e-06,0.9999998298004996,0.07886565368584865,1.0,True,1362.436793060552,107.44946829037174,107.44946829037174,106.95515118137705,0.07886565368584865,40016878,primary,4719769348,9833884594,0,False
419,1,0.8234582540484425,0.0010107647008563577,0.9999797849103106,0.11732159287674665,1.0,True,912.7934682412829,107.09038366155735,107.09038366155737,106.79349573065501,0.11732159287674664,279088748,secondary,2999157408,2999157398,0,False
420,1,0.8098432000809062,0.0011706807409509563,0.9999765866592775,0.04925112041561406,1.0,True,2164.753124922666,106.61651682564306,106.61651682564306,106.17440343634554,0.049251120415614066,300173739,primary,3722532540,3042737280,0,False
421,1,0.8214187873242784,0.6811132891221042,0.9864700974057851,0.12738879051271496,1.0,True,834.4919587693046,106.3049213202081,106.3049213202081,105.84043928384997,0.12738879051271496,364407163,secondary,8105649904,3719483230,0,True
422,1,0.8214187873242784,0.6811132891221042,0.9864700974057851,0.12738879051271496,1.0,True,834.4919587693046,106.3049213202081,106.3049213202081,105.84043928384997,0.12738879051271496,364407163,secondary,8105649904,3719483230,0,True
423,1,0.8623321743274555,0.014670776126334741,0.9997066275195979,0.3121009303578798,1.0,True,340.0322855200716,106.12439266253055,106.12439266253057,106.25527619068511,0.3121009303578798,1352928435,primary,10116085882,8146129652,0,False
424,1,0.8485119537834938,0.019668462216384106,0.9996067081152096,0.24314970674465394,1.0,True,435.03948195605096,105.77972245995996,105.77972245995996,105.3392786792557,0.24314970674465392,464283097,primary,2277623798,11001108947,0,False
425,1,0.8056165501791779,0.007191637875903075,0.999856177585917,0.02829848451701407,1.0,True,3727.7442722503997,105.4895135716658,105.48951357166581,105.01921627575597,0.028298484517014066,865024248,primary,11968828659,9896844093,0,False
426,1,0.9574874257804304,0.14729488415881964,0.9970584372156359,0.7918494730786981,1.0,True,132.94425443203872,105.27183782085024,105.27183782085024,105.24793986655266,0.7918494730786981,1089369693,secondary,4713176922,9979039307,0,False
427,1,0.8112248841798684,1.0191206920358291,0.9798239034305919,0.08638856575345348,1.0,True,1210.5517918520952,104.57783306837564,165.612525504467,164.96554902664965,0.08638856575345347,1141889036,primary,9923995138,293463471,0,False
428,1,0.894654135470677,2.4395265023455143e-05,0.9999995120948185,0.4732714092111568,1.0,True,220.58918447843018,104.39855419484648,104.39855419484648,103.9290466341092,0.4732714092111568,880027169,secondary,8166899537,293464690,0,True
429,1,0.894654135470677,2.4395265023455143e-05,0.9999995120948185,0.4732714092111568,1.0,True,220.58918447843018,104.39855419484648,104.39855419484648,103.9290466341092,0.4732714092111568,880027169,secondary,8166899537,293464690,0,True
430,1,0.8424331050204776,0.32996525811561134,0.9934224224300563,0.22203189145730345,1.0,True,469.66011903625116,104.27952457168114,104.27952457168114,104.0359319830767,0.22203189145730345,464260872,trunk,4714939537,8141472721,0,False
431,1,0.8035904075870555,0.3346689764183956,0.9933289712411904,0.02795858107349232,1.0,True,3727.7442722503997,104.22244045695945,104.22244045695945,103.74543710055198,0.027958581073492327,865024248,primary,11968828661,3724390838,0,False
432,1,0.8155072094109805,0.0006708689071292324,0.99998658271187,0.07755617298709738,1.0,True,1343.3453532286426,104.18472459641404,104.18472459641404,103.9820205755039,0.07755617298709738,219116708;478371821,primary,4715979375,4719689703,0,False
433,1,0.8180005598549955,3.873476334388505e-05,0.9999992253050332,0.09000396131742845,1.0,True,1154.8165883721804,103.93806754857442,103.93806754857442,103.5087184936515,0.09000396131742845,264753949,secondary,4714938952,2928864953,0,False
434,1,0.8153726979362574,0.299818115661765,0.9940215799865038,0.08583111970153191,1.0,True,1203.5797412208733,103.30459683906756,103.30459683906756,103.36226475288323,0.0858311197015319,1238285688;1238285689,secondary,3718134122,8124118501,0,False
435,1,0.8919283169024439,0.12389159500784308,0.997525235391372,0.46335373142516134,1.0,True,222.8021554588303,103.2362101014179,103.2362101014179,102.76310428018232,0.46335373142516134,1208988381,secondary,8157424472,8157424470,0,False
436,1,0.8158477004984537,2.135978249042448e-05,0.9999995728044414,0.07923914328560612,1.0,True,1296.169606714344,102.70736918888564,102.70736918888564,102.24298499369513,0.07923914328560612,746487579,secondary,293455110,293454248,0,False
437,1,0.9993922927238594,0.06072505954144248,0.9987862360172655,0.9987821095933984,1.0,True,102.74941189574784,102.62427437271606,102.62427437271606,102.74941189574784,0.9987821095933984,1013619972,secondary,2703797732,2703797734,0,False
438,1,0.8382350129897125,7.607432958874173e-05,0.9999984785145657,0.19117734717671364,1.0,True,536.0310683497349,102.476997651402,102.47699765140199,102.61024532893467,0.19117734717671364,367932805,secondary,293463318,293463599,0,True
439,1,0.8382350129897125,7.607432958874173e-05,0.9999984785145657,0.19117734717671364,1.0,True,536.0310683497349,102.476997651402,102.47699765140199,102.61024532893467,0.19117734717671364,367932805,secondary,293463318,293463599,0,True
440,1,0.815261529735094,5.8187411211432056e-05,0.9999988362524529,0.07630939429679051,1.0,True,1341.5532112198066,102.37311296509772,102.37311296509773,102.02429382417345,0.07630939429679053,880075594,primary,3719618337,4719693651,0,False
441,1,0.806109849006899,0.023806152245818543,0.9995239902836738,0.03126325960898391,1.0,True,3249.6034825067413,101.59319729986645,101.59319729986643,101.15997835940695,0.03126325960898391,1210277736;870242503;870242504,trunk,8140701167,8140750597,0,False
442,1,0.815667281815518,2.2654080463983343e-05,0.9999995469184934,0.07833708869984939,1.0,True,1296.169606714344,101.53815345123046,101.53815345123046,101.08070900509121,0.07833708869984939,746487579,secondary,9911548099,299492240,0,False
443,1,0.8249370652401553,1.4942324478604993e-05,0.9999997011535551,0.12468577447044361,1.0,True,809.528471065368,100.9366843706595,100.9366843706595,100.48324657281375,0.12468577447044361,1208791977,primary,4594183934,4594183939,0,False
444,1,0.8412452439557425,0.008916866127197942,0.999821678578611,0.20649370191079539,1.0,True,487.8210316819836,100.7319707019562,100.73197070195619,100.85311940467041,0.2064937019107954,1210205481,secondary,8144958902,8144958906,0,False
445,1,0.8339686685922769,7.667469102869628e-05,0.9999984665073552,0.16984564320035142,1.0,True,592.9542372542344,100.7106938148192,100.7106938148192,100.80564233342811,0.1698456432003514,26754165,primary,293464998,293464993,0,False
446,1,0.9349248425225107,2.768579485151455,0.9461335091551588,0.7554239488798159,1.0,True,132.99999336844633,100.47138019138104,100.47138019138102,100.56416608111735,0.7554239488798159,875004051;869974598;1427941135,secondary,3716311230,13127794959,0,True
447,1,0.9349248425225107,2.768579485151455,0.9461335091551588,0.7554239488798157,1.0,True,132.99999336844633,100.47138019138102,100.47138019138102,100.56416608111735,0.7554239488798157,875004051;869974598;1427941135,secondary,3716311230,13127794959,0,True
448,1,0.8158906172156284,0.027678675141390215,0.9994465796907145,0.08028321654207034,1.0,True,1246.9065433299056,100.10566802587924,100.10566802587923,99.70295900886939,0.08028321654207035,1208795201,primary,3727011926,4594188520,0,False
449,1,0.8146465352794718,0.29542132453765785,0.9941089939350573,0.08206918549477318,1.0,True,1215.2050234138255,99.73088648072944,99.73088648072945,99.28931295813626,0.08206918549477318,876451409,primary,3727013278,6609242520,0,False
450,1,0.8206566816622505,0.1964264111053904,0.9960791783497568,0.10916464078661664,1.0,True,912.7934682412829,99.6447710729296,99.64477107292961,99.29211664568106,0.10916464078661663,279088748,secondary,1051669679,7242312106,0,False
451,1,0.8567292547789329,0.07990253672088884,0.9984032254687542,0.2860414356915326,1.0,True,347.22893426059886,99.32186286954249,99.32186286954247,98.86637520669575,0.28604143569153256,1208785492,primary,3725790736,6604339619,0,False
452,1,0.8265802998483327,0.010766166224906983,0.9997846998559051,0.1332244494578054,1.0,True,744.9722300237528,99.24851520626802,99.24851520626802,99.37658405588198,0.1332244494578054,876134933,secondary,10232859317,8154498082,0,False
453,1,0.8129275513959371,0.6153339252005987,0.9877687389673385,0.08298464852867812,1.0,True,1184.4455219686943,98.2907953419388,98.2907953419388,97.8568919500548,0.08298464852867812,874056882,primary,4594197585,4594197584,0,False
454,1,0.8419493706090353,0.18076666462604501,0.9963911941562168,0.2151600618108512,1.0,True,456.712708171076,98.26633451988994,98.26633451988994,97.81837538494955,0.21516006181085118,1210277737;873398450;873398461,trunk,8133556950,12832929442,0,False
455,1,0.8145979113155035,5.3096352213129946e-05,0.9999989380735196,0.07299114946723831,1.0,True,1343.3453532286426,98.05232146363188,98.05232146363187,97.71682722269598,0.07299114946723831,478371821,primary,4720133094,4720132984,0,False
456,1,0.8140089514801139,0.17493324755820233,0.9965074482456356,0.07528358503211557,1.0,True,1298.633364364262,97.76577531165924,97.76577531165924,97.37295666327489,0.07528358503211557,1208791971,primary,3726926583,10629571056,0,False
457,1,0.8309831217015178,0.08338149711873105,0.9983337597798163,0.15741496883786438,1.0,True,619.2207575767993,97.47461625771064,97.47461625771064,97.03605209496033,0.15741496883786438,1203852633,primary,4594183924,4594181070,0,False
458,1,0.818315805646864,0.023270050417559966,0.9995347072738993,0.09227696732347175,1.0,True,1052.2865127067323,97.10180814796917,97.10180814796915,96.66531100517193,0.09227696732347174,456959535,secondary,293457276,2703797732,0,False
459,1,0.8651827104281407,0.709786698061966,0.9859045503727004,0.3470567265816521,1.0,True,279.7543936933014,97.09064412203196,97.09064412203195,97.21446867810151,0.3470567265816521,875004054,secondary,3714709080,3717989214,0,False
460,1,0.8496183592078708,0.0125014127724107,0.9997500029990112,0.2484667915408371,1.0,True,390.4520378005885,97.01436508289387,97.01436508289387,97.13979411216272,0.2484667915408371,874159869,primary,9832455554,10116085882,0,False
461,1,0.8496072930557725,0.0005389038857770708,0.9999892219803678,0.2480526323083111,1.0,True,389.19911712172274,96.541865494114,96.54186549411399,96.66610039344403,0.24805263230831112,312566658,primary,8146129661,9832455553,0,False
462,1,0.8390283574017283,0.05519442197307164,0.9988967206212497,0.19679670607676747,1.0,True,488.90393167121965,96.21468334087702,96.21468334087702,96.3272030250742,0.19679670607676747,1210205483,secondary,8145127248,3714709032,0,False
463,1,0.8313468274916802,0.16236525337330504,0.9967579617251313,0.1615971948707035,1.0,True,592.9542372542344,95.81974142698188,95.81974142698189,95.86649000880422,0.1615971948707035,26754165,primary,10578971213,10578971202,0,False
464,1,0.8137516095989925,0.05954016851268696,0.9988099053547342,0.07054318996286105,1.0,True,1356.1790533848468,95.66919658658033,95.66919658658031,95.23006430674806,0.07054318996286105,870242502,trunk,8141521552,8141521568,0,False
465,1,0.9360209335402137,0.10397177511129047,0.997922725025959,0.6832205801621295,1.0,True,139.7981012495212,95.512939841262,95.51293984126201,95.62685400535584,0.6832205801621295,1210205480,secondary,8144958913,8144958915,0,False
466,1,0.8260386985264649,0.4286901684355136,0.9914628468646326,0.1429992223353755,1.0,True,667.8378016720923,95.50028628527592,95.50028628527593,95.62548787106884,0.1429992223353755,368721302,primary,6950332807,6604456764,0,False
467,1,0.8097194577664115,1.3051063010428287e-05,0.9999997389787738,0.04859768036389684,1.0,True,1962.4852799948158,95.37223235604064,95.37223235604064,94.94295151771928,0.048597680363896834,90617087,secondary,3711673309,3711679014,0,False
468,1,0.8431287888628893,0.04054542011780681,0.9991894202950086,0.21685981387193387,1.0,True,439.7194826219355,95.357485157256,95.35748515725601,95.09498760776935,0.21685981387193387,464650413,primary,293464970,293464966,0,False
469,1,0.8227814002292486,0.008261156635554951,0.999834790515879,0.11415481537242478,1.0,True,834.7453514916448,95.29020148251854,95.29020148251854,94.8637458439696,0.11415481537242478,879562787,secondary,2703793342,2955625538,0,False
470,1,0.8228361353941109,1.7839849293561163,0.9649493186199964,0.16675669904055954,1.0,True,570.6262725591678,95.15575359778543,95.15575359778543,94.85421691465413,0.16675669904055954,219116706,primary,4714938984,2283167579,0,False
471,1,0.8215483565101243,1.1243773407810702e-05,0.9999997751245572,0.10774211986378573,1.0,True,882.6426791620468,95.09779333517024,95.09779333517025,94.66841771359938,0.10774211986378576,300173742,primary,11189778457,3725789369,0,False
472,1,0.8375266779265946,1.265475366301921e-05,0.9999997469049587,0.18763376927553488,1.0,True,506.7636004075855,95.08596447611625,95.08596447611623,94.65809130317987,0.18763376927553488,1208986526,primary,6605237341,4594181067,0,False
473,1,0.8045738463836642,0.08345746260883173,0.9983322430027016,0.025370867414269027,1.0,True,3727.7442722503997,94.57610568556566,94.57610568556566,94.15165692256542,0.025370867414269024,865024248,primary,3724390947,11968828666,0,False
474,1,0.8264639455826681,0.19601682594923028,0.9960873379680936,0.13818872096120047,1.0,True,683.3078157065394,94.42543307527836,94.42543307527836,94.54704880409172,0.13818872096120047,367555141,secondary,3714708555,3714708563,0,False
475,1,0.8284670564309105,6.55526155915812e-05,0.9999986889485476,0.14233724873173118,1.0,True,662.4877709322834,94.29668663291856,94.29668663291856,94.41350959622125,0.14233724873173118,368729170,primary,9756374292,6604385663,0,False
476,1,0.9922000303971894,1.1653559143683703,0.9769623946767356,0.9955565599708434,1.0,True,93.78480050089453,94.20338760425746,94.20338760425746,93.78480050089453,1.0044632723120088,1209433720;44949028,primary,8141910054,2277422474,0,False
477,1,0.8226082051996224,1.6770192053052607e-05,0.9999996645962151,0.11304152910378917,1.0,True,831.7165889749187,94.01851499871252,94.01851499871252,93.59968883664727,0.11304152910378916,879562788,secondary,293463159,2955625544,0,False
478,1,0.8100752294622251,3.0296853708221634e-05,0.9999993940631094,0.05037705621646098,1.0,True,1841.5532199164138,92.7720300853339,92.7720300853339,92.37177752299766,0.05037705621646097,1210277736,trunk,4593964306,3725560599,0,False
479,1,0.999015869919393,0.01321581451323745,0.9997357186382084,0.9954757716396518,1.0,True,92.13652800531152,92.55526917903094,92.55526917903094,92.13652800531152,1.004544790028286,1069546783,secondary,2841407758,9816859457,0,False
480,1,0.8131128140188049,0.0005891197155372826,0.9999882176751014,0.06558174358137206,1.0,True,1410.0672749719495,92.47467045969444,92.47467045969445,92.59436927184753,0.06558174358137206,875119268,secondary,3726941215,8145704185,0,True
481,1,0.8131128140188049,0.0005891197155372826,0.9999882176751014,0.06558174358137206,1.0,True,1410.0672749719495,92.47467045969444,92.47467045969445,92.59436927184753,0.06558174358137206,875119268,secondary,3726941215,8145704185,0,True
482,1,0.8260869778334827,2.004450423399977e-05,0.9999995991099957,0.13043549050242023,1.0,True,708.4520429770272,92.40728972315024,92.40728972315024,91.99280858081252,0.13043549050242023,1069546779,secondary,293464723,8166899540,0,True
483,1,0.8260869778334827,2.004450423399977e-05,0.9999995991099957,0.13043549050242023,1.0,True,708.4520429770272,92.40728972315024,92.40728972315024,91.99280858081252,0.13043549050242023,1069546779,secondary,293464723,8166899540,0,True
484,1,0.8303823251165716,0.12162528438145713,0.9975704504568991,0.15555594989750976,1.0,True,592.9542372542344,92.2375596218358,92.23755962183581,92.29608311210261,0.15555594989750976,26754165,primary,10578971202,293464998,0,False
485,1,0.8319422045542872,0.3898676394003364,0.9922329677095247,0.17136157120714873,1.0,True,536.0310683497349,91.85512608825712,91.85512608825712,91.97410585320455,0.17136157120714876,367932805,secondary,293463316,293463318,0,True
486,1,0.8319422045542872,0.3898676394003364,0.9922329677095247,0.17136157120714873,1.0,True,536.0310683497349,91.85512608825712,91.85512608825712,91.97410585320455,0.17136157120714876,367932805,secondary,293463316,293463318,0,True
487,1,0.82281024543624,6.63304314330284e-05,0.9999986733922512,0.11405321709282316,1.0,True,805.1330325753198,91.82801255291602,91.82801255291602,91.86178893929268,0.11405321709282318,876418713,secondary,293461281,11613566804,0,True
488,1,0.82281024543624,6.63304314330284e-05,0.9999986733922512,0.11405321709282316,1.0,True,805.1330325753198,91.82801255291602,91.82801255291602,91.86178893929268,0.11405321709282318,876418713,secondary,293461281,11613566804,0,True
489,1,0.8374859254178135,0.008337613156340472,0.999833261639259,0.18767973463017906,1.0,True,488.90393167121965,91.7573601557057,91.7573601557057,91.8704850768484,0.18767973463017906,1210205483,secondary,3714709032,3714709041,0,False
490,1,0.8130110108688084,6.171449540502364e-05,0.9999987657108537,0.06505690577776153,1.0,True,1410.0672749719495,91.73461384815508,91.73461384815508,91.85261402090437,0.06505690577776153,875119268,secondary,6965369868,8145903101,0,True
491,1,0.8130110108688084,6.171449540502364e-05,0.9999987657108537,0.06505690577776153,1.0,True,1410.0672749719495,91.73461384815508,91.73461384815508,91.85261402090437,0.06505690577776153,875119268,secondary,6965369868,8145903101,0,True
492,1,0.8374038496584877,0.03414647926510028,0.9993173035580307,0.18804329295539235,1.0,True,487.8210316819836,91.73147317037696,91.73147317037696,91.84038420574032,0.18804329295539232,1210205481,secondary,8144958906,8144958908,0,False
493,1,0.8221038761478578,0.18337701724617222,0.9963391768667765,0.11601061543912414,1.0,True,787.6883688992932,91.38021245024686,320.78471062926695,321.17446838537944,0.11601061543912414,478254522,secondary,8151182351,8151182352,0,False
494,1,0.8139814509140488,0.013885475891800758,0.9997223290398828,0.07032376101042039,1.0,True,1298.633364364262,91.32478235571054,91.32478235571054,90.95614710018381,0.07032376101042039,1208791971,primary,3726926564,3726926583,0,False
495,1,0.8293274910082746,0.01915582427027137,0.9996169568943439,0.14721201969985662,1.0,True,619.2207575767993,91.15673836295592,91.15673836295593,90.74686258633363,0.14721201969985662,1203852633,primary,4594181068,6166520809,0,False
496,1,0.8211344373125182,5.675074782668681e-05,0.9999988649856876,0.10567388908405968,1.0,True,850.2417522515343,89.84835262206519,89.84835262206519,89.6441604423118,0.10567388908405968,1209072902,secondary,7128108987,293462776,0,False
497,1,0.8146244368585034,0.08342298628008842,0.998332931379551,0.07562278722319014,1.0,True,1184.4455219686943,89.57107168529897,89.57107168529897,89.21086005176377,0.07562278722319016,874056882,primary,4594197583,4594259889,0,False
498,1,0.8133315558455843,4.339772467670638e-05,0.9999991320458831,0.06665908115909683,1.0,True,1343.3453532286426,89.54616692556367,89.54616692556367,89.23492757452088,0.06665908115909681,478371821,primary,4719689711,4719689709,0,False
499,1,0.8202690990515362,1.0622924778119809e-05,0.999999787541527,0.10134581394539104,1.0,True,882.6426791620468,89.45214074261825,89.45214074261825,89.04897226635336,0.10134581394539102,300173742,primary,3725789369,3725789405,0,False
500,1,0.998585854644201,0.1966091951708241,0.9960755370083784,0.9988159677084376,1.0,True,89.463946084689,89.35801788359413,89.35801788359413,89.463946084689,0.9988159677084376,1208491982,primary,3184375377,8145903096,0,False
501,1,0.8418983569552363,2.5140092223104157e-06,0.9999999497198169,0.20949186019645574,1.0,True,426.2175510630049,89.28910762056677,89.28910762056677,88.87918684244198,0.20949186019645574,1141889032,primary,293463599,293463328,0,False
502,1,0.8395562879599046,0.16347576426944715,0.9967358237594305,0.20267770416037667,1.0,True,439.7194826219355,89.12133521240253,89.12133521240253,88.85051197742007,0.20267770416037664,464650413,primary,293464966,293464962,0,False
503,1,0.8288691875874639,0.19701169865173127,0.996067518563235,0.15024466009246648,1.0,True,592.9542372542344,89.08820782665019,89.08820782665019,89.11314853051265,0.1502446600924665,26754165,primary,10578971222,10578971213,0,False
504,1,0.8212591251192203,0.024860017537472325,0.9995029232328622,0.10704124074680815,1.0,True,831.7165889749187,89.02797563357834,89.02797563357834,88.62906193581644,0.10704124074680813,879562788,secondary,293463063,10110997385,0,False
505,1,0.9352216770035047,8.50470410956597e-05,0.9999982990606247,0.6761109364265858,1.0,True,131.38247831704956,88.82913044498599,88.82913044498599,88.67053120213517,0.6761109364265858,1209009346,trunk,13108436166,3722327657,0,False
506,1,0.8399943428226717,0.14933862439857856,0.9970176834795516,0.2044451888940309,1.0,True,434.0788445460845,88.74533136812691,88.74533136812691,88.49058226392661,0.20444518889403088,272996689,secondary,2365788091,2896971932,0,True
507,1,0.8399943428226717,0.14933862439857856,0.9970176834795516,0.2044451888940309,1.0,True,434.0788445460845,88.74533136812691,88.74533136812691,88.49058226392661,0.20444518889403088,272996689,secondary,2365788091,2896971932,0,True
508,1,0.9985480092719154,0.20197364235876988,0.9959686748487753,0.9987870340864147,1.0,True,88.84881570294978,88.74104511803968,88.74104511803968,88.84881570294978,0.9987870340864147,1208785497,primary,8145903096,8138308753,0,False
509,1,0.8153652444005532,2.3153670461877985e-05,0.999999536926698,0.07682691661271879,1.0,True,1154.8165883721804,88.72099773785389,88.72099773785389,88.34129374807254,0.07682691661271879,264753949,secondary,2703793345,3719506243,0,False
510,1,0.8078425929549744,0.1999694031653261,0.9960085988380136,0.04520006651785117,1.0,True,1962.4852799948158,88.70446519606946,88.70446519606946,88.39236349431634,0.045200066517851176,90617087,secondary,293464276,8099252001,0,False
511,1,0.8106703675469109,0.002607674688888123,0.9999478478661921,0.05343006593526659,1.0,True,1659.2079422068919,88.65158975243222,88.65158975243222,88.5434805326441,0.05343006593526658,478254539,primary,4801496565,7128018274,0,False
512,1,0.8194950005729513,0.09623926525517765,0.9980770659062133,0.10035940400543625,1.0,True,882.6426791620468,88.5814932304645,88.5814932304645,88.1800838794346,0.10035940400543625,300173742,primary,3725790135,3725777494,0,False
513,1,0.815196264747692,2.4801213576677477e-05,0.9999995039758515,0.07598206777468337,1.0,True,1154.8165883721804,87.74535228502363,87.74535228502363,87.37513971039724,0.07598206777468336,264753949,secondary,2928864953,2928864946,0,False
514,1,0.8196705053193487,0.22531033610576628,0.995503930994131,0.10509663010554635,1.0,True,834.8462163029267,87.73952398980363,87.73952398980363,87.33642354337067,0.10509663010554636,1069546778,secondary,10171484519,8166852641,0,False
515,1,0.817001009152388,4.647448702500781e-05,0.9999990705106915,0.08500643999590281,1.0,True,1031.6171596803688,87.69410218311297,87.69410218311297,87.41976789193873,0.08500643999590282,874459840,primary,2703784888,4720174504,0,False
516,1,0.8247556336910524,1.5518095708334984e-05,0.999999689638134,0.1237786339980607,1.0,True,708.4520429770272,87.69122613283182,87.69122613283182,87.2948333877865,0.1237786339980607,1069546779,secondary,293464760,293464758,0,True
517,1,0.8247556336910524,1.5518095708334984e-05,0.999999689638134,0.1237786339980607,1.0,True,708.4520429770272,87.69122613283182,87.69122613283182,87.2948333877865,0.1237786339980607,1069546779,secondary,293464760,293464758,0,True
518,1,0.8172531052344116,0.10301182740778277,0.9979418842824406,0.08935269974839714,1.0,True,976.0462090294071,87.21236385596588,87.21236385596588,87.05166290583661,0.08935269974839713,292410140,trunk,13108436171,13108436169,0,False
519,1,0.9967158306607222,0.39605972131978173,0.9921100955616412,0.9954140099611497,1.0,True,86.76654900627443,87.16629275657961,87.16629275657961,86.76654900627443,1.0046071182371938,1209433713,primary,7214193059,4723475967,0,False
520,1,0.8016258880397256,0.5098993554016419,0.9898538360489249,0.023348686125240683,1.0,True,3727.7442722503997,87.03793096793834,87.03793096793834,86.64335063656833,0.023348686125240683,865024248,primary,3724390734,3724390760,0,False
521,1,0.8468594795893147,0.1853932921619978,0.9962989998030627,0.23984889824198,1.0,True,362.41754440197116,86.92544872837664,86.92544872837664,86.53059823506788,0.23984889824197997,230574632,primary,8184439492,2534722967,0,False
522,1,0.820201896700772,0.10712855740410664,0.9978597225190727,0.10421989972525111,1.0,True,832.3105617306521,86.74332328383596,86.74332328383596,86.38768362554397,0.10421989972525109,1208988379,primary,8163267506,293461291,0,False
523,1,0.8123026618176072,5.5178000286479214e-05,0.9999988964406032,0.06151496442713087,1.0,True,1410.0672749719495,86.74023825976083,86.74023825976083,86.85178587202283,0.061514964427130864,875119268,secondary,3184375374,8145903101,0,True
524,1,0.8123026618176072,5.5178000286479214e-05,0.9999988964406032,0.06151496442713087,1.0,True,1410.0672749719495,86.74023825976083,86.74023825976083,86.85178587202283,0.061514964427130864,875119268,secondary,3184375374,8145903101,0,True
525,1,0.8244484677399355,1.689236904235439e-05,0.9999996621526762,0.1222428454706637,1.0,True,708.4520429770272,86.60319361301676,86.60319361301676,86.21381552527471,0.12224284547066373,1069546779,secondary,293464723,293464729,0,True
526,1,0.8244484677399355,1.689236904235439e-05,0.9999996621526762,0.1222428454706637,1.0,True,708.4520429770272,86.60319361301676,86.60319361301676,86.21381552527471,0.12224284547066373,1069546779,secondary,293464723,293464729,0,True
527,1,0.8716164771083197,2.210037979847858e-06,0.9999999557992414,0.35808245184273607,1.0,True,241.6881809633085,86.5442964207524,86.5442964207524,86.14578608721106,0.3580824518427361,219116711,primary,12201173657,3714705892,0,False
528,1,0.9521832059735287,0.09309854505061761,0.9981397614914175,0.7637063876305167,1.0,True,112.77919686672902,86.13019303896051,86.13019303896051,85.95780797547405,0.7637063876305167,1210207764,primary,4723479096,11012185762,0,False
529,1,0.8587985249913987,0.700755898272781,0.9860826365869391,0.3148686700765853,1.0,True,273.54126219873865,86.12957343958736,86.12957343958736,85.93664771721481,0.3148686700765853,478254536,primary,8124335699,4714962006,0,False
530,1,0.8319797943685066,5.48823701059101e-05,0.9999989023532003,0.1599006183127322,1.0,True,536.0310683497349,85.71169926395703,85.71169926395703,85.80195127260522,0.1599006183127322,367932805,secondary,293463308,10718627259,0,True
531,1,0.8319797943685066,5.48823701059101e-05,0.9999989023532003,0.1599006183127322,1.0,True,536.0310683497349,85.71169926395703,85.71169926395703,85.80195127260522,0.1599006183127322,367932805,secondary,293463308,10718627259,0,True
532,1,0.8207245445185416,0.0042344401718035635,0.9999153147825595,0.10374975041886852,1.0,True,825.731541897677,85.66944138487148,85.66944138487148,85.27569717497525,0.10374975041886854,466839445,secondary,293464865,8153698620,0,False
533,1,0.8043102315368411,0.06285032457072705,0.9987437832103238,0.02343548286871994,1.0,True,3647.786873447907,85.4876467814299,85.4876467814299,85.2862409258465,0.02343548286871994,478811049,trunk,11936495262,8105566319,0,False
534,1,0.8488168073879745,0.026605242559024453,0.9994680366914995,0.24488198190262273,1.0,True,348.8000379178088,85.41484457302298,85.41484457302298,85.43958124346477,0.2448819819026227,1238285689,secondary,3706277268,3706276768,0,False
535,1,0.8201635301917536,0.04784397762625421,0.9990435781107261,0.10225228379267878,1.0,True,834.8462163029267,85.36493223265096,85.36493223265096,84.97293406071232,0.10225228379267878,1069546778,secondary,8157424469,10171484519,0,False
536,1,0.8190735264082545,0.1838624773162462,0.9963295032560058,0.10087337715726392,1.0,True,844.2607294350785,85.16343097937141,85.16343097937141,84.78049802037891,0.10087337715726391,880027168;880027169;1069546779,secondary,293464703,8166852630,0,True
537,1,0.8190735264169446,0.18386247586255924,0.9963295032849728,0.10087337715726392,1.0,True,844.2607294350785,85.16343097937141,85.16343097937141,84.78049802037891,0.10087337715726391,880027168;880027169;1069546779,secondary,293464703,8166852630,0,True
538,1,0.8146246632452026,0.01806937677863483,0.9996386777570372,0.07366529959045723,1.0,True,1154.8165883721804,85.06990995446638,85.06990995446638,84.71140649475949,0.07366529959045721,264753949,secondary,3719506243,8151533567,0,False
539,1,0.8140342756972792,6.613331661156765e-06,0.9999998677333756,0.07017157688633231,1.0,True,1210.5517918520952,84.94632813683664,84.94632813683664,84.55600727901778,0.0701715768863323,1141889036,primary,8145212885,293463370,0,False
540,1,0.8099182700108232,0.1705948178734267,0.9965939175468826,0.05470047373379168,1.0,True,1547.913794265329,84.67161784538443,84.67161784538443,84.28615204481639,0.05470047373379167,464650412,primary,12525781148,6949998010,0,False
541,1,0.8551319887270386,0.039053490303005575,0.9992192351495585,0.2768310909108554,1.0,True,305.0146740377139,84.43754495767931,84.43754495767931,84.04954217891225,0.2768310909108554,1141889033,primary,4721810599,4721810602,0,False
542,1,0.8128885412319031,0.09898781829784553,0.9980222020590627,0.06740940307092166,1.0,True,1252.4763532371464,84.42868333216086,84.42868333216086,84.13574670156572,0.06740940307092166,466615091,primary,4720203899,4720203904,0,False
543,1,0.8697130884428219,0.046323336143058745,0.9990739623149265,0.3499544987417203,1.0,True,240.69154339014443,84.23108841846901,84.23108841846901,83.84348102807174,0.3499544987417203,1210211832;762822066;478257595,primary,7128063636,8127682909,0,False
544,1,0.8429479026112201,5.47806497294097e-05,0.9999989043876056,0.21474115647469216,1.0,True,391.6526074752279,84.10393386555911,84.10393386555911,84.15690955018228,0.2147411564746922,776295454,secondary,3706277440,3706277449,0,True
545,1,0.8429479026112201,5.47806497294097e-05,0.9999989043876056,0.21474115647469216,1.0,True,391.6526074752279,84.10393386555911,84.10393386555911,84.15690955018228,0.2147411564746922,776295454,secondary,3706277440,3706277449,0,True
546,1,0.8125010157563435,4.0325634975439387e-05,0.9999991934876257,0.06250628855027865,1.0,True,1343.3453532286426,83.96753227158553,83.96753227158553,83.68899069022477,0.06250628855027865,478371821,primary,4720132984,3719620476,0,False
547,1,0.8169601244108124,1.3300553504831918,0.973749585949431,0.12417624312991608,1.0,True,676.0280690530503,83.94662586537927,83.94662586537927,83.93282950266178,0.12417624312991608,196857002;1393752820,trunk,2277412721,2277412722,0,False
548,1,0.8168613587363671,1.749097960308874e-05,0.9999996501804691,0.08430731841113216,1.0,True,993.1015644652255,83.72572980996324,83.72572980996324,83.35143827404781,0.08430731841113215,746487577,secondary,2704039246,2704039245,0,False
549,1,0.809736205679652,0.16712154662586842,0.9966631487714291,0.05368630524111663,1.0,True,1553.7387899964133,83.41449494471067,83.41449494471067,83.03055291868716,0.05368630524111664,1141889032;1141889036,primary,8145212878,293463346,0,False
550,1,0.8384661583677384,0.10071482883043248,0.997987730757295,0.19534919570274933,1.0,True,426.2175510630049,83.2612557945535,83.2612557945535,82.87829196697687,0.19534919570274933,1141889032,primary,293463328,10593858513,0,False
551,1,0.8044524670677642,3.7441881906242974e-06,0.999999925116239,0.022262447664462535,1.0,True,3727.7442722503997,82.9887117674745,82.9887117674745,82.6107414027799,0.022262447664462535,865024248,primary,3724390916,8062776435,0,False
552,1,0.8115175381806101,0.20142688123087282,0.9959795660474442,0.06361834183188397,1.0,True,1298.633364364262,82.61690128841516,82.61690128841516,82.27689912563628,0.06361834183188399,1208791971,primary,3725763954,3726944828,0,False
553,1,0.8142646375793448,3.3095221925271814e-05,0.9999993380957806,0.07132418075305254,1.0,True,1154.8165883721804,82.36634708568087,82.36634708568087,82.06072688340078,0.07132418075305255,264753949,secondary,2928864944,2928864940,0,False
554,1,0.8128548093921608,0.12490261856847976,0.9975050651649922,0.06801644921331564,1.0,True,1210.5517918520952,82.33743447059629,82.33743447059629,81.95929055506704,0.06801644921331565,1141889036,primary,293463350,293463358,0,False
555,1,0.819744531356341,5.4750740025398405e-05,0.999998904985799,0.09872429930300665,1.0,True,831.7759311019269,82.11649597514368,82.11649597514368,82.06116114619014,0.09872429930300666,279088743,primary,293464902,293464897,0,False
556,1,0.8164912316729627,1.4840535667072113e-05,0.9999997031893307,0.08245660358081666,1.0,True,993.1015644652255,81.88778201659792,81.88778201659792,81.51906020121501,0.08245660358081665,746487577,secondary,2704039248,2704039247,0,False
557,1,0.8155638292386755,0.6804817706000611,0.9864825569672284,0.09809531074253464,1.0,True,834.4919587693046,81.85974800762133,81.85974800762133,81.63355594930653,0.09809531074253464,364407163,secondary,8099441580,8105648113,0,True
558,1,0.8155638292386755,0.6804817706000611,0.9864825569672284,0.09809531074253464,1.0,True,834.4919587693046,81.85974800762133,81.85974800762133,81.63355594930653,0.09809531074253464,364407163,secondary,8099441580,8105648113,0,True
559,1,0.8140700547828861,0.167645168653418,0.996652711330507,0.07537120691866929,1.0,True,1083.4949319913956,81.664320714453,81.664320714453,81.28835155948339,0.0753712069186693,478257594,primary,3714913947,293464343,0,False
560,1,0.8558530832194902,0.4377930124960967,0.9912823606607715,0.2923418751062935,1.0,True,278.1274653535449,81.308304740016,81.308304740016,81.39702434579087,0.2923418751062935,875004049,secondary,8144958892,8144958896,0,False
561,1,0.8447848158317226,1.4338353418644423e-05,0.9999997132329728,0.22392450930915414,1.0,True,362.41754440197116,81.15417079523998,81.15417079523998,80.78957841510564,0.22392450930915414,230574632,primary,2534722967,2443921877,0,False
562,1,0.837993343775798,0.0022038175912366758,0.9999559246195234,0.19003283194970516,1.0,True,426.2175510630049,80.9953282551709,80.9953282551709,80.62322678684478,0.1900328319497052,1141889032,primary,10593858513,293460223,0,False
563,1,0.9973391292562801,0.360961471857217,0.9928067666049416,0.9974854963739884,1.0,True,81.02374308373614,80.82000858795905,81.04911381090974,81.02374308373614,0.9974854963739884,369195863,secondary,1051626824,3730052120,0,False
564,1,0.8764141973588893,0.0665231540577674,0.9986704215924644,0.3840653544057497,1.0,True,209.7599542171764,80.56153115655368,80.56153115655368,80.49484138256344,0.3840653544057497,466600302,primary,293458231,2833450839,0,False
565,1,0.8443958440444788,1.2809023346828404e-05,0.9999997438195659,0.22197960449304438,1.0,True,362.41754440197116,80.44930316768992,80.44930316768992,80.08633883548184,0.2219796044930444,230574632,primary,2390658877,2443921783,0,False
566,1,0.8365715304578618,0.0001250438790100352,0.999997499125547,0.1828614036009886,1.0,True,439.7194826219355,80.40772178294765,80.40772178294765,80.20666721517603,0.1828614036009886,464650413,primary,293464981,293464970,0,False
567,1,0.8113270643317207,0.10694663883637615,0.9978633531099077,0.05984029199374249,1.0,True,1341.5532112198066,80.27893588453611,80.27893588453611,80.1231992675021,0.05984029199374248,880075594,primary,3719620255,4719689702,0,False
568,1,0.822345911529629,0.051202651567624824,0.998976471132014,0.11326485095012347,1.0,True,708.4520429770272,80.24271505310345,80.24271505310344,79.88306514372768,0.11326485095012347,1069546779,secondary,293464758,293464753,0,True
569,1,0.822345911529629,0.051202651567624824,0.998976471132014,0.11326485095012347,1.0,True,708.4520429770272,80.24271505310344,80.24271505310344,79.88306514372768,0.11326485095012345,1069546779,secondary,293464758,293464753,0,True
570,1,0.8336592294808571,0.46920392745198675,0.990659814510128,0.1823064256390938,1.0,True,439.7194826219355,80.16368716067669,80.16368716067669,79.9862881687966,0.1823064256390938,464650413,primary,293464989,293464981,0,False
571,1,0.8440367833788656,1.3663370285250666e-05,0.9999997267326316,0.22018432679538003,1.0,True,362.41754440197116,79.79866303298277,79.79866303298277,79.43991275480602,0.22018432679538005,230574632,primary,2443921877,2390658877,0,False
572,1,0.8057649302723997,0.8567588347746502,0.9830107955023851,0.054308458108420415,1.0,True,1465.9032218831344,79.61094371663874,79.61094371663874,79.33005315849796,0.05430845810842043,280421141,trunk,8182316403,12094771861,0,False
573,1,0.8263320335426814,0.24028362060339925,0.9952058563563764,0.1388513831788419,1.0,True,570.6262725591678,79.23224722302729,79.23224722302729,78.91340042292529,0.1388513831788419,219116706,primary,4714939533,4714938984,0,False
574,1,0.9752698869676109,0.5012664803236486,0.9900247564940904,0.8913123000969189,1.0,True,88.79425105057067,79.1434081392674,79.1434081392674,78.95102444175615,0.8913123000969189,1189548648,primary,8151238512,4715985518,0,False
575,1,0.9659243766368628,0.08333405923701633,0.9983347069570417,0.8321198227487513,1.0,True,94.47140356736985,78.61152759130555,78.61152759130555,78.26986054804564,0.8321198227487513,218508846;1069546782,secondary,9816859457,8166899548,0,False
576,1,0.828036384538571,0.0005307778528171155,0.9999893844992885,0.14019784594392243,1.0,True,560.005325077379,78.51154029297457,78.51154029297457,78.53653386380681,0.14019784594392243,26755988,secondary,8186428309,1051669950,0,True
577,1,0.828036384538571,0.0005307778528171155,0.9999893844992885,0.14019784594392243,1.0,True,560.005325077379,78.51154029297457,78.51154029297457,78.53653386380681,0.14019784594392243,26755988,secondary,8186428309,1051669950,0,True
578,1,0.8611931018359926,0.5207636704092082,0.9896387777366578,0.32150734257497576,1.0,True,243.37718479423154,78.24755192657219,78.24755192657219,78.06067484581312,0.32150734257497576,1212991822,secondary,2365788091,4713176934,0,True
579,1,0.8611931018359926,0.5207636704092082,0.9896387777366578,0.32150734257497576,1.0,True,243.37718479423154,78.24755192657219,78.24755192657219,78.06067484581312,0.32150734257497576,1212991822,secondary,2365788091,4713176934,0,True
580,1,0.8199320500961045,0.6090005217192144,0.9878938656513525,0.11781945200349328,1.0,True,662.4877709322834,78.0539461302574,78.0539461302574,78.14297704541036,0.11781945200349325,368729170,primary,293458410,9756374292,0,False
581,1,0.9720167511648095,0.23161122301725556,0.9953784877445516,0.86701602420722,1.0,True,90.0124386431606,78.04222668158944,78.04222668158944,78.0617037156953,0.86701602420722,876418712,secondary,8156864966,8156864967,0,False
582,1,0.810592261462703,0.0695737792095206,0.9986094920690862,0.055047069209885904,1.0,True,1413.8082295902807,77.82599946376246,77.82599946376246,77.46768200164433,0.05504706920988592,762822065,primary,10635704868,7242936306,0,False
583,1,0.8157563358992941,0.2826263433586426,0.9943634186046033,0.08723655158956502,1.0,True,890.5508505122658,77.68858521384426,77.68858521384426,77.78261022713752,0.087236551589565,26754699,secondary,8151563183,293457075,0,False
584,1,0.8387345477128723,0.5351759235957181,0.9893535603523256,0.2096423980358724,1.0,True,370.457965623108,77.66369628471914,77.66369628471914,77.68778687632187,0.2096423980358724,230574625,secondary,10115843783,3706277346,0,False
585,1,0.9702132051087551,0.1918284469105532,0.9961707812895081,0.8568098536095129,1.0,True,90.40222346200277,77.45751585045306,77.45751585045306,77.51343194381553,0.8568098536095129,26764914,secondary,8156864967,6986305647,0,False
586,1,0.8127324507866602,1.1598832982651835e-05,0.9999997680233672,0.06366260189825015,1.0,True,1215.2050234138255,77.36311363034815,77.36311363034815,77.01992099106099,0.06366260189825017,876451409,primary,3727013594,8145580981,0,False
587,1,0.8173158910414675,4.347299059348021e-05,0.9999991305405661,0.08658075939648784,1.0,True,890.5508505122658,77.10456891854011,77.10456891854011,77.2023356564645,0.08658075939648785,26754699,secondary,293457277,293457280,0,False
588,1,0.997916563755004,0.19466005255280358,0.9961143676308367,0.9954112673287647,1.0,True,76.70021452888726,77.05379378989358,77.05379378989358,76.70021452888726,1.0046098862066826,1141889037,primary,4723212636,4723476352,0,False
589,1,0.8069435010774715,0.005484591522205347,0.9998903141854848,0.03488203410912973,1.0,True,2203.380084120088,76.85837924965404,76.85837924965404,76.89131976337319,0.034882034109129725,26754491,secondary,6944073198,9781361238,0,False
590,1,0.8093801253800836,8.015699819326548e-06,0.9999998396860165,0.04690086737139391,1.0,True,1637.8707371475066,76.81755821444239,76.81755821444239,76.47108417418596,0.046900867371393914,746487581,secondary,6944073200,10991919752,0,False
591,1,0.8180328098616525,4.0209822798268965e-05,0.9999991958038674,0.09016525560246086,1.0,True,850.2417522515343,76.66226491564379,76.66226491564379,76.47236871468175,0.09016525560246086,1209072902,secondary,293462770,293462769,0,False
592,1,0.8227077851456674,0.06516039174405394,0.9986976409716856,0.11549246427080856,1.0,True,662.4877709322834,76.51234521424433,76.51234521424433,76.60768250624534,0.11549246427080855,368729170,primary,6604385663,3725763961,0,False
593,1,0.8261698649552536,4.468155104628245e-05,0.9999991063693784,0.13085066522219954,1.0,True,582.4729071620802,76.21696737606669,76.21696737606669,76.2727022044529,0.13085066522219957,252236396,secondary,8124328157,3706277560,0,False
594,1,0.8142312458434198,0.03617445862885779,0.9992767724826089,0.07224107049318532,1.0,True,1052.2865127067323,76.0183041434752,76.0183041434752,75.74740493324049,0.07224107049318533,456959535,secondary,4531816332,8151182358,0,False
595,1,0.8145608819541648,0.005340043232162914,0.9998932048383661,0.07296460251327448,1.0,True,1031.6171596803688,75.27153600195132,75.27153600195132,75.01352231081796,0.07296460251327448,874459840,primary,8151416225,5662504046,0,False
596,1,0.81099988137147,3.395339875657606e-06,0.9999999320932048,0.05499950871754261,1.0,True,1362.436793060552,74.93335427703464,74.93335427703464,74.58846950936442,0.05499950871754262,40016878,primary,3722327255,4719771206,0,False
597,1,0.8073426879986225,0.04237570162860472,0.9991528450060083,0.0379841724841004,1.0,True,1962.4852799948158,74.54337937283115,74.54337937283115,74.35057389029156,0.0379841724841004,90617087,secondary,6985772828,293464276,0,False
598,1,0.8517803537479549,0.25062634894164737,0.9950000147704879,0.26640174658404264,1.0,True,279.7543936933014,74.52705909445537,74.52705909445537,74.61565517173236,0.26640174658404264,875004054,secondary,8145297049,3714709080,0,False
599,1,0.8385758480626706,0.25131619981280906,0.9949862868326504,0.20039981006437754,1.0,True,370.457965623108,74.23970594770655,74.23970594770655,74.28395548498784,0.20039981006437754,230574625,secondary,3706277346,8128279464,0,False
600,1,0.8117440086672272,0.018711483275418984,0.9996258403496787,0.05928128281161827,1.0,True,1246.9065433299056,73.91821943479748,73.91821943479748,73.6190045579618,0.05928128281161826,1208795201,primary,4594197582,12535566548,0,False
601,1,0.8173575264984092,3.681724693480938e-05,0.9999992636553324,0.08678873700904688,1.0,True,850.2417522515343,73.7914078302696,73.7914078302696,73.60285320302523,0.08678873700904688,1209072902,secondary,293462766,293462759,0,False
602,1,0.8107018891430395,0.04157751617006142,0.999168795318756,0.05475625273706407,1.0,True,1341.5532112198066,73.45842669377163,73.45842669377163,73.2067890495208,0.05475625273706407,880075594,primary,3719620306,8151182416,0,False
603,1,0.8269378777757772,0.07640060993301903,0.9984731546176004,0.1369796569524855,1.0,True,536.0310683497349,73.42535185842101,73.42535185842101,73.492940625657,0.1369796569524855,367932805,secondary,293463307,10718627261,0,True
604,1,0.8269378777713543,0.07640061067129492,0.9984731546028575,0.13697965695248548,1.0,True,536.0310683497349,73.425351858421,73.42535185842101,73.492940625657,0.13697965695248548,367932805,secondary,293463307,10718627261,0,True
605,1,0.8421899372988728,4.511267194658609e-07,0.9999999909774656,0.21094970002816518,1.0,True,347.22893426059886,73.2478395233728,73.2478395233728,72.91187129764303,0.21094970002816515,1208785492,primary,4814206871,6947408065,0,False
606,1,0.8101872121908358,0.028486381086720528,0.9994304346422301,0.05179040899083379,1.0,True,1413.8082295902807,73.22170644508729,73.22170644508729,72.88459129470776,0.0517904089908338,762822065,primary,4714962027,10635704868,0,False
607,1,0.8134830417061414,1.8890816587965206e-06,0.9999999622183675,0.06741526520315572,1.0,True,1083.4949319913956,73.0440981864751,73.0440981864751,72.70770905737226,0.06741526520315572,478257594,primary,10267000474,3714705622,0,False
608,1,0.8234196706228218,0.05361048505669216,0.9989283649103015,0.11870580574865737,1.0,True,614.4249257857429,72.93580588745561,72.93580588745561,72.98588766508342,0.11870580574865737,252236395,secondary,9979039300,2583312049,0,False
609,1,0.8330254830751358,0.015031924294210523,0.999699406701337,0.16557830532367307,1.0,True,439.7194826219355,72.8080067503424,72.8080067503424,72.57664065019748,0.16557830532367307,464650413,primary,293464962,4597354892,0,False
610,1,0.8110770047593574,2.0882462988063213e-05,0.9999995823508274,0.055385650270546115,1.0,True,1313.7312787999997,72.76186115709407,72.76186115709407,72.46996594077498,0.0553856502705461,26755741,trunk,2392383587,2277623507,0,False
611,1,0.8249313872028712,0.004826021110398841,0.9999034842357382,0.12480170966074841,1.0,True,582.4729071620802,72.69361464489398,72.69361464489398,72.74650145921674,0.12480170966074838,252236396,secondary,2583312041,9979039297,0,False
612,1,0.882283258836722,2.886017686799596e-06,0.999999942279648,0.4114163807641375,1.0,True,175.96178310154806,72.39355995644307,72.39355995644307,72.06024920112446,0.4114163807641375,1210211832,primary,7128063637,7128134805,0,False
613,1,0.8173944698694156,4.249095193346144e-05,0.9999991501813225,0.086973624075094,1.0,True,831.7759311019269,72.34256714637026,72.34256714637026,72.29315747930428,0.08697362407509399,279088743,primary,8153654900,293464907,0,False
614,1,0.8524822635247014,0.06267841167551237,0.9987472171549342,0.2642904918911056,1.0,True,273.67397644546,72.32942985256548,72.32942985256548,72.42262173796854,0.2642904918911056,1209433726,secondary,2408002052,8145212933,0,True
615,1,0.8524822635247014,0.06267841167551237,0.9987472171549342,0.2642904918911056,1.0,True,273.67397644546,72.32942985256548,72.32942985256548,72.42262173796854,0.2642904918911056,1209433726,secondary,2408002052,8145212933,0,True
616,1,0.8617286420366714,0.0876660760305189,0.9982482146496356,0.3112708882089032,1.0,True,232.08542353011805,72.24143592255933,72.24143592255933,71.91590618072328,0.3112708882089032,1138034029,primary,7127990460,8141910054,0,False
617,1,0.8591638803694723,3.7828223129160904e-05,0.9999992434358236,0.2958205366936268,1.0,True,243.68686829944778,72.08758016553178,72.08758016553178,72.1819153590384,0.29582053669362673,1208491977,primary,6604456763,3726939997,0,False
618,1,0.8507869921981761,0.15442216659948568,0.9969163210030627,0.2585604794862867,1.0,True,278.1274653535449,71.91277080011815,71.91277080011815,72.00255948726407,0.2585604794862867,875004049,secondary,8144958896,8144958898,0,False
619,1,0.8162792511706385,7.180843563800738e-06,0.999999856383139,0.08139647127848412,1.0,True,882.6426791620468,71.8439994835778,71.8439994835778,71.52065455083088,0.08139647127848411,300173742,primary,6605237342,3725789996,0,False
620,1,0.8106155755475846,2.8787742758415165e-05,0.9999994242453106,0.05307874136995684,1.0,True,1343.3453532286426,71.30308057455646,71.30308057455646,71.064411698611,0.053078741369956856,478371821,primary,4719689709,3719620426,0,False
621,1,0.813782914751146,0.5285604017745167,0.9894844708138926,0.08468786753489094,1.0,True,834.8462163029267,70.70134577826715,70.70134577826715,70.38193186623319,0.08468786753489092,1069546778,secondary,8166852641,8166852655,0,False
622,1,0.8108017263793401,0.010278671875847559,0.9997944476912543,0.054316960359819054,1.0,True,1296.169606714344,70.40399314750526,70.40399314750526,70.08527914847156,0.05431696035981905,746487579,secondary,293454248,293455281,0,False
623,1,0.8032330611619405,0.09031300645569226,0.9981953701769798,0.018872250544232583,1.0,True,3727.7442722503997,70.35092387073752,70.35092387073752,70.03449442321211,0.018872250544232586,865024248,primary,3724390516,3724390734,0,False
624,1,0.8159371692258843,0.00019366295509011053,0.9999961267483992,0.07969165600682235,1.0,True,882.6426791620468,70.33925676472191,70.33925676472191,70.02431441763687,0.07969165600682236,300173742,primary,3725827504,293466245,0,False
625,1,0.8165174080563051,3.2432466576042833e-05,0.9999993513508788,0.0825880132552079,1.0,True,850.2417522515343,70.2197771050809,70.2197771050809,70.0286503886563,0.08258801325520788,1209072902,secondary,293462767,293462766,0,False
626,1,0.8221130354320236,0.20869024686442295,0.9958348932807757,0.11681283723895432,1.0,True,601.085191555495,70.21446664791772,70.21446664791772,69.99539688026502,0.11681283723895432,746487559,primary,293460950,9923821126,0,False
627,1,0.8197673717996861,1.210461311190365e-05,0.9999997579077671,0.09883722213677916,1.0,True,708.4520429770272,70.02143194497546,70.02143194497546,69.70835728999225,0.09883722213677917,1069546779,secondary,293464736,293464729,0,True
628,1,0.8197673717996861,1.210461311190365e-05,0.9999997579077671,0.09883722213677916,1.0,True,708.4520429770272,70.02143194497546,70.02143194497546,69.70835728999225,0.09883722213677917,1069546779,secondary,293464736,293464729,0,True
629,1,0.8121095440815465,2.2366363714786837e-05,0.9999995526728258,0.060548391398493745,1.0,True,1154.8165883721804,69.92228678623202,69.92228678623202,69.65473994767741,0.060548391398493745,264753949,secondary,2928864940,2928864938,0,False
630,1,0.8037358050229855,1.11471033698107e-05,0.9999997770579575,0.0186793595279912,1.0,True,3727.7442722503997,69.63187548977514,69.63187548977514,69.32017426880503,0.018679359527991202,865024248,primary,8133341959,8062776421,0,False
631,1,0.8332250790871845,3.435741504738522,0.9335928747126535,0.26573608336694166,1.0,True,262.0088890148198,69.62521597412191,69.62521597412191,69.66652769958769,0.26573608336694166,464097500;456959532,secondary,4531816313,1051669638,0,False
632,1,0.8618711066635782,5.496906269617799e-06,0.9999998900618806,0.30935569822507064,1.0,True,222.8021554588303,68.92511636801719,68.92511636801719,68.61270916634581,0.30935569822507064,1208988381,secondary,8157424473,8157424472,0,False
633,1,0.8588889762829504,4.688893515128713e-06,0.9999999062221341,0.2944450220815504,1.0,True,233.99754696439777,68.89941288296072,68.89941288296072,68.58616466734898,0.2944450220815504,876473604,secondary,293462958,293462956,0,False
634,1,0.8164819110711528,9.373055430807474e-06,0.9999998125389089,0.0824098365474008,1.0,True,834.7453514916448,68.79122797512909,68.79122797512909,68.47978275291068,0.08240983654740082,879562787,secondary,11778195620,2703794064,0,False
635,1,0.8638339844947474,2.7348384237157486e-05,0.9999994530324648,0.319170742925039,1.0,True,215.27097476117055,68.70819694472011,68.70819694472011,68.48304800685129,0.31917074292503894,1210210285,primary,7242788582,8151563186,0,False
636,1,0.8350202176202246,3.6026695600548404e-05,0.9999992794663476,0.17510216890160166,1.0,True,391.6526074752279,68.57922102488006,68.57922102488006,68.63284594435432,0.17510216890160166,776295454,secondary,3706277434,8128232265,0,True
637,1,0.8350202176202246,3.6026695600548404e-05,0.9999992794663476,0.17510216890160166,1.0,True,391.6526074752279,68.57922102488006,68.57922102488006,68.63284594435432,0.17510216890160166,776295454,secondary,3706277434,8128232265,0,True
638,1,0.8183988609499186,3.734372492019967e-05,0.9999992531257805,0.09199542506092252,1.0,True,744.9722300237528,68.53403695961849,68.53403695961849,68.5481131779614,0.09199542506092252,876134933,secondary,8154498070,8154498107,0,False
639,1,0.8036735000626187,1.2082360425030244e-05,0.9999997583528207,0.018367862783862966,1.0,True,3727.7442722503997,68.47069528602644,68.47069528602644,68.16649672863586,0.018367862783862963,865024248,primary,2935256757,3724390537,0,False
640,1,0.809011802104374,3.718169982301366e-05,0.9999992563662801,0.04506012597244953,1.0,True,1517.5518854343366,68.3810791273995,68.3810791273995,68.26880462636707,0.04506012597244953,874644320,primary,5418127631,2283167585,0,False
641,1,0.8118142661615895,2.1287904656081632e-05,0.9999995742419975,0.05907196944495068,1.0,True,1154.8165883721804,68.21729022284364,68.21729022284364,67.95627574390093,0.059071969444950696,264753949,secondary,2928864938,1051669370,0,False
642,1,0.8044522418002962,0.017319890830606675,0.9996536621721847,0.02278071574320366,1.0,True,2993.152207872555,68.18614962368711,68.18614962368711,67.87602049278698,0.022780715743203662,742084228,trunk,11936417211,11936417209,0,False
643,1,0.8354461163092965,2.3762922210755105e-05,0.9999995247416688,0.1772312944339795,1.0,True,383.08767067498036,67.89512375542482,67.89512375542482,67.65095435112187,0.1772312944339795,874594465,trunk,8141628231,482157966,0,False
644,1,0.8222821615252434,0.04067198804084158,0.999186890991617,0.11263047113879092,1.0,True,601.085191555495,67.7005083194458,67.7005083194458,67.54524427019679,0.11263047113879093,746487559,primary,4715979376,4715979375,0,False
645,1,0.8494208641556868,3.3198746287173175e-05,0.9999993360252947,0.24710531674049252,1.0,True,273.67397644546,67.6262946331855,67.6262946331855,67.70761210717329,0.24710531674049255,1209433726,secondary,8145212933,10618414232,0,True
646,1,0.8494208641556868,3.3198746287173175e-05,0.9999993360252947,0.24710531674049252,1.0,True,273.67397644546,67.6262946331855,67.6262946331855,67.70761210717329,0.24710531674049255,1209433726,secondary,8145212933,10618414232,0,True
647,1,0.8107792164022585,0.06314391175668635,0.9987379188600046,0.05578920372128469,1.0,True,1210.5517918520952,67.53572053080278,67.53572053080278,67.22504337165755,0.0557892037212847,1141889036,primary,293463358,8145212885,0,False
648,1,0.8140500350562976,0.121150365150124,0.99757992580973,0.07388028656689304,1.0,True,912.7934682412829,67.43744301005415,67.43744301005415,67.28851352792074,0.07388028656689304,279088748,secondary,2999157396,1812432271,0,False
649,1,0.8453816173635442,3.3060634457150295e-05,0.9999993387875294,0.22690907863642704,1.0,True,296.95408320804904,67.3815774180633,67.3815774180633,67.46990534633385,0.22690907863642704,1208785499,primary,3725790551,6604456762,0,False
650,1,0.8419081307796108,0.3283899232480232,0.9934537223827388,0.21936007032394628,1.0,True,306.7407125976789,67.28666428664424,67.28666428664424,66.98262706881772,0.21936007032394628,1014003072,secondary,2833045510,2704039251,0,False
651,1,0.8084255361483839,0.08155610067681736,0.9983702075429873,0.04457236942743856,1.0,True,1509.2102409497347,67.26907640328514,67.26907640328514,66.96735618809295,0.044572369427438564,870242503,trunk,3725561066,3725561095,0,False
652,1,0.8112900135086565,0.29211414751865344,0.9941747499980853,0.06518794254615477,1.0,True,1031.6171596803688,67.24900013487127,69.25517561463116,69.04175402178542,0.06518794254615479,874459840,primary,2703776376,2703784888,0,False
653,1,0.8161355948418403,0.0013359990756762659,0.999973280375462,0.08071805364600856,1.0,True,831.7759311019269,67.13933422814407,67.13933422814407,67.09060171426869,0.08071805364600858,279088743,primary,293464907,293464902,0,False
654,1,0.8113204729405419,7.66042848252038e-06,0.999999846791442,0.05660259451554666,1.0,True,1184.4455219686943,67.04268960574902,67.04268960574902,66.74328869472795,0.05660259451554666,874056882,primary,6609242521,4594197693,0,False
655,1,0.8133608612552374,0.2095648277930005,0.9958174746690025,0.0730780942726838,1.0,True,912.7934682412829,66.70520712362648,66.70520712362648,66.49893255187729,0.0730780942726838,279088748,secondary,8151238466,2999157389,0,False
656,1,0.8165982878198486,6.282465550056815e-06,0.9999998743506969,0.08299162757319686,1.0,True,803.7239090702778,66.70235533323444,66.70235533323444,66.4023189780202,0.08299162757319686,1208795197,primary,4594183933,4594183932,0,False
657,1,0.9786861834575316,0.4060147015073777,0.9919125864973772,0.9055620375415914,1.0,True,73.60820987830014,66.65680051718257,66.65680051718257,66.6972473414865,0.9055620375415914,880075598,secondary,8186428309,8186428311,0,False
658,1,0.8641481899796886,0.11208345548434612,0.9977608415541355,0.3240996875672391,1.0,True,205.50376962589525,66.60370752964253,66.60370752964253,66.53743673117313,0.3240996875672391,279088746,primary,12555910130,1812432286,0,False
659,1,0.8258380754723347,0.021355900504974806,0.9995729731918127,0.129830917573954,1.0,True,512.5091954147268,66.5395391057829,66.5395391057829,66.3438555009671,0.129830917573954,478372781,primary,4721825589,4719689700,0,False
660,1,0.809708854598364,0.20080755931820546,0.9959919027632445,0.05455641884695283,1.0,True,1215.2050234138255,66.29723424228578,66.29723424228578,66.05454174721905,0.05455641884695283,876451409,primary,4594206614,3727013893,0,False
661,1,0.8064826001707048,0.3770906657078124,0.9924865547994061,0.043683168654414614,1.0,True,1517.5518854343366,66.29147495325302,66.29147495325302,66.1275081482187,0.04368316865441462,874644320,primary,4714938986,5411536316,0,False
662,1,0.8085753891515532,9.542975757072692e-06,0.9999998091405031,0.042877232047011646,1.0,True,1544.979758064063,66.24445559444874,66.24445559444874,65.94614683964967,0.042877232047011646,464650415,primary,4601752550,8145147226,0,False
663,1,0.9807592460834686,0.15642422132112105,0.9968764041816739,0.9084816241448321,1.0,True,72.81464116560413,66.15076346765119,66.15076346765119,66.14461942134463,0.9084816241448321,880075597,secondary,2703797752,8186428309,0,False
664,1,0.8279103605028824,0.008812237020050602,0.9998237707897909,0.13981614632972564,1.0,True,472.50173677825876,66.06337197043854,66.06337197043854,65.75960678362247,0.13981614632972564,1105211172,primary,4715985573,7128063639,0,False
665,1,0.8212634942415744,6.327638793390146e-06,0.9999998734472322,0.10631766103702386,1.0,True,619.2207575767993,65.83410261113927,65.83410261113927,65.53828042184523,0.10631766103702386,1203852633,primary,4594181070,4594181069,0,False
666,1,0.8103442770792455,0.03506064207951875,0.99929903295068,0.05277283597020728,1.0,True,1246.9065433299056,65.80279448132725,65.80279448132725,65.53721580508164,0.05277283597020727,1208795201,primary,11433519729,4594188519,0,False
667,1,0.8143730985307023,2.3080358801967124e-05,0.9999995383929305,0.07186618506411503,1.0,True,912.7934682412829,65.59898431394345,65.59898431394345,65.36964744705335,0.07186618506411503,279088748,secondary,7242312106,10287373214,0,False
668,1,0.998916752200586,0.14597758606917507,0.9970847060251651,0.9989567019651823,1.0,True,65.44993624610402,65.51829135071483,65.51829135071483,65.44993624610402,1.0010443876423927,1209004191,primary,2833450822,4613676974,0,False
669,1,0.8308358794002393,0.10889551131171928,0.997824459699435,0.15744270745204428,1.0,True,415.8455747799951,65.47185317531397,65.47185317531397,65.25351222713982,0.15744270745204428,368712589,secondary,8145278210,3725591126,0,True
670,1,0.8308358794002393,0.10889551131171928,0.997824459699435,0.15744270745204428,1.0,True,415.8455747799951,65.47185317531397,65.47185317531397,65.25351222713982,0.15744270745204428,368712589,secondary,8145278210,3725591126,0,True
671,1,0.8160478941527685,0.020257323884669026,0.9995949355830582,0.08084706738925483,1.0,True,809.2005440449952,65.42149091582739,65.42149091582739,65.12085420413752,0.08084706738925482,875007028,secondary,8144976336,9882823386,0,False
672,1,0.8153015091338705,2.819187888251664e-05,0.9999994361625814,0.07650839142547985,1.0,True,850.2417522515343,65.05062878754624,65.05062878754624,64.87844300464953,0.07650839142547984,1209072902,secondary,293462756,4714891319,0,False
673,1,0.8229595184678995,0.14250619151765356,0.9971539339166285,0.11906669146455505,1.0,True,546.2267127392241,65.03740747541934,65.03740747541934,65.11488114538913,0.11906669146455505,875004053,secondary,293465828,8144960927,0,False
674,1,0.8875380257480558,2.809720776916272e-06,0.999999943805586,0.4376902130318996,1.0,True,148.5732413166681,65.02905364273228,65.02905364273228,64.72976028859635,0.4376902130318996,478257595,primary,4715985581,7128063636,0,False
675,1,0.8049594952825379,2.467829595116898,0.9518416501495217,0.09703500118840638,1.0,True,667.8378016720923,64.80364187891419,64.80364187891419,64.86829196727552,0.0970350011884064,368721302,primary,3725764130,3725764138,0,False
676,1,0.8364385635614724,0.0003988509554718658,0.9999920230127068,0.18220478328830153,1.0,True,352.93288512866263,64.306059850183,64.306059850183,64.0114523934886,0.18220478328830156,1209433725;1249542286,primary,3714707013,293463599,0,False
677,1,0.8158240201602098,2.739740772174008e-06,0.9999999452051861,0.07912018299326942,1.0,True,809.2005440449952,64.0240951230932,64.0240951230932,63.731396701673404,0.07912018299326944,875007028,secondary,9871576949,8144976343,0,False
678,1,0.8079769913591448,0.43295156571646115,0.9913783501238298,0.052817431609979766,1.0,True,1210.5517918520952,63.938236476486495,63.938236476486495,63.73931074934595,0.05281743160997976,1141889036,primary,293463385,9923995138,0,False
679,1,0.8072460460177,2.0038620939307363,0.9607152288371988,0.0951573868327017,1.0,True,668.0567334777996,63.57053301373808,63.57053301373808,63.63840416977509,0.0951573868327017,470103540,primary,4643407223,4643407218,0,False
680,1,0.8149627745416801,2.549430875980667e-05,0.9999994901139548,0.07481463753746831,1.0,True,847.7852558428252,63.42674662549082,63.42674662549082,63.24207290598799,0.07481463753746832,1209072881,secondary,4714891315,4594220613,0,False
681,1,0.9910055254373538,0.17949203598587193,0.9964165950550403,0.9604027346042079,1.0,True,66.0243427914595,63.40995936736333,66.24687750445808,66.0243427914595,0.9604027346042079,1208986537;1208986538,secondary,4531816328,4531816313,0,False
682,1,0.80920582289562,0.015443232837680785,0.9996911830370241,0.04649233992256449,1.0,True,1362.436793060552,63.34287450597982,63.34287450597982,63.05196035069834,0.046492339922564484,40016878,primary,4719771206,4719769348,0,False
683,1,0.78464757032086,3.994604811946385,0.9232159594865357,0.03841391237449633,1.0,True,1637.8707371475066,62.91702297753602,62.91702297753602,62.684278487338936,0.038413912374496324,746487581,secondary,293466272,6944073200,0,False
684,1,0.8096853350095654,1.5513906943949875e-05,0.9999996897219092,0.04842714046496284,1.0,True,1298.633364364262,62.88910034855539,62.88910034855539,62.635719217432566,0.048427140464962846,1208791971,primary,3727012352,13022825217,0,False
685,1,0.8447559549892072,9.463107105527568e-06,0.9999998107378758,0.22378005883922245,1.0,True,280.9529065951497,62.871657968913176,62.871657968913176,62.590740883764965,0.22378005883922245,232511043,primary,2443921865,2443921759,0,False
686,1,0.8181647289688412,0.036124410027787636,0.9992777727312004,0.09190698574740529,1.0,True,683.3078157065394,62.80076167923156,62.800761679231556,62.8757942724004,0.0919069857474053,367555141,secondary,8144958887,8144958890,0,False
687,1,0.8501347662735856,0.2974429120021617,0.9940688011819846,0.25957062959495086,1.0,True,241.9280235156244,62.7974093806127,62.7974093806127,62.676073172895705,0.25957062959495086,746487560,primary,4716027735,6167916393,0,False
688,1,0.8082717219757589,3.143969137282829e-05,0.9999993712063703,0.041359553069239344,1.0,True,1517.5518854343366,62.76526774094566,62.76526774094566,62.667680951822724,0.04135955306923934,874644320,primary,2283167581,4714938986,0,False
689,1,0.8103783780869944,0.020980684620878983,0.9995804743330952,0.0525211789353292,1.0,True,1184.4455219686943,62.208475198467184,62.208475198467184,61.931924880223434,0.0525211789353292,874056882,primary,4594197691,4594197690,0,False
690,1,0.8133128324703496,0.03881369009646992,0.9992240274206297,0.06772812122080286,1.0,True,912.7934682412829,61.82178666660269,61.82178666660269,61.619678360236485,0.06772812122080288,279088748,secondary,10287373214,2999157392,0,False
691,1,0.8106713683604083,1.4436610900889813e-05,0.9999997112678236,0.05335727490030542,1.0,True,1154.8165883721804,61.61786616520726,61.61786616520726,61.36692464145598,0.05335727490030541,264753949,secondary,2928864946,2928864944,0,False
692,1,0.8101303280569181,1.6092108948417292e-05,0.9999996781578728,0.050652123047780974,1.0,True,1215.2050234138255,61.552714374238654,61.552714374238654,61.31077219698056,0.050652123047780974,876451409,primary,3726941221,3726941630,0,False
693,1,0.8198693207269159,5.518603535691877e-06,0.9999998896279354,0.09934676919267586,1.0,True,619.2207575767993,61.51758168229616,61.51758168229616,61.24114370246834,0.09934676919267584,1203852633,primary,4594181069,4594181068,0,False
694,1,0.8124228663741697,0.017386910232532242,0.9996523222492713,0.06263584849694138,1.0,True,976.0462090294071,61.13548247477992,61.13548247477992,61.024212351422754,0.06263584849694137,292410140,trunk,13108436169,3722327661,0,False
695,1,0.8521672743747941,1.5408090918830138e-06,0.9999999691838186,0.26083641809824276,1.0,True,233.99754696439777,61.03508199396885,61.03508199396885,60.75547260023051,0.26083641809824276,876473604,secondary,8151376700,293462958,0,False
696,1,0.8052741895752347,0.8080935928181623,0.9839680304316913,0.050418902228636354,1.0,True,1210.5517918520952,61.034692436091326,165.612525504467,164.96554902664965,0.05041890222863635,1141889036,primary,9923995138,293463471,0,False
697,1,0.8144806541041971,0.01986164423460754,0.9996028460018443,0.07299900151821907,1.0,True,834.8462163029267,60.94294021137681,60.94294021137681,60.66911394816701,0.07299900151821909,1069546778,secondary,8166852625,8166852652,0,False
698,1,0.8150433050835466,0.007482517957427259,0.9998503608379079,0.0754409841608716,1.0,True,803.7239090702778,60.63372269388464,60.633722693884636,60.36090677241026,0.07544098416087161,1208795197,primary,10230224085,4594183933,0,False
699,1,0.8031987127823936,0.006698480840034625,0.9998660393567277,0.016194504876876202,1.0,True,3727.7442722503997,60.36897279670646,60.36897279670646,60.09280134023877,0.01619450487687621,865024248,primary,3724390776,11968828661,0,False
