segment_id,rank,total_score,distance_m,distance_score,length_similarity_score,road_type_score,osmid_match,candidate_length_basis_m,traffic_length_m,osm_edge_length_attribute_m,osm_edge_geometry_length_m,length_ratio_traffic_to_basis,candidate_osmid,candidate_highway,u,v,key,reciprocal_edge_exists
0,1,0.9388808856489854,11.35828814528417,0.7967886933336948,0.9992213882443841,1.0,True,3014.648868257163,3016.9979383186064,3016.9979383186064,3014.648868257163,1.0007792184642723,1209033472;280421140;1317533102,trunk,2845389661,4875425580,0,False
0,2,0.6932141893681254,0.6039595714905976,0.9879934691483889,0.9840807431180439,1.0,False,2968.969573126181,3016.9979383186064,2971.283590979436,2968.969573126181,1.01617677918533,44948707;1317533101;1317533103,trunk,2845389637,8182316403,0,False
0,3,0.29413903311419465,14.061052320096424,0.75486145762785,0.33840297912919826,0.0,False,1020.9610903536654,3016.9979383186064,360.52108747657394,360.3717606237504,2.9550567272583375,495802463,tertiary,12833338453,8108037309,0,False
0,4,0.24927553476182673,25.852436124641713,0.5962777347885027,0.3519610716263798,0.0,False,1061.865827465195,3016.9979383186064,1031.034913841067,1030.6236744563016,2.8412233073933204,280421142,tertiary,4711074697,12833338462,0,False
0,5,0.19710714452560402,181.81860949876767,0.02634775544501518,0.9460140894604973,0.0,False,3189.168081036902,3016.9979383186064,218.9933736527951,218.31286513711848,0.9460140894604973,872223445,tertiary,8123911037,12651362665,0,False
1,1,0.9288098042780151,13.510543098806073,0.7632185435979385,0.9992212059931672,1.0,True,2968.969573126181,2971.283590979436,2971.283590979436,2968.969573126181,1.0007794009996602,44948707;1317533101;1317533103,trunk,2845389637,8182316403,0,False
1,2,0.5816288239520684,24.305080307747893,0.6150193143909896,0.9856151481738578,1.0,False,3014.648868257163,2971.283590979436,3016.9979383186064,3014.648868257163,0.9856151481738578,1209033472;280421140;1317533102,trunk,2845389661,4875425580,0,False
1,3,0.36272335947366885,1.0098851110249432,0.9800049050073552,0.34360943985731157,0.0,False,1020.9610903536654,2971.283590979436,360.52108747657394,360.3717606237504,2.910280929462425,495802463,tertiary,12833338453,8108037309,0,False
1,4,0.208846755950199,39.054666013449946,0.45790510059944334,0.35737612885182996,0.0,False,1061.865827465195,2971.283590979436,1031.034913841067,1030.6236744563016,2.7981723435551715,280421142,tertiary,4711074697,12833338462,0,False
1,5,0.19145737048187417,203.51769744503449,0.017071345054195844,0.931679834828077,0.0,False,3189.168081036902,2971.283590979436,218.9933736527951,218.31286513711848,0.931679834828077,872223445,tertiary,8123911037,12651362665,0,False
2,1,0.9894761671318713,1.7422560118889292,0.9657549805767803,0.9987483647941853,1.0,True,2003.558764631382,2001.0510399446507,2001.0510399446507,2003.558764631382,0.9987483647941853,279958946;1317535730;1209009343,trunk,8182316352,3320289784,0,False
2,2,0.618359454261407,15.676797591534504,0.730858102844497,0.9955101170402896,1.0,False,1992.0665549788926,2001.0510399446507,1989.5722331524078,1992.0665549788926,1.004510132928693,26755549;1317535729;1209009372;218526245,trunk,12194086396,8182316353,0,False
2,3,0.33754192127707183,9.238435572095756,0.8312965309949812,0.4407648098928874,0.0,False,881.9928812071687,2001.0510399446507,350.52507440296,350.9677130726821,2.2687836632035467,880027175,tertiary,7242837940,2845389663,0,False
2,4,0.26442860273477165,27.061499516222813,0.5820319182942798,0.4490951362324387,0.0,False,898.6622893920061,2001.0510399446507,873.1941150851155,874.294931798076,2.2266996885987846,1208986522;880027172;1208785487,tertiary,8169297486,13997624913,0,False
2,5,0.16834244967195652,65.96950222586833,0.26729829231126345,0.4407648098928874,0.0,False,881.9928812071687,2001.0510399446507,303.8354106271475,304.22125731517764,2.2687836632035467,880027175,tertiary,2841407755,7242837940,0,False
3,1,0.987575790858346,2.0712795946359006,0.9594207213655539,0.9987478722433996,1.0,True,1992.0665549788926,1989.572233152408,1989.5722331524078,1992.0665549788926,0.9987478722433996,26755549;1317535729;1209009372;218526245,trunk,12194086396,8182316353,0,False
3,2,0.6347911982311465,11.957852820033114,0.7872912235363946,0.9930191558511401,1.0,False,2003.558764631382,1989.572233152408,2001.0510399446507,2003.558764631382,0.9930191558511401,279958946;1317535730;1209009343,trunk,8182316352,3320289784,0,False
3,3,0.3196536150575614,13.433992998412977,0.764387927656879,0.4516861838024885,0.0,False,898.6622893920061,1989.572233152408,873.1941150851155,874.294931798076,2.2139264734235837,1208986522;880027172;1208785487,tertiary,8169297486,13997624913,0,False
3,4,0.2781856757586469,22.9633096914182,0.631747055347758,0.44330779577159746,0.0,False,881.9928812071687,1989.572233152408,350.52507440296,350.9677130726821,2.255769037987375,880027175,tertiary,7242837940,2845389663,0,False
3,5,0.15326461618631051,76.77603712553383,0.21534352343997007,0.44330779577159746,0.0,False,881.9928812071687,1989.572233152408,303.8354106271475,304.22125731517764,2.255769037987375,880027175,tertiary,2841407755,7242837940,0,False
4,1,0.7346029525102867,34.545463378646076,0.5011202094916722,0.42133444831392536,1.0,True,3932.268031748674,1656.7999817793127,1656.7999817793127,1650.1826447801516,0.42133444831392536,873398460,trunk,11936495261,8106127986,0,False
4,2,0.4051854657779665,48.22731540178492,0.3811560879716282,0.4541931969323901,1.0,False,3647.786873447907,1656.7999817793127,1277.1611518246045,1271.804177031116,0.4541931969323901,478811049,trunk,4593969312,8105607829,0,False
4,3,0.29090097449000873,423.9506513483416,0.00020778367843567378,0.4541931969323901,1.0,False,3647.786873447907,1656.7999817793127,353.6750166874374,352.45124806240295,0.4541931969323901,478811049,trunk,8105607829,8105597812,0,False
5,1,0.7136016487219443,55.30926484758361,0.33081853156486507,0.5717804462624241,1.0,True,2777.330337275304,1588.023179665442,1588.023179665442,1582.6386955717521,0.5717804462624241,742084225;742084226;44947113,trunk,2277412755,8145058465,0,False
5,2,0.48924095150985375,37.78846537038193,0.46964917113140237,0.7417310008521654,1.0,False,2140.9691354965375,1588.023179665442,962.4217350910671,958.8111521195347,0.7417310008521654,742084224;464267621;742084223,trunk,569909804,569909810,0,False
5,3,0.3688272960414297,134.21400832952287,0.06827031956998893,0.7417310008521654,1.0,False,2140.9691354965375,1588.023179665442,464.94933265351483,463.9064556299232,0.7417310008521654,464267621,trunk,569909799,569909804,0,False
5,4,0.24587980442436025,76.66610736851577,0.21581749751173346,0.9056727758542009,0.0,False,1438.2293612484154,1588.023179665442,251.17115552119208,250.23036998176636,1.104151550825664,875013937,tertiary,3726922967,6947409347,0,True
5,5,0.24587980442436025,76.66610736851577,0.21581749751173346,0.9056727758542009,0.0,False,1438.2293612484154,1588.023179665442,251.17115552119202,250.2303699817664,1.104151550825664,875013937,tertiary,6947409347,3726922967,0,True
6,1,0.8999319676087252,0.7353513306414209,0.9854005934666368,0.5215589478436709,1.0,True,2887.3174936178143,1505.9062740619322,1505.9062740619322,1500.744324893178,0.5215589478436709,44948644;1203900681;1194664843;1194664844;1317520819,trunk,12617765453,8182316410,0,False
6,2,0.6304676578318452,9.636150481204114,0.8247103793426236,0.9152727201452906,1.0,False,1645.3088144295225,1505.9062740619322,1483.6343357813125,1478.5511688507565,0.9152727201452906,1203900682;1209038916;1194663758,trunk,11088563838,12617765452,0,False
6,3,0.30233670569195803,17.801532235345423,0.7004511547860107,0.4610067962807741,0.0,False,694.2330269044087,1505.9062740619322,67.30146237372615,67.08039030446993,2.169165418097122,232511356,tertiary,2277623438,8100608904,0,False
6,4,0.2907607892216132,20.63470120234005,0.6618647665515279,0.4610067962807741,0.0,False,694.2330269044087,1505.9062740619322,57.66991888474176,57.47732805063492,2.169165418097122,232511356,tertiary,8100608888,2277623438,0,False
6,5,0.2446351201293006,20.63470120234005,0.6618647665515279,0.23037845081921127,0.0,False,346.9283544973186,1505.9062740619322,157.52576712320936,157.54106950958996,4.340683759457809,366637027,residential,2277623438,8100608901,0,True
7,1,0.968854475792063,1.9531115724710424,0.961690859868028,0.901736089158273,1.0,True,1645.3088144295225,1483.6343357813123,1483.6343357813125,1478.5511688507565,0.901736089158273,1203900682;1209038916;1194663758,trunk,11088563838,12617765452,0,False
7,2,0.5372430711052947,12.321883211934507,0.7815800804078618,0.5138452349146805,1.0,False,2887.3174936178143,1483.6343357813123,1505.9062740619322,1500.744324893178,0.5138452349146805,44948644;1203900681;1194664843;1194664844;1317520819,trunk,12617765453,8182316410,0,False
7,3,0.2803956016438006,13.476620608072938,0.7637365247696359,0.256373221064549,0.0,False,380.3641135462177,1483.6343357813123,145.84462353826052,145.3534287476077,3.900563388982902,218526253,tertiary,8182316414,8182316415,0,False
7,4,0.2602699776994612,29.383978948892462,0.5556150509212067,0.467927312115496,0.0,False,694.2330269044087,1483.6343357813123,67.30146237372615,67.08039030446993,2.1370840600840486,232511356,tertiary,2277623438,8100608904,0,False
7,5,0.2538514017780845,31.34739591240306,0.5342197978499511,0.467927312115496,0.0,False,694.2330269044087,1483.6343357813123,57.66991888474176,57.47732805063492,2.1370840600840486,232511356,tertiary,8100608888,2277623438,0,False
8,1,0.6604377115872295,62.16023534173078,0.2884583107809237,0.3695010917647624,1.0,True,3932.268031748674,1452.9773308428084,1452.9773308428084,1447.9087292277711,0.3695010917647624,873398460,trunk,8105661609,11936495261,0,False
8,2,0.390719988016191,49.687174664521436,0.3701882965164661,0.3983174953062559,1.0,False,3647.786873447907,1452.9773308428084,1080.1658401252282,1076.5569423782376,0.3983174953062559,478811049,trunk,8105566319,10603648617,0,False
8,3,0.10461673647388059,385.7671700037478,0.00044593230495567243,0.5224147839119694,0.0,False,759.0568383212358,1452.9773308428084,231.9508809221527,231.58924241785206,1.914187788698773,869978832;1267006547;869978830,residential,8105713216,11768103532,0,True
8,4,0.10461673647388059,385.7671700037478,0.00044593230495567243,0.5224147839119694,0.0,False,759.0568383212358,1452.9773308428084,231.95088092215272,231.589242417852,1.914187788698773,869978832;1267006547;869978830,residential,11768103532,8105713216,1,True
8,5,0.10452534444868876,443.234016149437,0.0001412922209829157,0.5224147839119694,0.0,False,759.0568383212358,1452.9773308428084,291.2917019469125,290.42792726912654,1.914187788698773,869978832,residential,8105713216,8105722273,0,True
9,1,0.7913369115464174,38.1157166744926,0.46658534241348076,0.7568065441118659,1.0,True,1841.5532199164138,1393.69952816302,1393.69952816302,1387.5511649510563,0.7568065441118659,1210277736,trunk,6010327766,4593964306,0,False
9,2,0.33828366989781655,340.70845769451785,0.0010981051736776689,0.689771191728566,1.0,False,961.3337844525464,1393.69952816302,152.50028671883302,151.82938909030648,1.4497561104197478,605579942,trunk,8140465200,4593969290,0,False
9,3,0.3379713129899467,488.69715919595524,5.691548077828824e-05,0.689771191728566,1.0,False,961.3337844525464,1393.69952816302,300.579748215858,299.29002276342663,1.4497561104197478,605579942,trunk,8140492538,8140465200,0,False
9,4,0.047641338223803696,485.77688866664175,6.033864543654202e-05,0.23811618315086366,0.0,False,331.86241210533797,1393.69952816302,100.43453075818292,100.5560774067089,4.199630561717967,874471505,residential,8140465200,8140465205,0,True
9,5,0.047641338223803696,485.77688866664175,6.033864543654202e-05,0.23811618315086366,0.0,False,331.86241210533797,1393.69952816302,100.43453075818292,100.55607740670891,4.199630561717967,874471505,residential,8140465205,8140465200,0,True
10,1,0.8872327945005907,1.1155964970608792,0.9779351402187743,0.46926126217479247,1.0,True,2966.647546776312,1392.132772228004,1392.1327722280041,1386.5731687246364,0.46926126217479247,1203900681;218526250;218526251;280421141,trunk,12094771861,12617765453,0,False
10,2,0.6199241698459101,13.027631778976543,0.7706255929838337,0.9436824597538003,1.0,False,1313.7312787999997,1392.132772228004,1222.1475264366486,1217.305702173846,1.059678485770407,218526248;26755741;218526246,trunk,2277623507,2845389661,0,False
10,3,0.4124553414707386,15.78633933130403,0.7292586661727911,0.9683887080945061,0.0,False,1437.576420079595,1392.132772228004,488.8713589190817,486.9112702622016,0.9683887080945061,1089369695,tertiary,2392383595,3706277627,0,False
10,4,0.38878193735042677,439.75130777963113,0.0001514846655555765,0.9436824597538003,1.0,False,1313.7312787999997,1392.132772228004,72.76186115709407,72.46996594077498,1.059678485770407,26755741,trunk,2392383587,2277623507,0,False
10,5,0.2585631381059643,28.734589568247856,0.5628783260356375,0.44849820147636527,0.0,False,624.3690445605662,1392.132772228004,568.7577667131218,566.4724953464425,2.229663344709527,218526254,tertiary,2407964453,2392383596,0,True
11,1,0.7415969889791814,76.53052254558584,0.21640352325830867,0.8833796600084434,1.0,True,1567.0506046218045,1384.3006303268353,1567.6704669611318,1567.0506046218045,0.8833796600084434,279958945;879568355;879568356;325359753;218505930;218505931;1210086508;26755786;1209009371,trunk,13519081481,8140380974,0,False
11,2,0.43962178430790655,88.92022228046609,0.16890743337809402,0.9447477714723915,1.0,False,1307.8149355491046,1384.3006303268353,1308.4312809218004,1307.8149355491046,1.0584835764592466,879568354;879568357;573401034;325359754;874464058,trunk,3722327657,8182365087,0,False
11,3,0.23638084152093689,17.399014176597827,0.7061127981275578,0.12273501041334772,0.0,False,169.90215227836794,1384.3006303268353,170.12595945561128,169.90215227836794,8.147634457618848,874599410,tertiary,293466308,8140356462,0,True
11,4,0.23638084152093689,17.399014176597827,0.7061127981275578,0.12273501041334772,0.0,False,169.90215227836794,1384.3006303268353,170.12595945561128,169.90215227836794,8.147634457618848,874599410,tertiary,8140356462,293466308,0,True
11,5,0.20238507884470208,67.54770750006907,0.2589930245197702,0.623435857443855,0.0,False,863.0226504278795,1384.3006303268353,218.04201304452596,217.80547347547383,1.604014251121347,842470002,tertiary,569926389,8140356462,0,False
12,1,0.7587414090726124,28.18840430748095,0.5690607489465023,0.44011592194330895,1.0,True,2993.152207872555,1317.3339434844804,1317.3339434844804,1311.4578019106236,0.44011592194330895,742084228,trunk,11936417209,2277412746,0,False
12,2,0.42422973796460767,46.43507621358802,0.39506636154853153,0.528549147500241,1.0,False,2492.358467920677,1317.3339434844804,969.8600383768458,965.5691965246064,0.528549147500241,742084229,trunk,3725628684,11936417213,0,False
12,3,0.39775831167098474,10.12463078578587,0.8166925132655342,0.7637527884566224,0.0,False,1724.8171966043155,1317.3339434844804,135.2936181351834,134.73472933750818,0.7637527884566224,874996080,tertiary,13275058793,8144874923,0,True
12,4,0.39775831167098474,10.124630785785873,0.816692513265534,0.7637527884566224,0.0,False,1724.8171966043155,1317.3339434844804,135.2936181351834,134.73472933750818,0.7637527884566224,874996080,tertiary,8144874923,13275058793,0,True
12,5,0.35379498989179736,12.02397306819766,0.786250793801179,0.5895987587572183,0.0,False,776.6984579472014,1317.3339434844804,273.9280735766044,274.0448396523438,1.6960686995132808,368716048,residential,8144874923,8146050017,0,True
13,1,0.7520478783747033,87.49049939435368,0.17380696574183005,0.9995289432607714,1.0,True,1307.8149355491046,1308.4312809218004,1308.4312809218004,1307.8149355491046,1.0004712787382544,879568354;879568357;573401034;325359754;874464058,trunk,3722327657,8182365087,0,False
13,2,0.40112683412571715,76.07150549556647,0.218399328464725,0.678035177931498,1.0,False,1929.739523122488,1308.4312809218004,1567.6704669611318,1567.0506046218045,0.678035177931498,279958945;879568355;879568356;325359753;218505930;218505931;1210086508;26755786;1209009371,trunk,13519081481,8140380974,0,False
13,3,0.2115419874827409,66.32282226664836,0.2654161133878631,0.6595857673319099,0.0,False,863.0226504278795,1308.4312809218004,218.04201304452596,217.80547347547383,1.5161030597204963,842470002,tertiary,569926389,8140356462,0,False
13,4,0.199792871503278,182.99417059206644,0.025735513007531925,0.9603610880050922,0.0,False,1362.436793060552,1308.4312809218004,177.4812021104335,176.7693232933594,0.9603610880050922,40016878,primary,8182365093,2283167672,0,False
13,5,0.1923074000932525,357.5587989082408,0.0007839416407802285,0.9603610880050922,0.0,False,1362.436793060552,1308.4312809218004,36.03919586368378,35.87328976444064,0.9603610880050922,40016878,primary,2283167672,8141615216,0,False
14,1,0.7938637485658621,14.642579999799155,0.7461328586009631,0.3501194549278656,1.0,True,3647.786873447907,1277.1611518246043,1277.1611518246045,1271.804177031116,0.3501194549278656,478811049,trunk,4593969312,8105607829,0,False
14,2,0.562997860368286,0.3277603188308971,0.9934662321185369,0.3247899536636247,1.0,False,3932.268031748674,1277.1611518246043,1656.7999817793127,1650.1826447801516,0.3247899536636247,873398460,trunk,11936495261,8106127986,0,False
15,1,0.9749709352095337,1.8827613122929603,0.963044916270901,0.9302873016413171,1.0,True,1313.7312787999997,1222.1475264366486,1222.1475264366486,1217.305702173846,0.9302873016413171,218526248;26755741;218526246,trunk,2277623507,2845389661,0,False
15,2,0.5272154226116568,10.62684157099514,0.8085305364453462,0.42328130839026484,1.0,False,2887.3174936178143,1222.1475264366486,1392.1327722280041,1386.5731687246364,0.42328130839026484,1203900681;218526250;218526251;280421141,trunk,12094771861,12617765453,0,False
15,3,0.34292662875854435,27.554104456198562,0.5763258369239272,0.8501443884068308,0.0,False,1437.576420079595,1222.1475264366486,112.46162834058731,112.00626293171226,0.8501443884068308,1089369695,tertiary,3719690556,2392383595,0,False
15,4,0.34090942075636455,28.14088703909936,0.5696018102499945,0.8501443884068308,0.0,False,1437.576420079595,1222.1475264366486,488.8713589190817,486.9112702622016,0.8501443884068308,1089369695,tertiary,2392383595,3706277627,0,False
15,5,0.30924697112112276,18.535977692326853,0.69023748886645,0.510878622305939,0.0,False,624.3690445605662,1222.1475264366486,568.7577667131218,566.4724953464425,1.9574121060034322,218526254,tertiary,2392383596,2407964453,0,True
16,1,0.6876504620991295,42.420941876155815,0.4280912789675377,0.29611539204434106,1.0,True,3647.786873447907,1080.1658401252282,1080.1658401252282,1076.5569423782376,0.29611539204434106,478811049,trunk,8105566319,10603648617,0,False
16,2,0.354962961244227,54.91841845562808,0.3334146497687806,0.27469283156796404,1.0,False,3932.268031748674,1080.1658401252282,1452.9773308428084,1447.9087292277711,0.2746928315679641,873398460,trunk,8105661609,11936495261,0,False
16,3,0.1406037960486496,426.4495564693509,0.00019765427696192517,0.7027224988278051,0.0,False,759.0568383212358,1080.1658401252282,231.9508809221527,231.58924241785206,1.423036834124532,869978832;1267006547;869978830,residential,8105713216,11768103532,0,True
16,4,0.1406037960486496,426.4495564693509,0.00019765427696192517,0.7027224988278051,0.0,False,759.0568383212358,1080.1658401252282,231.95088092215272,231.589242417852,1.423036834124532,869978832;1267006547;869978830,residential,11768103532,8105713216,1,True
16,5,0.14056107106836277,490.193265058268,5.5237676005849646e-05,0.7027224988278051,0.0,False,759.0568383212358,1080.1658401252282,40.95916276553482,40.81199513692001,1.423036834124532,869978832,residential,8105713216,11768103532,1,True
17,1,0.8640524440886497,5.780681823511905,0.8908193369201076,0.4840332150630864,1.0,True,2203.380084120088,1066.50914612262,1066.50914612262,1061.6677185289775,0.4840332150630864,26754491,secondary,8166852626,293466286,0,False
17,2,0.5500237107265544,15.554919441954038,0.7326417885480594,0.651155870810683,1.0,False,1637.8707371475066,1066.50914612262,1065.2277230966693,1060.377512440294,0.651155870810683,746487581,secondary,12702159517,2841407764,0,False
18,1,0.9060570140284758,4.172284512936192,0.9199410470748118,0.6503734995301615,1.0,True,1637.8707371475066,1065.2277230966693,1065.2277230966693,1060.377512440294,0.6503734995301615,746487581,secondary,12702159517,2841407764,0,False
18,2,0.47683562170072685,25.500938305669195,0.6004843099498841,0.48345164357880815,1.0,False,2203.380084120088,1065.2277230966693,1066.50914612262,1061.6677185289775,0.48345164357880815,26754491,secondary,8166852626,293466286,0,False
19,1,0.904343679886489,4.6122230263827655,0.9118822030908696,0.6538950947961398,1.0,True,1547.913794265329,1012.1732372373798,1012.1732372373798,1007.7140584691377,0.6538950947961398,464650412,primary,4601752551,2277623696,0,False
19,2,0.5567235130025152,14.229645871748637,0.7523204485299019,0.655136892217723,1.0,False,1544.979758064063,1012.1732372373798,813.4667803841377,809.9072058461466,0.655136892217723,464650415,primary,2841381803,3718108687,0,False
19,3,0.33195605558544483,288.8888304083218,0.00309559047300085,0.655136892217723,1.0,False,1544.979758064063,1012.1732372373798,216.94723502398884,215.97270933118028,0.655136892217723,464650415,primary,3718108687,4601752550,0,False
19,4,0.1578470069649373,404.10146018450763,0.00030904328694098985,0.788771469894275,0.0,False,1283.227494743248,1012.1732372373798,731.0393279374474,731.3544848555164,0.788771469894275,26754888;875016429,residential,6608758052,8166899540,0,True
19,5,0.1578470069649373,404.10146018450763,0.00030904328694098985,0.788771469894275,0.0,False,1283.227494743248,1012.1732372373798,731.0393279374475,731.3544848555164,0.788771469894275,26754888;875016429,residential,8166899540,6608758052,0,True
20,1,0.8507811726144161,4.723871026164361,0.9098482782921083,0.38913344563391794,1.0,True,2492.358467920677,969.8600383768458,969.8600383768458,965.5691965246064,0.38913344563391794,742084229,trunk,3725628684,11936417213,0,False
20,2,0.5778467680527023,480.59334751744933,6.692975306240373e-05,0.38913344563391794,1.0,True,2492.358467920677,969.8600383768458,192.1184492479658,191.23712456117016,0.38913344563391794,742084229,trunk,3725628832,3725628684,0,False
20,3,0.5778460354929935,482.4516572282842,6.448788736647252e-05,0.38913344563391794,1.0,True,2492.358467920677,969.8600383768458,207.88762026176863,207.11494281549028,0.38913344563391794,742084229,trunk,11936417213,569909828,0,False
20,4,0.45339141003643135,23.211377195490794,0.6286204994258342,0.3240263010434053,1.0,False,2993.152207872555,969.8600383768458,1317.3339434844804,1311.4578019106236,0.3240263010434053,742084228,trunk,11936417209,2277412746,0,False
20,5,0.41859502623809886,6.172491588455971,0.8838659821244761,0.7671761580037804,0.0,False,1264.1947071197521,969.8600383768458,828.2007539763456,824.5438767245602,0.7671761580037804,874996078;762813494,tertiary,7127983709,12912087967,0,True
21,1,0.8115525917794393,8.035164748502881,0.8515446912215747,0.28044592206483415,1.0,True,3451.1696200402116,967.8664462943204,967.8664462943203,963.4630558257937,0.28044592206483415,742084229;742084230;742084223,trunk,569909810,3725628832,0,False
21,2,0.6007205094720272,479.8844729743109,6.78854074080138e-05,0.5035007192490238,1.0,True,1922.2742079453283,967.8664462943204,962.4217350910671,958.8111521195347,0.5035007192490238,742084224;464267621;742084223,trunk,569909804,569909810,0,False
21,3,0.5776865070988866,481.30712498163973,6.59810815880632e-05,0.38833356387205065,1.0,True,2492.358467920677,967.8664462943204,192.1184492479658,191.23712456117016,0.38833356387205065,742084229,trunk,3725628832,3725628684,0,False
21,4,0.4355257853674508,28.148731646409118,0.5695124512095567,0.3233602500229187,1.0,False,2993.152207872555,967.8664462943204,745.0016873605796,741.6115755930846,0.3233602500229186,742084226;742084227;742084228,trunk,2277412746,2277412755,0,False
21,5,0.33309150296354517,14.448070346460069,0.7490411126415475,0.5418958458554045,0.0,False,524.4828065897252,967.8664462943204,526.8870571181759,524.4828065897252,1.8453730687332721,762813491;762813492,tertiary,6947409327,7127983708,0,True
22,1,0.8295341836896757,5.7273313483903,0.8917703569010011,0.31001538309687615,1.0,True,3104.432191322331,962.4217350910671,962.4217350910671,958.8111521195347,0.31001538309687615,742084224;464267621;742084223,trunk,569909804,569909810,0,False
22,2,0.6001543931096567,478.9840856967197,6.9118943822265e-05,0.5006682871325502,1.0,True,1922.2742079453283,962.4217350910671,967.8664462943203,963.4630558257937,0.5006682871325502,742084229;742084230;742084223,trunk,569909810,3725628832,0,False
22,3,0.5899284456542012,473.36016789599773,7.734741833408699e-05,0.4495262071435049,1.0,True,2140.9691354965375,962.4217350910671,464.94933265351483,463.9064556299232,0.4495262071435049,464267621,trunk,569909799,569909804,0,False
22,4,0.46641095819892253,24.552433427788696,0.6119842888850601,0.41407835766702245,1.0,False,2324.2502711648367,962.4217350910671,1588.023179665442,1582.6386955717521,0.41407835766702245,742084225;742084226;44947113,trunk,2277412755,8145058465,0,False
22,5,0.3851486943656973,18.08117695222659,0.6965445403129975,0.8809266613589903,0.0,False,1092.510622401138,962.4217350910671,175.4334280212083,174.77192731139138,0.8809266613589903,1065795892,tertiary,6947409344,6947409311,0,True
23,1,0.9557025523711347,0.3608488821376146,0.992809002204168,0.7892992585494215,1.0,True,1165.5133436722208,919.938817989941,742.6533941679469,741.3317827701684,0.7892992585494215,874464056;877825096;292410142,trunk,13519104254,8156596370,0,False
23,2,0.6942838995911245,459.2180517326751,0.00010263197417406986,0.9712655499943611,1.0,True,947.1547899493418,919.938817989941,194.6682361488065,194.31608484072183,0.9712655499943611,877825096,trunk,8156596370,3725590078,0,False
23,3,0.6927805613433615,282.0497784064773,0.003549333043806739,0.9585788071510979,1.0,True,959.6903364930472,919.938817989941,177.28954547579377,176.98406564346487,0.9585788071510979,874464056,trunk,11140281684,13519104254,0,False
23,4,0.6917466804104704,459.00837553535837,0.00010306326750283205,0.9585788071510979,1.0,True,959.6903364930472,919.938817989941,41.44032220905192,41.37448807941393,0.9585788071510979,874464056;1209009363;874464055,trunk,8140380974,11140281684,0,False
23,5,0.5846101973884978,21.25608464162711,0.6536902308735539,0.9425156406321581,1.0,False,976.0462090294071,919.938817989941,786.6128867962552,785.2583866572334,0.9425156406321581,877786608;292410140;292410141,trunk,3725590874,13108436171,0,False
24,1,0.922881049112305,0.41487932622153084,0.991736743429095,0.6268001304178824,1.0,True,1387.1228472058126,869.4487815342277,869.4487815342277,865.4803745188397,0.6268001304178824,414500083;875146659,primary,12435035117,8144915374,0,False
24,2,0.677004225829118,431.5722979366753,0.00017840649014679092,0.8847535194103701,1.0,True,982.7016931378336,869.4487815342277,117.0835209067391,117.22131861899393,0.8847535194103701,875146659;1352928436,primary,8144915374,8146129661,0,False
24,3,0.63698396886144,432.7426610297729,0.00017427897804591586,0.6846584258401311,1.0,True,1269.9015285868188,869.4487815342277,406.28067432971085,404.42115406797916,0.6846584258401311,414500083,primary,3725679696,12435035117,0,False
24,4,0.5744416602964371,11.73595428194475,0.7907929635298989,0.6860188561873366,1.0,False,1267.383212126753,869.4487815342277,487.360208526007,485.13044989166633,0.6860188561873366,368852567,primary,3726941181,3726926556,0,False
24,5,0.3432318470494362,195.36773086669342,0.020093586039896184,0.6860188561873366,1.0,False,1267.383212126753,869.4487815342277,234.84224166696316,233.7770093293865,0.6860188561873366,1352928435;368852567,primary,8146129652,3726941181,0,False
25,1,0.934600598334113,12.290642977556477,0.782068567894549,0.9999001398287417,1.0,True,852.4792107341588,852.5643479559544,852.5643479559544,852.4792107341588,1.000099870144308,44948784;1317535728;1317535732;218526252,trunk,3320289784,2277623681,0,False
25,2,0.5322026217433875,25.645164876366863,0.59875468986526,0.7628810739190469,1.0,False,1117.5586563921288,852.5643479559544,771.7655177847529,771.7332132666822,0.7628810739190469,26755523;1317535731;218526247;1209033471,trunk,12888493319,12194086396,0,False
25,3,0.3529110103704296,339.9008798623923,0.001115985288734056,0.7628810739190469,1.0,False,1117.5586563921288,852.5643479559544,345.94935756437445,345.82544312544667,0.7628810739190469,1209033471,trunk,2277623663,12888493319,0,False
25,4,0.33690541432631,14.043124168116242,0.7551321715776845,0.5518288142650233,0.0,False,1544.979758064063,852.5643479559544,46.43609593604868,46.24786250948026,0.5518288142650233,464650415,primary,2841381808,2841381803,0,False
25,5,0.30207462115723194,426.3572642736009,0.00019801945283147356,0.5100760766069123,1.0,False,434.87267766030374,852.5643479559544,193.157669389202,193.07417139962126,1.9604918675114518,218526249,trunk,2277623681,6608882862,0,False
26,1,0.8691079071440431,6.428920252527616,0.8793446146565598,0.526522613735375,1.0,True,1544.979758064063,813.4667803841377,813.4667803841377,809.9072058461466,0.526522613735375,464650415,primary,2841381803,3718108687,0,False
26,2,0.6053984254314504,403.4639390117601,0.00031300894791802905,0.526522613735375,1.0,True,1544.979758064063,813.4667803841377,46.43609593604868,46.24786250948026,0.526522613735375,464650415,primary,2841381808,2841381803,0,False
26,3,0.6053957469497544,404.9108755754441,0.00030408067559790984,0.526522613735375,1.0,True,1544.979758064063,813.4667803841377,216.94723502398884,215.97270933118028,0.526522613735375,464650415,primary,3718108687,4601752550,0,False
26,4,0.5825952936236773,3.8998116514058654,0.9249679108650892,0.5255246018207528,1.0,False,1547.913794265329,813.4667803841377,1012.1732372373798,1007.7140584691377,0.5255246018207528,464650412,primary,4601752551,2277623696,0,False
26,5,0.30523547912327326,386.98571833681757,0.00043519586374228585,0.5255246018207528,1.0,False,1547.913794265329,813.4667803841377,59.47367919221113,59.2338152784534,0.5255246018207528,464650412,primary,2277623696,2277623719,0,False
27,1,0.7271720608183347,34.66611780825952,0.49991241986855267,0.38599167428884507,1.0,True,2089.364187852574,806.477181068368,806.477181068368,803.1688851327463,0.38599167428884507,741818619,secondary,8133212859,7243077747,0,False
27,2,0.5773067859929303,396.26190246403917,0.00036150378387091175,0.38599167428884507,1.0,True,2089.364187852574,806.477181068368,11.062260361302098,11.011547445423014,0.38599167428884507,741818619,secondary,8133212860,8133212859,0,False
27,3,0.5772853782864289,407.25652897668533,0.0002901447621996918,0.38599167428884507,1.0,True,2089.364187852574,806.477181068368,201.04385285302587,200.13424863454114,0.38599167428884507,741818619,secondary,9924471955,8133212860,0,False
27,4,0.4071638533457138,43.78364608329971,0.4165815985550432,0.4109468688960044,1.0,False,1962.4852799948158,806.477181068368,158.062135649042,157.35711141131176,0.4109468688960044,90617087,secondary,3711678597,3711673309,0,False
27,5,0.37985275668272167,424.9673461627761,0.00020360129287069818,0.8989583814743024,1.0,False,724.989421389178,806.477181068368,726.1860143366849,724.989421389178,1.11239854993063,364407161;1317517332;1318339357,secondary,293464258,8100516249,0,True
28,1,0.8372861856975313,0.5234483225003901,0.989585642446885,0.20205246481732858,1.0,True,3932.268031748674,794.5244481372048,794.5244481372048,791.2128773004227,0.20205246481732858,873398460,trunk,8106128001,6010327766,0,False
28,2,0.5405204184051159,395.5867710419311,0.0003664181388338997,0.20205246481732858,1.0,True,3932.268031748674,794.5244481372048,43.14382715559413,42.9637804403285,0.20205246481732858,873398460,trunk,8106127986,8106128001,0,False
28,3,0.5404570430935658,438.55039775369056,0.00015516710033350447,0.20205246481732858,1.0,True,3932.268031748674,794.5244481372048,1656.7999817793127,1650.1826447801516,0.20205246481732858,873398460,trunk,11936495261,8106127986,0,False
28,4,0.48430833809148843,11.001931603039647,0.8024877956063344,0.2178099970479405,1.0,False,3647.786873447907,794.5244481372048,38.42130300493173,38.259855230316305,0.21780999704794052,478811049,trunk,8105990625,8105990772,0,False
28,5,0.45414561816704496,17.69498308297128,0.7019453958581896,0.2178099970479405,1.0,False,3647.786873447907,794.5244481372048,406.79780502263463,405.0985138416354,0.21780999704794052,478811049,trunk,8105990772,4593969312,0,False
29,1,0.9399764721663539,2.7410712095725227,0.9466541823963418,0.7799010872372567,1.0,True,1008.60596256222,786.6128867962552,786.6128867962552,785.2583866572334,0.7799010872372567,877786608;292410140;292410141,trunk,3725590874,13108436171,0,False
29,2,0.6924848192676019,392.8275159926887,0.00038720731145359765,0.9618432853708289,1.0,True,817.8181401900463,786.6128867962552,32.627979745332226,32.55975353281292,0.9618432853708289,877786608,trunk,8167025475,3725590874,0,False
29,3,0.6613010266025434,392.258136652364,0.000391641869862669,0.805917670207923,1.0,True,976.0462090294071,786.6128867962552,87.21236385596588,87.05166290583661,0.805917670207923,292410140,trunk,13108436171,13108436169,0,False
29,4,0.6612041634498915,479.2410054080466,6.876469435652897e-05,0.805917670207923,1.0,True,976.0462090294071,786.6128867962552,61.13548247477992,61.024212351422754,0.805917670207923,292410140,trunk,13108436169,3722327661,0,False
29,5,0.5722701469168887,18.230655609931596,0.6944652790550858,0.8196528160018147,1.0,False,959.6903364930472,786.6128867962552,742.6533941679469,741.3317827701684,0.8196528160018147,874464056;877825096;292410142,trunk,13519104254,8156596370,0,False
30,1,0.8672442519849013,13.47510144824603,0.7637597298790924,0.6905816651058679,1.0,True,1117.5586563921288,771.7655177847529,771.7655177847529,771.7332132666822,0.6905816651058679,26755523;1317535731;218526247;1209033471,trunk,12888493319,12194086396,0,False
30,2,0.6809409223380567,0.020479549695380867,0.9995904928770322,0.9053188723747352,1.0,False,852.4792107341588,771.7655177847529,852.5643479559544,852.4792107341588,0.9053188723747352,44948784;1317535728;1317535732;218526252,trunk,3320289784,2277623681,0,False
30,3,0.6382498505761467,385.8652393258409,0.0004450585165772084,0.6905816651058679,1.0,True,1117.5586563921288,771.7655177847529,345.94935756437445,345.82544312544667,0.6905816651058679,1209033471,trunk,2277623663,12888493319,0,False
30,4,0.32016522577367784,20.808958775556746,0.6595620825232498,0.6114830050835146,0.0,False,471.92149803485535,771.7655177847529,164.97820246866925,164.9474258415762,1.6353684267372612,218526255,tertiary,2277623795,2277623745,0,False
30,5,0.31271898232008516,472.86011082049146,7.812486199214372e-05,0.5634777243074375,1.0,False,434.87267766030374,771.7655177847529,193.157669389202,193.07417139962126,1.7746930479445056,218526249,trunk,2277623681,6608882862,0,False
31,1,0.9594773107362591,0.8777817731191884,0.9825975668743553,0.8234902033697623,1.0,True,926.3045486598251,762.8027211582153,762.8027211582153,761.2978280729528,0.8234902033697623,842470001;196857001;1286989884,trunk,11936490107,2277412722,0,False
31,2,0.6648475706899584,380.2020302500926,0.0004984333866860056,0.8234902033697624,1.0,True,926.304548659825,762.8027211582153,12.377981060462464,12.361243669666106,0.8234902033697624,842470001,trunk,8169509567,11936490107,0,False
31,3,0.6648149287151288,392.5160594998472,0.00038962680392110445,0.8234902033697624,1.0,True,926.304548659825,762.8027211582153,152.78316325177076,152.64547691720605,0.8234902033697624,842470001,trunk,8169509578,8169509567,0,False
31,4,0.5174843631375374,24.29474077721174,0.615146507761363,0.6647020540456425,1.0,False,1147.5859244235712,762.8027211582153,590.0031819087746,588.8874482119232,0.6647020540456425,877786609;1393752818;464264627,trunk,12901379734,8167025453,0,False
31,5,0.3779453127154342,303.2487672006714,0.0023228152851264066,0.8862423406494814,1.0,False,676.0280690530503,762.8027211582153,83.94662586537927,83.93282950266178,1.1283595401988484,196857002;1393752820,trunk,2277412721,2277412722,0,False
32,1,0.7848663408571545,8.657469427660102,0.8410119678986392,0.16281375243781332,1.0,True,4575.790903444307,745.0016873605796,745.0016873605796,741.6115755930846,0.16281375243781332,742084226;742084227;742084228,trunk,2277412746,2277412755,0,False
32,2,0.5642934374520447,369.12888533818017,0.0006219954957793562,0.3205341940165547,1.0,True,2324.2502711648367,745.0016873605796,1588.023179665442,1582.6386955717521,0.3205341940165547,742084225;742084226;44947113,trunk,2277412755,8145058465,0,False
32,3,0.5499632797851538,370.1375650624313,0.0006095733320117574,0.24890203892775134,1.0,True,2993.152207872555,745.0016873605796,1317.3339434844804,1311.4578019106236,0.24890203892775134,742084228,trunk,11936417209,2277412746,0,False
32,4,0.504093973982042,10.267001864426133,0.8143703530384456,0.29891434035254133,1.0,False,2492.358467920677,745.0016873605796,967.8664462943203,963.4630558257937,0.2989143403525413,742084229;742084230;742084223,trunk,569909810,3725628832,0,False
32,5,0.2837744258188048,35.534676527617,0.4913033453984668,0.6819171109963237,0.0,False,1092.510622401138,745.0016873605796,318.78271564919476,317.3188698359827,0.6819171109963237,1065795892,tertiary,6947409327,8145857067,0,True
33,1,0.9547664048491544,8.107134261087944,0.8503198678050556,0.9983522225381881,1.0,True,724.989421389178,726.186014336685,726.1860143366849,724.989421389178,1.0016504971137568,364407161;1317517332;1318339357,secondary,293464258,8100516249,0,True
33,2,0.9547664048491544,8.107134261087946,0.8503198678050556,0.9983522225381881,1.0,True,724.989421389178,726.186014336685,726.186014336685,724.989421389178,1.0016504971137568,364407161;1317517332;1318339357,secondary,8100516249,293464258,0,True
33,3,0.374169688867463,388.35740273231727,0.0004234191146623662,0.8702133156653212,1.0,False,834.4919587693046,726.186014336685,34.57021573062815,34.41401488157316,0.8702133156653212,364407163;869089258;869089259,secondary,293463553,3702605845,0,True
33,4,0.374169688867463,388.35740273231727,0.0004234191146623662,0.8702133156653212,1.0,False,834.4919587693046,726.186014336685,34.57021573062815,34.41401488157316,0.8702133156653212,869089258;364407163;869089259,secondary,3702605845,293463553,0,True
33,5,0.37411284053686317,418.0255688814427,0.0002339246793296173,0.8702133156653212,1.0,False,834.4919587693046,726.186014336685,44.512321729856616,44.33248760606175,0.8702133156653212,364407163,secondary,3702605845,8105649904,0,True
34,1,0.954766404854906,8.1071342599606,0.8503198678242276,0.9983522225381883,1.0,True,724.989421389178,726.1860143366849,726.1860143366849,724.989421389178,1.0016504971137565,364407161;1317517332;1318339357,secondary,293464258,8100516249,0,True
34,2,0.954766404854906,8.1071342599606,0.8503198678242276,0.9983522225381883,1.0,True,724.989421389178,726.1860143366849,726.186014336685,724.989421389178,1.0016504971137565,364407161;1317517332;1318339357,secondary,8100516249,293464258,0,True
34,3,0.3741696888674614,388.3574027329276,0.0004234191146571975,0.8702133156653211,1.0,False,834.4919587693046,726.1860143366849,34.57021573062815,34.41401488157316,0.8702133156653211,364407163;869089258;869089259,secondary,293463553,3702605845,0,True
34,4,0.3741696888674614,388.3574027329276,0.0004234191146571975,0.8702133156653211,1.0,False,834.4919587693046,726.1860143366849,34.57021573062815,34.41401488157316,0.8702133156653211,869089258;364407163;869089259,secondary,3702605845,293463553,0,True
34,5,0.37411284053686233,418.0255688820049,0.0002339246793269874,0.8702133156653211,1.0,False,834.4919587693046,726.1860143366849,44.512321729856616,44.33248760606175,0.8702133156653211,364407163,secondary,3702605845,8105649904,0,True
35,1,0.8451543652560372,34.52553314696501,0.501319998144873,0.9737918290628761,1.0,True,723.159401006218,704.2067158098589,704.2067158098589,704.6200222777805,0.9737918290628761,1194663768,primary,8182317117,2390658944,0,False
35,2,0.6950979498388863,339.19081685413107,0.0011319467543704606,0.9737918290628761,1.0,True,723.159401006218,704.2067158098589,18.56279173368109,18.5393787284374,0.9737918290628761,1194663768,primary,2392383591,8182317117,0,False
35,3,0.5214511673759068,42.77442504990711,0.4250754905540254,0.969642601048496,1.0,False,726.2538950417243,704.2067158098589,707.7644449991999,708.1890975333188,0.969642601048496,1194663760,primary,2390658892,2392383590,0,False
35,4,0.3942678698429232,339.22534056541554,0.0011311654440800648,0.969642601048496,1.0,False,726.2538950417243,704.2067158098589,18.0413365136423,18.064797508405494,0.969642601048496,1194663760,primary,2392383590,2392383587,0,False
35,5,0.38319406120133626,342.5671670980136,0.0010580334371220945,0.9143832558509981,1.0,False,643.9148295943573,704.2067158098589,364.99318958953035,363.34939608073364,1.09363332453996,230574618;464845715,primary,8184439489,2390658892,0,False
36,1,0.6544833443962275,58.559776161548804,0.309996112088691,0.30742255384810074,1.0,True,2234.9956292237284,687.0880641753015,687.0880641753015,685.631618827035,0.30742255384810074,1238285688;90617087,secondary,3718134030,3718134117,0,False
36,2,0.6438991946656791,322.06875088793,0.0015942131015271692,0.7171046536761044,1.0,True,958.1419680559477,687.0880641753015,112.8804306736899,112.87864484164054,0.7171046536761044,1238285688,secondary,3718134117,3730052116,0,False
36,3,0.643472733122123,433.20507631210415,0.0001726746230072264,0.7171046536761044,1.0,True,958.1419680559477,687.0880641753015,6.148958249089859,6.1508731457332635,0.7171046536761044,1238285688,secondary,3730052116,1051626896,0,False
36,4,0.6434668701983302,439.2106621612475,0.0001531315436978672,0.7171046536761044,1.0,True,958.1419680559477,687.0880641753015,50.08342608023083,50.11856648865569,0.7171046536761044,1238285688,secondary,1051626896,3718134122,0,False
36,5,0.6434385451175635,487.14110033748665,5.871460780844883e-05,0.7171046536761044,1.0,True,958.1419680559477,687.0880641753015,103.30459683906756,103.36226475288323,0.7171046536761044,1238285688;1238285689,secondary,3718134122,8124118501,0,False
37,1,0.8152620025666366,8.571953039401635,0.8424516047927137,0.31263260564411205,1.0,True,2140.9691354965375,669.3367594339045,669.3367594339045,666.2983549478024,0.31263260564411205,464267621,trunk,569909792,8145181028,0,False
37,2,0.5629143720010711,332.54584188854943,0.0012928362408288767,0.31263260564411205,1.0,True,2140.9691354965375,669.3367594339045,52.19338019172041,51.95317279927757,0.31263260564411205,464267621,trunk,8145181028,569909799,0,False
37,3,0.5626643715347461,384.26843357476787,0.000459501353079316,0.31263260564411205,1.0,True,2140.9691354965375,669.3367594339045,464.94933265351483,463.9064556299232,0.31263260564411205,464267621,trunk,569909799,569909804,0,False
37,4,0.439741071072547,27.24158469690944,0.5799393824399035,0.3287962817028797,1.0,False,2035.7187616822193,669.3367594339045,410.6826044863959,408.8080784071176,0.3287962817028797,44947113,trunk,8145058465,569909689,0,False
37,5,0.2686969629749701,231.30766270181923,0.009792355447980457,0.3287962817028797,1.0,False,2035.7187616822193,669.3367594339045,44.47231901209819,44.27198770334954,0.3287962817028797,44947113,trunk,569909689,2277397675,0,False
38,1,0.9803940749910465,3.3305417313595256,0.9355592177526524,0.998631548326254,1.0,True,594.1671701363757,594.9813733926426,594.9813733926426,594.1671701363757,1.0013703268998857,464264628;1209009347;1209009348;196856999,trunk,8167025453,8167025475,0,False
38,2,0.5166567762853613,18.680015553003013,0.6882519435514788,0.5509059660995881,1.0,False,327.7787883201335,594.9813733926426,38.868415502995205,38.70196429476765,1.815191814094873,870242499,trunk,8167025447,8169509573,0,False
38,3,0.5084978263786499,11.62489703581905,0.7925513814331746,0.35366205974348763,1.0,False,210.42233802305108,594.9813733926426,32.327643436501184,32.304394612976125,2.827558038669185,878075544,trunk,8169509573,8167025452,0,False
38,4,0.48643277177689687,22.090166397803966,0.642876058771624,0.4678497707270482,1.0,False,278.3618991286121,594.9813733926426,178.34317820654627,178.11794341007496,2.1374382602474706,878075544;877825097;877825098,trunk,8167025452,8167025479,0,False
38,5,0.4654371736597484,16.22568304956451,0.7228788323409814,0.24286761978726978,1.0,False,144.5017099736319,594.9813733926426,45.814402754151246,45.637576989209755,4.117469429954928,1548068626;1213505658;878075543,trunk,8169509573,8182365084,0,False
39,1,0.7204035220847316,25.041947228163412,0.6060220275001591,0.1929845691734193,1.0,True,3077.085037375217,593.829930247831,593.829930247831,592.0952395503886,0.1929845691734193,1213505657;196857002;44947105;742084228,trunk,2277412722,569909654,0,False
39,2,0.6765434675596202,292.6469771444084,0.0028714460012948238,0.8784101687961585,1.0,True,676.0280690530503,593.829930247831,83.94662586537927,83.93282950266178,0.8784101687961585,196857002;1393752820,trunk,2277412721,2277412722,0,False
39,3,0.5564903385342332,8.519981707628904,0.8433277266831505,0.5174601026464402,1.0,False,1147.5859244235712,593.829930247831,560.469059085779,558.6984762116481,0.5174601026464402,464264129;1210250340;1393752818;762847156;1393752821,trunk,12901379743,12901379734,0,False
39,4,0.5405768596731262,290.589215898946,0.0029920864727153943,0.19839616865655754,1.0,True,2993.152207872555,593.829930247831,281.1371286412992,280.11157032567127,0.19839616865655754,742084228,trunk,569909654,11936417211,0,False
39,5,0.39713309896973836,8.260047198938523,0.847723342070626,0.7140804817427531,0.0,False,424.04236266463664,593.829930247831,264.79566765598486,263.9696346302362,1.4004023713957907,874996082,tertiary,8144874930,12901379751,0,True
40,1,0.9598974681312826,7.162209934959467,0.8665424345208188,0.9996736888751843,1.0,True,592.5004060457658,592.3070665718152,592.3070665718152,592.5004060457658,0.9996736888751843,279091485,primary,2833450851,2833482043,0,False
40,2,0.6733704057655128,4.60783088872803,0.911962308852391,0.9989085655489772,1.0,False,592.9542372542344,592.3070665718152,89.08820782665019,89.11314853051265,0.9989085655489772,26754165,primary,10578971222,10578971213,0,False
40,3,0.6423619252195065,10.622502369254322,0.8086007070323705,0.9989085655489772,1.0,False,592.9542372542344,592.3070665718152,95.81974142698189,95.86649000880422,0.9989085655489772,26754165,primary,10578971213,10578971202,0,False
40,4,0.4605312870942904,79.85112025305187,0.20249857994831655,0.9989085655489772,1.0,False,592.9542372542344,592.3070665718152,214.89208561368102,214.8728732693868,0.9989085655489772,26754165,primary,6985773024,10578971222,0,False
40,5,0.43610179278003325,105.57058636808493,0.12106693223412594,0.9989085655489772,1.0,False,592.9542372542344,592.3070665718152,92.23755962183581,92.29608311210261,0.9989085655489772,26754165,primary,10578971202,293464998,0,False
41,1,0.8092705323838743,8.569518883902298,0.8424926189551888,0.28261373348658825,1.0,True,2089.364187852574,590.4830137421894,590.4830137421894,587.9832189929215,0.2826137334865883,741818619,secondary,8133212845,9924471955,0,False
41,2,0.5574453168678191,289.21871575161356,0.0030752339016714906,0.28261373348658825,1.0,True,2089.364187852574,590.4830137421894,201.04385285302587,200.13424863454114,0.2826137334865883,741818619,secondary,9924471955,8133212860,0,False
41,3,0.5573906356358114,292.27369991042525,0.0028929631283124498,0.28261373348658825,1.0,True,2089.364187852574,590.4830137421894,37.96992023877818,37.89786999352977,0.2826137334865883,741818619,secondary,7243077779,8133212845,0,False
41,4,0.5569716863116645,325.232468207282,0.001496465381156408,0.28261373348658825,1.0,True,2089.364187852574,590.4830137421894,60.254650618020506,60.24534660793485,0.2826137334865883,741818619,secondary,8124268944,7243077779,0,False
41,5,0.5566985090721541,372.1202406919377,0.0005858745827883963,0.28261373348658825,1.0,True,2089.364187852574,590.4830137421894,28.03902559561039,28.03475259437204,0.2826137334865883,741818619,secondary,8124268942,8124268944,0,False
42,1,0.8967177362539855,1.028397684621914,0.9796421239130298,0.5141254954003827,1.0,True,1147.5859244235712,590.0031819087746,590.0031819087746,588.8874482119232,0.5141254954003827,877786609;1393752818;464264627,trunk,12901379734,8167025453,0,False
42,2,0.6036563781051558,294.4286122444646,0.0027709300835975243,0.5141254954003827,1.0,True,1147.5859244235712,590.0031819087746,560.469059085779,558.6984762116481,0.5141254954003827,464264129;1210250340;1393752818;762847156;1393752821,trunk,12901379743,12901379734,0,False
42,3,0.5112815288193902,24.471438797906647,0.6129764410775388,0.6369429824806428,1.0,False,926.304548659825,590.0031819087746,762.8027211582153,761.2978280729528,0.6369429824806428,842470001;196857001;1286989884,trunk,11936490107,2277412722,0,False
42,4,0.3994303647484201,294.3860753492047,0.0027732884218739386,0.9929918911092894,1.0,False,594.1671701363757,590.0031819087746,594.9813733926426,594.1671701363757,0.9929918911092894,464264628;1209009347;1209009348;196856999,trunk,8167025453,8167025475,0,False
42,5,0.3751468512910956,310.9856730827289,0.001989815293968874,0.8727495335145248,1.0,False,676.0280690530503,590.0031819087746,83.94662586537927,83.93282950266178,0.8727495335145248,196857002;1393752820,trunk,2277412721,2277412722,0,False
43,1,0.8846465151126865,0.14477872368355899,0.9971086136587701,0.4275696550752777,1.0,True,1341.5532112198066,573.6074437863839,573.6074437863839,571.6423476916178,0.4275696550752777,880075594,primary,4719693651,2283167601,0,False
43,2,0.5865028857778369,285.74445817122154,0.0032965158759376903,0.4275696550752777,1.0,True,1341.5532112198066,573.6074437863839,102.37311296509773,102.02429382417345,0.4275696550752777,880075594,primary,3719618337,4719693651,0,False
43,3,0.5865003566977081,285.87248826874077,0.0032880856088416894,0.4275696550752777,1.0,True,1341.5532112198066,573.6074437863839,160.32290359860772,159.7710111534966,0.4275696550752777,880075594,primary,2283167601,3719620306,0,False
43,4,0.5856424611101292,387.7687336908241,0.00042843365024550846,0.4275696550752777,1.0,True,1341.5532112198066,573.6074437863839,39.8820900681427,39.75219359874012,0.4275696550752777,880075594,primary,2283167613,3719618337,0,False
43,5,0.5855543254559623,445.6422789727598,0.00013464813635610763,0.4275696550752777,1.0,True,1341.5532112198066,573.6074437863839,73.45842669377163,73.2067890495208,0.4275696550752777,880075594,primary,3719620306,8151182416,0,False
44,1,0.8624931484185328,0.0996108716768942,0.9980097657144408,0.31545109352100215,1.0,True,1798.2870649751005,567.271621111069,567.271621111069,564.7950284291412,0.3154510935210022,877821610;870242500;870242503,trunk,3725561095,4593964324,0,False
44,2,0.6339281112770068,282.3853945081832,0.0035255885568828698,0.6643521735497099,1.0,True,853.871852454507,567.271621111069,290.3974828028281,289.07682402536585,0.6643521735497099,877821609;877821610;870242499,trunk,4593964324,8167025447,0,False
44,3,0.5762320582166746,282.39722294140324,0.0035247546117532723,0.375873159165743,1.0,True,1509.2102409497347,567.271621111069,67.26907640328514,66.96735618809295,0.375873159165743,870242503,trunk,3725561066,3725561095,0,False
44,4,0.5754522248285485,349.2690879016579,0.0009253099846664956,0.375873159165743,1.0,True,1509.2102409497347,567.271621111069,330.8034176442437,329.28950314717866,0.375873159165743,870242503,trunk,3725560939,3725561066,0,False
44,5,0.5263655157279183,10.596132589308498,0.8090272719608858,0.41828667069826264,1.0,False,1356.1790533848468,567.271621111069,477.83493701131704,475.74508676427035,0.41828667069826264,870242497;877821612;870242502,trunk,8156683692,8141521597,0,False
45,1,0.8285209773702464,0.7986577205381081,0.9841537398877035,0.16637427701967702,1.0,True,3370.6660522044567,560.7921275102855,560.7921275102855,558.2794243510158,0.16637427701967702,865024250,primary,8133341955,11968828660,0,False
45,2,0.5344043089657293,279.10242662625143,0.003764845205979955,0.16637427701967702,1.0,True,3370.6660522044567,560.7921275102855,328.40020854141017,326.946268817131,0.16637427701967702,865024250,primary,11968828660,11968828658,0,False
45,3,0.5344039862710268,279.1167141021018,0.00376376955697115,0.16637427701967702,1.0,True,3370.6660522044567,560.7921275102855,16.668299142753842,16.59313642292897,0.16637427701967702,865024250,primary,2444313625,8133341955,0,False
45,4,0.534085136138923,295.7078489807367,0.002700935783291648,0.16637427701967702,1.0,True,3370.6660522044567,560.7921275102855,15.439958359751682,15.370360738265092,0.16637427701967702,865024250,primary,2390713001,2444313625,0,False
45,5,0.5338707127945675,311.07681963336336,0.0019861913021071197,0.16637427701967702,1.0,True,3370.6660522044567,560.7921275102855,23.051266136143,22.94805095137732,0.16637427701967702,865024250,primary,8133341954,2390713001,0,False
46,1,0.8259789813630101,11.036888807828214,0.8019269370854152,0.4270045011869272,1.0,True,1312.5600726171874,560.469059085779,560.469059085779,558.6984762116481,0.4270045011869272,464264129;1210250340;1393752818;762847156;1393752821,trunk,12901379743,12901379734,0,False
46,2,0.6561729761857389,272.95447622133645,0.004257430266981567,0.7744787355282222,1.0,True,723.6726244052641,560.469059085779,165.30941993060364,164.974148193616,0.7744787355282222,1393752821;742084229;44947109,trunk,569909828,12901379743,0,False
46,3,0.5988502812973068,277.2383396109651,0.003907854439802508,0.4883896248268301,1.0,True,1147.5859244235712,560.469059085779,590.0031819087746,588.8874482119232,0.4883896248268301,877786609;1393752818;464264627,trunk,12901379734,8167025453,0,False
46,4,0.4133260551237933,6.770162298344896,0.8733636602971813,0.7565847851731946,0.0,False,424.04236266463664,560.469059085779,264.79566765598486,263.9696346302362,1.3217289319016423,874996082,tertiary,8144874930,12901379751,0,True
46,5,0.4133260551237933,6.770162298344896,0.8733636602971813,0.7565847851731946,0.0,False,424.04236266463664,560.469059085779,264.79566765598486,263.96963463023627,1.3217289319016423,874996082,tertiary,12901379751,8144874930,0,True
47,1,0.9632135742171204,5.6140678466012695,0.8937927473346955,0.9753787500835585,1.0,True,549.0745765259061,535.5556741544974,535.5556741544973,535.3698006181368,0.9753787500835585,174417954;230927119;230927120;746487580;746487549,secondary,2393561249,293464921,0,True
47,2,0.9632135742171204,5.614067846601275,0.8937927473346954,0.9753787500835585,1.0,True,549.0745765259061,535.5556741544974,535.5556741544974,535.3698006181368,0.9753787500835585,174417954;230927119;230927120;746487580;746487549,secondary,293464921,2393561249,0,True
47,3,0.6966200946562586,263.4591417909956,0.005147815465156611,0.9753787500835585,1.0,True,549.0745765259061,535.5556741544974,6.229030286022382,6.236887713267117,0.9753787500835585,174417954,secondary,293463407,2393561249,0,True
47,4,0.6966200946562586,263.4591417909956,0.005147815465156611,0.9753787500835585,1.0,True,549.0745765259061,535.5556741544974,6.229030286022382,6.236887713267117,0.9753787500835585,174417954,secondary,2393561249,293463407,0,True
47,5,0.696464990181642,268.7512760456467,0.004630800549767528,0.9753787500835585,1.0,True,549.0745765259061,535.5556741544974,7.465973771436938,7.467888194502197,0.9753787500835585,174417954,secondary,293463407,8148550813,0,True
48,1,0.9632135742171204,5.6140678466012695,0.8937927473346955,0.9753787500835582,1.0,True,549.0745765259061,535.5556741544973,535.5556741544973,535.3698006181368,0.9753787500835582,174417954;230927119;230927120;746487580;746487549,secondary,2393561249,293464921,0,True
48,2,0.9632135742171204,5.614067846601275,0.8937927473346954,0.9753787500835582,1.0,True,549.0745765259061,535.5556741544973,535.5556741544974,535.3698006181368,0.9753787500835582,174417954;230927119;230927120;746487580;746487549,secondary,293464921,2393561249,0,True
48,3,0.6966200946562586,263.4591417909956,0.005147815465156611,0.9753787500835582,1.0,True,549.0745765259061,535.5556741544973,6.229030286022382,6.236887713267117,0.9753787500835582,174417954,secondary,293463407,2393561249,0,True
48,4,0.6966200946562586,263.4591417909956,0.005147815465156611,0.9753787500835582,1.0,True,549.0745765259061,535.5556741544973,6.229030286022382,6.236887713267117,0.9753787500835582,174417954,secondary,2393561249,293463407,0,True
48,5,0.696464990181642,268.7512760456467,0.004630800549767528,0.9753787500835582,1.0,True,549.0745765259061,535.5556741544973,7.465973771436938,7.467888194502197,0.9753787500835582,174417954,secondary,293463407,8148550813,0,True
49,1,0.9265466399260724,0.18015429700139693,0.996403397385121,0.6381281035526801,1.0,True,805.1330325753198,513.7780151849071,513.7780151849071,514.0650035070057,0.6381281035526801,876418713,secondary,293461281,293452705,0,True
49,2,0.9265466399260724,0.18015429700139987,0.996403397385121,0.6381281035526801,1.0,True,805.1330325753198,513.7780151849071,513.7780151849071,514.0650035070057,0.6381281035526801,876418713,secondary,293452705,293461281,0,True
49,3,0.6293823225099638,257.0172200648381,0.005855672664759329,0.6381281035526801,1.0,True,805.1330325753198,513.7780151849071,129.07399139271223,129.14875515799324,0.6381281035526801,876418713,secondary,293452702,293452705,0,True
49,4,0.6293823225099638,257.0172200648381,0.005855672664759329,0.6381281035526801,1.0,True,805.1330325753198,513.7780151849071,129.07399139271223,129.14875515799324,0.6381281035526801,876418713,secondary,293452705,293452702,0,True
49,5,0.6293819607862641,257.02751666003763,0.0058544669190933405,0.6381281035526801,1.0,True,805.1330325753198,513.7780151849071,91.82801255291602,91.86178893929268,0.6381281035526801,876418713,secondary,293461281,11613566804,0,True
50,1,0.9265466399286695,0.18015429656699192,0.9964033973937778,0.63812810355268,1.0,True,805.1330325753198,513.778015184907,513.7780151849071,514.0650035070057,0.63812810355268,876418713,secondary,293461281,293452705,0,True
50,2,0.9265466399286695,0.1801542965669968,0.9964033973937778,0.63812810355268,1.0,True,805.1330325753198,513.778015184907,513.7780151849071,514.0650035070057,0.63812810355268,876418713,secondary,293452705,293461281,0,True
50,3,0.6293823225099697,257.0172200646704,0.005855672664778968,0.63812810355268,1.0,True,805.1330325753198,513.778015184907,129.07399139271223,129.14875515799324,0.63812810355268,876418713,secondary,293452702,293452705,0,True
50,4,0.6293823225099697,257.0172200646704,0.005855672664778968,0.63812810355268,1.0,True,805.1330325753198,513.778015184907,129.07399139271223,129.14875515799324,0.63812810355268,876418713,secondary,293452705,293452702,0,True
50,5,0.6293819607862581,257.027516660206,0.005854466919073623,0.63812810355268,1.0,True,805.1330325753198,513.778015184907,91.82801255291602,91.86178893929268,0.63812810355268,876418713,secondary,293461281,11613566804,0,True
51,1,0.9962137816022978,0.6048854618837121,0.987975173844553,0.9991061472446593,1.0,True,492.4004755591848,492.841002847525,492.841002847525,492.4004755591848,1.0008946524428919,279088741;746487561;746487564;1317517914;1317517916,primary,2833450825,2999157394,0,False
51,2,0.6240241873532493,14.191855766926246,0.7528892688328125,0.9907870335170273,1.0,False,488.30047520685605,492.841002847525,488.74421379732553,488.30047520685605,1.0092986344908745,279088738;746487562;746487563;1317517913;1317517915,primary,2999157393,2833450822,0,False
51,3,0.5456601946578938,13.90707858482612,0.7571896173072625,0.5925165473285757,1.0,False,831.7759311019269,492.841002847525,19.240209919858586,19.22619423676635,0.5925165473285757,279088743,primary,2833450831,12555910154,0,False
51,4,0.506819126118019,23.28310227146441,0.627719388841013,0.5925165473285757,1.0,False,831.7759311019269,492.841002847525,55.97998803298168,55.93922121105643,0.5925165473285757,279088743,primary,12555910154,293464910,0,False
51,5,0.4918688011675721,4.791813079099335,0.9086127787082665,0.09642483777546054,1.0,False,47.52211374866788,492.841002847525,47.59400664560551,47.52211374866788,10.370771920079841,762826734,primary,2833450831,12555910131,0,False
52,1,0.9994273043152189,0.06522794938668036,0.9986962915794307,0.9990920842069477,1.0,True,488.30047520685605,488.74421379732553,488.74421379732553,488.30047520685605,1.0009087408532247,279088738;746487562;746487563;1317517913;1317517915,primary,2999157393,2833450822,0,False
52,2,0.6274715901074193,13.51248589979301,0.763188888539286,0.992574617728167,1.0,False,492.4004755591848,488.74421379732553,492.841002847525,492.4004755591848,0.992574617728167,279088741;746487561;746487564;1317517914;1317517916,primary,2833450825,2999157394,0,False
52,3,0.5329832452151355,13.824076483644946,0.7584476277780721,0.5272447844085693,1.0,False,257.6878376345066,488.74421379732553,16.27571310689246,16.264960166049043,1.8966522373886323,279088740,primary,12555910148,6947648488,0,False
52,4,0.532271340942226,13.980760626024027,0.7560746135350402,0.5272447844085693,1.0,False,257.6878376345066,488.74421379732553,10.507526479490203,10.495665786613708,1.8966522373886323,279088740,primary,6947648488,12555910131,0,False
52,5,0.5150206626266034,0.7431550089933195,0.9852468104820947,0.09723309740987449,1.0,False,47.52211374866788,488.74421379732553,47.59400664560551,47.52211374866788,10.284563863934311,762826734,primary,2833450831,12555910131,0,False
53,1,0.8762605893402773,0.10803598289075496,0.9978416130165172,0.38454052717661,1.0,True,1267.383212126753,487.360208526007,487.360208526007,485.13044989166633,0.38454052717661,368852567,primary,3726941181,3726926556,0,False
53,2,0.5792573510844068,242.4844099210616,0.007830818830282677,0.38454052717661,1.0,True,1267.383212126753,487.360208526007,234.84224166696316,233.7770093293865,0.38454052717661,1352928435;368852567,primary,8146129652,3726941181,0,False
53,3,0.5792534897626107,242.56665969764074,0.007817947757629165,0.38454052717661,1.0,True,1267.383212126753,487.360208526007,143.26764369429583,142.61136034048508,0.38454052717661,368852567,primary,3726926556,12435035118,0,False
53,4,0.5770435000915868,385.1671930112827,0.00045131552088261366,0.38454052717661,1.0,True,1267.383212126753,487.360208526007,35.11600419166709,34.95523582052827,0.38454052717661,368852567,primary,12435035118,3726941466,0,False
53,5,0.5769754016690598,420.12167404219144,0.00022432077912622604,0.38454052717661,1.0,True,1267.383212126753,487.360208526007,372.6147750290638,370.9091567446868,0.38454052717661,368852567,primary,3726941466,3725764133,0,False
54,1,0.856539423605184,0.38721744381056017,0.9922855613320474,0.2942687760278491,1.0,True,1623.804412623429,477.834937011317,477.83493701131704,475.74508676427035,0.2942687760278492,870242497;877821612;870242502,trunk,8156683692,8141521597,0,False
54,2,0.6311373754341413,237.831831914535,0.00859446714247595,0.6427951764569925,1.0,True,743.3704460028529,477.834937011317,226.42862037738408,225.42490014944116,0.6427951764569925,877821612,trunk,8156540160,8156683692,0,False
54,3,0.6285875502062288,463.0555237934771,9.504971610130997e-05,0.6427951764569925,1.0,True,743.3704460028529,477.834937011317,42.395022906313855,42.200459089141354,0.6427951764569925,870242498;877821611;877821612,trunk,4593969164,8156540160,0,False
54,4,0.5730438826844284,237.87610222788848,0.008586860915203427,0.35233912204933643,1.0,True,1356.1790533848468,477.834937011317,407.7818079461824,405.9223566840172,0.3523391220493364,870242502,trunk,8141521597,8141521552,0,False
54,5,0.5014716886302084,11.544260768575617,0.7938305803541292,0.31661257261984854,1.0,False,1509.2102409497347,477.834937011317,567.271621111069,564.7950284291412,0.31661257261984854,877821610;870242500;870242503,trunk,3725561095,4593964324,0,False
55,1,0.8241738108029539,0.18967126783355143,0.9962137605919723,0.1265484131268109,1.0,True,3727.7442722503997,471.7401221958465,471.7401221958465,469.6288723809045,0.12654841312681087,865024248,primary,9896844093,8133341960,0,False
55,2,0.5280512828319864,234.76203538558207,0.009138667355414165,0.1265484131268109,1.0,True,3727.7442722503997,471.7401221958465,105.48951357166581,105.01921627575597,0.12654841312681087,865024248,primary,11968828659,9896844093,0,False
55,3,0.5280495181848419,234.7942285422805,0.009132785198265686,0.1265484131268109,1.0,True,3727.7442722503997,471.7401221958465,15.272347176432815,15.20324615479493,0.12654841312681087,865024248,primary,8133341960,8133341959,0,False
55,4,0.527331474183622,249.98992231428912,0.0067393051941993685,0.1265484131268109,1.0,True,3727.7442722503997,471.7401221958465,69.63187548977514,69.32017426880503,0.12654841312681087,865024248,primary,8133341959,8062776421,0,False
55,5,0.5258150831503708,319.30932599432305,0.001684668416695574,0.1265484131268109,1.0,True,3727.7442722503997,471.7401221958465,131.0218911495294,130.43726548983204,0.12654841312681087,865024248,primary,8062776421,3724390367,0,False
56,1,0.8202196685688423,1.3027337221399877,0.9742818198368856,0.13967561308888335,1.0,True,3370.6660522044567,470.7998473595436,470.7998473595436,468.6802065299366,0.13967561308888335,865024250,primary,11968828662,11968762653,0,False
56,2,0.5307184071714475,234.00753751211795,0.009277615178902857,0.13967561308888335,1.0,True,3370.6660522044567,470.7998473595436,271.7887932114351,270.54968027403055,0.13967561308888335,865024250,primary,11968828664,11968828662,0,False
56,3,0.5307070491422776,234.2119949996327,0.00923975508166962,0.13967561308888335,1.0,True,3370.6660522044567,470.7998473595436,215.00879985598672,214.0497337891063,0.13967561308888335,865024250,primary,11968762653,8133341954,0,False
56,4,0.5279734735657331,448.2379253790251,0.00012783649318798387,0.13967561308888335,1.0,True,3370.6660522044567,470.7998473595436,23.051266136143,22.94805095137732,0.13967561308888335,865024250,primary,8133341954,2390713001,0,False
56,5,0.5279593581223325,471.18595326254217,8.078501518634034e-05,0.13967561308888335,1.0,True,3370.6660522044567,470.7998473595436,15.439958359751682,15.370360738265092,0.13967561308888335,865024250,primary,2390713001,2444313625,0,False
57,1,0.7798821181134017,11.90258575012484,0.7881619302436154,0.21716769520158583,1.0,True,2140.9691354965375,464.9493326535148,464.94933265351483,463.9064556299232,0.21716769520158583,464267621,trunk,569909799,569909804,0,False
57,2,0.5466593910150565,226.62926905418317,0.01075283991579751,0.21716769520158583,1.0,True,2140.9691354965375,464.9493326535148,52.19338019172041,51.95317279927757,0.21716769520158583,464267621,trunk,8145181028,569909799,0,False
57,3,0.5465224519992979,228.798161942519,0.010296376529936119,0.21716769520158583,1.0,True,2140.9691354965375,464.9493326535148,962.4217350910671,958.8111521195347,0.21716769520158583,742084224;464267621;742084223,trunk,569909804,569909810,0,False
57,4,0.5447252355142027,272.39130121143626,0.004305654912951749,0.21716769520158583,1.0,True,2140.9691354965375,464.9493326535148,669.3367594339045,666.2983549478024,0.21716769520158583,464267621,trunk,569909792,8145181028,0,False
57,5,0.512542107204993,4.801034806704942,0.9084452145701655,0.20004271416971703,1.0,False,2324.2502711648367,464.9493326535148,1588.023179665442,1582.6386955717521,0.20004271416971706,742084225;742084226;44947113,trunk,2277412755,8145058465,0,False
58,1,0.9072726437454208,0.0283988527614912,0.9994321842132041,0.5372149424072974,1.0,True,847.7852558428252,455.4429073913592,384.4025540671986,383.39662299505574,0.5372149424072974,1209072881,secondary,9866097881,13539914722,0,False
58,2,0.6206168497733373,156.27739067115056,0.04391287097292579,0.5372149424072974,1.0,True,847.7852558428252,455.4429073913592,71.04035350894794,70.85331749373677,0.5372149424072974,1209072881,secondary,13539914722,2833450829,0,False
58,3,0.6106373896248464,227.11914199773,0.01064800381128965,0.5372149424072974,1.0,True,847.7852558428252,455.4429073913592,310.4664369263973,309.65443737353326,0.5372149424072974,1209072881,secondary,4594220613,9866097881,0,False
58,4,0.5314083310441344,14.545304521497798,0.7475858801902912,0.5356628349352357,1.0,False,850.2417522515343,455.4429073913592,120.25702187394467,119.95498958627438,0.5356628349352357,1209072902,secondary,293462775,293462774,0,False
58,5,0.4333555013426271,43.28664054128186,0.42074311451859997,0.5356628349352357,1.0,False,850.2417522515343,455.4429073913592,183.93236613042592,183.42643998316618,0.5356628349352357,1209072902,secondary,293462774,293462770,0,False
59,1,0.8868969054275262,5.878364007209911,0.8890806922569597,0.6008634887521914,1.0,True,726.2538950417243,436.3794490946383,707.7644449991999,708.1890975333188,0.6008634887521914,1194663760,primary,2390658892,2392383590,0,False
59,2,0.6201980578100901,468.91811359361964,8.453353217261355e-05,0.6008634887521914,1.0,True,726.2538950417243,436.3794490946383,18.0413365136423,18.064797508405494,0.6008634887521914,1194663760,primary,2392383590,2392383587,0,False
59,3,0.606767674075537,2.3754195246150767,0.95360247190486,0.6034346625203952,1.0,False,723.159401006218,436.3794490946383,704.2067158098589,704.6200222777805,0.6034346625203952,1194663768,primary,8182317117,2390658944,0,False
59,4,0.3692646952677714,227.61824265486206,0.01054224402326197,0.8305101103039642,1.0,False,362.41754440197116,436.3794490946383,86.92544872837664,86.53059823506788,1.2040792611591484,230574632,primary,8184439492,2534722967,0,False
59,5,0.3682935475840423,245.95922936862513,0.0073050850774983534,0.8305101103039642,1.0,False,362.41754440197116,436.3794490946383,81.15417079523998,80.78957841510564,1.2040792611591484,230574632,primary,2534722967,2443921877,0,False
60,1,0.8211574084353384,0.296854862847023,0.9940804924771087,0.11466630346102809,1.0,True,3727.7442722503997,427.4466559469736,427.44665594697364,425.55849490260385,0.11466630346102807,865024248,primary,11968828656,11968828657,0,False
60,2,0.527189761922632,212.7667479622139,0.014188337434754708,0.11466630346102809,1.0,True,3727.7442722503997,427.4466559469736,381.7822872587907,380.0955335656622,0.11466630346102807,865024248,primary,8062742384,11968828656,0,False
60,3,0.5271888166411424,212.77785316831893,0.014185186496455846,0.11466630346102809,1.0,True,3727.7442722503997,427.4466559469736,328.6793148977963,327.220343734197,0.11466630346102807,865024248,primary,11968828657,11968828659,0,False
60,4,0.48138752333255547,7.925411508077787,0.85341594001097,0.1268137066463224,1.0,False,3370.6660522044567,427.4466559469736,427.0275331443135,425.1408071465906,0.12681370664632238,865024250,primary,11968828658,11968828655,0,False
60,5,0.2296341393592055,212.59206467607345,0.014237993433136724,0.1268137066463224,1.0,False,3370.6660522044567,427.4466559469736,382.46063737311147,380.7601390594184,0.12681370664632238,865024250,primary,11968828655,8062742384,0,False
61,1,0.8245340584789222,0.13414879960794998,0.9973206199712482,0.12668936243773907,1.0,True,3370.6660522044567,427.0275331443135,427.0275331443135,425.1408071465906,0.12668936243773907,865024250,primary,11968828658,11968828655,0,False
61,2,0.5296113230738788,212.568043695461,0.014244835287770062,0.12668936243773907,1.0,True,3370.6660522044567,427.0275331443135,382.46063737311147,380.7601390594184,0.12668936243773907,865024250,primary,11968828655,8062742384,0,False
61,3,0.5296109946767007,212.5718861383546,0.014243740630509729,0.12668936243773907,1.0,True,3370.6660522044567,427.0275331443135,328.40020854141017,326.946268817131,0.12668936243773907,865024250,primary,11968828660,11968828658,0,False
61,4,0.47673397128051553,8.35722618950737,0.8460773241990498,0.11455387010400302,1.0,False,3727.7442722503997,427.0275331443135,427.44665594697364,425.55849490260385,0.114553870104003,865024248,primary,11968828656,11968828657,0,False
61,5,0.22716545366288227,212.78815026114128,0.014182265473605472,0.11455387010400302,1.0,False,3727.7442722503997,427.0275331443135,328.6793148977963,327.220343734197,0.114553870104003,865024248,primary,11968828657,11968828659,0,False
62,1,0.8763422192506398,0.20603039852344826,0.9958878700856414,0.38787929112473646,1.0,True,1081.5569811454823,419.5135551577196,419.5135551577196,417.59094519520954,0.38787929112473646,1208986525,primary,3725790780,8156993031,0,False
62,2,0.5976929791326631,12.819046317114141,0.7738471338824258,0.8276941948396762,1.0,False,347.22893426059886,419.5135551577196,73.2478395233728,72.91187129764303,1.208175684008149,1208785492,primary,4814206871,6947408065,0,False
62,3,0.5821902720992203,208.7298809629184,0.015381379580909932,0.38787929112473646,1.0,True,1081.5569811454823,419.5135551577196,15.036265493436083,14.967553841283022,0.38787929112473646,1208986525,primary,8156993031,4601195799,0,False
62,4,0.582184761665813,208.78962556320275,0.015363011469552424,0.38787929112473646,1.0,True,1081.5569811454823,419.5135551577196,42.510062363747686,42.31512080202749,0.38787929112473646,1208986525,primary,4594181064,3725790780,0,False
62,5,0.5821452501730755,16.285027062115937,0.7220213706838006,0.8276941948396762,1.0,False,347.22893426059886,419.5135551577196,140.1753053063159,139.53338621877887,1.208175684008149,1208785492,primary,6947408065,3725790736,0,False
63,1,0.9621729511600605,3.290283220320086,0.9363128055170721,0.9063955475246943,1.0,True,462.6388213157941,419.3337677527084,419.3337677527084,418.1614067623829,0.9063955475246943,1208795196,primary,4597354891,4576934214,0,False
63,2,0.685863195571178,209.05958600312192,0.01528028688746381,0.9063955475246943,1.0,True,462.6388213157941,419.3337677527084,35.99873689771493,35.87833406043674,0.9063955475246943,1208795196,primary,8153731021,4597354891,0,False
63,3,0.6835225884263394,244.7877361837583,0.007478263071335055,0.9063955475246943,1.0,True,462.6388213157941,419.3337677527084,8.630769157388468,8.599080492974437,0.9063955475246943,1208795196,primary,4602856967,8153731021,0,False
63,4,0.6451633896290612,8.236748563234405,0.8481184500647446,0.9536392730481891,1.0,False,439.7194826219355,419.3337677527084,95.35748515725601,95.09498760776935,0.9536392730481891,464650413,primary,293464970,293464966,0,False
63,5,0.5368213215208454,35.97679367275471,0.48697822303735855,0.9536392730481891,1.0,False,439.7194826219355,419.3337677527084,80.40772178294765,80.20666721517603,0.9536392730481891,464650413,primary,293464981,293464970,0,False
64,1,0.813076195923341,4.765280326761599,0.909095066617773,0.2017383796900451,1.0,True,2035.7187616822193,410.6826044863959,410.6826044863959,408.8080784071176,0.20173837969004507,44947113,trunk,8145058465,569909689,0,False
64,2,0.5454149807999567,204.0486691904701,0.01689101620649201,0.2017383796900451,1.0,True,2035.7187616822193,410.6826044863959,44.47231901209819,44.27198770334954,0.20173837969004507,44947113,trunk,569909689,2277397675,0,False
64,3,0.5454113481284051,204.08452626218605,0.01687890730132036,0.2017383796900451,1.0,True,2035.7187616822193,410.6826044863959,1588.023179665442,1582.6386955717521,0.20173837969004507,742084225;742084226;44947113,trunk,2277412755,8145058465,0,False
64,4,0.4733437171726881,12.214201571769834,0.7832651307459798,0.19182088974447062,1.0,False,2140.9691354965375,410.6826044863959,669.3367594339045,666.2983549478024,0.19182088974447062,464267621,trunk,569909792,8145181028,0,False
64,5,0.25805538657132915,20.03733447988612,0.669819711850532,0.2855473650808479,0.0,False,1438.2293612484154,410.6826044863959,294.9975977955664,293.7120697645332,0.2855473650808479,875013937,tertiary,569909689,8145058516,0,True
65,1,0.8420443817921097,3.110171253305125,0.9396917104983991,0.3006843432129496,1.0,True,1356.1790533848468,407.7818079461824,407.7818079461824,405.9223566840172,0.3006843432129496,870242502,trunk,8141521597,8141521552,0,False
65,2,0.5653477138496543,202.65202021024982,0.017369484023547797,0.3006843432129496,1.0,True,1356.1790533848468,407.7818079461824,477.83493701131704,475.74508676427035,0.3006843432129496,870242497;877821612;870242502,trunk,8156683692,8141521597,0,False
65,3,0.5653377219223903,202.74798851305985,0.01733617759933429,0.3006843432129496,1.0,True,1356.1790533848468,407.7818079461824,95.66919658658031,95.23006430674806,0.3006843432129496,870242502,trunk,8141521552,8141521568,0,False
65,4,0.5609148970699005,297.73873455839725,0.0025934280910350567,0.3006843432129496,1.0,True,1356.1790533848468,407.7818079461824,177.19679037258618,176.3989842506422,0.3006843432129496,870242502,trunk,8141521568,6010327769,0,False
65,5,0.5601602169184046,473.05073065833005,7.782758604864285e-05,0.3006843432129496,1.0,True,1356.1790533848468,407.7818079461824,203.76599083037775,202.88256137916912,0.3006843432129496,605579942;870242501;870242502,trunk,6010327769,8140526289,0,False
66,1,0.8360210850925216,1.0410700717158516,0.9793938672902439,0.21101462452724176,1.0,True,1929.739523122488,407.2032609070704,362.2331943385045,362.6889185006834,0.21101462452724176,279958945,trunk,8182316353,13519081481,0,False
66,2,0.5789226799254239,15.343368124395294,0.735748182244058,0.7909911262610325,1.0,False,514.8013010359493,407.2032609070704,394.9459138664409,395.4439201266439,0.7909911262610325,1209009344;218505932;218505933,trunk,8182365087,8182316367,0,False
66,3,0.5546797720324441,158.99538888435518,0.041589490423319254,0.21101462452724176,1.0,True,1929.739523122488,407.2032609070704,1567.6704669611318,1567.0506046218045,0.21101462452724176,279958945;879568355;879568356;325359753;218505930;218505931;1210086508;26755786;1209009371,trunk,13519081481,8140380974,0,False
66,4,0.4288284168538911,72.31623892434482,0.23543397200561533,0.7909911262610325,1.0,False,514.8013010359493,407.2032609070704,119.20936277592197,119.35738090930545,0.7909911262610325,218505933,trunk,8182316367,8182316352,0,False
66,5,0.3444646085646338,13.52698192210753,0.7629676565475053,0.5778715580019108,0.0,False,704.6604998436761,407.2032609070704,531.651127169554,532.027930019644,0.5778715580019108,279958943;880027173;879562791,tertiary,2841407746,8182316388,0,False
67,1,0.8146814156984725,1.286817614697585,0.9745920046860943,0.11151907146322046,1.0,True,3647.786873447907,406.7978050226346,406.79780502263463,405.0985138416354,0.11151907146322043,478811049,trunk,8105990772,4593969312,0,False
67,2,0.5275323951202954,202.48212928337932,0.017428602758837595,0.11151907146322046,1.0,True,3647.786873447907,406.7978050226346,38.42130300493173,38.259855230316305,0.11151907146322043,478811049,trunk,8105990625,8105990772,0,False
67,3,0.527523865061174,202.56376735184725,0.01740016922843286,0.11151907146322046,1.0,True,3647.786873447907,406.7978050226346,1277.1611518246045,1271.804177031116,0.11151907146322043,478811049,trunk,4593969312,8105607829,0,False
67,4,0.5247367317151554,240.73456760172348,0.008109724741704325,0.11151907146322046,1.0,True,3647.786873447907,406.7978050226346,369.4585090077485,367.9235094853796,0.11151907146322043,478811049;1210277732,trunk,6010327767,8105990625,0,False
67,5,0.462904817022797,10.697922536273147,0.8073819304592673,0.10345118942508408,1.0,False,3932.268031748674,406.7978050226346,794.5244481372048,791.2128773004227,0.10345118942508408,873398460,trunk,8106128001,6010327766,0,False
68,1,0.8638857953888341,0.01673187151191751,0.9996654185546214,0.31993084911223885,1.0,True,1269.9015285868188,406.2806743297109,406.28067432971085,404.42115406797916,0.3199308491122388,414500083,primary,3725679696,12435035117,0,False
68,2,0.5692441661296238,202.20162253367965,0.017526654357253393,0.31993084911223885,1.0,True,1269.9015285868188,406.2806743297109,869.4487815342277,865.4803745188397,0.3199308491122388,414500083;875146659,primary,12435035117,8144915374,0,False
68,3,0.5109845108246691,9.745786744475016,0.822903997230798,0.32056655827714886,1.0,False,1267.383212126753,406.2806743297109,372.6147750290638,370.9091567446868,0.32056655827714886,368852567,primary,3726941466,3725764133,0,False
68,4,0.3267735341418604,203.69700138064647,0.017010235504424324,0.6083523174526655,1.0,False,667.8378016720923,406.2806743297109,313.19068597157997,313.6022877787374,0.6083523174526655,368721302,primary,3725764133,3725764130,0,False
68,5,0.32574397836934754,214.4767722465432,0.013711293468952642,0.6081529516433085,1.0,False,668.0567334777996,406.2806743297109,128.08561489942574,128.25402861168442,0.6081529516433085,470103540,primary,3725763514,3725763504,0,False
69,1,0.8723749922782251,0.35261508973098343,0.9929725073309429,0.3724162003947112,1.0,True,1081.5569811454823,402.7893414285748,402.7893414285748,400.94252545410524,0.3724162003947112,1208986525,primary,4601195799,8157194822,0,False
69,2,0.5799306566034257,200.43205052873444,0.018158055081611783,0.3724162003947112,1.0,True,1081.5569811454823,402.7893414285748,15.036265493436083,14.967553841283022,0.3724162003947112,1208986525,primary,8156993031,4601195799,0,False
69,3,0.5799292235510952,200.44520576345673,0.018153278240510013,0.3724162003947112,1.0,True,1081.5569811454823,402.7893414285748,50.737785760409096,50.505300958812214,0.3724162003947112,1208986525,primary,8157194822,8157194827,0,False
69,4,0.5785222465294118,215.3891870515018,0.013463354834898193,0.3724162003947112,1.0,True,1081.5569811454823,402.7893414285748,419.5135551577196,417.59094519520954,0.3724162003947112,1208986525,primary,3725790780,8156993031,0,False
69,5,0.5764667107614152,250.9467147248779,0.006611568941576282,0.3724162003947112,1.0,True,1081.5569811454823,402.7893414285748,20.951491168997144,20.855487837501364,0.3724162003947112,1208986525,primary,8157194827,4877965174,0,False
70,1,0.8565076395547826,0.8747101849673378,0.9826579314293759,0.3085513006298488,1.0,True,1296.169606714344,399.9348179885905,399.9348179885905,398.1286396131627,0.30855130062984887,746487579,secondary,293463031,293463176,0,False
70,2,0.5673134000071985,199.02276704840818,0.01867713293742922,0.3085513006298488,1.0,True,1296.169606714344,399.9348179885905,118.04024145184802,117.50754035899003,0.30855130062984887,746487579,secondary,293463176,293455110,0,False
70,3,0.5673098270479482,199.0546607633318,0.018665223073261232,0.3085513006298488,1.0,True,1296.169606714344,399.9348179885905,224.42801347059057,223.42242384634986,0.30855130062984887,746487579,secondary,299492240,293463031,0,False
70,4,0.5622445547777388,316.5295142257456,0.001780982172563653,0.3085513006298488,1.0,True,1296.169606714344,399.9348179885905,102.70736918888564,102.24298499369513,0.30855130062984887,746487579,secondary,293455110,293454248,0,False
70,5,0.5617794015370623,418.7691955072805,0.00023047137030869194,0.3085513006298488,1.0,True,1296.169606714344,399.9348179885905,70.40399314750526,70.08527914847156,0.30855130062984887,746487579,secondary,293454248,293455281,0,False
71,1,0.9529245137988456,0.08536272664346278,0.9982942019971437,0.7671812659985123,1.0,True,514.8013010359493,394.9459138664409,394.9459138664409,395.4439201266439,0.7671812659985123,1209009344;218505932;218505933,trunk,8182365087,8182316367,0,False
71,2,0.6591872462195922,197.72049678232227,0.019169976732966037,0.7671812659985123,1.0,True,514.8013010359493,394.9459138664409,119.20936277592197,119.35738090930545,0.7671812659985123,218505933,trunk,8182316367,8182316352,0,False
71,3,0.46285940083215615,15.07173510704227,0.7397561292691217,0.20466281025709818,1.0,False,1929.739523122488,394.9459138664409,362.2331943385045,362.6889185006834,0.20466281025709818,279958945,trunk,8182316353,13519081481,0,False
71,4,0.38890957444760277,35.33627673015768,0.4932567079872771,0.20466281025709818,1.0,False,1929.739523122488,394.9459138664409,1567.6704669611318,1567.0506046218045,0.20466281025709818,279958945;879568355;879568356;325359753;218505930;218505931;1210086508;26755786;1209009371,trunk,13519081481,8140380974,0,False
71,5,0.30383924487092484,22.381100139482523,0.6391462338698659,0.5604768735498254,0.0,False,704.6604998436761,394.9459138664409,531.651127169554,532.027930019644,0.5604768735498254,279958943;880027173;879562791,tertiary,2841407746,8182316388,0,False
72,1,0.8506378313126046,0.30930247145138207,0.9938330447818757,0.26243958939020967,1.0,True,1482.4236850478187,389.04666320627103,389.04666320627103,389.309669251727,0.26243958939020967,26764975,secondary,293466264,293466272,0,False
72,2,0.5586040438236743,194.6426796995181,0.02038708648544131,0.26243958939020967,1.0,True,1482.4236850478187,389.04666320627103,58.92276020606376,58.94352480370612,0.26243958939020967,26764975,secondary,6944073187,293466264,0,False
72,3,0.554375074892369,253.43555016454746,0.006290523381090549,0.26243958939020967,1.0,True,1482.4236850478187,389.04666320627103,37.05543543545771,37.0686589154325,0.26243958939020967,26764975,secondary,3725652953,6944073187,0,False
72,4,0.5533881774484422,290.442731017047,0.003000865234667116,0.26243958939020967,1.0,True,1482.4236850478187,389.04666320627103,265.038636976774,265.0983937519271,0.26243958939020967,26764975,secondary,3478668910,3725652953,0,False
72,5,0.4682538186405673,12.650036160345408,0.7764673202770048,0.17656811278732937,1.0,False,2203.380084120088,389.04666320627103,301.84731400627015,302.05654035411743,0.17656811278732937,26754491,secondary,6944073197,6944073198,0,False
73,1,0.9258569139663386,9.630570864519534,0.8248024158336621,0.8920809460811997,1.0,True,434.0788445460845,387.2334663165051,346.958390847833,345.58826228215787,0.8920809460811997,272996689;286061181,secondary,2896971932,13875278624,0,True
73,2,0.9258569139663386,9.630570864519536,0.824802415833662,0.8920809460811997,1.0,True,434.0788445460845,387.2334663165051,346.958390847833,345.5882622821579,0.8920809460811997,272996689;286061181,secondary,13875278624,2896971932,0,True
73,3,0.6855128079876376,187.2082016711385,0.023655395904658833,0.8920809460811997,1.0,True,434.0788445460845,387.2334663165051,88.74533136812691,88.49058226392661,0.8920809460811997,272996689,secondary,2365788091,2896971932,0,True
73,4,0.6855128079876376,187.2082016711385,0.023655395904658833,0.8920809460811997,1.0,True,434.0788445460845,387.2334663165051,88.74533136812691,88.49058226392663,0.8920809460811997,272996689,secondary,2896971932,2365788091,0,True
73,5,0.5293019487092236,159.07885372285077,0.041520123134696704,0.0842295588440732,1.0,True,32.616504037500505,387.2334663165051,32.76477683776875,32.616504037500505,11.872316722579686,286061182,secondary,2583330944,8184439490,0,True
74,1,0.9258569139796711,9.630570861825463,0.8248024158781035,0.8920809460811997,1.0,True,434.0788445460845,387.2334663165051,346.958390847833,345.58826228215787,0.8920809460811997,272996689;286061181,secondary,2896971932,13875278624,0,True
74,2,0.9258569139796711,9.630570861825465,0.8248024158781035,0.8920809460811997,1.0,True,434.0788445460845,387.2334663165051,346.958390847833,345.5882622821579,0.8920809460811997,272996689;286061181,secondary,13875278624,2896971932,0,True
74,3,0.6855128079875721,187.20820167159957,0.023655395904440706,0.8920809460811997,1.0,True,434.0788445460845,387.2334663165051,88.74533136812691,88.49058226392661,0.8920809460811997,272996689,secondary,2365788091,2896971932,0,True
74,4,0.6855128079875721,187.20820167159957,0.023655395904440706,0.8920809460811997,1.0,True,434.0788445460845,387.2334663165051,88.74533136812691,88.49058226392663,0.8920809460811997,272996689,secondary,2896971932,2365788091,0,True
74,5,0.5293019487092119,159.0788537228983,0.04152012313465724,0.0842295588440732,1.0,True,32.616504037500505,387.2334663165051,32.76477683776875,32.616504037500505,11.872316722579686,286061182,secondary,2583330944,8184439490,0,True
75,1,0.8346254843393799,0.042082545155567336,0.9991587031856634,0.17438936691840365,1.0,True,2203.380084120088,384.2460579503212,384.2460579503212,382.49709445447127,0.17438936691840365,26754491,secondary,293466286,9798857326,0,False
75,2,0.5414236559553189,191.2480757291425,0.021819275238793883,0.17438936691840365,1.0,True,2203.380084120088,384.2460579503212,26.74505823085657,26.62469532319324,0.17438936691840365,26754491,secondary,9798857326,10165916006,0,False
75,3,0.5414235364260054,191.2489887628678,0.021818876807748615,0.17438936691840365,1.0,True,2203.380084120088,384.2460579503212,1066.50914612262,1061.6677185289775,0.17438936691840365,26754491,secondary,8166852626,293466286,0,False
75,4,0.5387231678979081,217.84661389769337,0.012817648380757675,0.17438936691840365,1.0,True,2203.380084120088,384.2460579503212,222.96057089947155,222.34493095566063,0.17438936691840365,26754491,secondary,10165916006,6944073197,0,False
75,5,0.5349972395523304,391.46709687364586,0.0003978872288319255,0.17438936691840365,1.0,True,2203.380084120088,384.2460579503212,301.84731400627015,302.05654035411743,0.17438936691840365,26754491,secondary,6944073197,6944073198,0,False
76,1,0.8205460531016144,0.35919082966438226,0.9928419253384789,0.11346737750035413,1.0,True,3370.6660522044567,382.46063737311147,382.46063737311147,380.7601390594184,0.11346737750035414,865024250,primary,11968828655,8062742384,0,False
76,2,0.5293580024928022,190.34917461882193,0.02221508997577123,0.11346737750035413,1.0,True,3370.6660522044567,382.46063737311147,427.0275331443135,425.1408071465906,0.11346737750035414,865024250,primary,11968828658,11968828655,0,False
76,3,0.4828398540308353,6.710834337761944,0.8744005730509672,0.1025984105777256,1.0,False,3727.7442722503997,382.46063737311147,381.7822872587907,380.0955335656622,0.1025984105777256,865024248,primary,8062742384,11968828656,0,False
76,4,0.34744353746394097,317.41291106389815,0.0017497922344295869,0.7345929989680603,1.0,False,280.9529065951497,382.46063737311147,22.761245626840967,22.657058292452646,1.3612980268050165,232511043,primary,4599113414,2365467030,0,False
76,5,0.34725335254578216,339.9072773766122,0.0011158425072336393,0.7345929989680603,1.0,False,280.9529065951497,382.46063737311147,37.52425417585683,37.35538051539116,1.3612980268050165,232511043,primary,2443921759,4599113414,0,False
77,1,0.8175254546413553,0.4954184420407941,0.9901405573195741,0.10241643722741552,1.0,True,3727.7442722503997,381.7822872587907,381.7822872587907,380.0955335656622,0.10241643722741549,865024248,primary,8062742384,11968828656,0,False
77,2,0.5271847829716007,190.07258801570967,0.022338318420391922,0.10241643722741552,1.0,True,3727.7442722503997,381.7822872587907,427.44665594697364,425.55849490260385,0.10241643722741549,865024248,primary,11968828656,11968828657,0,False
77,3,0.48053725866798447,7.56362369031576,0.8596134445993974,0.11326612644082627,1.0,False,3370.6660522044567,381.7822872587907,382.46063737311147,380.7601390594184,0.11326612644082626,865024250,primary,11968828655,8062742384,0,False
77,4,0.3477053511978364,317.3397162225645,0.001752355625541184,0.73589822255087,1.0,False,280.9529065951497,381.7822872587907,22.761245626840967,22.657058292452646,1.3588835648137112,232511043,primary,4599113414,2365467030,0,False
77,5,0.3475153230663313,339.76918648435,0.0011189285205243055,0.73589822255087,1.0,False,280.9529065951497,381.7822872587907,37.52425417585683,37.35538051539116,1.3588835648137112,232511043,primary,2443921759,4599113414,0,False
78,1,0.8193703118020244,0.49927322912436956,0.9900642246414485,0.11175522204794837,1.0,True,3370.6660522044567,376.6895331135906,376.68953311359064,374.9780322467026,0.11175522204794837,865024250,primary,11968828665,11968828664,0,False
78,2,0.5294100500038144,187.47391418739178,0.023530018647415447,0.11175522204794837,1.0,True,3370.6660522044567,376.6895331135906,297.7126292320591,296.37021187795403,0.11175522204794837,865024250,primary,11968828667,11968828665,0,False
78,3,0.5294087142511013,187.4833764203595,0.023525566138371996,0.11175522204794837,1.0,True,3370.6660522044567,376.6895331135906,271.7887932114351,270.54968027403055,0.11175522204794837,865024250,primary,11968828664,11968828662,0,False
78,4,0.5223827414683133,457.7656930902566,0.00010565686241191776,0.11175522204794837,1.0,True,3370.6660522044567,376.6895331135906,470.7998473595436,468.6802065299366,0.11175522204794837,865024250,primary,11968828662,11968762653,0,False
78,5,0.48003347956054543,7.189010009451,0.8660780909404566,0.1010502613920421,1.0,False,3727.7442722503997,376.6895331135906,139.57815266055462,138.94410732676502,0.10105026139204208,865024248,primary,3724390901,3724390916,0,False
79,1,0.8597246963829748,0.08820227824170387,0.9982375094490371,0.30126721774131854,1.0,True,1246.9065433299056,375.6520650924455,375.65206509244547,374.1394329602307,0.30126721774131854,1208795201,primary,3726941481,11433519729,0,False
79,2,0.5673713684346349,187.05831201275424,0.0237264162879036,0.30126721774131854,1.0,True,1246.9065433299056,375.6520650924455,163.06309145955152,162.40683323642784,0.30126721774131854,1208795201,primary,4594188520,3726941481,0,False
79,3,0.5673684992977773,187.07847038273803,0.0237168524983788,0.30126721774131854,1.0,True,1246.9065433299056,375.6520650924455,65.80279448132725,65.53721580508164,0.30126721774131854,1208795201,primary,11433519729,4594188519,0,False
79,4,0.5621718857107714,252.61344958261296,0.006394807208358695,0.30126721774131854,1.0,True,1246.9065433299056,375.6520650924455,56.86243352147323,56.63660695755215,0.30126721774131854,1208795201,primary,4594188519,6604385664,0,False
79,5,0.5605299532859458,349.46458578196416,0.0009216991256070101,0.30126721774131854,1.0,True,1246.9065433299056,375.6520650924455,100.10566802587923,99.70295900886939,0.30126721774131854,1208795201,primary,3727011926,4594188520,0,False
80,1,0.8583533707793742,0.07460194447317786,0.9985090736471756,0.2940032434261075,1.0,True,1267.383212126753,372.6147750290638,372.6147750290638,370.9091567446868,0.2940032434261075,368852567,primary,3726941466,3725764133,0,False
80,2,0.5661522483225749,185.44322736879764,0.024505332124511402,0.2940032434261075,1.0,True,1267.383212126753,372.6147750290638,35.11600419166709,34.95523582052827,0.2940032434261075,368852567,primary,12435035118,3726941466,0,False
80,3,0.5624546228325256,220.3983545951088,0.012179913824347056,0.2940032434261075,1.0,True,1267.383212126753,372.6147750290638,143.26764369429583,142.61136034048508,0.2940032434261075,368852567,primary,3726926556,12435035118,0,False
80,4,0.5590115863821649,362.998746945727,0.0007031256564778485,0.2940032434261075,1.0,True,1267.383212126753,372.6147750290638,487.360208526007,485.13044989166633,0.2940032434261075,368852567,primary,3726941181,3726926556,0,False
80,5,0.5032697538894704,10.210833423870977,0.8152857053365862,0.2934202114424728,1.0,False,1269.9015285868188,372.6147750290638,406.28067432971085,404.42115406797916,0.2934202114424728,414500083,primary,3725679696,12435035117,0,False
81,1,0.8201749793198878,0.013602656922995034,0.9997279838646395,0.10128292080247944,1.0,True,3647.786873447907,369.4585090077485,369.4585090077485,367.9235094853796,0.10128292080247944,478811049;1210277732,trunk,6010327767,8105990625,0,False
81,2,0.5278298546956235,183.9578730761166,0.025244235117092225,0.10128292080247944,1.0,True,3647.786873447907,369.4585090077485,38.42130300493173,38.259855230316305,0.10128292080247944,478811049,trunk,8105990625,8105990772,0,False
81,3,0.5237805533036191,222.20972614142764,0.01174656381041063,0.10128292080247944,1.0,True,3647.786873447907,369.4585090077485,406.79780502263463,405.0985138416354,0.10128292080247944,478811049,trunk,8105990772,4593969312,0,False
81,4,0.45848839243574796,11.220284628165581,0.7989909239329372,0.09395557627933383,1.0,False,3932.268031748674,369.4585090077485,794.5244481372048,791.2128773004227,0.09395557627933385,873398460,trunk,8106128001,6010327766,0,False
81,5,0.2471581534545887,187.654967078246,0.023444969166930306,0.200623313522548,1.0,False,1841.5532199164138,369.4585090077485,1393.69952816302,1387.5511649510563,0.200623313522548,1210277736,trunk,6010327766,4593964306,0,False
82,1,0.9218288517089483,0.778991241106283,0.9845409128116605,0.6323328893272506,1.0,True,582.1310024608656,368.100578753048,368.10057875304796,366.4400253711718,0.6323328893272506,1208785491,primary,6604714345,6604381556,0,False
82,2,0.6341649354403311,183.13877352560874,0.02566119191626984,0.6323328893272506,1.0,True,582.1310024608656,368.100578753048,9.734423243052014,9.690599432486703,0.6323328893272506,1208785491,primary,4594181065,6604714345,0,False
82,3,0.632808585118626,192.82935774337108,0.0211400241772531,0.6323328893272506,1.0,True,582.1310024608656,368.100578753048,206.93196124001668,206.00037765720705,0.6323328893272506,1208785491;1208986526,primary,4594181067,4594181065,0,False
82,4,0.5263382977015374,10.550548436182455,0.8097651847420314,0.41704371139463947,1.0,False,882.6426791620468,368.100578753048,70.33925676472191,70.02431441763687,0.41704371139463947,300173742,primary,3725827504,293466245,0,False
82,5,0.5121875333466575,13.551345791471713,0.7625959702257652,0.41704371139463947,1.0,False,882.6426791620468,368.100578753048,6.304635454386111,6.2760976049606585,0.41704371139463947,300173742,primary,293466245,11189778457,0,False
83,1,0.842282778552951,0.34508845566158625,0.9931219933960028,0.22173090267075013,1.0,True,1637.8707371475066,363.1665570057236,363.1665570057236,361.51013364808847,0.22173090267075016,746487581,secondary,6944073199,12702159517,0,False
83,2,0.5524212628544842,180.7499705565404,0.026916941067780784,0.22173090267075013,1.0,True,1637.8707371475066,363.1665570057236,1065.2277230966693,1060.377512440294,0.22173090267075016,746487581,secondary,12702159517,2841407764,0,False
83,3,0.5524200491592779,180.7574861853434,0.026912895417092943,0.22173090267075013,1.0,True,1637.8707371475066,363.1665570057236,19.9693863339725,19.879323439267672,0.22173090267075016,746487581,secondary,9798857327,6944073199,0,False
83,4,0.5497734721492533,200.61711234461376,0.018090972050344493,0.22173090267075013,1.0,True,1637.8707371475066,363.1665570057236,57.20643712109246,56.94840495833178,0.22173090267075016,746487581,secondary,10991919752,9798857327,0,False
83,5,0.5460850761785169,257.5266125037199,0.0057963188145561916,0.22173090267075013,1.0,True,1637.8707371475066,363.1665570057236,76.81755821444239,76.47108417418596,0.22173090267075016,746487581,secondary,6944073200,10991919752,0,False
84,1,0.7988611385055974,6.335392210949248,0.880991021622313,0.1728191600945174,1.0,True,2089.364187852574,361.0821640762453,361.08216407624525,360.88831845110553,0.1728191600945174,741818619,secondary,3730052120,8124268942,0,False
84,2,0.5428328243847302,179.56349075723494,0.027563307886089433,0.1728191600945174,1.0,True,2089.364187852574,361.0821640762453,28.03902559561039,28.03475259437204,0.1728191600945174,741818619,secondary,8124268942,8124268944,0,False
84,3,0.5392850232811437,207.58606604174562,0.015737304207467193,0.1728191600945174,1.0,True,2089.364187852574,361.0821640762453,60.254650618020506,60.24534660793485,0.1728191600945174,741818619,secondary,8124268944,7243077779,0,False
84,4,0.5359793472925154,267.8144429442678,0.004718384245373192,0.1728191600945174,1.0,True,2089.364187852574,361.0821640762453,37.96992023877818,37.89786999352977,0.1728191600945174,741818619,secondary,7243077779,8133212845,0,False
84,5,0.5352654225610642,302.90938965289183,0.002338635140535847,0.1728191600945174,1.0,True,2089.364187852574,361.0821640762453,590.4830137421894,587.9832189929215,0.1728191600945174,741818619,secondary,8133212845,9924471955,0,False
85,1,0.9534078084031505,0.7467121885706632,0.9851767189787471,0.7892739635476319,1.0,True,456.712708171076,360.4714493807581,360.4714493807581,358.8943327861264,0.7892739635476319,1210277737,trunk,12832929442,8105564052,0,False
85,2,0.6661521624108433,179.39219567669755,0.027657899004389783,0.7892739635476319,1.0,True,456.712708171076,360.4714493807581,98.26633451988994,97.81837538494955,0.7892739635476319,1210277737;873398450;873398461,trunk,8133556950,12832929442,0,False
85,3,0.17562204644692983,444.7546552922319,0.00013705981715686786,0.8779046425089139,0.0,False,410.6043320953255,360.4714493807581,134.3395196933646,134.4594040593958,0.8779046425089139,367555440;872202242,residential,3714705891,8123699938,0,True
85,4,0.17562204644692983,444.7546552922319,0.00013705981715686786,0.8779046425089139,0.0,False,410.6043320953255,360.4714493807581,134.3395196933646,134.4594040593958,0.8779046425089139,367555440;872202242,residential,8123699938,3714705891,0,True
85,5,0.17372215897696183,470.8976293139146,8.125220600613297e-05,0.8684889165758,0.0,False,313.0654585292029,360.4714493807581,215.49895069463264,214.94234455939053,1.1514251718291468,869962537,residential,3714706970,3716231725,0,True
86,1,0.8164475545026944,1.6966750294541857,0.9666357832103935,0.13228409769788185,1.0,True,2714.6337432368814,359.10287530431435,359.10287530431435,358.3824285602907,0.13228409769788185,762822065;478254538;478254539,primary,11937077582,4714962031,0,False
86,2,0.5593939659702918,177.63247389418424,0.028648635087429094,0.2539968772203156,1.0,True,1413.8082295902807,359.10287530431435,234.24087059904133,233.1720264329941,0.25399687722031566,762822065,primary,4714962014,11937077582,0,False
86,3,0.5517244122821581,178.54977248122745,0.0281278398917961,0.2164303015730964,1.0,True,1659.2079422068919,359.10287530431435,207.86501308530177,207.37781378112464,0.21643030157309642,478254539,primary,4714962031,4714939496,0,False
86,4,0.5509258257827249,388.584405114974,0.0004215011288724572,0.2539968772203156,1.0,True,1413.8082295902807,359.10287530431435,13.433537137942997,13.371677406312617,0.25399687722031566,762822065,primary,7242936306,4714962014,0,False
86,5,0.5508974021616497,401.3148841844593,0.000326755725288753,0.2539968772203156,1.0,True,1413.8082295902807,359.10287530431435,77.82599946376246,77.46768200164433,0.25399687722031566,762822065,primary,10635704868,7242936306,0,False
87,1,0.8071069687121235,1.560929121521543,0.9692636859072694,0.08163931469971321,1.0,True,4371.947561246733,356.9228028032657,356.9228028032657,355.31811438081246,0.08163931469971321,865024248;869997541,primary,11968828666,8137990582,0,False
87,2,0.580115669199691,177.04063148375405,0.02898975956876455,0.3570937066453084,1.0,True,999.5214033771465,356.9228028032657,216.0646225823624,215.08779906024705,0.3570937066453084,869997541,primary,8137990582,3725791491,0,False
87,3,0.5715396068081231,390.8429784890084,0.00040288493020492107,0.3570937066453084,1.0,True,999.5214033771465,356.9228028032657,159.80658112838552,159.08584965895915,0.3570937066453084,869997541,primary,3725791491,3725791505,0,False
87,4,0.5277620757640894,177.52814147420148,0.028708477128923448,0.09574766312706189,1.0,True,3727.7442722503997,356.9228028032657,94.57610568556566,94.15165692256542,0.09574766312706187,865024248,primary,3724390947,11968828666,0,False
87,5,0.5204598678572422,271.6749734010168,0.00436778410609944,0.09574766312706189,1.0,True,3727.7442722503997,356.9228028032657,13.211930392008886,13.152248668336036,0.09574766312706187,865024248,primary,8064752270,3724390947,0,False
88,1,0.8553763421353862,7.786527440430922,0.8557897528754371,0.49319708136377544,1.0,True,721.6251318645043,355.9034088743231,356.6585202650833,356.8328341609024,0.49319708136377544,369195862,secondary,7243112626,1051626824,0,False
88,2,0.6202368687544577,14.55581822262792,0.7474286988261808,0.9800412955330174,1.0,False,348.8000379178088,355.9034088743231,159.92789645403872,159.9981919214608,1.0203651668128204,1238285689,secondary,8124118501,3706277268,0,False
88,3,0.6074315259856916,176.49638894546487,0.02930703237645501,0.49319708136377544,1.0,True,721.6251318645043,355.9034088743231,353.5344880213471,353.6425259529068,0.49319708136377544,369195862,secondary,4712962733,7243112626,0,False
88,4,0.4647031290923181,73.70539754565321,0.22898289995238189,0.9800412955330174,1.0,False,348.8000379178088,355.9034088743231,85.41484457302298,85.43958124346477,1.0203651668128204,1238285689,secondary,3706277268,3706276768,0,False
88,5,0.4047817777674048,158.34825676059268,0.042131266774588824,0.9607119886751408,1.0,False,370.457965623108,355.9034088743231,187.14898865889165,187.15941492339095,0.9607119886751408,230574625,secondary,3706276768,10115843783,0,False
89,1,0.8062035588651819,2.2477155698404223,0.9560411610205124,0.09695605279514095,1.0,True,3647.786873447907,353.6750166874374,353.6750166874374,352.45124806240295,0.09695605279514094,478811049,trunk,8105607829,8105597812,0,False
89,2,0.5283283949219633,175.6780941647466,0.029790614543117072,0.09695605279514095,1.0,True,3647.786873447907,353.6750166874374,50.53626375033094,50.406386492973134,0.09695605279514094,478811049,trunk,8105597812,11936495262,0,False
89,3,0.5282057663606071,176.36890256376296,0.029381852671929803,0.09695605279514095,1.0,True,3647.786873447907,353.6750166874374,1277.1611518246045,1271.804177031116,0.09695605279514094,478811049,trunk,4593969312,8105607829,0,False
89,4,0.5226811974086409,225.64494534825437,0.010966622832042638,0.09695605279514095,1.0,True,3647.786873447907,353.6750166874374,85.4876467814299,85.2862409258465,0.09695605279514094,478811049,trunk,11936495262,8105566319,0,False
89,5,0.5199975311391258,310.20644486917007,0.002021068600325476,0.09695605279514095,1.0,True,3647.786873447907,353.6750166874374,1080.1658401252282,1076.5569423782376,0.09695605279514094,478811049,trunk,8105566319,10603648617,0,False
90,1,0.8732322693788255,4.305243080762158,0.9174980158516651,0.48991432311662947,1.0,True,721.6251318645043,353.5344880213471,353.5344880213471,353.6425259529068,0.48991432311662947,369195862,secondary,4712962733,7243112626,0,False
90,2,0.6763520625396584,2.4790223893409844,0.9516285986423475,0.9543174147347709,1.0,False,370.457965623108,353.5344880213471,77.66369628471914,77.68778687632187,0.9543174147347709,230574625,secondary,10115843783,3706277346,0,False
90,3,0.6413565642782384,9.017558697434831,0.8349769377709472,0.9543174147347709,1.0,False,370.457965623108,353.5344880213471,187.14898865889165,187.15941492339095,0.9543174147347709,230574625,secondary,3706276768,10115843783,0,False
90,4,0.6069135892203833,175.7142470585945,0.029769081990191373,0.48991432311662947,1.0,True,721.6251318645043,353.5344880213471,11.138605621722474,11.149771750695168,0.48991432311662947,369195862,secondary,4712962586,4712962733,0,False
90,5,0.6067230888245674,176.79233165009043,0.029134080670805067,0.48991432311662947,1.0,True,721.6251318645043,353.5344880213471,356.6585202650833,356.8328341609024,0.48991432311662947,369195862,secondary,7243112626,1051626824,0,False
91,1,0.8654728376737135,0.5828190673743538,0.9884112910718524,0.34474725176078896,1.0,True,1019.722651556636,351.5465816823749,351.54658168237495,349.9308131759406,0.34474725176078896,874459842,primary,9833884593,8141911339,0,False
91,2,0.5780189891732264,174.94305292257997,0.03023179607022844,0.34474725176078896,1.0,True,1019.722651556636,351.5465816823749,47.69855730231476,47.47917094769076,0.34474725176078896,874459842,primary,8141911339,3722327215,0,False
91,3,0.5780181663264845,174.94758944911797,0.03022905324775591,0.34474725176078896,1.0,True,1019.722651556636,351.5465816823749,174.36137297484692,173.56164210270265,0.34474725176078896,874459842,primary,8141910114,9833884593,0,False
91,4,0.569232319344071,348.32769446400334,0.0009428966397108254,0.34474725176078896,1.0,True,1019.722651556636,351.5465816823749,138.0138551701159,137.37991479242356,0.34474725176078896,874459842,primary,8141910101,8141910114,0,False
91,5,0.5689676290499375,485.5643648368827,6.0595659265441194e-05,0.34474725176078896,1.0,True,1019.722651556636,351.5465816823749,30.195032928116014,30.05984329288759,0.34474725176078896,874459842,primary,9717246530,8141910101,0,False
92,1,0.8585530347872574,0.24498341143946217,0.9951123155653928,0.30009670058819776,1.0,True,1154.8165883721804,346.55664795501025,346.55664795501025,345.01530092157907,0.30009670058819776,264753949,secondary,2955625542,2703793345,0,False
92,2,0.569547642181728,172.47579701628248,0.03176100688029518,0.30009670058819776,1.0,True,1154.8165883721804,346.55664795501025,88.72099773785389,88.34129374807254,0.30009670058819776,264753949,secondary,2703793345,3719506243,0,False
92,3,0.5616520851654976,260.67598989335016,0.005442483492860316,0.30009670058819776,1.0,True,1154.8165883721804,346.55664795501025,85.06990995446638,84.71140649475949,0.30009670058819776,264753949,secondary,3719506243,8151533567,0,False
92,4,0.5603202707804955,345.2328935692759,0.0010031022095200862,0.30009670058819776,1.0,True,1154.8165883721804,346.55664795501025,33.94650851944644,33.804885440903476,0.30009670058819776,264753949,secondary,8151533567,4714938952,0,False
92,5,0.5601726074093031,378.9677176073134,0.0005108909722117361,0.30009670058819776,1.0,True,1154.8165883721804,346.55664795501025,103.93806754857442,103.5087184936515,0.30009670058819776,264753949,secondary,4714938952,2928864953,0,False
93,1,0.8616699249739554,0.04029943398982844,0.9991943360418329,0.30955812080702794,1.0,True,1117.5586563921288,345.94935756437445,345.94935756437445,345.82544312544667,0.30955812080702794,1209033471,trunk,2277623663,12888493319,0,False
93,2,0.5713599542478408,172.89722295979067,0.03149443362145072,0.30955812080702794,1.0,True,1117.5586563921288,345.94935756437445,771.7655177847529,771.7332132666822,0.30955812080702794,26755523;1317535731;218526247;1209033471,trunk,12888493319,12194086396,0,False
93,3,0.5680226256415682,18.091821391147835,0.6963962695798394,0.7955187238380821,1.0,False,434.87267766030374,345.94935756437445,193.157669389202,193.07417139962126,0.7955187238380821,218526249,trunk,2277623681,6608882862,0,False
93,4,0.39318197633542695,108.75618323286695,0.11359410522603508,0.7955187238380821,1.0,False,434.87267766030374,345.94935756437445,241.87628586022745,241.79850626068247,0.7955187238380821,218526249,trunk,6608882862,2845389637,0,False
93,5,0.3330957933371881,87.69171583437802,0.1731089148990159,0.4058155943374166,1.0,False,852.4792107341588,345.94935756437445,852.5643479559544,852.4792107341588,0.4058155943374166,44948784;1317535728;1317535732;218526252,trunk,3320289784,2277623681,0,False
94,1,0.8476569765964517,3.012201198979464,0.941534748492604,0.3259827602433521,1.0,True,1052.2865127067323,343.0272619789918,343.0272619789918,341.65719557230807,0.3259827602433521,456959535,secondary,8151182358,1051669905,0,False
94,2,0.5751123191149659,170.48281757257232,0.03305255688765122,0.3259827602433521,1.0,True,1052.2865127067323,343.0272619789918,76.0183041434752,75.74740493324049,0.3259827602433521,456959535,secondary,4531816332,8151182358,0,False
94,3,0.5750374291465763,170.86188157991882,0.032802923659686005,0.3259827602433521,1.0,True,1052.2865127067323,343.0272619789918,124.15445111892798,123.62678312211759,0.3259827602433521,456959535,secondary,1051669905,10128190730,0,False
94,4,0.5673845472955832,246.0398381221086,0.0072933174897091965,0.3259827602433521,1.0,True,1052.2865127067323,343.0272619789918,24.389514741937283,24.301618113954248,0.3259827602433521,456959535,secondary,4531816313,4531816332,0,False
94,5,0.5660284206834367,294.39316080944934,0.002772895449221314,0.3259827602433521,1.0,True,1052.2865127067323,343.0272619789918,111.69660217078163,111.22534701753753,0.3259827602433521,456959535,secondary,10128190730,8151376713,0,False
95,1,0.8313460531778538,2.1265715439398165,0.9583603429397777,0.21918975147960273,1.0,True,1509.2102409497347,330.8034176442437,330.8034176442437,329.28950314717866,0.21918975147960273,870242503,trunk,3725560939,3725561066,0,False
95,2,0.5550217990783277,164.46559050712452,0.0372794959413574,0.21918975147960273,1.0,True,1509.2102409497347,330.8034176442437,67.26907640328514,66.96735618809295,0.21918975147960273,870242503,trunk,3725561066,3725561095,0,False
95,3,0.5549926704727384,164.59598660434878,0.037182400589393004,0.21918975147960273,1.0,True,1509.2102409497347,330.8034176442437,143.9113100221158,143.25141437226273,0.21918975147960273,870242503,trunk,3725560916,3725560939,0,False
95,4,0.5467738516516398,231.33839813283137,0.009786337852397527,0.21918975147960273,1.0,True,1509.2102409497347,330.8034176442437,567.271621111069,564.7950284291412,0.21918975147960273,877821610;870242500;870242503,trunk,3725561095,4593964324,0,False
95,5,0.5444779414865895,307.50416709795815,0.0021333039688964063,0.21918975147960273,1.0,True,1509.2102409497347,330.8034176442437,154.4016441798402,153.70652829009268,0.21918975147960273,870242503,trunk,6010327768,3725560916,0,False
96,1,0.8174763962459644,0.026310897368084465,0.9994739204810201,0.08817110050829105,1.0,True,3727.7442722503997,328.6793148977963,328.6793148977963,327.220343734197,0.08817110050829106,865024248,primary,11968828657,11968828659,0,False
96,2,0.529014118894089,163.5966969728535,0.03793299597476939,0.08817110050829105,1.0,True,3727.7442722503997,328.6793148977963,105.48951357166581,105.01921627575597,0.08817110050829106,865024248,primary,11968828659,9896844093,0,False
96,3,0.5290131894788831,163.60078072253526,0.03792989792408293,0.08817110050829105,1.0,True,3727.7442722503997,328.6793148977963,427.44665594697364,425.55849490260385,0.08817110050829106,865024248,primary,11968828656,11968828657,0,False
96,4,0.5190273267916539,268.61230963506074,0.004643688966652111,0.08817110050829105,1.0,True,3727.7442722503997,328.6793148977963,471.7401221958465,469.6288723809045,0.08817110050829106,865024248,primary,9896844093,8133341960,0,False
96,5,0.48442211094536175,6.2177715887424085,0.8830659154108895,0.09751168161047458,1.0,False,3370.6660522044567,328.6793148977963,328.40020854141017,326.946268817131,0.09751168161047459,865024250,primary,11968828660,11968828658,0,False
97,1,0.8181187368582346,0.22836045221183007,0.995443204794898,0.09742887709882515,1.0,True,3370.6660522044567,328.40020854141017,328.40020854141017,326.946268817131,0.09742887709882515,865024250,primary,11968828660,11968828658,0,False
97,2,0.5308970588235281,163.45899182487125,0.038037611345876944,0.09742887709882515,1.0,True,3370.6660522044567,328.40020854141017,427.0275331443135,425.1408071465906,0.09742887709882515,865024250,primary,11968828658,11968828655,0,False
97,3,0.5308925202428423,163.47888215325816,0.03802248274359066,0.09742887709882515,1.0,True,3370.6660522044567,328.40020854141017,560.7921275102855,558.2794243510158,0.09742887709882515,865024250,primary,8133341955,11968828660,0,False
97,4,0.4814731710268583,6.419341862990224,0.8795130848979164,0.08809622778741699,1.0,False,3727.7442722503997,328.40020854141017,328.6793148977963,327.220343734197,0.08809622778741698,865024248,primary,11968828657,11968828659,0,False
97,5,0.22900113660577245,163.587944340142,0.03793963682763015,0.08809622778741699,1.0,False,3727.7442722503997,328.40020854141017,427.44665594697364,425.55849490260385,0.08809622778741698,865024248,primary,11968828656,11968828657,0,False
98,1,0.8778783431646673,0.12713883330679762,0.9974604534520479,0.3932010356452646,1.0,True,834.4919587693046,328.123102425736,328.12310242573596,327.00981962516823,0.3932010356452646,364407163,secondary,8105649851,9620455916,0,True
98,2,0.8778783431646673,0.12713883330679998,0.9974604534520478,0.3932010356452646,1.0,True,834.4919587693046,328.123102425736,328.123102425736,327.00981962516823,0.3932010356452646,364407163,secondary,9620455916,8105649851,0,True
98,3,0.5900858930345894,163.30847962316048,0.03815228635178826,0.3932010356452646,1.0,True,834.4919587693046,328.123102425736,17.87311519977613,17.806319064883017,0.3932010356452646,364407163,secondary,3719480423,8105649851,0,True
98,4,0.5900858930345894,163.30847962316048,0.03815228635178826,0.3932010356452646,1.0,True,834.4919587693046,328.123102425736,17.87311519977613,17.806319064883017,0.3932010356452646,364407163,secondary,8105649851,3719480423,0,True
98,5,0.5900818895856521,163.32597158167152,0.03813894152199712,0.3932010356452646,1.0,True,834.4919587693046,328.123102425736,55.86626525309606,55.677657848526536,0.3932010356452646,364407163,secondary,8105648080,9620455916,0,True
99,1,0.8778783431712416,0.12713883220831512,0.9974604534739617,0.3932010356452646,1.0,True,834.4919587693046,328.123102425736,328.12310242573596,327.00981962516823,0.3932010356452646,364407163,secondary,8105649851,9620455916,0,True
99,2,0.8778783431712416,0.12713883220831745,0.9974604534739617,0.3932010356452646,1.0,True,834.4919587693046,328.123102425736,328.123102425736,327.00981962516823,0.3932010356452646,364407163,secondary,9620455916,8105649851,0,True
99,3,0.5900858930344577,163.30847962373605,0.03815228635134908,0.3932010356452646,1.0,True,834.4919587693046,328.123102425736,17.87311519977613,17.806319064883017,0.3932010356452646,364407163,secondary,3719480423,8105649851,0,True
99,4,0.5900858930344577,163.30847962373605,0.03815228635134908,0.3932010356452646,1.0,True,834.4919587693046,328.123102425736,17.87311519977613,17.806319064883017,0.3932010356452646,364407163,secondary,8105649851,3719480423,0,True
99,5,0.5900818895857888,163.32597158107404,0.03813894152245286,0.3932010356452646,1.0,True,834.4919587693046,328.123102425736,55.86626525309606,55.677657848526536,0.3932010356452646,364407163,secondary,8105648080,9620455916,0,True
100,1,0.9639033692513328,0.22753167179930187,0.9954597050082464,0.8263272887442936,1.0,True,383.08767067498036,316.55579626022336,316.55579626022336,315.4367163238585,0.8263272887442936,874594465;874594466;459228551,trunk,8141628301,8141628231,0,False
100,2,0.6780640621629659,157.72231699113658,0.0426620147136903,0.8263272887442936,1.0,True,383.08767067498036,316.55579626022336,67.89512375542482,67.65095435112187,0.8263272887442936,874594465,trunk,8141628231,482157966,0,False
100,3,0.5960387342003499,12.58358737385864,0.7774999124936045,0.8139438022613432,1.0,False,388.9160349654985,316.55579626022336,251.21206102536337,250.32364051555078,0.8139438022613432,44949024;874594467,trunk,8141628265,4714939571,0,False
100,4,0.4168261375821563,114.18616638640773,0.10190407720504445,0.9312745721032147,1.0,False,294.8003637090319,316.55579626022336,25.409829690285584,25.317982480850148,1.0737971699813236,44949024,trunk,4714939571,13691293499,0,False
100,5,0.4047157952856743,139.40642646104752,0.061536269550104425,0.9312745721032147,1.0,False,294.8003637090319,316.55579626022336,19.228241899534655,19.15874071263093,1.0737971699813236,44949024,trunk,13691293499,8141472835,0,False
101,1,0.9124090928935731,0.0007834457533951688,0.9999843312076889,0.562068967656332,1.0,True,560.005325077379,314.761614948291,314.761614948291,314.84399770244823,0.562068967656332,26755988,secondary,293462600,293462632,0,True
101,2,0.9124090928935731,0.0007834457533951688,0.9999843312076889,0.562068967656332,1.0,True,560.005325077379,314.761614948291,314.761614948291,314.84399770244823,0.562068967656332,26755988,secondary,293462632,293462600,0,True
101,3,0.6252895571873043,157.42178583875176,0.042919212186792816,0.562068967656332,1.0,True,560.005325077379,314.761614948291,166.56924953562327,166.62479351112393,0.562068967656332,26755988,secondary,293462600,1051669950,0,True
101,4,0.6252895571873043,157.42178583875176,0.042919212186792816,0.562068967656332,1.0,True,560.005325077379,314.761614948291,166.56924953562327,166.62479351112393,0.562068967656332,26755988,secondary,1051669950,293462600,0,True
101,5,0.6128736029201575,324.03628610034843,0.001532697962970164,0.562068967656332,1.0,True,560.005325077379,314.761614948291,78.51154029297457,78.53653386380681,0.562068967656332,26755988,secondary,1051669950,8186428309,0,True
102,1,0.9124090928935731,0.0007834457533951688,0.9999843312076889,0.562068967656332,1.0,True,560.005325077379,314.761614948291,314.761614948291,314.84399770244823,0.562068967656332,26755988,secondary,293462600,293462632,0,True
102,2,0.9124090928935731,0.0007834457533951688,0.9999843312076889,0.562068967656332,1.0,True,560.005325077379,314.761614948291,314.761614948291,314.84399770244823,0.562068967656332,26755988,secondary,293462632,293462600,0,True
102,3,0.6252895571873043,157.42178583875176,0.042919212186792816,0.562068967656332,1.0,True,560.005325077379,314.761614948291,166.56924953562327,166.62479351112393,0.562068967656332,26755988,secondary,293462600,1051669950,0,True
102,4,0.6252895571873043,157.42178583875176,0.042919212186792816,0.562068967656332,1.0,True,560.005325077379,314.761614948291,166.56924953562327,166.62479351112393,0.562068967656332,26755988,secondary,1051669950,293462600,0,True
102,5,0.6128736029201575,324.03628610034843,0.001532697962970164,0.562068967656332,1.0,True,560.005325077379,314.761614948291,78.51154029297457,78.53653386380681,0.562068967656332,26755988,secondary,1051669950,8186428309,0,True
103,1,0.999785639084859,0.008162464276666559,0.9998367640389062,0.9991730493659349,1.0,True,314.2999403423428,314.5600659883634,314.5600659883634,314.2999403423428,1.0008276350473924,466600308,primary,1812432278,2999157393,0,False
103,2,0.47249315622479954,21.06514684903349,0.6561912866893946,0.3781788510899059,1.0,False,831.7759311019269,314.5600659883634,67.13933422814407,67.09060171426869,0.3781788510899059,279088743,primary,293464907,293464902,0,False
103,3,0.4265451802650272,34.35513756683185,0.5030313668234866,0.3781788510899059,1.0,False,831.7759311019269,314.5600659883634,82.11649597514368,82.06116114619014,0.3781788510899059,279088743,primary,293464902,293464897,0,False
103,4,0.3972168496120728,45.160055715933964,0.40527026464697213,0.3781788510899059,1.0,False,831.7759311019269,314.5600659883634,72.34256714637026,72.29315747930428,0.3781788510899059,279088743,primary,8153654900,293464907,0,False
103,5,0.38008553893330854,467.5391576394913,8.689733854603614e-05,0.9002973486587235,1.0,False,283.1975934032367,314.5600659883634,34.11207308976998,34.10275852904476,1.1107441352457774,1208795193,primary,2833482024,293452312,0,False
104,1,0.8914759059231068,0.3875874416156988,0.9922782184896205,0.4689622018811034,1.0,True,667.8378016720923,313.19068597158,313.19068597157997,313.6022877787374,0.4689622018811034,368721302,primary,3725764133,3725764130,0,False
104,2,0.6068299396623194,156.79763545434193,0.04345833095366248,0.4689622018811034,1.0,True,667.8378016720923,313.19068597158,64.80364187891419,64.86829196727552,0.4689622018811034,368721302,primary,3725764130,3725764138,0,False
104,3,0.5974807226829579,219.9310812255765,0.012294274355790544,0.4689622018811034,1.0,True,667.8378016720923,313.19068597158,171.424659809368,171.64865137670688,0.4689622018811034,368721302,primary,3725764138,8153479957,0,False
104,4,0.5939115801852777,391.56200420583417,0.00039713269685663475,0.4689622018811034,1.0,True,667.8378016720923,313.19068597158,22.064256709810756,22.093082678303606,0.4689622018811034,368721302,primary,8153479957,6950332807,0,False
104,5,0.5938690298139749,413.65392873624876,0.0002552981258475012,0.4689622018811034,1.0,True,667.8378016720923,313.19068597158,95.50028628527593,95.62548787106884,0.4689622018811034,368721302,primary,6950332807,6604456764,0,False
105,1,0.8732378900864934,0.0006456080892401793,0.9999870879215768,0.3662088185501024,1.0,True,847.7852558428252,310.4664369263973,310.4664369263973,309.65443737353326,0.3662088185501024,1209072881,secondary,4594220613,9866097881,0,False
105,2,0.5868033628654915,154.82701336389823,0.045205330518236754,0.3662088185501024,1.0,True,847.7852558428252,310.4664369263973,384.4025540671986,383.39662299505574,0.3662088185501024,1209072881,secondary,9866097881,13539914722,0,False
105,3,0.5868032514849612,154.82742401232716,0.04520495924980223,0.3662088185501024,1.0,True,847.7852558428252,310.4664369263973,63.42674662549082,63.24207290598799,0.3662088185501024,1209072881,secondary,4714891315,4594220613,0,False
105,4,0.5770750351756821,218.00319337389723,0.012777571552205704,0.3662088185501024,1.0,True,847.7852558428252,310.4664369263973,20.69334983727517,20.638805074511502,0.3662088185501024,1209072881,secondary,3684490356,4714891315,0,False
105,5,0.49249221009225574,15.630156456648894,0.731540181951614,0.36515077753385766,1.0,False,850.2417522515343,310.4664369263973,70.2197771050809,70.0286503886563,0.36515077753385766,1209072902,secondary,293462767,293462766,0,False
106,1,0.8464930595651232,0.15780968652013813,0.9968487818130596,0.23719212510602647,1.0,True,1298.633364364262,308.0256074271481,308.0256074271481,306.7835074445994,0.23719212510602647,1208791971,primary,10629571056,3727012352,0,False
106,2,0.5613972515157916,153.3835221423885,0.04652942164862087,0.23719212510602647,1.0,True,1298.633364364262,308.0256074271481,97.76577531165924,97.37295666327489,0.23719212510602647,1208791971,primary,3726926583,10629571056,0,False
106,3,0.5613951898523615,153.39090748991612,0.046522549437187394,0.23719212510602647,1.0,True,1298.633364364262,308.0256074271481,62.88910034855539,62.635719217432566,0.23719212510602647,1208791971,primary,3727012352,13022825217,0,False
106,4,0.5514262683502489,216.02659544621045,0.013292811096811833,0.23719212510602647,1.0,True,1298.633364364262,308.0256074271481,20.090129092793,20.010221082072867,0.23719212510602647,1208791971,primary,13022825217,3184375367,0,False
106,5,0.550111127899377,236.03461001831323,0.008909009593905616,0.23719212510602647,1.0,True,1298.633364364262,308.0256074271481,8.745683386797769,8.710377885567885,0.23719212510602647,1208791971,primary,3184375367,13022825213,0,False
107,1,0.8546737895442624,0.009889978848697006,0.9998022199840726,0.27366561774520287,1.0,True,1118.2862478758855,306.03649684091926,306.03649684091926,304.65841877119186,0.27366561774520287,1203852633;876451412;1208795197,primary,4594183932,4594183924,0,False
107,2,0.6131016912370907,152.33020503188564,0.04752002391634848,0.4942284203109306,1.0,True,619.2207575767993,306.03649684091926,97.47461625771064,97.03605209496033,0.4942284203109306,1203852633,primary,4594183924,4594181070,0,False
107,3,0.6008929136312198,249.36475126251636,0.006824098563445353,0.4942284203109306,1.0,True,619.2207575767993,306.03649684091926,65.83410261113927,65.53828042184523,0.4942284203109306,1203852633,primary,4594181070,4594181069,0,False
107,4,0.5993976571235484,314.90192552159584,0.001839910204541124,0.4942284203109306,1.0,True,619.2207575767993,306.03649684091926,61.51758168229616,61.24114370246834,0.4942284203109306,1203852633,primary,4594181069,4594181068,0,False
107,5,0.5990078612559198,376.1424113838905,0.0005405906457786207,0.4942284203109306,1.0,True,619.2207575767993,306.03649684091926,91.15673836295593,90.74686258633363,0.4942284203109306,1203852633,primary,4594181068,6166520809,0,False
108,1,0.8381723859736685,12.091499277171694,0.785189659797864,0.513077440171546,1.0,True,591.9279865851365,303.70489612299906,303.70489612299906,302.84909616838706,0.513077440171546,874644319,primary,4714939512,4714939523,0,False
108,2,0.6182002454532567,147.8744563295942,0.05194919139649163,0.513077440171546,1.0,True,591.9279865851365,303.70489612299906,289.4278532105612,289.0788904167495,0.513077440171546,478254539;874644318;874644319,primary,10635696781,4714939512,0,False
108,3,0.5842497429163622,3.843408519540227,0.926011921349949,0.5322308325568871,1.0,False,570.6262725591678,303.70489612299906,95.15575359778543,94.85421691465413,0.5322308325568871,219116706,primary,4714938984,2283167579,0,False
108,4,0.4448185698390179,38.69169246383567,0.4612413444254682,0.5322308325568871,1.0,False,570.6262725591678,303.70489612299906,145.65401368646457,145.45185496668086,0.5322308325568871,219116706,primary,2283167579,8141472796,0,False
108,5,0.4050496048454654,55.633817105656746,0.32867812778029326,0.5322308325568871,1.0,False,570.6262725591678,303.70489612299906,79.23224722302729,78.91340042292529,0.5322308325568871,219116706,primary,4714939533,4714938984,0,False
109,1,0.8259290327951654,0.245524654835077,0.9951015436643212,0.13699284847934518,1.0,True,2203.380084120088,301.8473140062701,301.84731400627015,302.05654035411743,0.13699284847934518,26754491,secondary,6944073197,6944073198,0,False
109,2,0.5420336730472655,151.01797463019037,0.04878367783798825,0.13699284847934518,1.0,True,2203.380084120088,301.8473140062701,76.85837924965404,76.89131976337319,0.13699284847934518,26754491,secondary,6944073198,9781361238,0,False
109,3,0.5420330346227106,151.02015581902424,0.048781549756138576,0.13699284847934518,1.0,True,2203.380084120088,301.8473140062701,222.96057089947155,222.34493095566063,0.13699284847934518,26754491,secondary,10165916006,6944073197,0,False
109,4,0.5305512057141561,227.77717702822022,0.010508786727623813,0.13699284847934518,1.0,True,2203.380084120088,301.8473140062701,131.27828741015398,131.29778474029504,0.13699284847934518,26754491;876134933,secondary,9781361238,8154498070,0,False
109,5,0.5281993079015721,296.3001847160067,0.002669127352343772,0.13699284847934518,1.0,True,2203.380084120088,301.8473140062701,26.74505823085657,26.62469532319324,0.13699284847934518,26754491,secondary,9798857326,10165916006,0,False
110,1,0.8614157076785309,0.18671338146155494,0.9962726960773208,0.3126694942766731,1.0,True,961.3337844525464,300.579748215858,300.579748215858,299.29002276342663,0.3126694942766731,605579942,trunk,8140492538,8140465200,0,False
110,2,0.5775787029801567,149.63748919731393,0.05014934708274019,0.3126694942766731,1.0,True,961.3337844525464,300.579748215858,152.50028671883302,151.82938909030648,0.3126694942766731,605579942,trunk,8140465200,4593969290,0,False
110,3,0.5775761248361242,149.64605815220818,0.050140753269298635,0.3126694942766731,1.0,True,961.3337844525464,300.579748215858,44.63076630204817,44.43842483737589,0.3126694942766731,605579942,trunk,8140462215,8140492538,0,False
110,4,0.5687187853031495,194.08369141332435,0.02061628815938277,0.3126694942766731,1.0,True,961.3337844525464,300.579748215858,38.552069396105765,38.38750461056895,0.3126694942766731,605579942,trunk,8140526242,8140462215,0,False
110,5,0.5654041270472737,232.46954693294683,0.009567427306463594,0.3126694942766731,1.0,True,961.3337844525464,300.579748215858,152.05069910225927,151.39817178543962,0.3126694942766731,605579942,trunk,8140526284,8140526242,0,False
111,1,0.9864804832381682,0.15616941320908745,0.9968814844385083,0.9370801895330788,1.0,True,318.3899548663803,298.3569192516161,298.3569192516161,298.1359886630204,0.9370801895330788,466600299;466600300,primary,4613676974,10091564873,0,False
111,2,0.7026206003202539,149.10934665253137,0.05068187471212703,0.9370801895330788,1.0,True,318.3899548663803,298.3569192516161,20.26974605421457,20.253966203359944,0.9370801895330788,466600300,primary,10091564873,3684490358,0,False
111,3,0.6141069866646834,8.311638961711589,0.846849082362962,0.8002613097789743,1.0,False,372.82437074712493,298.3569192516161,257.7094633441375,257.5084991018545,0.8002613097789743,170090974,primary,4716027739,293460471,0,False
111,4,0.40929373885119424,90.35230899878968,0.164138256317998,0.8002613097789743,1.0,False,372.82437074712493,298.3569192516161,115.37873694307146,115.31587164527045,0.8002613097789743,1209004194;466600301;170090974,primary,293460471,4613676969,0,False
111,5,0.37646557601308234,23.462904727849985,0.6254661329179994,0.9441286806884126,0.0,False,281.6873245472876,298.3569192516161,132.6038872906899,132.499987981091,1.0591776528500847,26754221,residential,293461100,293460920,0,True
112,1,0.8120649871182071,0.9421419674425908,0.9813335771482093,0.08832456986872116,1.0,True,3370.6660522044567,297.7126292320591,297.7126292320591,296.37021187795403,0.08832456986872117,865024250,primary,11968828667,11968828665,0,False
112,2,0.5331517838090181,148.18949585654593,0.05162289945091273,0.08832456986872116,1.0,True,3370.6660522044567,297.7126292320591,376.68953311359064,374.9780322467026,0.08832456986872117,865024250,primary,11968828665,11968828664,0,False
112,3,0.46647964548422827,9.01481201084168,0.8350228074300428,0.07986401627607709,1.0,False,3727.7442722503997,297.7126292320591,180.8273791077356,180.01021298189713,0.0798640162760771,865024248,primary,8062776435,8064752282,0,False
112,4,0.3707397838784436,33.09309198602564,0.5158899354107606,0.07986401627607709,1.0,False,3727.7442722503997,297.7126292320591,9.064498405164478,9.023545315203659,0.0798640162760771,865024248,primary,8064752282,8064752270,0,False
112,5,0.3622097706493558,23.768191812133566,0.6216588332992913,0.8785606032978421,0.0,False,261.5585871475046,297.7126292320591,110.54692415228203,110.04467576823251,1.1382254067008153,865246068,residential,8064752285,8064752297,0,True
113,1,0.9491785822358882,0.14503584794594163,0.9971034860556184,0.7502376820960139,1.0,True,390.4520378005885,292.93183180917873,292.93183180917873,293.31224368842584,0.7502376820960139,874159869,primary,8138308753,9832455554,0,False
113,2,0.6660171594540483,146.6547058644311,0.0532320767828181,0.7502376820960139,1.0,True,390.4520378005885,292.93183180917873,97.01436508289387,97.13979411216272,0.7502376820960139,874159869,primary,9832455554,10116085882,0,False
113,3,0.609104085495711,7.430122129834458,0.861911706174387,0.7526528682169743,1.0,False,389.19911712172274,292.93183180917873,292.15503222281444,292.5330167282787,0.7526528682169743,312566658,primary,9832455553,3184375377,0,False
113,4,0.37458512201168104,243.79122291327664,0.007628801996516879,0.8614824070636299,1.0,False,340.0322855200716,292.93183180917873,106.12439266253057,106.25527619068511,0.8614824070636299,1352928435,primary,10116085882,8146129652,0,False
113,5,0.366506538980094,146.63485241279568,0.053253217788996984,0.7526528682169743,1.0,False,389.19911712172274,292.93183180917873,96.54186549411399,96.66610039344403,0.7526528682169743,312566658,primary,8146129661,9832455553,0,False
114,1,0.9460710186602173,0.6813507882417197,0.9864654117013203,0.7506569757491058,1.0,True,389.19911712172274,292.15503222281444,292.15503222281444,292.5330167282787,0.7506569757491058,312566658,primary,9832455553,3184375377,0,False
114,2,0.6662319963626524,146.2462930475556,0.05366867070943767,0.7506569757491058,1.0,True,389.19911712172274,292.15503222281444,96.54186549411399,96.66610039344403,0.7506569757491058,312566658,primary,8146129661,9832455553,0,False
114,3,0.6125115637337828,6.607679038801715,0.8762064162839008,0.7482481942430628,1.0,False,390.4520378005885,292.15503222281444,292.93183180917873,293.31224368842584,0.7482481942430628,874159869,primary,8138308753,9832455554,0,False
114,4,0.37413562370985964,243.6298321240817,0.007653466148268412,0.8591979193268957,1.0,False,340.0322855200716,292.15503222281444,106.12439266253057,106.25527619068511,0.8591979193268957,1352928435,primary,10116085882,8146129652,0,False
114,5,0.3656425811510652,146.58174779145216,0.05330980767484211,0.7482481942430628,1.0,False,390.4520378005885,292.15503222281444,97.01436508289387,97.13979411216272,0.7482481942430628,874159869,primary,9832455554,10116085882,0,False
115,1,0.8532360738087197,2.012221017483683,0.9605546313587133,0.3253484220055283,1.0,True,892.5738167492747,290.3974828028281,290.3974828028281,289.07682402536585,0.3253484220055283,877821609;877821610;870242499,trunk,4593964324,8167025447,0,False
115,2,0.693887291339407,144.43020645515588,0.05565384399831807,0.885955690699558,1.0,True,327.7787883201335,290.3974828028281,38.868415502995205,38.70196429476765,0.885955690699558,870242499,trunk,8167025447,8169509573,0,False
115,3,0.5847497338215906,144.32670950033403,0.05576916337674693,0.34009492404283237,1.0,True,853.871852454507,290.3974828028281,567.271621111069,564.7950284291412,0.34009492404283237,877821610;870242500;870242503,trunk,3725561095,4593964324,0,False
115,4,0.5157825948088601,27.66952352703058,0.5749969914032717,0.7164174869393933,1.0,False,208.04583484312778,290.3974828028281,166.59687843859135,165.84537575398642,1.3958341584766438,870242498,trunk,4593969159,4593969164,0,False
115,5,0.5059060820798192,13.770960476256993,0.7592537700888775,0.3906497552657799,1.0,False,743.3704460028529,290.3974828028281,42.395022906313855,42.200459089141354,0.3906497552657799,870242498;877821611;877821612,trunk,4593969164,8156540160,0,False
116,1,0.8867520556642994,0.8002416177703972,0.9841225644137984,0.45757643170079865,1.0,True,634.3347800368781,290.2566451529857,290.25664515298575,288.92143273517405,0.45757643170079865,1337725748;1209433725,primary,3714706485,3714707013,0,False
116,2,0.6811806039460986,144.42475306609225,0.05565991437063724,0.822413148174537,1.0,True,352.93288512866263,290.2566451529857,64.306059850183,64.0114523934886,0.822413148174537,1209433725;1249542286,primary,3714707013,293463599,0,False
116,3,0.6184816360685019,144.43384930983441,0.05564978936870438,0.5089334962894534,1.0,True,570.3233276433896,290.2566451529857,282.7018044874525,281.40189490821547,0.5089334962894534,1337725742;1337725744;1337725747;1337725748;1141888414,primary,3714705892,3714706485,0,False
116,4,0.5772097917820976,8.253503601864988,0.8478342925302255,0.6142975201151499,1.0,False,472.50173677825876,290.2566451529857,119.78122001794884,119.22985347654551,0.6142975201151499,1105211172,primary,4723476603,4715985573,0,False
116,5,0.43030235058183686,46.85921496759459,0.39172927634405674,0.563917838393099,1.0,False,163.68089991390445,290.2566451529857,164.43550182597903,163.68089991390445,1.7733079748807565,1141888415;1392897335,primary,4723475967,4723476603,0,False
117,1,0.8608303400555057,1.4901300380666567,0.9706371176666557,0.3481960237775456,1.0,True,832.3105617306521,289.80722814266846,289.80722814266846,288.49840716075107,0.3481960237775456,1208988379,primary,6985772922,4478448738,0,False
117,2,0.5864312309859552,144.1439165029584,0.055973420768153447,0.3481960237775456,1.0,True,832.3105617306521,289.80722814266846,149.59088509342106,148.94681138488082,0.3481960237775456,1208988379,primary,4478448738,8163267506,0,False
117,3,0.5864040456128545,144.22492936681357,0.05588280285781825,0.3481960237775456,1.0,True,832.3105617306521,289.80722814266846,9.947929338447409,9.90229619850153,0.3481960237775456,1208988379,primary,8153698627,6985772922,0,False
117,4,0.5704985325290286,292.76936643717636,0.0028644259117315595,0.3481960237775456,1.0,True,832.3105617306521,289.80722814266846,86.74332328383596,86.38768362554397,0.3481960237775456,1208988379,primary,8163267506,293461291,0,False
117,5,0.5697932909219123,378.70128927999724,0.0005136205546774298,0.3481960237775456,1.0,True,832.3105617306521,289.80722814266846,113.00194714241655,112.54672756706233,0.3481960237775456,1208988379,primary,293461291,8156864966,0,False
118,1,0.8250213371175736,0.7524931851595423,0.9850628194983618,0.14751245634032525,1.0,True,1962.0570383752788,289.4278532105612,289.4278532105612,289.0788904167495,0.14751245634032525,478254539;874644318;874644319,primary,10635696781,4714939512,0,False
118,2,0.6144346436161332,144.5894349900058,0.055476892304680996,0.48895787962364406,1.0,True,591.9279865851365,289.4278532105612,303.70489612299906,302.84909616838706,0.48895787962364406,874644319,primary,4714939512,4714939523,0,False
118,3,0.5515711158954895,144.46768216035065,0.055612146285769215,0.1744373600487934,1.0,True,1659.2079422068919,289.4278532105612,45.43635494103481,45.38556964911845,0.1744373600487934,478254539,primary,4801591614,10635696781,0,False
118,4,0.5416185973101629,189.8520069189535,0.022437084334680897,0.1744373600487934,1.0,True,1659.2079422068919,289.4278532105612,134.4403488200718,134.28913796899633,0.1744373600487934,478254539,primary,7128018274,4801591614,0,False
118,5,0.5353467502826528,324.0940734125078,0.0015309275763134506,0.1744373600487934,1.0,True,1659.2079422068919,289.4278532105612,88.65158975243222,88.5434805326441,0.1744373600487934,478254539,primary,4801496565,7128018274,0,False
119,1,0.9198905555816266,0.39649442684534275,0.9921014700843266,0.6113005727816433,1.0,True,472.50173677825876,288.84058233287084,288.84058233287084,287.5122765180908,0.6113005727816433,1105211172;1337725743;1337725745;1337725746;1337725749,primary,7128063639,4715985581,0,False
119,2,0.6391877817102889,143.74165408143563,0.056425557179867365,0.6113005727816433,1.0,True,472.50173677825876,288.84058233287084,66.06337197043854,65.75960678362247,0.6113005727816433,1105211172,primary,4715985573,7128063639,0,False
119,3,0.6268039682072981,209.50035004245052,0.015146178836564696,0.6113005727816433,1.0,True,472.50173677825876,288.84058233287084,119.78122001794884,119.22985347654551,0.6113005727816433,1105211172,primary,4723476603,4715985573,0,False
119,4,0.551973706759302,8.979546424428204,0.8356119665554924,0.5064505839632715,1.0,False,570.3233276433896,288.84058233287084,282.7018044874525,281.40189490821547,0.5064505839632715,1337725742;1337725744;1337725747;1337725748;1141888414,primary,3714705892,3714706485,0,False
119,5,0.38445235898396757,143.22997089717745,0.05700596212442356,0.8367528517332025,1.0,False,241.6881809633085,288.84058233287084,86.5442964207524,86.14578608721106,1.195096016617878,219116711,primary,12201173657,3714705892,0,False
120,1,0.8372938322929531,0.8921195381098354,0.9823158422094217,0.21299539815063273,1.0,True,1343.3453532286426,286.1263783647371,286.1263783647371,285.1324099942067,0.21299539815063273,478371821,primary,4719689717,4719689711,0,False
120,2,0.5601252155172503,142.00446142967613,0.0584204529570793,0.21299539815063273,1.0,True,1343.3453532286426,286.1263783647371,52.872411860004746,52.76406332974561,0.21299539815063273,478371821,primary,4719689703,4719689717,0,False
120,3,0.5599113546988939,142.618334160541,0.05770758356255763,0.21299539815063273,1.0,True,1343.3453532286426,286.1263783647371,89.54616692556367,89.23492757452088,0.21299539815063273,478371821,primary,4719689711,4719689709,0,False
120,4,0.5488489964705445,193.5607158264762,0.020833056134726798,0.21299539815063273,1.0,True,1343.3453532286426,286.1263783647371,104.18472459641404,103.9820205755039,0.21299539815063273,219116708;478371821,primary,4715979375,4719689703,0,False
120,5,0.5455056432161389,231.8405494780048,0.00968854528670816,0.21299539815063273,1.0,True,1343.3453532286426,286.1263783647371,71.30308057455646,71.064411698611,0.21299539815063273,478371821,primary,4719689709,3719620426,0,False
121,1,0.8380463974661945,0.051476502579307686,0.9989709997326522,0.19177548773199365,1.0,True,1482.4236850478187,284.2925252255048,284.2925252255048,284.6592442149687,0.19177548773199365,26764975,secondary,3042737264,3725789268,0,False
121,2,0.6324551802412519,10.680297052073826,0.8076665905782064,0.9507760153389497,1.0,False,299.0110400756745,284.2925252255048,283.9360861494393,284.303954302476,0.9507760153389497,1203439472,secondary,8154498081,8154498079,0,False
121,3,0.5557679053758733,142.32882285288056,0.058042692764915055,0.19177548773199365,1.0,True,1482.4236850478187,284.2925252255048,279.357956847722,279.71873604639313,0.19177548773199365,26764975,secondary,3725789268,3725656912,0,False
121,4,0.5384198514836336,422.0471624095408,0.00021584645744965068,0.19177548773199365,1.0,True,1482.4236850478187,284.2925252255048,155.5378914544154,155.73761007641815,0.19177548773199365,26764975,secondary,3725656912,293466258,0,False
121,5,0.40770513079106796,141.93663215422725,0.058499759077593305,0.9507760153389497,1.0,False,299.0110400756745,284.2925252255048,14.687907110436603,14.707085773198516,0.9507760153389497,1203439472,secondary,8154498079,8156905453,0,False
122,1,0.9878671996151378,0.34277081622674127,0.9931680284368309,0.949583955420442,1.0,True,299.0110400756745,283.9360861494393,283.9360861494393,284.303954302476,0.949583955420442,1203439472,secondary,8154498081,8154498079,0,False
122,2,0.7073915070981271,142.15137188266402,0.058249053380129305,0.949583955420442,1.0,True,299.0110400756745,283.9360861494393,14.687907110436603,14.707085773198516,0.949583955420442,1203439472,secondary,8154498079,8156905453,0,False
122,3,0.4825804564118285,10.274709507748975,0.8142448251896547,0.19153504427466048,1.0,False,1482.4236850478187,283.9360861494393,284.2925252255048,284.6592442149687,0.19153504427466048,26764975,secondary,3042737264,3725789268,0,False
122,4,0.2937029156399649,142.14878081866945,0.05825207199884161,0.38113647020156205,1.0,False,744.9722300237528,283.9360861494393,214.2552691317572,214.52990221847782,0.38113647020156205,876134933,secondary,8154498082,8154498081,0,False
122,5,0.2764667597239734,356.65638151530896,0.0007982189455365262,0.38113647020156205,1.0,False,744.9722300237528,283.9360861494393,99.24851520626802,99.37658405588198,0.38113647020156205,876134933,secondary,10232859317,8154498082,0,False
123,1,0.8982632040584506,0.14590880629874814,0.997086077611252,0.49568690387537434,1.0,True,570.3233276433896,282.7018044874525,282.7018044874525,281.40189490821547,0.49568690387537434,1337725742;1337725744;1337725747;1337725748;1141888414,primary,3714705892,3714706485,0,False
123,2,0.6171290670501688,140.69363485311996,0.059972287583646346,0.49568690387537434,1.0,True,570.3233276433896,282.7018044874525,290.25664515298575,288.92143273517405,0.49568690387537434,1337725748;1209433725,primary,3714706485,3714707013,0,False
123,3,0.5674902255151058,9.552269774513643,0.826095086308538,0.5983084981127216,1.0,False,472.50173677825876,282.7018044874525,288.84058233287084,287.5122765180908,0.5983084981127216,1105211172;1337725743;1337725745;1337725746;1337725749,primary,7128063639,4715985581,0,False
123,4,0.38897436030487226,140.69880302414646,0.05996608896322553,0.8549226680795229,1.0,False,241.6881809633085,282.7018044874525,86.5442964207524,86.14578608721106,1.1696964384467372,219116711,primary,12201173657,3714705892,0,False
123,5,0.3741983804024489,226.81569395614966,0.010712822621814328,0.8549226680795229,1.0,False,241.6881809633085,282.7018044874525,156.26172229881945,155.54239487609743,1.1696964384467372,219116704;762822062;219116711,primary,3714706393,12201173657,0,False
124,1,0.8254617655519172,0.0935309790039391,0.998131128938287,0.13011213435215552,1.0,True,2164.753124922666,281.6606494291864,281.6606494291864,280.4902605187318,0.13011213435215552,300173739,primary,8156905203,3042737292,0,False
124,2,0.5441818102620664,140.22975281323087,0.060531277972117555,0.13011213435215552,1.0,True,2164.753124922666,281.6606494291864,8.265191554918248,8.231147731184466,0.13011213435215552,300173739,primary,3042737289,8156905203,0,False
124,3,0.5441735879190455,140.25239731853404,0.06050387016204809,0.13011213435215552,1.0,True,2164.753124922666,281.6606494291864,201.75865915403148,200.9220323495993,0.13011213435215552,300173739,primary,3042737292,3722532540,0,False
124,4,0.5414255700663522,148.4605441215844,0.051343810653070414,0.13011213435215552,1.0,True,2164.753124922666,281.6606494291864,234.40772390992504,233.5928662532582,0.13011213435215552,300173739,primary,4963335999,3042737289,0,False
124,5,0.5263488095318405,341.17336263207864,0.0010879422046977305,0.13011213435215552,1.0,True,2164.753124922666,281.6606494291864,106.61651682564306,106.17440343634554,0.13011213435215552,300173739,primary,3722532540,3042737280,0,False
125,1,0.878809666149158,0.09875474004049906,0.9980268544154193,0.3970080491226607,1.0,True,708.4128526369825,281.24560459882736,281.24560459882736,279.95726678110947,0.3970080491226607,1208491992,primary,293466257,2929034393,0,False
125,2,0.5976525867939102,139.97819317459263,0.0608365898979271,0.3970080491226607,1.0,True,708.4128526369825,281.24560459882736,159.21721425515156,158.48658160090042,0.3970080491226607,1208491992,primary,2929034393,3725790429,0,False
125,3,0.5801696105159788,298.3873560084952,0.002560002304822187,0.3970080491226607,1.0,True,708.4128526369825,281.24560459882736,271.21266624269725,269.9690042549727,0.3970080491226607,1208491992,primary,3725790429,4814206874,0,False
125,4,0.48984553735712305,11.609636381871319,0.7927933153993588,0.2600377136865769,1.0,False,1081.5569811454823,281.24560459882736,50.737785760409096,50.505300958812214,0.2600377136865769,1208986525,primary,8157194822,8157194827,0,False
125,5,0.4488914403773621,21.058413586769795,0.6562796588001557,0.2600377136865769,1.0,False,1081.5569811454823,281.24560459882736,20.951491168997144,20.855487837501364,0.2600377136865769,1208986525,primary,8157194827,4877965174,0,False
126,1,0.766443370572672,9.586682408600703,0.8255267197623487,0.09392677321983678,1.0,True,2993.152207872555,281.1371286412992,281.1371286412992,280.11157032567127,0.09392677321983678,742084228,trunk,569909654,11936417211,0,False
126,2,0.5381595293610228,136.99207477863717,0.06458058239018491,0.09392677321983678,1.0,True,2993.152207872555,281.1371286412992,593.829930247831,592.0952395503886,0.09392677321983678,1213505657;196857002;44947105;742084228,trunk,2277412722,569909654,0,False
126,3,0.5374478020808271,138.8634564153028,0.06220815812286593,0.09392677321983678,1.0,True,2993.152207872555,281.1371286412992,68.18614962368711,67.87602049278698,0.09392677321983678,742084228,trunk,11936417211,11936417209,0,False
126,4,0.5236392076578411,206.2004824626833,0.016179510046246074,0.09392677321983678,1.0,True,2993.152207872555,281.1371286412992,1317.3339434844804,1311.4578019106236,0.09392677321983678,742084228,trunk,11936417209,2277412746,0,False
126,5,0.3989697324121414,26.548637391701032,0.588032683859029,0.11279963627216356,1.0,False,2492.358467920677,281.1371286412992,207.88762026176863,207.11494281549028,0.11279963627216358,742084229,trunk,11936417213,569909828,0,False
127,1,0.8825993581252898,0.25864326616295535,0.9948404909046537,0.420736054269468,1.0,True,668.0567334777996,281.075554071599,281.075554071599,281.44379134323253,0.420736054269468,470103540,primary,6604456761,3725763520,0,False
127,2,0.6021319294312784,140.7130022630231,0.059949061924616104,0.420736054269468,1.0,True,668.0567334777996,281.075554071599,7.579810268132238,7.588672644746378,0.420736054269468,470103540,primary,3725763520,4643407223,0,False
127,3,0.5996207102609084,148.23268148196772,0.05157833135671613,0.420736054269468,1.0,True,668.0567334777996,281.075554071599,63.57053301373808,63.63840416977509,0.420736054269468,470103540,primary,4643407223,4643407218,0,False
127,4,0.5885935413666048,210.58516612679858,0.014821101709037427,0.420736054269468,1.0,True,668.0567334777996,281.075554071599,186.88628704949122,187.13183670836122,0.420736054269468,470103540,primary,4643407218,3725763514,0,False
127,5,0.5842526233348819,397.68283545466227,0.00035137493662753324,0.420736054269468,1.0,True,668.0567334777996,281.075554071599,128.08561489942574,128.25402861168442,0.420736054269468,470103540,primary,3725763514,3725763504,0,False
128,1,0.8365138084271977,0.7623911505012523,0.9848678364454175,0.2052672874678621,1.0,True,1362.436793060552,279.66370485795244,279.66370485795244,278.38018849546665,0.20526728746786208,40016878,primary,8141615216,3722327255,0,False
128,2,0.5765993347711222,17.685232808618732,0.7020822924093477,0.8298732352415896,1.0,False,232.08542353011805,279.66370485795244,160.90992781663525,160.16951734939477,1.2050033156074538,1138034029,primary,3722327215,7127990460,0,False
128,3,0.5596034635691509,139.16561790391836,0.0618333535852614,0.2052672874678621,1.0,True,1362.436793060552,279.66370485795244,74.93335427703464,74.58846950936442,0.20526728746786208,40016878,primary,3722327255,4719771206,0,False
128,4,0.5596022998886008,139.1687546065342,0.061829474650094585,0.2052672874678621,1.0,True,1362.436793060552,279.66370485795244,36.03919586368378,35.87328976444064,0.20526728746786208,40016878,primary,2283167672,8141615216,0,False
128,5,0.550106853689855,175.03212585165977,0.030177987320941756,0.2052672874678621,1.0,True,1362.436793060552,279.66370485795244,177.4812021104335,176.7693232933594,0.20526728746786208,40016878,primary,8182365093,2283167672,0,False
129,1,0.8376725124903706,0.00280703369284842,0.9999438609020012,0.18844677109885133,1.0,True,1482.4236850478187,279.357956847722,279.357956847722,279.71873604639313,0.18844677109885136,26764975,secondary,3725789268,3725656912,0,False
129,2,0.5559837767120859,139.8593121552465,0.06098140830771855,0.18844677109885133,1.0,True,1482.4236850478187,279.357956847722,284.2925252255048,284.6592442149687,0.18844677109885136,26764975,secondary,3042737264,3725789268,0,False
129,3,0.5559837368943523,139.85942098015425,0.06098127558194032,0.18844677109885133,1.0,True,1482.4236850478187,279.357956847722,155.5378914544154,155.73761007641815,0.18844677109885136,26764975,secondary,3725656912,293466258,0,False
129,4,0.5385014877139911,295.5936512619669,0.002707111647402817,0.18844677109885133,1.0,True,1482.4236850478187,279.357956847722,11.873986039757439,11.887847987245891,0.18844677109885136,26764975,secondary,293466258,3478668910,0,False
129,5,0.5383302974753597,307.4298412728927,0.0021364775186311106,0.18844677109885133,1.0,True,1482.4236850478187,279.357956847722,265.038636976774,265.0983937519271,0.18844677109885136,26764975,secondary,3478668910,3725652953,0,False
130,1,0.8613434433999647,1.1885088016164993,0.9765101093985256,0.3419520529020354,1.0,True,809.2005440449952,276.70778724563,276.70778724563,275.4356961229249,0.3419520529020354,875007028,secondary,8144976345,10207387801,0,False
130,2,0.5874954415601152,137.69153861044455,0.0636834365990273,0.3419520529020354,1.0,True,809.2005440449952,276.70778724563,37.532413348430204,37.359997179271986,0.3419520529020354,875007028,secondary,8144976343,8144976345,0,False
130,3,0.5774418999133114,175.04265816561548,0.03017163110968107,0.3419520529020354,1.0,True,809.2005440449952,276.70778724563,64.0240951230932,63.731396701673404,0.3419520529020354,875007028,secondary,9871576949,8144976343,0,False
130,4,0.5709236055577052,238.71505658739392,0.008443983257660265,0.3419520529020354,1.0,True,809.2005440449952,276.70778724563,255.99530457034086,254.82177618628165,0.3419520529020354,875007028,secondary,9882823386,9871576949,0,False
130,5,0.5684059207911092,493.50195958119684,5.17007023402724e-05,0.3419520529020354,1.0,True,809.2005440449952,276.70778724563,65.42149091582739,65.12085420413752,0.3419520529020354,875007028,secondary,8144976336,9882823386,0,False
131,1,0.8069082498330649,1.5605108223980977,0.9692717947841928,0.08063355698903542,1.0,True,3370.6660522044567,271.7887932114351,271.7887932114351,270.54968027403055,0.08063355698903543,865024250,primary,11968828664,11968828662,0,False
131,2,0.5362135418628384,135.1859037536845,0.06695610155010455,0.08063355698903542,1.0,True,3370.6660522044567,271.7887932114351,470.7998473595436,468.6802065299366,0.08063355698903543,865024250,primary,11968828662,11968762653,0,False
131,3,0.5362081365973843,135.1993603138396,0.06693808399859073,0.08063355698903542,1.0,True,3370.6660522044567,271.7887932114351,376.68953311359064,374.9780322467026,0.08063355698903543,865024250,primary,11968828665,11968828664,0,False
131,4,0.4589004104270706,10.265495528375125,0.8143948877164515,0.07290972056067546,1.0,False,3727.7442722503997,271.7887932114351,168.41358578498432,167.6471046674699,0.07290972056067545,865024248,primary,3724390838,11968828663,0,False
131,5,0.36804792769461975,33.51517687564353,0.5115532786082821,0.07290972056067546,1.0,False,3727.7442722503997,271.7887932114351,104.22244045695945,103.74543710055198,0.07290972056067545,865024248,primary,11968828661,3724390838,0,False
132,1,0.8636916838804589,1.8753827462070416,0.9631870445688417,0.3736778525490319,1.0,True,726.2538950417243,271.38499590456155,707.7644449991999,708.1890975333188,0.3736778525490319,1194663760,primary,2390658892,2392383590,0,False
132,2,0.5953727265145874,133.83446670014257,0.06879052001593687,0.3736778525490319,1.0,True,726.2538950417243,271.38499590456155,18.0413365136423,18.064797508405494,0.3736778525490319,1194663760,primary,2392383590,2392383587,0,False
132,3,0.519891806814329,10.159605376987981,0.8161214432824253,0.37527686914800695,1.0,False,723.159401006218,271.38499590456155,704.2067158098589,704.6200222777805,0.37527686914800695,1194663768,primary,8182317117,2390658944,0,False
132,4,0.29472985516122374,136.22300212491567,0.06558160443874121,0.37527686914800695,1.0,False,723.159401006218,271.38499590456155,18.56279173368109,18.5393787284374,0.37527686914800695,1194663768,primary,2392383591,8182317117,0,False
132,5,0.18899568519974397,346.00270795505986,0.0009877764419982437,0.9434967613357224,0.0,False,287.63744299488405,271.38499590456155,287.73069151096394,287.63744299488405,0.9434967613357224,236379724,tertiary,2444129240,2456406645,0,False
133,1,0.8441138401750421,0.08796982127080381,0.998242150405179,0.22320597526744138,1.0,True,1215.2050234138255,271.2410224009768,271.2410224009768,270.0319867701183,0.22320597526744135,876451409,primary,6609242520,3727013594,0,False
133,2,0.5647972501946386,135.01388640613408,0.06718685047050116,0.22320597526744138,1.0,True,1215.2050234138255,271.2410224009768,77.36311363034815,77.01992099106099,0.22320597526744135,876451409,primary,3727013594,8145580981,0,False
133,3,0.5647956590060095,135.01783373468703,0.06718154650840383,0.22320597526744138,1.0,True,1215.2050234138255,271.2410224009768,99.73088648072945,99.28931295813626,0.22320597526744135,876451409,primary,3727013278,6609242520,0,False
133,4,0.5489608099023826,212.0308115861646,0.014398716162981096,0.22320597526744138,1.0,True,1215.2050234138255,271.2410224009768,137.46960957416178,136.86365179533993,0.22320597526744135,876451409,primary,8145580981,4594206614,0,False
133,5,0.5474096292813799,234.27502874829605,0.009228114092972355,0.22320597526744138,1.0,True,1215.2050234138255,271.2410224009768,127.03219257785528,126.4673839451525,0.22320597526744135,876451409,primary,3727012991,3727013278,0,False
134,1,0.8748502521470463,0.28729815850383744,0.9942705133034575,0.382845490780045,1.0,True,708.4128526369825,271.21266624269725,271.21266624269725,269.9690042549727,0.382845490780045,1208491992,primary,3725790429,4814206874,0,False
134,2,0.5967376630097019,134.9828638870241,0.06722854951230986,0.382845490780045,1.0,True,708.4128526369825,271.21266624269725,159.21721425515156,158.48658160090042,0.382845490780045,1208491992,primary,2929034393,3725790429,0,False
134,3,0.5774170395787914,293.4363098569886,0.002826471409275034,0.382845490780045,1.0,True,708.4128526369825,271.21266624269725,281.24560459882736,279.95726678110947,0.382845490780045,1208491992,primary,293466257,2929034393,0,False
134,4,0.4802298024027795,13.268305354479043,0.7669251218481219,0.2507613292417147,1.0,False,1081.5569811454823,271.21266624269725,402.7893414285748,400.94252545410524,0.2507613292417147,1208986525,primary,4601195799,8157194822,0,False
134,5,0.4802082253805925,13.272994650604266,0.7668531984408318,0.2507613292417147,1.0,False,1081.5569811454823,271.21266624269725,15.036265493436083,14.967553841283022,0.2507613292417147,1208986525,primary,8156993031,4601195799,0,False
135,1,0.8046882281373107,4.890271190678114,0.9068253332039794,0.16320314088058419,1.0,True,1659.2079422068919,270.7879475421756,270.7879475421756,270.2984737273016,0.16320314088058419,478254539,primary,5415640148,8127692776,0,False
135,2,0.5531122845779815,134.23705798742236,0.06823885467288175,0.16320314088058419,1.0,True,1659.2079422068919,270.7879475421756,47.652299059876995,47.589165175634115,0.16320314088058419,478254539,primary,8127692776,4801496565,0,False
135,3,0.5529224916847231,134.70277055851113,0.06760621169535422,0.16320314088058419,1.0,True,1659.2079422068919,270.7879475421756,159.6654664959185,159.23275290293742,0.16320314088058419,478254539,primary,10287153450,5415640148,0,False
135,4,0.5405447655119847,181.81980694361127,0.026347124452893035,0.16320314088058419,1.0,True,1659.2079422068919,270.7879475421756,88.65158975243222,88.5434805326441,0.16320314088058419,478254539,primary,4801496565,7128018274,0,False
135,5,0.5339866214642833,270.3325114974739,0.004486644293888166,0.16320314088058419,1.0,True,1659.2079422068919,270.7879475421756,134.4403488200718,134.28913796899633,0.16320314088058419,478254539,primary,7128018274,4801591614,0,False
136,1,0.8241162815022716,0.12174051807169986,0.9975681513850627,0.12422918043376406,1.0,True,2164.753124922666,268.9255065505725,268.92550655057255,267.810143084444,0.12422918043376407,300173739,primary,3042737280,6956668970,0,False
136,2,0.5703343813585635,9.780129713855525,0.8223389719638663,0.6181634488470179,1.0,False,435.03948195605096,268.9255065505725,143.62049861956012,143.02541640138293,0.6181634488470179,464283097,primary,3042737290,2841381805,0,False
136,3,0.5512004655196983,13.816718262363127,0.758559252500982,0.6181634488470179,1.0,False,435.03948195605096,268.9255065505725,110.49759596628742,110.0390420958735,0.6181634488470179,464283097,primary,3722532411,3042737290,0,False
136,4,0.5454572756561764,133.8968117044545,0.06870479856474537,0.12422918043376406,1.0,True,2164.753124922666,268.9255065505725,106.61651682564306,106.17440343634554,0.12422918043376407,300173739,primary,3722532540,3042737280,0,False
136,5,0.5454510269656254,133.91197230960555,0.0686839695962422,0.12422918043376406,1.0,True,2164.753124922666,268.9255065505725,119.73370221974605,119.23373744520782,0.12422918043376407,300173739,primary,6956668970,2841381812,0,False
137,1,0.8394242399340388,0.03433639387165768,0.9993135078661887,0.1981509378709115,1.0,True,1343.3453532286426,266.18514162678645,266.18514162678645,265.2715671567347,0.1981509378709115,478371821,primary,7128301700,4720133094,0,False
137,2,0.5607841041797681,132.59787020054213,0.07051305535195238,0.1981509378709115,1.0,True,1343.3453532286426,266.18514162678645,98.05232146363187,97.71682722269598,0.1981509378709115,478371821,primary,4720133094,4720132984,0,False
137,3,0.560767352538023,132.637480543904,0.07045721654613572,0.1981509378709115,1.0,True,1343.3453532286426,266.18514162678645,23.679760027402146,23.59943773563193,0.1981509378709115,478371821,primary,3719620426,7128301700,0,False
137,4,0.5528156820532044,156.2332576202489,0.043951648263407264,0.1981509378709115,1.0,True,1343.3453532286426,266.18514162678645,71.30308057455646,71.064411698611,0.1981509378709115,478371821,primary,4719689709,3719620426,0,False
137,5,0.5428138803292,227.28703539349146,0.010612309183392262,0.1981509378709115,1.0,True,1343.3453532286426,266.18514162678645,89.54616692556367,89.23492757452088,0.1981509378709115,478371821,primary,4719689711,4719689709,0,False
138,1,0.8329224905370063,0.4747440614302626,0.9905500528291988,0.17878737344123355,1.0,True,1482.4236850478187,265.038636976774,265.038636976774,265.0983937519271,0.17878737344123358,26764975,secondary,3478668910,3725652953,0,False
138,2,0.5569549753671725,132.49495962158016,0.07065833559641924,0.17878737344123355,1.0,True,1482.4236850478187,265.038636976774,11.873986039757439,11.887847987245891,0.17878737344123358,26764975,secondary,293466258,3478668910,0,False
138,3,0.5569179998071458,132.5822525695448,0.0705350837296636,0.17878737344123355,1.0,True,1482.4236850478187,265.038636976774,37.05543543545771,37.0686589154325,0.17878737344123358,26764975,secondary,3725652953,6944073187,0,False
138,4,0.5526122167378937,143.957521508615,0.05618247349882361,0.17878737344123355,1.0,True,1482.4236850478187,265.038636976774,155.5378914544154,155.73761007641815,0.17878737344123358,26764975,secondary,3725656912,293466258,0,False
138,5,0.5458433531495914,169.6323100653896,0.033619594871149065,0.17878737344123355,1.0,True,1482.4236850478187,265.038636976774,58.92276020606376,58.94352480370612,0.17878737344123358,26764975,secondary,6944073187,293466264,0,False
139,1,0.8366196649275446,0.1578716738254917,0.9968475459744292,0.18782700567607868,1.0,True,1410.0672749719495,264.8487140598092,264.8487140598092,265.1919290523781,0.1878270056760787,875119268,secondary,3726941218,3726941220,0,True
139,2,0.8366196649275446,0.1578716738254917,0.9968475459744292,0.18782700567607868,1.0,True,1410.0672749719495,264.8487140598092,264.84871405980914,265.1919290523781,0.1878270056760787,875119268,secondary,3726941220,3726941218,0,True
139,3,0.5587234940075533,132.588000031725,0.07052697624112512,0.18782700567607868,1.0,True,1410.0672749719495,264.8487140598092,27.236696633896955,27.2719655600353,0.1878270056760787,875119268,secondary,3726941218,8145704186,0,True
139,4,0.5587234940075533,132.588000031725,0.07052697624112512,0.18782700567607868,1.0,True,1410.0672749719495,264.8487140598092,27.236696633896955,27.2719655600353,0.1878270056760787,875119268,secondary,8145704186,3726941218,0,True
139,5,0.5587231629332932,132.58878241994046,0.07052587266025778,0.18782700567607868,1.0,True,1410.0672749719495,264.8487140598092,195.7621185690046,196.01424030802485,0.1878270056760787,875119268,secondary,3726941220,10132690705,0,True
140,1,0.8366196649275446,0.1578716738254917,0.9968475459744292,0.18782700567607868,1.0,True,1410.0672749719495,264.84871405980914,264.8487140598092,265.1919290523781,0.18782700567607868,875119268,secondary,3726941218,3726941220,0,True
140,2,0.8366196649275446,0.1578716738254917,0.9968475459744292,0.18782700567607868,1.0,True,1410.0672749719495,264.84871405980914,264.84871405980914,265.1919290523781,0.18782700567607868,875119268,secondary,3726941220,3726941218,0,True
140,3,0.5587234940075533,132.588000031725,0.07052697624112512,0.18782700567607868,1.0,True,1410.0672749719495,264.84871405980914,27.236696633896955,27.2719655600353,0.18782700567607868,875119268,secondary,3726941218,8145704186,0,True
140,4,0.5587234940075533,132.588000031725,0.07052697624112512,0.18782700567607868,1.0,True,1410.0672749719495,264.84871405980914,27.236696633896955,27.2719655600353,0.18782700567607868,875119268,secondary,8145704186,3726941218,0,True
140,5,0.5587231629332932,132.58878241994046,0.07052587266025778,0.18782700567607868,1.0,True,1410.0672749719495,264.84871405980914,195.7621185690046,196.01424030802485,0.18782700567607868,875119268,secondary,3726941220,10132690705,0,True
141,1,0.8300027093237425,1.4646105413670438,0.9711326475270414,0.1933145753281507,1.0,True,1362.436793060552,263.37889006194814,263.37889006194814,262.1678819349427,0.1933145753281507,40016878,primary,3722327154,3722327026,0,False
141,2,0.5604880469448512,131.03601651863968,0.07275043959740385,0.1933145753281507,1.0,True,1362.436793060552,263.37889006194814,35.64559662480792,35.48195441156096,0.1933145753281507,40016878,primary,9833884594,3722327154,0,False
141,3,0.5604808485514505,131.05251030386285,0.07272644495273438,0.1933145753281507,1.0,True,1362.436793060552,263.37889006194814,46.4327438414846,46.219958136879505,0.1933145753281507,40016878,primary,3722327026,2283167656,0,False
141,4,0.5493981577927106,166.51252163839013,0.035784142423601686,0.1933145753281507,1.0,True,1362.436793060552,263.37889006194814,107.44946829037174,106.95515118137705,0.1933145753281507,40016878,primary,4719769348,9833884594,0,False
141,5,0.5473339650872353,177.18962907192807,0.0289035000720173,0.1933145753281507,1.0,True,1362.436793060552,263.37889006194814,130.71375905683067,130.19476257903693,0.1933145753281507,40016878,primary,2283167656,2703768573,0,False
142,1,0.8267178991030526,0.28273762016329496,0.9943612056153881,0.14204768709218032,1.0,True,1841.5532199164138,261.5883755462839,261.5883755462839,260.4702990829529,0.14204768709218032,1210277736,trunk,3725560599,8140701167,0,False
142,2,0.5505933827772296,130.22090686055827,0.0739461511959783,0.14204768709218032,1.0,True,1841.5532199164138,261.5883755462839,101.59319729986643,101.15997835940695,0.14204768709218032,1210277736;870242503;870242504,trunk,8140701167,8140750597,0,False
142,3,0.5505828897297993,130.2445626552819,0.07391117437121071,0.14204768709218032,1.0,True,1841.5532199164138,261.5883755462839,92.7720300853339,92.37177752299766,0.14204768709218032,1210277736,trunk,4593964306,3725560599,0,False
142,4,0.5319052201044813,222.61268929217528,0.01165227562015065,0.14204768709218032,1.0,True,1841.5532199164138,261.5883755462839,1393.69952816302,1387.5511649510563,0.14204768709218032,1210277736,trunk,6010327766,4593964306,0,False
142,5,0.49071171214925724,11.936184365230353,0.7876324851630511,0.2721098330017096,1.0,False,961.3337844525464,261.5883755462839,152.05069910225927,151.39817178543962,0.2721098330017096,605579942,trunk,8140526284,8140526242,0,False
143,1,0.8683243777797236,1.7507944029979836,0.9655900747826891,0.39323677672458485,1.0,True,664.5618482285919,261.33015913154424,261.33015913154424,260.14858246875895,0.39323677672458485,658700019,primary,4723483921,4723212636,0,False
143,2,0.6012515421567792,129.2823664186952,0.07534728937287413,0.39323677672458485,1.0,True,664.5618482285919,261.33015913154424,225.99675824669325,225.16131541710425,0.39323677672458485,658700019,primary,4715985536,4723483921,0,False
143,3,0.5789269992849426,348.90103012291627,0.0009321464667522242,0.39323677672458485,1.0,True,664.5618482285919,261.33015913154424,179.81871632556832,179.2519503427287,0.39323677672458485,746487560;658700019,primary,6167916393,4715985536,0,False
143,4,0.4932056328813695,9.110027332703904,0.8334341812182491,0.21587689257947376,1.0,False,1210.5517918520952,261.33015913154424,148.13991025918412,147.4838569968509,0.21587689257947376,1141889036,primary,293463370,293463385,0,False
143,5,0.4407211705396724,20.890602942088805,0.6584859734125921,0.21587689257947376,1.0,False,1210.5517918520952,261.33015913154424,84.94632813683664,84.55600727901778,0.21587689257947376,1141889036,primary,8145212885,293463370,0,False
144,1,0.8463241178177845,0.16210222950610334,0.996763205161598,0.23647578134652567,1.0,True,1104.2219654311466,261.1217520553267,261.1217520553267,259.9457754109768,0.2364757813465257,1208791977;876451410;1208986532,primary,3725790343,3725763413,0,False
144,2,0.6164547789966841,129.96954356425618,0.07431883416553123,0.4707956437351239,1.0,True,554.6392697767556,261.1217520553267,148.86151304509158,148.19115347085003,0.4707956437351239,1208986532,primary,293458413,3725790343,0,False
144,3,0.595310548118946,278.1393528435746,0.0038380645730706773,0.4707956437351239,1.0,True,554.6392697767556,261.1217520553267,147.16266881403016,146.50234089492875,0.4707956437351239,1208986532,primary,3725777494,293458413,0,False
144,4,0.5868117962349956,129.96038429981053,0.07433244952966865,0.3225603068804748,1.0,True,809.528471065368,261.1217520553267,180.57172746646995,179.76073586290843,0.3225603068804748,1208791977,primary,3725763413,3725763281,0,False
144,5,0.5651245548917896,309.6999698948216,0.0020416450523155862,0.3225603068804748,1.0,True,809.528471065368,261.1217520553267,233.20526151029617,232.1576030372136,0.3225603068804748,1208791977,primary,3725763281,4594183934,0,False
145,1,0.9939864091486599,0.8669456508419281,0.9828105408993273,0.9957162343943079,1.0,True,258.90745785257286,260.0213282753854,260.0213282753854,258.90745785257286,1.0043021952015254,874143073,secondary,8138167641,8144915386,0,False
145,2,0.6694148003426816,5.027215148240584,0.904345046358488,0.9905564321756766,1.0,False,257.5657992260461,260.0213282753854,258.68512961739776,257.5657992260461,1.0095335990132146,874159868,secondary,8144915386,8138167641,0,False
145,3,0.24891142870022476,128.09763895391094,0.07715392866248487,0.12882625050739635,1.0,False,33.49757277367074,260.0213282753854,17.431251754487167,17.353827388569375,7.762393115233813,875002335,secondary,8138167641,8144915390,0,True
145,4,0.24891142870022476,128.09763895391094,0.07715392866248487,0.12882625050739635,1.0,False,33.49757277367074,260.0213282753854,17.431251754487167,17.353827388569375,7.762393115233813,875002335,secondary,8144915390,8138167641,0,True
145,5,0.242134245806102,145.4196717451642,0.05456331901540906,0.12882625050739635,1.0,False,33.49757277367074,260.0213282753854,16.21577233057809,16.14374538510136,7.762393115233813,875002335,secondary,8144915388,8144915390,0,True
146,1,0.9952852957606835,0.6457021506571783,0.9871689854449989,0.9956730006359191,1.0,True,257.5657992260461,258.68512961739776,258.68512961739776,257.5657992260461,1.004345803653727,874159868,secondary,8144915386,8138167641,0,False
146,2,0.6630468699102523,6.539877922128028,0.8773953777000435,0.9991412830011961,1.0,False,258.90745785257286,258.68512961739776,260.0213282753854,258.90745785257286,0.9991412830011961,874143073,secondary,8138167641,8144915386,0,False
146,3,0.24901790662807585,128.15515137524574,0.07706523349794336,0.12949168289346416,1.0,False,33.49757277367074,258.68512961739776,17.431251754487167,17.353827388569375,7.722503697961232,875002335,secondary,8138167641,8144915390,0,True
146,4,0.24901790662807585,128.15515137524574,0.07706523349794336,0.12949168289346416,1.0,False,33.49757277367074,258.68512961739776,17.431251754487167,17.353827388569375,7.722503697961232,875002335,secondary,8144915390,8138167641,0,True
146,5,0.24223914340711927,145.5058504469348,0.05446935609475474,0.12949168289346416,1.0,False,33.49757277367074,258.68512961739776,16.21577233057809,16.14374538510136,7.722503697961232,875002335,secondary,8144915388,8144915390,0,True
147,1,0.8383598582312981,0.48541058442176543,0.990338760869251,0.20629114985261424,1.0,True,1252.4763532371464,258.3747870725,258.3747870725,257.5489753051012,0.20629114985261426,466615091,primary,7127914070,8151563205,0,False
147,2,0.5641212207331727,128.71314976673654,0.07620996920883269,0.20629114985261424,1.0,True,1252.4763532371464,258.3747870725,122.8234166211612,122.43112252670204,0.20629114985261426,466615091,primary,8151563205,13505959712,0,False
147,3,0.5640789101171175,128.8057662910019,0.07606893382198197,0.20629114985261424,1.0,True,1252.4763532371464,258.3747870725,148.55381567814263,148.08092182828761,0.20629114985261426,466615091,primary,12558344054,7127914070,0,False
147,4,0.5432345224341871,251.12799391776767,0.006587641545547582,0.20629114985261424,1.0,True,1252.4763532371464,258.3747870725,130.77606279880447,130.35634761473943,0.20629114985261426,466615091,primary,13505959712,293458235,0,False
147,5,0.5424402306814995,276.8286977084678,0.003940002369922289,0.20629114985261424,1.0,True,1252.4763532371464,258.3747870725,185.0299778788576,184.42512705922866,0.20629114985261426,466615091,primary,4720203904,12558344054,0,False
148,1,0.9357013034350117,0.426112053336853,0.9915139702893473,0.6912355617410368,1.0,True,372.82437074712493,257.7094633441375,257.7094633441375,257.5084991018545,0.6912355617410368,170090974,primary,4716027739,293460471,0,False
148,2,0.6611137951247765,128.70507620390174,0.07622227592189706,0.6912355617410368,1.0,True,372.82437074712493,257.7094633441375,115.37873694307146,115.31587164527045,0.6912355617410368,1209004194;466600301;170090974,primary,293460471,4613676969,0,False
148,3,0.612132837605202,9.066117450880858,0.8341664226256167,0.8094145540875848,1.0,False,318.3899548663803,257.7094633441375,298.3569192516161,298.1359886630204,0.8094145540875848,466600299;466600300,primary,4613676974,10091564873,0,False
148,4,0.4002100745665985,159.07281717830023,0.0415251361987674,0.9387626685348415,1.0,False,241.9280235156244,257.7094633441375,62.7974093806127,62.676073172895705,1.0652319627928257,746487560,primary,4716027735,6167916393,0,False
148,5,0.40000128551847114,485.86828905334545,6.022844667879796e-05,0.9999160849223374,1.0,False,257.6878376345066,257.7094633441375,10.507526479490203,10.495665786613708,1.0000839221199938,279088740,primary,6947648488,12555910131,0,False
149,1,0.9055952151568865,3.0421933949716893,0.9409701439526279,0.6165208598554901,1.0,True,415.8455747799951,256.3774713304631,256.3774713304631,255.95424540200844,0.6165208598554901,368712589,secondary,3725591172,8144921986,0,True
149,2,0.9055952151568865,3.0421933949716897,0.9409701439526279,0.6165208598554901,1.0,True,415.8455747799951,256.3774713304631,256.37747133046304,255.95424540200847,0.6165208598554901,368712589,secondary,8144921986,3725591172,0,True
149,3,0.6494658498802117,121.97434049337322,0.08720559303037877,0.6165208598554901,1.0,True,415.8455747799951,256.3774713304631,51.56363902753378,51.32681926616527,0.6165208598554901,368712589,secondary,3725591166,3725591172,0,True
149,4,0.6494658498802117,121.97434049337322,0.08720559303037877,0.6165208598554901,1.0,True,415.8455747799951,256.3774713304631,51.56363902753378,51.32681926616527,0.6165208598554901,368712589,secondary,3725591172,3725591166,0,True
149,5,0.6471680096220469,126.57091152807821,0.07954612550316267,0.6165208598554901,1.0,True,415.8455747799951,256.3774713304631,6.8088486978099585,6.81208963305982,0.6165208598554901,368712589,secondary,8144921986,12901379733,0,True
150,1,0.9055952151636424,3.0421933937750394,0.9409701439751481,0.61652085985549,1.0,True,415.8455747799951,256.37747133046304,256.37747133046304,255.95424540200847,0.61652085985549,368712589,secondary,8144921986,3725591172,0,True
150,2,0.9055952151636424,3.04219339377504,0.9409701439751481,0.61652085985549,1.0,True,415.8455747799951,256.37747133046304,256.3774713304631,255.95424540200844,0.61652085985549,368712589,secondary,3725591172,8144921986,0,True
150,3,0.6494658498804555,121.97434049290699,0.08720559303119191,0.61652085985549,1.0,True,415.8455747799951,256.37747133046304,51.56363902753378,51.32681926616527,0.61652085985549,368712589,secondary,3725591166,3725591172,0,True
150,4,0.6494658498804555,121.97434049290699,0.08720559303119191,0.61652085985549,1.0,True,415.8455747799951,256.37747133046304,51.56363902753378,51.32681926616527,0.61652085985549,368712589,secondary,3725591172,3725591166,0,True
150,5,0.6471680096217087,126.57091152878657,0.07954612550203576,0.61652085985549,1.0,True,415.8455747799951,256.37747133046304,6.8088486978099585,6.81208963305982,0.61652085985549,368712589,secondary,8144921986,12901379733,0,True
151,1,0.8606270031507641,0.44264719101211175,0.9911861281013787,0.3163558236017528,1.0,True,809.2005440449952,255.9953045703409,255.99530457034086,254.82177618628165,0.3163558236017528,875007028,secondary,9882823386,9871576949,0,False
151,2,0.5867412917155317,127.4027026925022,0.07823375665060357,0.3163558236017528,1.0,True,809.2005440449952,255.9953045703409,64.0240951230932,63.731396701673404,0.3163558236017528,875007028,secondary,9871576949,8144976343,0,False
151,3,0.5867379276877469,127.4098698222228,0.07822254322465466,0.3163558236017528,1.0,True,809.2005440449952,255.9953045703409,65.42149091582739,65.12085420413752,0.3163558236017528,875007028,secondary,8144976336,9882823386,0,False
151,4,0.5698323644277838,191.13045030952148,0.021870665691444434,0.3163558236017528,1.0,True,809.2005440449952,255.9953045703409,37.532413348430204,37.359997179271986,0.3163558236017528,875007028,secondary,8144976343,8144976345,0,False
151,5,0.569652210906771,192.5225205839917,0.02127015395473481,0.3163558236017528,1.0,True,809.2005440449952,255.9953045703409,113.24174354350353,112.73082365070569,0.3163558236017528,875007028,secondary,8148598918,8144976336,0,False
152,1,0.8256555889901074,0.2927682568775498,0.9941617441029912,0.13703532879604963,1.0,True,1836.7713577385966,251.7025669308751,251.7025669308751,251.40680025490752,0.13703532879604963,874644320;874644321;219116706,primary,8141472796,11938897684,0,False
152,2,0.6124987732613298,125.7085095253072,0.0809300408671015,0.44109880500599674,1.0,True,570.6262725591678,251.7025669308751,145.65401368646457,145.45185496668086,0.44109880500599674,219116706,primary,2283167579,8141472796,0,False
152,3,0.5895478980806952,271.00026032085276,0.004427123598319699,0.44109880500599674,1.0,True,570.6262725591678,251.7025669308751,95.15575359778543,94.85421691465413,0.44109880500599674,219116706,primary,4714938984,2283167579,0,False
152,4,0.5884378055472768,361.34191859594006,0.0007268151535916202,0.44109880500599674,1.0,True,570.6262725591678,251.7025669308751,79.23224722302729,78.91340042292529,0.44109880500599674,219116706,primary,4714939533,4714938984,0,False
152,5,0.5574618091685367,125.686662250737,0.08096541061033974,0.16586092992717388,1.0,True,1517.5518854343366,251.7025669308751,180.7492962673884,180.54601168786502,0.16586092992717388,874644320,primary,11938897684,7128018275,0,False
153,1,0.9152579108313288,0.11182823257081712,0.9977659345957138,0.5796406522630734,1.0,True,433.39275815897963,251.21206102536337,251.21206102536337,250.32364051555078,0.5796406522630734,44949024;874594467,trunk,8141628265,4714939571,0,False
153,2,0.6949667551816872,125.17765337250464,0.08179386260638302,0.8521429819988614,1.0,True,294.8003637090319,251.21206102536337,25.409829690285584,25.317982480850148,0.8521429819988614,44949024,trunk,4714939571,13691293499,0,False
153,3,0.6852180460046193,150.49342063161166,0.04929816534949028,0.8521429819988614,1.0,True,294.8003637090319,251.21206102536337,19.228241899534655,19.15874071263093,0.8521429819988614,44949024,trunk,13691293499,8141472835,0,False
153,4,0.6537408757946142,125.14310591421136,0.08185039753665609,0.6459287826680864,1.0,True,388.9160349654985,251.21206102536337,139.0851430088607,138.59239444994776,0.6459287826680864,568707032;874594467;1210221828;374402719,trunk,4714939528,8141628265,0,False
153,5,0.5650357902717602,12.447736752619873,0.7796152618300064,0.6557560586137917,1.0,False,383.08767067498036,251.21206102536337,316.55579626022336,315.4367163238585,0.6557560586137917,874594465;874594466;459228551,trunk,8141628301,8141628231,0,False
154,1,0.8771615904183052,0.11198589365992073,0.9977627884233957,0.38916376945643216,1.0,True,643.9148295943573,250.58832229383628,364.99318958953035,363.34939608073364,0.38916376945643216,230574618;464845715,primary,8184439489,2390658892,0,False
154,2,0.594531095426833,7.882615216035758,0.8541467134663385,0.6914354069346577,1.0,False,362.41754440197116,250.58832229383628,81.15417079523998,80.78957841510564,0.6914354069346577,230574632,primary,2534722967,2443921877,0,False
154,3,0.580372242156751,238.59099421065983,0.008464960884881592,0.38916376945643216,1.0,True,643.9148295943573,250.58832229383628,114.98669279561967,114.47186259476346,0.38916376945643216,464845715,primary,2408583723,8184439489,0,False
154,4,0.578090120304438,353.0518476013368,0.0008578880438386733,0.38916376945643216,1.0,True,643.9148295943573,250.58832229383628,166.82460045758106,166.09357091886028,0.38916376945643216,464845715,primary,2365467030,2408583723,0,False
154,5,0.4756659927129298,39.05197952234675,0.45792970441999425,0.6914354069346577,1.0,False,362.41754440197116,250.58832229383628,86.92544872837664,86.53059823506788,0.6914354069346577,230574632,primary,8184439492,2534722967,0,False
155,1,0.822960422978033,0.41835734368076344,0.9916677602741969,0.12730047447886958,1.0,True,1962.4852799948158,249.8253073011373,249.82530730113726,248.68289301159436,0.12730047447886958,90617087,secondary,3711679014,8133212869,0,False
155,2,0.5505020778031204,124.16143709845589,0.08347327635782172,0.12730047447886958,1.0,True,1962.4852799948158,249.8253073011373,95.37223235604064,94.94295151771928,0.12730047447886958,90617087,secondary,3711673309,3711679014,0,False
155,3,0.5504147531348129,124.33609834590038,0.08318219413013006,0.12730047447886958,1.0,True,1962.4852799948158,249.8253073011373,10.808288013279602,10.758631614165791,0.12730047447886958,90617087,secondary,8133212869,3711679299,0,False
155,4,0.5455848098417546,135.09169078133777,0.06708238315326923,0.12730047447886958,1.0,True,1962.4852799948158,249.8253073011373,202.38056952074967,201.46394889728487,0.12730047447886958,90617087,secondary,3711679299,293464096,0,False
155,5,0.5292188983958834,218.9840892976251,0.012529345000364867,0.12730047447886958,1.0,True,1962.4852799948158,249.8253073011373,158.062135649042,157.35711141131176,0.12730047447886958,90617087,secondary,3711678597,3711673309,0,False
156,1,0.9670574469732567,1.5096706731542076,0.9702578544675455,0.8799004531649647,1.0,True,283.1975934032367,249.18569077073536,249.18569077073536,249.09483487419192,0.8799004531649647,1208795193,primary,2833482043,2833482024,0,False
156,2,0.7009806722929925,124.2441691829339,0.0833352721999984,0.8799004531649647,1.0,True,283.1975934032367,249.18569077073536,34.11207308976998,34.10275852904476,0.8799004531649647,1208795193,primary,2833482024,293452312,0,False
156,3,0.6244913642223124,13.312487527712914,0.766247732805581,0.9730852219031908,1.0,False,256.07797257815724,249.18569077073536,126.05982943747486,126.0008309345941,0.9730852219031908,1208791979,primary,293460604,6985773024,0,False
156,4,0.6242614272907301,13.362526176716012,0.7654812763669727,0.9730852219031908,1.0,False,256.07797257815724,249.18569077073536,130.17936963866217,130.07714164356315,0.9730852219031908,1208791979,primary,2833482027,293460604,0,False
156,5,0.3585913350469745,468.05784572894987,8.60005458550645e-05,0.7928276744160897,1.0,False,314.2999403423428,249.18569077073536,314.5600659883634,314.2999403423428,0.7928276744160897,466600308,primary,1812432278,2999157393,0,False
157,1,0.8509050350260217,1.5933824784504877,0.9686347728256158,0.30157301589168417,1.0,True,825.1068292039173,248.82995491585007,248.35228845213462,247.4523589488121,0.30157301589168417,478249498,secondary,293462780,1051669851,0,False
157,2,0.5858001931256323,123.28346411635647,0.08495196649098442,0.30157301589168417,1.0,True,825.1068292039173,248.82995491585007,6.39639243930277,6.37219347507629,0.30157301589168417,478249498,secondary,1051669851,4531816328,0,False
157,3,0.5856333916828955,123.61178629481235,0.08439596168186232,0.30157301589168417,1.0,True,825.1068292039173,248.82995491585007,141.3044004724377,140.83969457719215,0.30157301589168417,478249498,secondary,9771712112,293462780,0,False
157,4,0.5618307046394928,264.382013139584,0.005053671537186366,0.30157301589168417,1.0,True,825.1068292039173,248.82995491585007,21.829525007808254,21.75875289718953,0.30157301589168417,478249498,secondary,293462779,9771712112,0,False
157,5,0.5612959367304555,286.1312669755366,0.0032711118403954335,0.30157301589168417,1.0,True,825.1068292039173,248.82995491585007,121.32251713396718,120.94492466304393,0.30157301589168417,478249498,secondary,293462778,293462779,0,False
158,1,0.8295449786288773,1.1320247832511081,0.9776138770325201,0.1813040775956064,1.0,True,1341.5532112198066,243.22906750563075,243.22906750563075,242.4082752432934,0.1813040775956064,880075594,primary,8151182416,2283167591,0,False
158,2,0.5631728089484366,120.56052175100744,0.08970664476438431,0.1813040775956064,1.0,True,1341.5532112198066,243.22906750563075,41.27937230184729,41.18653989181096,0.1813040775956064,880075594,primary,2283167591,3719620255,0,False
158,3,0.5627683367125464,121.31769816565473,0.08835840397808366,0.1813040775956064,1.0,True,1341.5532112198066,243.22906750563075,73.45842669377163,73.2067890495208,0.1813040775956064,880075594,primary,3719620306,8151182416,0,False
158,4,0.5481900967973776,161.23932426342165,0.03976427092752132,0.1813040775956064,1.0,True,1341.5532112198066,243.22906750563075,80.27893588453611,80.1231992675021,0.1813040775956064,880075594,primary,3719620255,4719689702,0,False
158,5,0.5423939871579027,194.50352311495234,0.020443905462604738,0.1813040775956064,1.0,True,1341.5532112198066,243.22906750563075,160.32290359860772,159.7710111534966,0.1813040775956064,880075594,primary,2283167601,3719620306,0,False
159,1,0.9102055660429671,0.17271146905885792,0.9965517296059211,0.5562002358059537,1.0,True,434.87267766030374,241.87628586022743,241.87628586022745,241.79850626068247,0.5562002358059537,218526249,trunk,6608882862,2845389637,0,False
159,2,0.6379991659338142,120.84535853536654,0.08919706257541161,0.5562002358059537,1.0,True,434.87267766030374,241.87628586022743,193.157669389202,193.07417139962126,0.5562002358059537,218526249,trunk,2277623681,6608882862,0,False
159,3,0.5299368381790637,15.56756228426182,0.7324565584753783,0.5509993531822511,1.0,False,133.27367705911058,241.87628586022743,133.33738830461525,133.27367705911058,1.8148841631566042,280421147,trunk,4875425580,2277623663,0,False
159,4,0.34558362266652076,13.014619535721168,0.770826170435822,0.5716788576788707,0.0,False,423.09818285443157,241.87628586022743,116.7043033531915,116.19475286612428,0.5716788576788707,368412196,residential,3722532183,6608882878,0,True
159,5,0.34558362266652076,13.014619535721168,0.770826170435822,0.5716788576788707,0.0,False,423.09818285443157,241.87628586022743,116.7043033531915,116.19475286612428,0.5716788576788707,368412196,residential,6608882878,3722532183,0,True
160,1,0.9522200640759009,0.8089338716607465,0.9839514944202853,0.7851730787490768,1.0,True,306.7407125976789,240.8445496880053,240.84454968800534,239.7580855288612,0.7851730787490768,1014003072,secondary,2704039251,2704039249,0,False
160,2,0.684313779566651,119.88296470131229,0.09093054605611865,0.7851730787490768,1.0,True,306.7407125976789,240.8445496880053,67.28666428664424,66.98262706881772,0.7851730787490768,1014003072,secondary,2833045510,2704039251,0,False
160,3,0.4558171166960172,15.814455345843372,0.7288487045032552,0.18581252672520332,1.0,False,1296.169606714344,240.8445496880053,102.70736918888564,102.24298499369513,0.18581252672520332,746487579,secondary,293455110,293454248,0,False
160,4,0.45472740441766335,16.06426410475393,0.7252163302420757,0.18581252672520332,1.0,False,1296.169606714344,240.8445496880053,118.04024145184802,117.50754035899003,0.18581252672520332,746487579,secondary,293463176,293455110,0,False
160,5,0.380784022545696,16.06426410475393,0.7252163302420757,0.8160956173653663,0.0,False,295.11805303590927,240.8445496880053,96.92380681890234,97.03500957939015,0.8160956173653663,478069935,residential,293455110,293455233,0,True
161,1,0.8812761880131386,0.15599710945082565,0.9968849197729538,0.41105356040626206,1.0,True,582.4729071620802,239.4275623291592,239.42756232915917,239.5833565266379,0.41105356040626206,252236396,secondary,2583312044,8124328157,0,False
161,2,0.6095559125993903,119.76207224924055,0.09115066839379306,0.41105356040626206,1.0,True,582.4729071620802,239.4275623291592,76.21696737606669,76.2727022044529,0.41105356040626206,252236396,secondary,8124328157,3706277560,0,False
161,3,0.6095309473463013,119.80774142660448,0.09106745088349655,0.41105356040626206,1.0,True,582.4729071620802,239.4275623291592,55.796278333543576,55.832564011445825,0.41105356040626206,252236396,secondary,3706277462,2583312044,0,False
161,4,0.5911547168913779,175.6399510219439,0.02981334936708485,0.41105356040626206,1.0,True,582.4729071620802,239.4275623291592,118.35918056394559,118.43316044110112,0.41105356040626206,252236396,secondary,2583312029,3706277462,0,False
161,5,0.5881597348480809,196.02777547284086,0.01983007588942861,0.41105356040626206,1.0,True,582.4729071620802,239.4275623291592,19.590295445882393,19.60462251922569,0.41105356040626206,252236396,secondary,3706277560,2583312041,0,False
162,1,0.8530097220926622,0.9721016793421333,0.9807457438539842,0.29392999468233505,1.0,True,809.4926884594765,237.93418161428303,237.93418161428303,236.84012718427246,0.29392999468233505,174418041,secondary,293456470,293456370,0,False
162,2,0.5868915953617121,118.39068785528387,0.09368532141748363,0.29392999468233505,1.0,True,809.4926884594765,237.93418161428303,9.025674256062594,8.985539102430993,0.29392999468233505,174418041,secondary,10207387800,293456470,0,False
162,3,0.586889812474203,118.39385972189991,0.09367937845912003,0.29392999468233505,1.0,True,809.4926884594765,237.93418161428303,132.07449319061763,131.46992216488096,0.29392999468233505,174418041,secondary,293456370,9871576948,0,False
162,4,0.5608167329931115,249.76925713536153,0.006769113522148085,0.29392999468233505,1.0,True,809.4926884594765,237.93418161428303,49.56248633641165,49.33560751267318,0.29392999468233505,174418041,secondary,9871576948,293456654,0,False
162,5,0.5595432617813509,299.0913670667097,0.0025242094829463803,0.29392999468233505,1.0,True,809.4926884594765,237.93418161428303,165.64197366954426,164.88313121898872,0.29392999468233505,174418041,secondary,293456654,293456599,0,False
163,1,0.8310360856564183,0.5288946530179064,0.9894778561077087,0.17096364412052845,1.0,True,1373.6384883174383,234.8422416669632,234.84224166696316,233.7770093293865,0.17096364412052845,1352928435;368852567,primary,8146129652,3726941181,0,False
163,2,0.6676052577190396,116.01051029028679,0.09825293009714683,0.6906468934494775,1.0,True,340.0322855200716,234.8422416669632,106.12439266253057,106.25527619068511,0.6906468934494775,1352928435,primary,10116085882,8146129652,0,False
163,3,0.5660160500507447,116.8991116256748,0.09652220123240413,0.1852969484051176,1.0,True,1267.383212126753,234.8422416669632,487.360208526007,485.13044989166633,0.18529694840511762,368852567,primary,3726941181,3726926556,0,False
163,4,0.48061065626235433,10.407665442308259,0.8120825277327013,0.18492948971271975,1.0,False,1269.9015285868188,234.8422416669632,869.4487815342277,865.4803745188397,0.18492948971271975,414500083;875146659,primary,12435035117,8144915374,0,False
163,5,0.3338065256943711,155.00268696791068,0.04504678154338119,0.6014624561567834,1.0,False,390.4520378005885,234.8422416669632,97.01436508289387,97.13979411216272,0.6014624561567834,874159869,primary,9832455554,10116085882,0,False
164,1,0.7845503366307158,6.601659316347321,0.87631191302316,0.1082838136188389,1.0,True,2164.753124922666,234.40772390992504,234.40772390992504,233.5928662532582,0.1082838136188389,300173739,primary,4963335999,3042737289,0,False
164,2,0.5512965588436587,115.73322763990801,0.09879932039963663,0.1082838136188389,1.0,True,2164.753124922666,234.40772390992504,12.182355651138792,12.147111372058106,0.1082838136188389,300173739,primary,3042737299,4963335999,0,False
164,3,0.5509430179077748,116.33320875229337,0.09762085061335679,0.1082838136188389,1.0,True,2164.753124922666,234.40772390992504,8.265191554918248,8.231147731184466,0.1082838136188389,300173739,primary,3042737289,8156905203,0,False
164,4,0.5465085759865471,124.54258782272616,0.08283937754259767,0.1082838136188389,1.0,True,2164.753124922666,234.40772390992504,281.6606494291864,280.4902605187318,0.1082838136188389,300173739,primary,8156905203,3042737292,0,False
164,5,0.5449126246172511,127.86126249749843,0.07751953964494439,0.1082838136188389,1.0,True,2164.753124922666,234.40772390992504,173.52427150475398,172.95694202211297,0.1082838136188389,300173739,primary,8148670280,3042737299,0,False
165,1,0.8266029723940296,1.1008956639679415,0.9782227117175502,0.16568079439382238,1.0,True,1413.8082295902807,234.24087059904133,234.24087059904133,233.1720264329941,0.16568079439382238,762822065,primary,4714962014,11937077582,0,False
165,2,0.5626520542144742,115.94267657425736,0.09838631778569903,0.16568079439382238,1.0,True,1413.8082295902807,234.24087059904133,359.10287530431435,358.3824285602907,0.16568079439382238,762822065;478254538;478254539,primary,11937077582,4714962031,0,False
165,3,0.5622874428689126,116.56417575701485,0.09717094663382718,0.16568079439382238,1.0,True,1413.8082295902807,234.24087059904133,13.433537137942997,13.371677406312617,0.16568079439382238,762822065,primary,7242936306,4714962014,0,False
165,4,0.5554468555621166,129.9358119648361,0.07436898894450691,0.16568079439382238,1.0,True,1413.8082295902807,234.24087059904133,77.82599946376246,77.46768200164433,0.16568079439382238,762822065,primary,10635704868,7242936306,0,False
165,5,0.5378747118709685,207.40253307308575,0.015795176640680076,0.16568079439382238,1.0,True,1413.8082295902807,234.24087059904133,73.22170644508729,72.88459129470776,0.16568079439382238,762822065,primary,4714962027,10635704868,0,False
166,1,0.857614607380393,7.973338821184985e-05,0.9999984053335073,0.2880754289017035,1.0,True,809.528471065368,233.20526151029617,233.20526151029617,232.1576030372136,0.2880754289017035,1208791977,primary,3725763281,4594183934,0,False
166,2,0.5870507347645484,116.07879921869612,0.09811882994735922,0.2880754289017035,1.0,True,809.528471065368,233.20526151029617,100.9366843706595,100.48324657281375,0.2880754289017035,1208791977,primary,4594183934,4594183939,0,False
166,3,0.5870507320565419,116.07880381857223,0.09811882092067041,0.2880754289017035,1.0,True,809.528471065368,233.20526151029617,180.57172746646995,179.76073586290843,0.2880754289017035,1208791977,primary,3725763413,3725763281,0,False
166,4,0.5615604511230718,216.5620457794498,0.013151217809103779,0.2880754289017035,1.0,True,809.528471065368,233.20526151029617,37.34493381493272,37.18111018145543,0.2880754289017035,1208791977,primary,4594183939,293458410,0,False
166,5,0.558423570823809,295.81877869519485,0.002694950144894211,0.2880754289017035,1.0,True,809.528471065368,233.20526151029617,261.1217520553267,259.9457754109768,0.2880754289017035,1208791977;876451410;1208986532,primary,3725790343,3725763413,0,False
167,1,0.8302371820174448,0.39079517578514417,0.9922145612366569,0.1628640682322388,1.0,True,1413.8082295902807,230.2585599712922,230.2585599712922,229.19820467900237,0.16286406823223878,762822065,primary,4721819322,4715979365,0,False
167,2,0.5628943443278491,114.59622154706145,0.10107176893800474,0.1628640682322388,1.0,True,1413.8082295902807,230.2585599712922,201.6613876353403,200.73284922503623,0.16286406823223878,762822065,primary,4715979365,4714962026,0,False
167,3,0.5628940118036367,114.59676988025613,0.10107066052396345,0.1628640682322388,1.0,True,1413.8082295902807,230.2585599712922,127.5911283328734,127.00361072273344,0.16286406823223878,762822065,primary,4714962029,4721819322,0,False
167,4,0.5349640192006364,241.59924099546313,0.007970685180628673,0.1628640682322388,1.0,True,1413.8082295902807,230.2585599712922,52.46201832942616,52.2205570074144,0.16286406823223878,762822065,primary,4714962030,4714962029,0,False
167,5,0.5334143876654975,293.8131891516136,0.0028052467301661124,0.1628640682322388,1.0,True,1413.8082295902807,230.2585599712922,19.327068543988034,19.2380814800305,0.16286406823223878,762822065,primary,7128134805,4714962030,0,False
168,1,0.8575016895341705,0.12442068432150627,0.9975146798483772,0.2912364278982868,1.0,True,787.6883688992932,229.40354685525816,320.78471062926695,321.17446838537944,0.2912364278982868,478254522,secondary,8151182351,8151182352,0,False
168,2,0.5884222174106071,114.83854833993068,0.10058310610316573,0.2912364278982868,1.0,True,787.6883688992932,229.40354685525816,147.10275142333163,147.28393449669312,0.2912364278982868,478254522,secondary,8151182352,9757587446,0,False
168,3,0.5630881851732601,206.33409523759227,0.016136331978675738,0.2912364278982868,1.0,True,787.6883688992932,229.40354685525816,156.09773242417683,156.2880353520153,0.2912364278982868,478254522;1013619973,secondary,2703797734,8151182351,0,False
168,4,0.5598395537782606,261.9311467481776,0.005307560662010892,0.2912364278982868,1.0,True,787.6883688992932,229.40354685525816,16.15845321059232,16.178394341113254,0.2912364278982868,478254522,secondary,9757587446,4620986372,0,False
168,5,0.5593993917639841,278.10953713677407,0.003840353947755927,0.2912364278982868,1.0,True,787.6883688992932,229.40354685525816,146.58324779630186,146.76353632409214,0.2912364278982868,478254522,secondary,4620986372,4613766154,0,False
169,1,0.9526132541239551,0.29142332517974584,0.9941884860554984,0.7717835415365281,1.0,True,296.95408320804904,229.18427401204093,229.18427401204093,229.48417786171518,0.7717835415365281,1208785499,primary,6604456762,6604456761,0,False
169,2,0.684591871814183,114.73884365390163,0.10078387835625777,0.7717835415365281,1.0,True,296.95408320804904,229.18427401204093,67.3815774180633,67.46990534633385,0.7717835415365281,1208785499,primary,3725790551,6604456762,0,False
169,3,0.6391101229989615,8.913932946482479,0.8367092345004663,0.9404867632441083,1.0,False,243.68686829944778,229.18427401204093,171.28074451744112,171.5049529404094,0.9404867632441083,1208491977,primary,3726939998,6604456763,0,False
169,4,0.41823575114355627,114.8991209206287,0.100461328315782,0.9404867632441083,1.0,False,243.68686829944778,229.18427401204093,72.08758016553178,72.1819153590384,0.9404867632441083,1208491977,primary,6604456763,3726939997,0,False
169,5,0.34529237015745534,57.64549454710778,0.31571673016796703,0.252886755535326,1.0,False,57.95766747462418,229.18427401204093,57.8818688977715,57.95766747462418,3.9543391581861975,1208785498,primary,6604456764,3726939998,0,False
170,1,0.8206152154767052,0.05390348572833345,0.998922511193816,0.10469231059280237,1.0,True,2164.753124922666,226.6330065111433,226.63300651114326,225.59362799326917,0.10469231059280239,300173739,primary,8154498079,3042737256,0,False
170,2,0.5523722452680613,112.79496318114455,0.10477927716500297,0.10469231059280237,1.0,True,2164.753124922666,226.6330065111433,11.543575832659396,11.49061030065107,0.10469231059280239,300173739,primary,3042737264,8154498079,0,False
170,3,0.5523708350523626,112.79720638446231,0.10477457644600706,0.10469231059280237,1.0,True,2164.753124922666,226.6330065111433,223.65607911388247,222.6306171585366,0.10469231059280239,300173739,primary,3042737256,12438735280,0,False
170,4,0.5213047738235392,335.4026564870156,0.0012210390165956551,0.10469231059280237,1.0,True,2164.753124922666,226.6330065111433,180.62078068781472,179.7931882107846,0.10469231059280239,300173739,primary,12438735280,3042737291,0,False
170,5,0.28880210496958614,124.60906843911029,0.0827293064771382,0.3199165651322232,1.0,False,708.4128526369825,226.6330065111433,281.24560459882736,279.95726678110947,0.3199165651322233,1208491992,primary,293466257,2929034393,0,False
171,1,0.8343932722688119,1.2536410117648125,0.9752388923169194,0.2091080228686797,1.0,True,1083.4949319913956,226.5674830169553,226.56748301695535,225.52832671652646,0.2091080228686797,478257594,primary,293463605,3714913947,0,False
171,2,0.5734458640310602,112.49289721259383,0.10541419819108096,0.2091080228686797,1.0,True,1083.4949319913956,226.5674830169553,12.525842238223227,12.473889038330409,0.2091080228686797,478257594,primary,11937077581,293463605,0,False
171,3,0.5732917007668188,112.73723534623939,0.10490032064360981,0.2091080228686797,1.0,True,1083.4949319913956,226.5674830169553,81.664320714453,81.28835155948339,0.2091080228686797,478257594,primary,3714913947,293464343,0,False
171,4,0.5666327648695015,124.62444553921156,0.08270386765255204,0.2091080228686797,1.0,True,1083.4949319913956,226.5674830169553,25.920451361542135,25.815957893662933,0.2091080228686797,478257594,primary,4714962006,11937077581,0,False
171,5,0.548014894591809,194.01580119078267,0.020644300060243443,0.2091080228686797,1.0,True,1083.4949319913956,226.5674830169553,7.93976773021785,7.903204028294181,0.2091080228686797,478257594,primary,293464343,8124335766,0,False
172,1,0.8563606394154635,0.7656351303836882,0.9848039406892397,0.3045972860434582,1.0,True,743.3704460028529,226.42862037738408,226.42862037738408,225.42490014944116,0.3045972860434582,877821612,trunk,8156540160,8156683692,0,False
172,2,0.5924534582624452,112.63580562122415,0.10511333684584553,0.3045972860434582,1.0,True,743.3704460028529,226.42862037738408,477.83493701131704,475.74508676427035,0.3045972860434582,870242497;877821612;870242502,trunk,8156683692,8141521597,0,False
172,3,0.592415956597254,112.69530327609486,0.10498833129520788,0.3045972860434582,1.0,True,743.3704460028529,226.42862037738408,42.395022906313855,42.200459089141354,0.3045972860434582,870242498;877821611;877821612,trunk,4593969164,8156540160,0,False
172,4,0.49893930397290676,9.942151244101087,0.8196785523719904,0.2651786913065481,1.0,False,853.871852454507,226.42862037738408,290.3974828028281,289.07682402536585,0.2651786913065481,877821609;877821610;870242499,trunk,4593964324,8167025447,0,False
172,5,0.4400724970553408,17.817974097150067,0.7002208582313694,0.15003119792964978,1.0,False,1509.2102409497347,226.42862037738408,567.271621111069,564.7950284291412,0.15003119792964978,877821610;870242500;870242503,trunk,3725561095,4593964324,0,False
173,1,0.8391416340220592,5.059595704022036,0.9037595720543982,0.34006881202869815,1.0,True,664.5618482285919,225.99675824669325,225.99675824669325,225.16131541710425,0.34006881202869815,658700019,primary,4715985536,4723483921,0,False
173,2,0.6002926306122729,111.46848468123028,0.10759622735511092,0.34006881202869815,1.0,True,664.5618482285919,225.99675824669325,179.81871632556832,179.2519503427287,0.34006881202869815,746487560;658700019,primary,6167916393,4715985536,0,False
173,3,0.6001838367497665,111.63729112170722,0.1072335811467563,0.34006881202869815,1.0,True,664.5618482285919,225.99675824669325,261.33015913154424,260.14858246875895,0.34006881202869815,658700019,primary,4723483921,4723212636,0,False
173,4,0.4529239120654736,16.521104747777372,0.7186203433848299,0.18668904525012298,1.0,False,1210.5517918520952,225.99675824669325,165.612525504467,164.96554902664965,0.18668904525012298,1141889036,primary,9923995138,293463471,0,False
173,5,0.3882540620406885,267.50460494515823,0.004747713720049153,0.9341487396233688,1.0,False,241.9280235156244,225.99675824669325,62.7974093806127,62.676073172895705,0.9341487396233688,746487560,primary,4716027735,6167916393,0,False
174,1,0.8453013993171208,0.028448917535969037,0.999431183486767,0.22736022135545383,1.0,True,993.1015644652255,225.7917915252612,225.7917915252612,224.77060623678193,0.22736022135545386,746487577,secondary,2704039244,2704039243,0,False
174,2,0.5771682225189114,112.37931805232822,0.10565392749273562,0.22736022135545383,1.0,True,993.1015644652255,225.7917915252612,52.43746632909585,52.201616504108,0.22736022135545386,746487577,secondary,2704039245,2704039244,0,False
174,3,0.5771626482629797,112.38811208753438,0.10563534663962947,0.22736022135545383,1.0,True,993.1015644652255,225.7917915252612,224.0007977529587,222.98986650363886,0.22736022135545386,746487577,secondary,2704039243,2703794068,0,False
174,4,0.556631087469354,164.57661281505676,0.037196810660877405,0.22736022135545383,1.0,True,993.1015644652255,225.7917915252612,83.72572980996324,83.35143827404781,0.22736022135545386,746487577,secondary,2704039246,2704039245,0,False
174,5,0.5475798247964441,247.90734822524857,0.007025935084511076,0.22736022135545383,1.0,True,993.1015644652255,225.7917915252612,122.46931259961792,121.91518949261406,0.22736022135545386,746487577,secondary,2704039247,2704039246,0,False
175,1,0.8319457674066513,0.44928812531546414,0.9910544888044692,0.1731471038265528,1.0,True,1296.169606714344,224.42801347059057,224.42801347059057,223.42242384634986,0.17314710382655277,746487579,secondary,299492240,293463031,0,False
175,2,0.5667605613604296,111.69784013886446,0.10710380198373005,0.1731471038265528,1.0,True,1296.169606714344,224.42801347059057,399.9348179885905,398.1286396131627,0.17314710382655277,746487579,secondary,293463031,293463176,0,False
175,3,0.5667489100711737,111.71597426362182,0.107064964352877,0.1731471038265528,1.0,True,1296.169606714344,224.42801347059057,101.53815345123046,101.08070900509121,0.17314710382655277,746487579,secondary,9911548099,299492240,0,False
175,4,0.5388836041786605,212.79398216522767,0.014180611377833226,0.1731471038265528,1.0,True,1296.169606714344,224.42801347059057,122.5010438093988,121.94914688217729,0.17314710382655277,746487579,secondary,5338412716,9911548099,0,False
175,5,0.5350006042893833,334.7420569645626,0.001237278413575815,0.1731471038265528,1.0,True,1296.169606714344,224.42801347059057,144.40599390338113,143.75630099285797,0.17314710382655277,746487578;746487579;879562788,secondary,10110997385,5338412716,0,False
176,1,0.8451111643251394,3.2169336357133454e-05,0.9999993566134798,0.2255567867054773,1.0,True,993.1015644652255,224.0007977529587,224.0007977529587,222.98986650363886,0.22555678670547732,746487577,secondary,2704039243,2703794068,0,False
176,2,0.5773731754890186,111.4949022171598,0.10753939382641017,0.2255567867054773,1.0,True,993.1015644652255,224.0007977529587,148.87162109870007,148.20263620701337,0.22555678670547732,746487576;746487577;879562787,secondary,2703794068,5875519688,0,False
176,3,0.5773731357523932,111.4949638018007,0.10753926137099278,0.2255567867054773,1.0,True,993.1015644652255,224.0007977529587,225.7917915252612,224.77060623678193,0.22555678670547732,746487577,secondary,2704039244,2704039243,0,False
176,4,0.5454714413561619,336.26001871156603,0.001200280050221537,0.2255567867054773,1.0,True,993.1015644652255,224.0007977529587,52.43746632909585,52.201616504108,0.22555678670547732,746487577,secondary,2704039245,2704039244,0,False
176,5,0.5452381313970588,388.4565669268529,0.00042258018654453496,0.2255567867054773,1.0,True,993.1015644652255,224.0007977529587,83.72572980996324,83.35143827404781,0.22555678670547732,746487577,secondary,2704039246,2704039245,0,False
177,1,0.8202082991428756,0.07591205940457696,0.9984829107570105,0.10331712957886244,1.0,True,2164.753124922666,223.65607911388247,223.65607911388247,222.6306171585366,0.10331712957886245,300173739,primary,3042737256,12438735280,0,False
177,2,0.5530552753797565,111.29378216289797,0.10797283154661341,0.10331712957886244,1.0,True,2164.753124922666,223.65607911388247,180.62078068781472,179.7931882107846,0.10331712957886245,300173739,primary,12438735280,3042737291,0,False
177,3,0.5530419844200196,111.3143022743815,0.10792852834749048,0.10331712957886244,1.0,True,2164.753124922666,223.65607911388247,226.63300651114326,225.59362799326917,0.10331712957886245,300173739,primary,8154498079,3042737256,0,False
177,4,0.5215522486034869,291.0819994703677,0.0029627422923814216,0.10331712957886244,1.0,True,2164.753124922666,223.65607911388247,115.08979365749289,114.58546551237515,0.10331712957886245,300173739,primary,3042737291,3042737273,0,False
177,5,0.5210188910258547,336.90553262199313,0.0011848837002742766,0.10331712957886244,1.0,True,2164.753124922666,223.65607911388247,11.543575832659396,11.49061030065107,0.10331712957886245,300173739,primary,3042737264,8154498079,0,False
178,1,0.737413952313698,16.153741764370857,0.7239196776036333,0.10119024516304005,1.0,True,2203.380084120088,222.96057089947155,222.96057089947155,222.34493095566063,0.10119024516304005,26754491,secondary,10165916006,6944073197,0,False
178,2,0.5712016384060309,88.63355153792328,0.16987863124474292,0.10119024516304005,1.0,True,2203.380084120088,222.96057089947155,301.84731400627015,302.05654035411743,0.10119024516304005,26754491,secondary,6944073197,6944073198,0,False
178,3,0.5583776160694469,103.12651132464042,0.12713189012279605,0.10119024516304005,1.0,True,2203.380084120088,222.96057089947155,26.74505823085657,26.62469532319324,0.10119024516304005,26754491,secondary,9798857326,10165916006,0,False
178,4,0.5426994321269698,129.59924734526072,0.07487127698120616,0.10119024516304005,1.0,True,2203.380084120088,222.96057089947155,384.2460579503212,382.49709445447127,0.10119024516304005,26754491,secondary,293466286,9798857326,0,False
178,5,0.5203905910060758,379.20489798034913,0.0005084732448926171,0.10119024516304005,1.0,True,2203.380084120088,222.96057089947155,76.85837924965404,76.89131976337319,0.10119024516304005,26754491,secondary,6944073198,9781361238,0,False
179,1,0.8474059810411088,0.43644687889776573,0.9913090489898527,0.25006633172076453,1.0,True,890.5508505122658,222.69678439840925,222.6986389103081,222.96937231672064,0.25006633172076453,26754699,secondary,293457398,8151563183,0,False
179,2,0.5822872069610023,111.47611810537295,0.10757980205616449,0.25006633172076453,1.0,True,890.5508505122658,222.69678439840925,186.10219270450244,186.32887691342498,0.25006633172076453,26754699,secondary,293457280,293457398,0,False
179,3,0.5822801015914927,111.4871272223894,0.1075561174911328,0.25006633172076453,1.0,True,890.5508505122658,222.69678439840925,77.68858521384426,77.78261022713752,0.25006633172076453,26754699,secondary,8151563183,293457075,0,False
179,4,0.556825792710994,189.25097221561674,0.02270842122280361,0.25006633172076453,1.0,True,890.5508505122658,222.69678439840925,163.5295448295978,163.7342954632144,0.25006633172076453,26754699,secondary,293457075,293463159,0,False
179,5,0.5507905209022816,297.78849201430273,0.0025908485270956533,0.25006633172076453,1.0,True,890.5508505122658,222.69678439840925,77.10456891854011,77.2023356564645,0.25006633172076453,26754699,secondary,293457277,293457280,0,False
180,1,0.8530989868608243,0.3829164681276746,0.9923709209246854,0.27693855291709346,1.0,True,803.7239090702778,222.5821363227924,222.5821363227924,221.58482494259636,0.2769385529170935,1208795197,primary,6604385665,10168649545,0,False
180,2,0.5881662814669434,110.70037497494067,0.10926190294508235,0.27693855291709346,1.0,True,803.7239090702778,222.5821363227924,16.418206775089534,16.34582659496915,0.2769385529170935,1208795197,primary,6604385664,6604385665,0,False
180,3,0.5880953174418411,110.8087399083156,0.10902535619474145,0.27693855291709346,1.0,True,803.7239090702778,222.5821363227924,45.78244142678901,45.57624461982449,0.2769385529170935,1208795197,primary,10168649545,10230224084,0,False
180,4,0.568533301525538,156.38480309136074,0.04381863647373126,0.27693855291709346,1.0,True,803.7239090702778,222.5821363227924,40.868674370827016,40.68463869773061,0.2769385529170935,1208795197,primary,10230224084,10113293654,0,False
180,5,0.5612140837394948,197.06938840184395,0.01942124385358677,0.27693855291709346,1.0,True,803.7239090702778,222.5821363227924,48.32835253231166,48.110729693534836,0.2769385529170935,1208795197,primary,10113293654,10230224085,0,False
181,1,0.8413219024818535,8.796201782312058e-05,0.999998240761191,0.20661215126748061,1.0,True,1052.2865127067323,217.41518014009304,217.41518014009304,216.44560361682102,0.20661215126748061,456959535,secondary,293457275,293457276,0,False
181,2,0.5757661452160934,108.22279666213684,0.11481238320865758,0.20661215126748061,1.0,True,1052.2865127067323,217.41518014009304,97.10180814796915,96.66531100517193,0.20661215126748061,456959535,secondary,293457276,2703797732,0,False
181,3,0.5757661381257735,108.2228069547557,0.11481235957425798,0.20661215126748061,1.0,True,1052.2865127067323,217.41518014009304,30.24610138599581,30.114363612167015,0.20661215126748061,456959535,secondary,2703790424,293457275,0,False
181,4,0.560193519861977,138.30756870225153,0.06290363202826964,0.20661215126748061,1.0,True,1052.2865127067323,217.41518014009304,32.643257749863665,32.502885713414344,0.20661215126748061,456959535,secondary,8151376713,2703790424,0,False
181,5,0.5511832886937449,170.76046234629308,0.03286952813416242,0.20661215126748061,1.0,True,1052.2865127067323,217.41518014009304,111.69660217078163,111.22534701753753,0.20661215126748061,456959535,secondary,10128190730,8151376713,0,False
182,1,0.8266606754780785,0.23781080051074857,0.9952550768742597,0.14042076207900264,1.0,True,1544.979758064063,216.94723502398884,216.94723502398884,215.97270933118028,0.14042076207900264,464650415,primary,3718108687,4601752550,0,False
182,2,0.5626956288898748,107.97985787936723,0.11537158824691413,0.14042076207900264,1.0,True,1544.979758064063,216.94723502398884,813.4667803841377,809.9072058461466,0.14042076207900264,464650415,primary,2841381803,3718108687,0,False
182,3,0.5626887872571864,107.98974233051678,0.11534878280461978,0.14042076207900264,1.0,True,1544.979758064063,216.94723502398884,66.24445559444874,65.94614683964967,0.14042076207900264,464650415,primary,4601752550,8145147226,0,False
182,4,0.5373382986277544,173.9355392215436,0.030847154039846125,0.14042076207900264,1.0,True,1544.979758064063,216.94723502398884,168.96413026723744,168.19663906928685,0.14042076207900264,464650415,primary,8145147226,293462245,0,False
182,5,0.528406921445558,341.730038217815,0.001075896765858188,0.14042076207900264,1.0,True,1544.979758064063,216.94723502398884,49.39521181636477,49.16916632973612,0.14042076207900264,464650415,primary,293462245,293462011,0,False
183,1,0.7862411532850077,6.357439623999062,0.8806026357986951,0.11030181272699562,1.0,True,1962.4852799948158,216.4656838334737,216.46568383347366,215.51668636039523,0.1103018127269956,90617087,secondary,3711679549,3718134030,0,False
183,2,0.5579021586880196,106.23338861093532,0.11947265380873494,0.11030181272699562,1.0,True,1962.4852799948158,216.4656838334737,687.0880641753015,685.631618827035,0.1103018127269956,1238285688;90617087,secondary,3718134030,3718134117,0,False
183,3,0.5574161370707864,106.91603713718598,0.11785258175129121,0.11030181272699562,1.0,True,1962.4852799948158,216.4656838334737,38.33445489835921,38.1603724173065,0.1103018127269956,90617087,secondary,293464096,3711679549,0,False
183,4,0.5385700559489515,144.9917393622366,0.05503231134517423,0.11030181272699562,1.0,True,1962.4852799948158,216.4656838334737,202.38056952074967,201.46394889728487,0.1103018127269956,90617087,secondary,3711679299,293464096,0,False
183,5,0.5223555892202293,346.18971515517995,0.0009840889161005584,0.11030181272699562,1.0,True,1962.4852799948158,216.4656838334737,10.808288013279602,10.758631614165791,0.1103018127269956,90617087,secondary,8133212869,3711679299,0,False
184,1,0.824472072405454,0.5803631800527396,0.988459840799335,0.13967060082826743,1.0,True,1547.913794265329,216.19804967540165,216.19804967540165,215.20992432613005,0.13967060082826743,464650412,primary,3719506256,12525781148,0,False
184,2,0.5628304868718601,107.56998783532815,0.1163212223540218,0.13967060082826743,1.0,True,1547.913794265329,216.19804967540165,84.67161784538443,84.28615204481639,0.13967060082826743,464650412,primary,12525781148,6949998010,0,False
184,3,0.5628139694839813,107.593659781341,0.11626616439442637,0.13967060082826743,1.0,True,1547.913794265329,216.19804967540165,45.29360314478454,45.08668185349089,0.13967060082826743,464650412,primary,8153654914,3719506256,0,False
184,4,0.5420912080330846,152.67835333105407,0.04719029289143696,0.13967060082826743,1.0,True,1547.913794265329,216.19804967540165,9.792975434793687,9.748457218128399,0.13967060082826743,464650412,primary,293462947,8153654914,0,False
184,5,0.5344715123552163,191.31220682407002,0.02179130729854264,0.13967060082826743,1.0,True,1547.913794265329,216.19804967540165,127.211601170194,126.6347050751721,0.13967060082826743,464650412,primary,6949998010,4601752551,0,False
185,1,0.8430112327407131,0.037077617159526136,0.9992587225387977,0.21616807989536904,1.0,True,999.5214033771465,216.0646225823624,216.0646225823624,215.08779906024705,0.21616807989536904,869997541,primary,8137990582,3725791491,0,False
185,2,0.5781548981146905,107.53430139947558,0.11640427378538856,0.21616807989536904,1.0,True,999.5214033771465,216.0646225823624,159.80658112838552,159.08584965895915,0.21616807989536904,869997541,primary,3725791491,3725791505,0,False
185,3,0.578151315126778,107.53943175482974,0.11639233049234717,0.21616807989536904,1.0,True,999.5214033771465,216.0646225823624,356.9228028032657,355.31811438081246,0.21616807989536904,865024248;869997541,primary,11968828666,8137990582,0,False
185,4,0.544684431938657,266.5828172875116,0.004836053198610785,0.21616807989536904,1.0,True,999.5214033771465,216.0646225823624,141.60397027911924,140.96568221099233,0.21616807989536904,869997541,primary,3725791505,3184374603,0,False
185,5,0.5433201687351557,407.539181435615,0.00028850918693942287,0.21616807989536904,1.0,True,999.5214033771465,216.0646225823624,129.65559817577272,129.06395806613565,0.21616807989536904,869997541,primary,3184374603,3184374604,0,False
186,1,0.8127063345205432,0.008552431674924265,0.999828965994485,0.0637882236109888,1.0,True,3370.6660522044567,215.00879985598672,215.00879985598672,214.0497337891063,0.06378822361098879,865024250,primary,11968762653,8133341954,0,False
186,2,0.5480392629751928,107.02101878602444,0.11760539417665007,0.0637882236109888,1.0,True,3370.6660522044567,215.00879985598672,470.7998473595436,468.6802065299366,0.06378822361098879,865024250,primary,11968828662,11968762653,0,False
186,3,0.5480392347662186,107.0210587629116,0.11760530014673623,0.0637882236109888,1.0,True,3370.6660522044567,215.00879985598672,23.051266136143,22.94805095137732,0.06378822361098879,865024250,primary,8133341954,2390713001,0,False
186,4,0.5350539583532725,129.96805589392798,0.07432104543691578,0.0637882236109888,1.0,True,3370.6660522044567,215.00879985598672,15.439958359751682,15.370360738265092,0.06378822361098879,865024250,primary,2390713001,2444313625,0,False
186,5,0.5291552720635168,145.33229123011014,0.054658757804396677,0.0637882236109888,1.0,True,3370.6660522044567,215.00879985598672,16.668299142753842,16.59313642292897,0.06378822361098879,865024250,primary,2444313625,8133341955,0,False
187,1,0.8645538960423826,1.3390976357561202,0.9735735034409826,0.3624092250504387,1.0,True,592.9542372542344,214.89208561368105,214.89208561368102,214.8728732693868,0.3624092250504387,26754165,primary,6985773024,10578971222,0,False
187,2,0.6075564153467456,107.31530492942628,0.11691523445552633,0.3624092250504387,1.0,True,592.9542372542344,214.89208561368105,89.08820782665019,89.11314853051265,0.3624092250504387,26754165,primary,10578971222,10578971213,0,False
187,3,0.5783974281651535,196.30961964471385,0.01971861051688588,0.3624092250504387,1.0,True,592.9542372542344,214.89208561368105,95.81974142698189,95.86649000880422,0.3624092250504387,26754165,primary,10578971213,10578971202,0,False
187,4,0.5733553812672735,291.9494058492738,0.0029117875239524976,0.3624092250504387,1.0,True,592.9542372542344,214.89208561368105,92.23755962183581,92.29608311210261,0.3624092250504387,26754165,primary,10578971202,293464998,0,False
187,5,0.5726205974816593,383.9423094021124,0.0004625082385717914,0.3624092250504387,1.0,True,592.9542372542344,214.89208561368105,100.7106938148192,100.80564233342811,0.3624092250504387,26754165,primary,293464998,293464993,0,False
188,1,0.8571752735847065,0.05754369159565531,0.9988497881693911,0.2876016856694455,1.0,True,744.9722300237528,214.2552691317572,214.2552691317572,214.52990221847782,0.2876016856694455,876134933,secondary,8154498082,8154498081,0,False
188,2,0.592633175716468,107.2607819739527,0.11704279527526305,0.2876016856694455,1.0,True,744.9722300237528,214.2552691317572,99.24851520626802,99.37658405588198,0.2876016856694455,876134933,secondary,10232859317,8154498082,0,False
188,3,0.5623322201523253,206.63469936112108,0.016039610061454258,0.2876016856694455,1.0,True,744.9722300237528,214.2552691317572,121.13715182824049,121.29185613793254,0.2876016856694455,876134933,secondary,9726096123,10232859317,0,False
188,4,0.5579459772832429,327.8971742086273,0.0014188004978460285,0.2876016856694455,1.0,True,744.9722300237528,214.2552691317572,11.360649897321819,11.373989761742717,0.2876016856694455,876134933,secondary,9726096124,9726096123,0,False
188,5,0.5578596572346943,339.2296920809295,0.001131067002684244,0.2876016856694455,1.0,True,744.9722300237528,214.2552691317572,41.136916444285035,41.15801420417133,0.2876016856694455,876134933,secondary,8154498069,9726096124,0,False
189,1,0.8500152757574708,0.1733176554123414,0.9965396477579792,0.2552669071503856,1.0,True,834.8462163029267,213.1086115818499,213.1086115818499,212.15834882838058,0.2552669071503856,1069546778,secondary,8166852648,9816859455,0,False
189,2,0.5870039198042623,106.08192074816537,0.11983512791395025,0.2552669071503856,1.0,True,834.8462163029267,213.1086115818499,194.1969920604718,193.33142584536674,0.2552669071503856,1069546778,secondary,8166852651,8166852648,0,False
189,3,0.5518059327029635,299.4034311305186,0.0025085042429547275,0.2552669071503856,1.0,True,834.8462163029267,213.1086115818499,55.49339773929013,55.24409733953456,0.2552669071503856,1069546778,secondary,8166852652,8166852651,0,False
189,4,0.5513026928684889,354.6417441022206,0.0008310381280391984,0.2552669071503856,1.0,True,834.8462163029267,213.1086115818499,60.94294021137681,60.66911394816701,0.2552669071503856,1069546778,secondary,8166852625,8166852652,0,False
189,5,0.5511274892134652,415.3008593938165,0.00024702594462711487,0.2552669071503856,1.0,True,834.8462163029267,213.1086115818499,29.045062259861165,28.911524392892918,0.2552669071503856,1069546778,secondary,9924376022,8166852625,0,False
190,1,0.9127422360968889,0.6137647094916088,0.9877997398982481,0.5820115706370725,1.0,True,365.20059627112505,212.5509726333529,212.5509726333529,211.5729900234288,0.5820115706370725,1141889035,primary,4722179361,4723477971,0,False
190,2,0.6525787343212259,105.76874719617334,0.12058806731270447,0.5820115706370725,1.0,True,365.20059627112505,212.5509726333529,154.33798610756168,153.62760624769624,0.5820115706370725,1141889035,primary,4723476352,4722179361,0,False
190,3,0.4804807601607043,10.051904780408206,0.8178812732758549,0.17558189088973922,1.0,False,1210.5517918520952,212.5509726333529,142.15806816515317,141.50369384080167,0.17558189088973922,1141889036,primary,293463347,293463349,0,False
190,4,0.37775384833807124,37.17381185481038,0.47545823386707786,0.17558189088973922,1.0,False,1210.5517918520952,212.5509726333529,36.90727356407877,36.73777549510901,0.17558189088973922,1141889036,primary,293463346,293463347,0,False
190,5,0.3755459425545555,105.77076409085507,0.12058320314217745,0.6968549080595111,1.0,False,305.0146740377139,212.5509726333529,57.48961486459599,57.22496078373413,0.6968549080595111,1141889033,primary,4723477971,4721810599,0,False
191,1,0.8502641056394495,0.12349786858140167,0.9975330904632237,0.2550208925024119,1.0,True,831.7165889749187,212.10510682944545,212.10510682944545,211.13760692979736,0.2550208925024119,879562788,secondary,293465977,293463119,0,False
191,2,0.5873268523728155,105.56701518999769,0.12107557957444388,0.2550208925024119,1.0,True,831.7165889749187,212.10510682944545,10.882374966578952,10.83252335441343,0.2550208925024119,879562788,secondary,2955625544,293465977,0,False
191,3,0.5873247219015478,105.56994797759766,0.1210684780035512,0.2550208925024119,1.0,True,831.7165889749187,212.10510682944545,158.9703039004298,158.24526672103838,0.2550208925024119,879562788,secondary,293463119,293463078,0,False
191,4,0.5802534005516014,116.39647489374872,0.09749740683706293,0.2550208925024119,1.0,True,831.7165889749187,212.10510682944545,94.01851499871252,93.59968883664727,0.2550208925024119,879562788,secondary,293463159,2955625544,0,False
191,5,0.5525644255680097,262.9469144657471,0.005200823558424343,0.2550208925024119,1.0,True,831.7165889749187,212.10510682944545,126.08480883515908,125.51614020434786,0.2550208925024119,879562788,secondary,293463078,293463063,0,False
192,1,0.8842611996031926,0.3427550620439707,0.9931683413678931,0.4315534859641229,1.0,True,487.8210316819836,210.52086674897487,210.52086674897487,210.77217525334186,0.4315534859641229,1210205481,secondary,8144958910,8144958913,0,False
192,2,0.622789480468336,105.35258315997592,0.12159594425170468,0.4315534859641229,1.0,True,487.8210316819836,210.52086674897487,38.575577279355045,38.62278812484736,0.4315534859641229,1210205481,secondary,9725940728,8144958910,0,False
192,3,0.6031635048637924,143.96326021907393,0.05617602556989314,0.4315534859641229,1.0,True,487.8210316819836,210.52086674897487,7.628261215222749,7.637289225333986,0.4315534859641229,1210205481,secondary,8144958908,9725940728,0,False
192,4,0.6007767367708041,151.59893351508714,0.04822013192659823,0.4315534859641229,1.0,True,487.8210316819836,210.52086674897487,91.73147317037696,91.84038420574032,0.4315534859641229,1210205481,secondary,8144958906,8144958908,0,False
192,5,0.5886159253009424,243.43014203984748,0.007684093693726109,0.4315534859641229,1.0,True,487.8210316819836,210.52086674897487,100.73197070195619,100.85311940467041,0.4315534859641229,1210205481,secondary,8144958902,8144958906,0,False
193,1,0.8297088877358638,0.6507850711084143,0.9870686365172426,0.16794148390345462,1.0,True,1246.9065433299056,209.4073351757516,209.4073351757516,208.57269906813605,0.16794148390345462,1208795201,primary,4594197578,4594197577,0,False
193,2,0.5708809878737442,104.24925582274481,0.12430897031017737,0.16794148390345462,1.0,True,1246.9065433299056,209.4073351757516,38.26084818767998,38.10785399825447,0.16794148390345462,1208795201,primary,12535566548,4594197578,0,False
193,3,0.5708390825626619,104.30547176175565,0.12416928593990313,0.16794148390345462,1.0,True,1246.9065433299056,209.4073351757516,38.20028906306621,38.04577171073511,0.16794148390345462,1208795201,primary,4594197577,4594197576,0,False
193,4,0.5509937075858797,142.35006754800574,0.05801803601729615,0.16794148390345462,1.0,True,1246.9065433299056,209.4073351757516,40.019623573819764,39.85886281476246,0.16794148390345462,1208795201,primary,4594197576,4594197575,0,False
193,5,0.5509933770681372,142.35101702539666,0.058016934291487555,0.16794148390345462,1.0,True,1246.9065433299056,209.4073351757516,73.91821943479748,73.6190045579618,0.16794148390345462,1208795201,primary,4594197582,12535566548,0,False
194,1,0.7862886994036498,5.3409123320703715,0.8986889978911282,0.08341000018155695,1.0,True,2492.358467920677,207.88762026176863,207.88762026176863,207.11494281549028,0.08341000018155693,742084229,trunk,11936417213,569909828,0,False
194,2,0.5554299525398985,102.33522794349813,0.1291598416786235,0.08341000018155695,1.0,True,2492.358467920677,207.88762026176863,165.30941993060364,164.974148193616,0.08341000018155693,1393752821;742084229;44947109,trunk,569909828,12901379743,0,False
194,3,0.5549097468523871,103.01104331355337,0.1274258227202525,0.08341000018155695,1.0,True,2492.358467920677,207.88762026176863,969.8600383768458,965.5691965246064,0.08341000018155693,742084229,trunk,3725628684,11936417213,0,False
194,4,0.4537908397155678,11.178024048217777,0.7996665258023543,0.06945440987430741,1.0,False,2993.152207872555,207.88762026176863,281.1371286412992,280.11157032567127,0.06945440987430741,742084228,trunk,569909654,11936417211,0,False
194,5,0.23773091394529042,264.8995230510054,0.005001634794836816,0.18115211753419677,1.0,False,1147.5859244235712,207.88762026176863,560.469059085779,558.6984762116481,0.18115211753419677,464264129;1210250340;1393752818;762847156;1393752821,trunk,12901379743,12901379734,0,False
195,1,0.820419334355619,0.7788003296806052,0.9845446720210232,0.12527966374656033,1.0,True,1659.2079422068919,207.86501308530177,207.86501308530177,207.37781378112464,0.12527966374656035,478254539,primary,4714962031,4714939496,0,False
195,2,0.5628585283384011,103.57023540050349,0.12600865196363015,0.12527966374656033,1.0,True,1659.2079422068919,207.86501308530177,359.10287530431435,358.3824285602907,0.12527966374656035,762822065;478254538;478254539,primary,11937077582,4714962031,0,False
195,3,0.5627268642146335,103.74468631391815,0.12556977155107113,0.12527966374656033,1.0,True,1659.2079422068919,207.86501308530177,59.187892678811274,59.03022949209488,0.12527966374656035,478254539,primary,4714939496,10287153450,0,False
195,4,0.5366329496720167,162.73803208407642,0.03859005640901545,0.12527966374656033,1.0,True,1659.2079422068919,207.86501308530177,159.6654664959185,159.23275290293742,0.12527966374656035,478254539,primary,10287153450,5415640148,0,False
195,5,0.5255356642061106,321.9155635649155,0.0015991048559952513,0.12527966374656033,1.0,True,1659.2079422068919,207.86501308530177,270.7879475421756,270.2984737273016,0.12527966374656035,478254539,primary,5415640148,8127692776,0,False
196,1,0.8803050486261685,0.23476849188635665,0.9953156361787189,0.40855178886276444,1.0,True,506.7636004075855,207.0391754770542,207.0391754770542,206.10513144719863,0.40855178886276444,1208986526,primary,6166520809,6605237341,0,False
196,2,0.6199121380186514,103.04501784142828,0.12733926748699478,0.40855178886276444,1.0,True,506.7636004075855,207.0391754770542,95.08596447611623,94.65809130317987,0.40855178886276444,1208986526,primary,6605237341,4594181067,0,False
196,3,0.5874634282422809,197.70243838180428,0.01917690156576009,0.40855178886276444,1.0,True,506.7636004075855,207.0391754770542,206.93196124001668,206.00037765720705,0.40855178886276444,1208785491;1208986526,primary,4594181067,4594181065,0,False
196,4,0.48880069084601735,10.76554532868553,0.8062907201188825,0.23456737405176314,1.0,False,882.6426791620468,207.0391754770542,45.39827197145392,45.19465361295259,0.23456737405176314,300173742,primary,3725789996,3725790135,0,False
196,5,0.4594516190293376,17.233050009666744,0.7084604807299499,0.23456737405176314,1.0,False,882.6426791620468,207.0391754770542,88.5814932304645,88.1800838794346,0.23456737405176314,300173742,primary,3725790135,3725777494,0,False
197,1,0.8468468975455223,0.004820918596348555,0.9999035862761748,0.23437910831334915,1.0,True,882.894225211244,206.93196124001668,206.93196124001668,206.00037765720705,0.23437910831334918,1208785491;1208986526,primary,4594181067,4594181065,0,False
197,2,0.619904390401784,102.9997973456761,0.12745448647782956,0.40834022229217554,1.0,True,506.7636004075855,206.93196124001668,95.08596447611623,94.65809130317987,0.40834022229217554,1208986526,primary,6605237341,4594181067,0,False
197,3,0.6093304065962291,103.00055088413562,0.12745256565515575,0.3554731844984118,1.0,True,582.1310024608656,206.93196124001668,9.734423243052014,9.690599432486703,0.35547318449841175,1208785491,primary,4594181065,6604714345,0,False
197,4,0.6025937526354506,112.69115005495063,0.1049970524525605,0.3554731844984118,1.0,True,582.1310024608656,206.93196124001668,368.10057875304796,366.4400253711718,0.35547318449841175,1208785491,primary,6604714345,6604381556,0,False
197,5,0.587426246771722,197.6578573524473,0.019194007710956012,0.40834022229217554,1.0,True,506.7636004075855,206.93196124001668,207.0391754770542,206.10513144719863,0.40834022229217554,1208986526,primary,6166520809,6605237341,0,False
198,1,0.8174294076338524,0.3080491514545025,0.9938579569106748,0.09636010280324918,1.0,True,2114.6302764582238,203.7659908303777,203.76599083037775,202.88256137916912,0.09636010280324919,605579942;870242501;870242502,trunk,6010327769,8140526289,0,False
198,2,0.5818651638308934,101.40851473738769,0.13157604641941772,0.21196174952533983,1.0,True,961.3337844525464,203.7659908303777,20.345252742910528,20.258075748913036,0.21196174952533986,605579942,trunk,8140526289,3725560654,0,False
198,3,0.5694919663949818,101.44762087663423,0.13147317802866199,0.15025006493191606,1.0,True,1356.1790533848468,203.7659908303777,177.19679037258618,176.3989842506422,0.15025006493191606,870242502,trunk,8141521568,6010327769,0,False
198,4,0.5687161165712147,121.6655134011247,0.08774588888715577,0.21196174952533983,1.0,True,961.3337844525464,203.7659908303777,53.071238949508825,52.84963423734671,0.21196174952533986,605579942,trunk,3725560654,8140526284,0,False
198,5,0.5515474435054557,174.47360363091465,0.03051697866795887,0.21196174952533983,1.0,True,961.3337844525464,203.7659908303777,152.05069910225927,151.39817178543962,0.21196174952533986,605579942,trunk,8140526284,8140526242,0,False
199,1,0.830234827724371,0.5151279533617699,0.9897503305059481,0.16654864286293228,1.0,True,1215.2050234138255,202.3907474497905,202.3907474497905,201.49285233357267,0.16654864286293228,876451409,primary,3727011973,3727012991,0,False
199,2,0.5734057119439566,100.62531553315222,0.13365327790456746,0.16654864286293228,1.0,True,1215.2050234138255,202.3907474497905,12.283811619731203,12.233471181244216,0.16654864286293228,876451409,primary,11968783278,3727011973,0,False
199,3,0.5733045583503809,100.75161422258115,0.1333160992593148,0.16654864286293228,1.0,True,1215.2050234138255,202.3907474497905,127.03219257785528,126.4673839451525,0.16654864286293228,876451409,primary,3727012991,3727013278,0,False
199,4,0.5647559297006592,112.77521448229238,0.10482067042690908,0.16654864286293228,1.0,True,1215.2050234138255,202.3907474497905,11.074302033288346,11.028896311525047,0.16654864286293228,876451409,primary,3727012631,11968783278,0,False
199,5,0.5585618775378702,123.74356075101423,0.08417382988427904,0.16654864286293228,1.0,True,1215.2050234138255,202.3907474497905,27.361354530819366,27.251934484566746,0.16654864286293228,876451409,primary,3726941413,3727012631,0,False
200,1,0.8180885097315931,0.42453325893459803,0.9915452787177614,0.10312463058132305,1.0,True,1962.4852799948158,202.38056952074967,202.38056952074967,201.46394889728487,0.10312463058132304,90617087,secondary,3711679299,293464096,0,False
200,2,0.560679835014912,100.67656196991058,0.1335163629954916,0.10312463058132305,1.0,True,1962.4852799948158,202.38056952074967,10.808288013279602,10.758631614165791,0.10312463058132304,90617087,secondary,8133212869,3711679299,0,False
200,3,0.5606664660358145,100.69325307097569,0.1334717997318327,0.10312463058132305,1.0,True,1962.4852799948158,202.38056952074967,38.33445489835921,38.1603724173065,0.10312463058132304,90617087,secondary,293464096,3711679549,0,False
200,4,0.5529498827072159,111.39714464465942,0.10774985530317077,0.10312463058132305,1.0,True,1962.4852799948158,202.38056952074967,249.82530730113726,248.68289301159436,0.10312463058132304,90617087,secondary,3711679014,8133212869,0,False
200,5,0.5392919394520791,138.85122506000602,0.06222337778604829,0.10312463058132305,1.0,True,1962.4852799948158,202.38056952074967,216.46568383347366,215.51668636039523,0.10312463058132304,90617087,secondary,3711679549,3718134030,0,False
201,1,0.8186393103064644,0.00017142850113639215,0.9999965714358549,0.0932016943785399,1.0,True,2164.753124922666,201.75865915403148,201.75865915403148,200.9220323495993,0.09320169437853988,300173739,primary,3042737292,3722532540,0,False
201,2,0.5588683040365837,100.46100350580053,0.13409321720291917,0.0932016943785399,1.0,True,2164.753124922666,201.75865915403148,281.6606494291864,280.4902605187318,0.09320169437853988,300173739,primary,8156905203,3042737292,0,False
201,3,0.5588682836504313,100.46102884409129,0.1340931492490779,0.0932016943785399,1.0,True,2164.753124922666,201.75865915403148,106.61651682564306,106.17440343634554,0.09320169437853988,300173739,primary,3722532540,3042737280,0,False
201,4,0.5234521514311294,206.63543154362114,0.016039375184738094,0.0932016943785399,1.0,True,2164.753124922666,201.75865915403148,268.92550655057255,267.810143084444,0.09320169437853988,300173739,primary,3042737280,6956668970,0,False
201,5,0.5187876715679393,380.9422255804936,0.0004911089741041427,0.0932016943785399,1.0,True,2164.753124922666,201.75865915403148,8.265191554918248,8.231147731184466,0.09320169437853988,300173739,primary,3042737289,8156905203,0,False
202,1,0.8258875515085831,0.44192250938512706,0.9912004940930054,0.14263701640340673,1.0,True,1413.8082295902807,201.6613876353403,201.6613876353403,200.73284922503623,0.14263701640340673,762822065,primary,4715979365,4714962026,0,False
202,2,0.5688363955428094,100.36039487693772,0.1343633075404269,0.14263701640340673,1.0,True,1413.8082295902807,201.6613876353403,30.275862185222948,30.13652078011431,0.14263701640340673,762822065,primary,4714962026,4714962027,0,False
202,3,0.5688355749669276,100.36141274440126,0.13436057228748743,0.14263701640340673,1.0,True,1413.8082295902807,201.6613876353403,230.2585599712922,229.19820467900237,0.14263701640340673,762822065,primary,4721819322,4715979365,0,False
202,4,0.5505897663747434,130.49546726751146,0.07354121031354031,0.14263701640340673,1.0,True,1413.8082295902807,201.6613876353403,73.22170644508729,72.88459129470776,0.14263701640340673,762822065,primary,4714962027,10635704868,0,False
202,5,0.5336630003906868,203.3793177829516,0.01711865703335159,0.14263701640340673,1.0,True,1413.8082295902807,201.6613876353403,77.82599946376246,77.46768200164433,0.14263701640340673,762822065,primary,10635704868,7242936306,0,False
203,1,0.8189159588596366,0.05478697815823624,0.9989048605402248,0.09622250348784649,1.0,True,2089.364187852574,201.04385285302587,201.04385285302587,200.13424863454114,0.0962225034878465,741818619,secondary,9924471955,8133212860,0,False
203,2,0.5598603882021198,99.98115833736523,0.13538629168183475,0.09622250348784649,1.0,True,2089.364187852574,201.04385285302587,11.062260361302098,11.011547445423014,0.0962225034878465,741818619,secondary,8133212860,8133212859,0,False
203,3,0.5598331644193109,100.01468328568113,0.13529554573913855,0.09622250348784649,1.0,True,2089.364187852574,201.04385285302587,590.4830137421894,587.9832189929215,0.0962225034878465,741818619,secondary,8133212845,9924471955,0,False
203,4,0.5518430281597917,110.97576785871043,0.10866175820740785,0.09622250348784649,1.0,True,2089.364187852574,201.04385285302587,806.477181068368,803.1688851327463,0.0962225034878465,741818619,secondary,8133212859,7243077747,0,False
203,5,0.4712470006983797,8.96464708284487,0.8358610050211579,0.10244349596016179,1.0,False,1962.4852799948158,201.04385285302587,202.38056952074967,201.46394889728487,0.10244349596016178,90617087,secondary,3711679299,293464096,0,False
204,1,0.8320901449325753,0.00038944039687271455,0.9999922112223952,0.16046240782928287,1.0,True,1252.4763532371464,200.97537138967195,130.77606279880447,130.35634761473943,0.16046240782928287,466615091,primary,13505959712,293458235,0,False
204,2,0.6961073152760628,30.191280073491498,0.5467161123673545,0.16046240782928287,1.0,True,1252.4763532371464,200.97537138967195,122.8234166211612,122.43112252670204,0.16046240782928287,466615091,primary,8151563205,13505959712,0,False
204,3,0.5725592508434508,100.16506745059951,0.13488923092531413,0.16046240782928287,1.0,True,1252.4763532371464,200.97537138967195,125.68791531195203,125.23560346184938,0.16046240782928287,466615091,primary,293458235,5662526910,0,False
204,4,0.546269510737398,152.60797419280374,0.047256763905138326,0.16046240782928287,1.0,True,1252.4763532371464,200.97537138967195,258.3747870725,257.5489753051012,0.16046240782928287,466615091,primary,7127914070,8151563205,0,False
204,5,0.5354180697642148,225.10679572159,0.011085293994527222,0.16046240782928287,1.0,True,1252.4763532371464,200.97537138967195,12.62450950265834,12.57571882846957,0.16046240782928287,466615091,primary,5662526910,293458244,0,False
205,1,0.8531859937638118,1.4578166383703337,0.9712646121124691,0.30903305065035513,1.0,True,642.7175101903604,198.62095288052777,198.62095288052777,197.81309418064177,0.30903305065035513,1208988383,primary,8156864965,8163267507,0,False
205,2,0.6034135530581419,98.77577120026972,0.1386898097602362,0.30903305065035513,1.0,True,642.7175101903604,198.62095288052777,9.851231396236042,9.816360370976897,0.30903305065035513,1208988383,primary,293463029,8156864965,0,False
205,3,0.6032819470931687,98.93417570628547,0.13825112321032593,0.30903305065035513,1.0,True,642.7175101903604,198.62095288052777,130.13180690471233,129.5753959530181,0.30903305065035513,1208988383,primary,8163267507,4597338734,0,False
205,4,0.5649201215432531,228.40156568122458,0.010378371377273472,0.30903305065035513,1.0,True,642.7175101903604,198.62095288052777,58.99497956746474,58.73540973235585,0.30903305065035513,1208988383,primary,4597338734,3719506250,0,False
205,5,0.5627706915579206,287.0180996935741,0.003213604759498479,0.30903305065035513,1.0,True,642.7175101903604,198.62095288052777,163.59233278163993,162.85714470594917,0.30903305065035513,1208988383,primary,3719506250,3719506253,0,False
206,1,0.8270318581851475,0.12256566721091003,0.9975516886708767,0.1388317579194219,1.0,True,1410.0672749719495,195.7621185690046,195.7621185690046,196.01424030802485,0.1388317579194219,875119268,secondary,10132690705,3726941220,0,True
206,2,0.8270318581851475,0.12256566721091022,0.9975516886708767,0.1388317579194219,1.0,True,1410.0672749719495,195.7621185690046,195.7621185690046,196.01424030802485,0.1388317579194219,875119268,secondary,3726941220,10132690705,0,True
206,3,0.5700192078377101,98.00552597485981,0.14084285417941902,0.1388317579194219,1.0,True,1410.0672749719495,195.7621185690046,264.8487140598092,265.1919290523781,0.1388317579194219,875119268,secondary,3726941218,3726941220,0,True
206,4,0.5700192078377101,98.00552597485981,0.14084285417941902,0.1388317579194219,1.0,True,1410.0672749719495,195.7621185690046,264.84871405980914,265.1919290523781,0.1388317579194219,875119268,secondary,3726941220,3726941218,0,True
206,5,0.5700174597383227,98.00759463447804,0.1408370271814615,0.1388317579194219,1.0,True,1410.0672749719495,195.7621185690046,191.59032172470353,191.83576556272936,0.1388317579194219,875119268,secondary,3184375374,10132690705,0,True
207,1,0.8270318581789877,0.12256566824005295,0.9975516886503443,0.1388317579194219,1.0,True,1410.0672749719495,195.7621185690046,195.7621185690046,196.01424030802485,0.1388317579194219,875119268,secondary,10132690705,3726941220,0,True
207,2,0.8270318581789877,0.12256566824005334,0.9975516886503442,0.1388317579194219,1.0,True,1410.0672749719495,195.7621185690046,195.7621185690046,196.01424030802485,0.1388317579194219,875119268,secondary,3726941220,10132690705,0,True
207,3,0.570019207838784,98.00552597358899,0.14084285418299874,0.1388317579194219,1.0,True,1410.0672749719495,195.7621185690046,264.8487140598092,265.1919290523781,0.1388317579194219,875119268,secondary,3726941218,3726941220,0,True
207,4,0.570019207838784,98.00552597358899,0.14084285418299874,0.1388317579194219,1.0,True,1410.0672749719495,195.7621185690046,264.84871405980914,265.1919290523781,0.1388317579194219,875119268,secondary,3726941220,3726941218,0,True
207,5,0.5700174597372514,98.00759463574607,0.14083702717788973,0.1388317579194219,1.0,True,1410.0672749719495,195.7621185690046,191.59032172470353,191.83576556272936,0.1388317579194219,875119268,secondary,3184375374,10132690705,0,True
208,1,0.8342698626588083,0.29192533280093746,0.9941785043016695,0.18008155684153693,1.0,True,1083.4949319913956,195.11745418292568,195.11745418292566,194.219210933814,0.18008155684153693,478257594,primary,3714705622,3714706393,0,False
208,2,0.5790380201566702,97.10388154080009,0.14340569596120928,0.18008155684153693,1.0,True,1083.4949319913956,195.11745418292568,73.0440981864751,72.70770905737226,0.18008155684153693,478257594,primary,10267000474,3714705622,0,False
208,3,0.5460661493178933,169.8112982350215,0.03349945983195299,0.18008155684153693,1.0,True,1083.4949319913956,195.11745418292568,159.30930714438122,158.57562353036303,0.18008155684153693,478257594,primary,3714704501,10267000474,0,False
208,4,0.5364378043882005,328.38672682461504,0.0014049767329769533,0.18008155684153693,1.0,True,1083.4949319913956,195.11745418292568,135.2725275408109,134.64956616499865,0.18008155684153693,478257594,primary,3714705527,3714704501,0,False
208,5,0.5360448387401133,463.03368565126056,9.509123935291383e-05,0.18008155684153693,1.0,True,1083.4949319913956,195.11745418292568,171.1209286495828,170.3330930685504,0.18008155684153693,478257594,primary,8124335766,3714705527,0,False
209,1,0.8411042182627915,0.0002797887421645367,0.999994404240813,0.2055294849527375,1.0,True,947.1547899493418,194.6682361488065,194.6682361488065,194.31608484072183,0.2055294849527375,877825096,trunk,8156596370,3725590078,0,False
209,2,0.5840811168877316,97.15794032687282,0.1432507329906137,0.2055294849527375,1.0,True,947.1547899493418,194.6682361488065,11.527783121229906,11.506922338451519,0.2055294849527375,877825096;1210250347;877825095,trunk,3725590078,3725590079,0,False
209,3,0.5840809413877934,97.15814451465472,0.1432501479908197,0.2055294849527375,1.0,True,947.1547899493418,194.6682361488065,742.6533941679469,741.3317827701684,0.2055294849527375,874464056;877825096;292410142,trunk,13519104254,8156596370,0,False
209,4,0.5200455719527901,25.49170593029499,0.6005951981182965,0.6993350625865056,1.0,False,278.3618991286121,194.6682361488065,100.36749121163483,100.24395571853711,0.6993350625865056,877825098,trunk,8167025479,8167025475,0,False
209,5,0.48474016423976396,15.68676086690206,0.7307124825428656,0.3276320973845213,1.0,False,594.1671701363757,194.6682361488065,594.9813733926426,594.1671701363757,0.3276320973845213,464264628;1209009347;1209009348;196856999,trunk,8167025453,8167025475,0,False
210,1,0.8464874812244023,0.005889776150063682,0.999882211414619,0.23261408900008332,1.0,True,834.8462163029267,194.1969920604718,194.1969920604718,193.33142584536674,0.23261408900008335,1069546778,secondary,8166852651,8166852648,0,False
210,2,0.5899260644022852,96.66241149219115,0.1446774886742288,0.23261408900008332,1.0,True,834.8462163029267,194.1969920604718,55.49339773929013,55.24409733953456,0.23261408900008335,1069546778,secondary,8166852652,8166852651,0,False
210,3,0.5899224899049421,96.6665294382216,0.14466557368308483,0.23261408900008332,1.0,True,834.8462163029267,194.1969920604718,213.1086115818499,212.15834882838058,0.23261408900008335,1069546778,secondary,8166852648,9816859455,0,False
210,4,0.5609027156619069,151.89756125888997,0.04793299287296748,0.23261408900008332,1.0,True,834.8462163029267,194.1969920604718,60.94294021137681,60.66911394816701,0.23261408900008335,1069546778,secondary,8166852625,8166852652,0,False
210,5,0.5507972246006083,212.5568570995541,0.014248022668638673,0.23261408900008332,1.0,True,834.8462163029267,194.1969920604718,29.045062259861165,28.911524392892918,0.23261408900008335,1069546778,secondary,9924376022,8166852625,0,False
211,1,0.8466027975920187,0.05208271822471435,0.9989588879690888,0.23457565600646002,1.0,True,825.731541897677,193.69651812587333,193.69651812587335,192.83194623792065,0.23457565600646005,466839445,secondary,293464778,293464784,0,False
211,2,0.5905377223101453,96.41036568966767,0.14540863702951123,0.23457565600646002,1.0,True,825.731541897677,193.69651812587333,25.164296051975168,25.05174726086435,0.23457565600646005,466839445,secondary,293464784,293464799,0,False
211,3,0.590532476699875,96.4163785439644,0.1453911516619431,0.23457565600646002,1.0,True,825.731541897677,193.69651812587333,53.221533495174114,52.983436581302364,0.23457565600646005,466839445,secondary,293464764,293464778,0,False
211,4,0.5733465211844391,121.46150781543557,0.08810463327715715,0.23457565600646002,1.0,True,825.731541897677,193.69651812587333,29.94556364643894,29.810247897148837,0.23457565600646005,466839445,secondary,293464799,8164114904,0,False
211,5,0.5620316660177653,149.39966544874827,0.05038844938824433,0.23457565600646002,1.0,True,825.731541897677,193.69651812587333,120.67348484443121,120.13303223996856,0.23457565600646005,466839445,secondary,3240828570,293464764,0,False
212,1,0.8886428481450539,0.03188967056866634,0.9993624099356111,0.44417062582185285,1.0,True,434.87267766030374,193.157669389202,193.157669389202,193.07417139962126,0.44417062582185285,218526249,trunk,2277623681,6608882862,0,False
212,2,0.6323479260018319,96.53521631233892,0.14504600279153795,0.44417062582185285,1.0,True,434.87267766030374,193.157669389202,241.87628586022745,241.79850626068247,0.44417062582185285,218526249,trunk,6608882862,2845389637,0,False
212,3,0.4427745697985166,18.262537956644564,0.6940225965515167,0.1728389541653077,1.0,False,1117.5586563921288,193.157669389202,345.94935756437445,345.82544312544667,0.1728389541653077,1209033471,trunk,2277623663,12888493319,0,False
212,4,0.3494100279800981,163.4412906360083,0.038051079948685666,0.689973519977462,1.0,False,133.27367705911058,193.157669389202,133.33738830461525,133.27367705911058,1.449330983068256,280421147,trunk,4875425580,2277623663,0,False
212,5,0.31367264997482774,11.5948293328428,0.7930281287563837,0.3788210567395631,0.0,False,509.89158588931497,193.157669389202,299.9921347577601,299.85926349431224,0.3788210567395631,703791938,tertiary,6608882870,6608882864,0,False
213,1,0.8146022721900732,0.13590558982563605,0.9972855789246682,0.07708299256336357,1.0,True,2492.358467920677,192.1184492479658,192.1184492479658,191.23712456117016,0.07708299256336358,742084229,trunk,3725628832,3725628684,0,False
213,2,0.5597493581892992,95.60292874056208,0.14777586558875488,0.07708299256336357,1.0,True,2492.358467920677,192.1184492479658,967.8664462943203,963.4630558257937,0.07708299256336358,742084229;742084230;742084223,trunk,569909810,3725628832,0,False
213,3,0.5597338923488316,95.62037468674217,0.14772431278719636,0.07708299256336357,1.0,True,2492.358467920677,192.1184492479658,969.8600383768458,965.5691965246064,0.07708299256336358,742084229,trunk,3725628684,11936417213,0,False
213,4,0.443722431544475,9.301801340407062,0.830243683413234,0.9732466326025241,0.0,False,186.97863379140162,192.1184492479658,187.83930506982327,186.97863379140162,1.0274887849608436,762813493,tertiary,7127983708,7127983709,0,True
213,5,0.443722431544475,9.301801340407062,0.830243683413234,0.9732466326025241,0.0,False,186.97863379140162,192.1184492479658,187.83930506982327,186.97863379140162,1.0274887849608436,762813493,tertiary,7127983709,7127983708,0,True
214,1,0.8223268679144293,0.8145604809430432,0.9838407744379463,0.13587317791522743,1.0,True,1410.0672749719495,191.5903217247036,191.59032172470353,191.83576556272936,0.13587317791522743,875119268,secondary,10132690705,3184375374,0,True
214,2,0.8223268679144293,0.8145604809430436,0.9838407744379463,0.13587317791522743,1.0,True,1410.0672749719495,191.5903217247036,191.59032172470353,191.83576556272936,0.13587317791522743,875119268,secondary,3184375374,10132690705,0,True
214,3,0.5712566337970606,95.88654896525327,0.14693999404671723,0.13587317791522743,1.0,True,1410.0672749719495,191.5903217247036,195.7621185690046,196.01424030802485,0.13587317791522743,875119268,secondary,3726941220,10132690705,0,True
214,4,0.5712566337970606,95.88654896525327,0.14693999404671723,0.13587317791522743,1.0,True,1410.0672749719495,191.5903217247036,195.7621185690046,196.01424030802485,0.13587317791522743,875119268,secondary,10132690705,3726941220,0,True
214,5,0.5712496964386493,95.89441828224155,0.14691686951867922,0.13587317791522743,1.0,True,1410.0672749719495,191.5903217247036,86.74023825976083,86.85178587202283,0.13587317791522743,875119268,secondary,3184375374,8145903101,0,True
215,1,0.8223268679144293,0.8145604809430432,0.9838407744379463,0.13587317791522743,1.0,True,1410.0672749719495,191.5903217247036,191.59032172470353,191.83576556272936,0.13587317791522743,875119268,secondary,10132690705,3184375374,0,True
215,2,0.8223268679144293,0.8145604809430436,0.9838407744379463,0.13587317791522743,1.0,True,1410.0672749719495,191.5903217247036,191.59032172470353,191.83576556272936,0.13587317791522743,875119268,secondary,3184375374,10132690705,0,True
215,3,0.5712566337970606,95.88654896525327,0.14693999404671723,0.13587317791522743,1.0,True,1410.0672749719495,191.5903217247036,195.7621185690046,196.01424030802485,0.13587317791522743,875119268,secondary,3726941220,10132690705,0,True
215,4,0.5712566337970606,95.88654896525327,0.14693999404671723,0.13587317791522743,1.0,True,1410.0672749719495,191.5903217247036,195.7621185690046,196.01424030802485,0.13587317791522743,875119268,secondary,10132690705,3726941220,0,True
215,5,0.5712496964386493,95.89441828224155,0.14691686951867922,0.13587317791522743,1.0,True,1410.0672749719495,191.5903217247036,86.74023825976083,86.85178587202283,0.13587317791522743,875119268,secondary,3184375374,8145903101,0,True
216,1,0.8298325171471974,1.2118642044947203,0.9760540801738868,0.1850814654751566,1.0,True,1031.6171596803688,190.9332157229613,190.9332157229613,190.27038912435157,0.1850814654751566,874459840,primary,2703756979,4720174490,0,False
216,2,0.5818468916228596,95.04457827611247,0.14943532842609428,0.1850814654751566,1.0,True,1031.6171596803688,190.9332157229613,52.88021154982387,52.705896632769864,0.1850814654751566,874459840,primary,4720174490,4720174495,0,False
216,3,0.5817330716623004,95.17168420098386,0.14905592855756336,0.1850814654751566,1.0,True,1031.6171596803688,190.9332157229613,153.32855012754362,152.75385340342538,0.1850814654751566,874459840;40016878;874459839,primary,2703768573,2703756979,0,False
216,4,0.5526430656853571,147.73984198436816,0.05208924196775305,0.1850814654751566,1.0,True,1031.6171596803688,190.9332157229613,28.209885181923216,28.12206014422701,0.1850814654751566,874459840,primary,4720174495,2703776376,0,False
216,5,0.5459264120488482,175.8297441332936,0.029700396512722868,0.1850814654751566,1.0,True,1031.6171596803688,190.9332157229613,69.25517561463116,69.04175402178542,0.1850814654751566,874459840,primary,2703776376,2703784888,0,False
217,1,0.8166264821326255,2.5408154443227424,0.9504532443129304,0.157452544193731,1.0,True,1210.5517918520952,190.60445950539227,190.60445950539227,190.06902343679624,0.157452544193731,1141889036,primary,9913774165,293463399,0,False
217,2,0.5768341371110565,94.47564045640573,0.15114542757436758,0.157452544193731,1.0,True,1210.5517918520952,190.60445950539227,14.347555878582746,14.322850537630439,0.157452544193731,1141889036,primary,293463399,4716027736,0,False
217,3,0.5763034763846104,95.06424614851387,0.14937655848621395,0.157452544193731,1.0,True,1210.5517918520952,190.60445950539227,27.171986952400488,27.063937335103375,0.157452544193731,1141889036,primary,293463471,9913774165,0,False
217,4,0.5579707276772519,121.36922396637617,0.0882673961283521,0.157452544193731,1.0,True,1210.5517918520952,190.60445950539227,165.612525504467,164.96554902664965,0.157452544193731,1141889036,primary,9923995138,293463471,0,False
217,5,0.5330823999402697,261.94298965696277,0.005306303671745137,0.157452544193731,1.0,True,1210.5517918520952,190.60445950539227,63.938236476486495,63.73931074934595,0.157452544193731,1141889036,primary,293463385,9923995138,0,False
218,1,0.8235163040018254,0.18905455961734804,0.9962260481319755,0.12324244781116331,1.0,True,1544.979758064063,190.407087202514,190.407087202514,189.54002813858324,0.12324244781116331,464650415,primary,293462011,8153698627,0,False
218,2,0.5697242413852052,94.77190131638582,0.150252506076575,0.12324244781116331,1.0,True,1544.979758064063,190.407087202514,49.39521181636477,49.16916632973612,0.12324244781116331,464650415,primary,293462245,293462011,0,False
218,3,0.5415124516878669,143.93017740853034,0.056213207085447435,0.12324244781116331,1.0,True,1544.979758064063,190.407087202514,168.96413026723744,168.19663906928685,0.12324244781116331,464650415,primary,8145147226,293462245,0,False
218,4,0.5252442545348637,311.0845752784522,0.001985883242103425,0.12324244781116331,1.0,True,1544.979758064063,190.407087202514,66.24445559444874,65.94614683964967,0.12324244781116331,464650415,primary,4601752550,8145147226,0,False
218,5,0.5248089532852407,376.67349307437763,0.0005348790766935795,0.12324244781116331,1.0,True,1544.979758064063,190.407087202514,216.94723502398884,215.97270933118028,0.12324244781116331,464650415,primary,3718108687,4601752550,0,False
219,1,0.8452019863051943,0.014493581853112962,0.9997101703716615,0.22644467596847861,1.0,True,834.7453514916448,189.02364063471927,189.02364063471927,188.15842242253342,0.2264446759684786,879562787,secondary,2703794062,2703794060,0,False
219,2,0.5909939406439427,94.07873271510253,0.15235001816749,0.22644467596847861,1.0,True,834.7453514916448,189.02364063471927,10.878524984789763,10.82851349386405,0.2264446759684786,879562787,secondary,2703794060,2703793342,0,False
219,3,0.5909932398187518,94.07949940417431,0.15234768208352026,0.22644467596847861,1.0,True,834.7453514916448,189.02364063471927,114.74331746161297,114.21670990925156,0.2264446759684786,879562787,secondary,2703794064,2703794062,0,False
219,4,0.5820993607004353,104.90006838950605,0.12270141835579865,0.22644467596847861,1.0,True,834.7453514916448,189.02364063471927,95.29020148251854,94.8637458439696,0.2264446759684786,879562787,secondary,2703793342,2955625538,0,False
219,5,0.5499666086538828,208.04908061126667,0.015592244867290437,0.22644467596847861,1.0,True,834.7453514916448,189.02364063471927,68.79122797512909,68.47978275291068,0.2264446759684786,879562787,secondary,11778195620,2703794064,0,False
220,1,0.8234348220420504,0.0011277288982636375,0.9999774456763874,0.11720794169567127,1.0,True,1603.4885331515513,187.94159050330447,187.94159050330452,187.60461448152387,0.11720794169567127,874644320;872816373;478254536,primary,2283167585,8124335699,0,False
220,2,0.683375863171451,93.79820242977146,0.1532071964449075,0.6870685211898941,1.0,True,273.54126219873865,187.94159050330447,86.12957343958736,85.93664771721481,0.6870685211898941,478254536,primary,8124335699,4714962006,0,False
220,3,0.5707298025409677,93.79973209298002,0.15320250940836996,0.12384524859228385,1.0,True,1517.5518854343366,187.94159050330447,68.3810791273995,68.26880462636707,0.12384524859228385,874644320,primary,5418127631,2283167585,0,False
220,4,0.5365052329543947,162.0552910393295,0.03912061078645986,0.12384524859228385,1.0,True,1517.5518854343366,187.94159050330447,174.76037906868515,174.37081026872877,0.12384524859228385,874644320,primary,3714912868,5418127631,0,False
220,5,0.5251313042882043,335.95952788085674,0.0012075152324917242,0.12384524859228385,1.0,True,1517.5518854343366,187.94159050330447,27.90130211501045,27.830537113879522,0.12384524859228385,874644320,primary,3714912857,3714912868,0,False
221,1,0.8610930145011404,0.0022415385503503373,0.999955170233877,0.3055323171548858,1.0,True,614.4249257857429,187.7266712930368,187.7266712930368,187.84465712747397,0.3055323171548858,252236395,secondary,2583312092,2583312066,0,False
221,2,0.6069559403401088,93.92093423809233,0.15283158969710553,0.3055323171548858,1.0,True,614.4249257857429,187.7266712930368,37.60835971051703,37.63280775747004,0.3055323171548858,252236395,secondary,2583312066,2751622292,0,False
221,3,0.6069535755105675,93.92351321029605,0.152823706931968,0.3055323171548858,1.0,True,614.4249257857429,187.7266712930368,147.49819235724036,147.6060416366936,0.3055323171548858,252236395,secondary,2583312049,2583312092,0,False
221,4,0.5827069434857137,131.5533467728364,0.07200160018245505,0.3055323171548858,1.0,True,614.4249257857429,187.7266712930368,136.86336549284852,136.92249253884938,0.3055323171548858,252236395,secondary,2751622292,2583312029,0,False
221,5,0.5635020953230692,241.50677202791263,0.007985439640306392,0.3055323171548858,1.0,True,614.4249257857429,187.7266712930368,72.93580588745561,72.98588766508342,0.3055323171548858,252236395,secondary,9979039300,2583312049,0,False
222,1,0.8961112299871781,0.8277012490501529,0.9835822399434286,0.505182790020747,1.0,True,370.457965623108,187.14898865889165,187.14898865889165,187.15941492339095,0.505182790020747,230574625,secondary,3706276768,10115843783,0,False
222,2,0.6471757333687829,93.60600472658277,0.15379725121544474,0.505182790020747,1.0,True,370.457965623108,187.14898865889165,77.66369628471914,77.68778687632187,0.505182790020747,230574625,secondary,10115843783,3706277346,0,False
222,3,0.6108256846775029,171.12551140416585,0.03263042224451184,0.505182790020747,1.0,True,370.457965623108,187.14898865889165,74.23970594770655,74.28395548498784,0.505182790020747,230574625,secondary,3706277346,8128279464,0,False
222,4,0.6032653782444868,245.1155034691374,0.007429400801124792,0.505182790020747,1.0,True,370.457965623108,187.14898865889165,31.302272418700188,31.326808338407368,0.505182790020747,230574625,secondary,8128279464,10706332785,0,False
222,5,0.5228367130991387,5.089094972711057,0.903226524386098,0.2593437789165464,1.0,False,721.6251318645043,187.14898865889165,353.5344880213471,353.6425259529068,0.2593437789165464,369195862,secondary,4712962733,7243112626,0,False
223,1,0.8558087916285555,0.023411270397467678,0.9995318841924604,0.279746131854087,1.0,True,668.0567334777996,186.8862870494912,186.88628704949122,187.13183670836122,0.279746131854087,470103540,primary,4643407218,3725763514,0,False
223,2,0.6021293507969627,93.56164881802397,0.1539337480871508,0.279746131854087,1.0,True,668.0567334777996,186.8862870494912,63.57053301373808,63.63840416977509,0.279746131854087,470103540,primary,4643407223,4643407218,0,False
223,3,0.6021260193394435,93.56525597341047,0.15392264322875357,0.279746131854087,1.0,True,668.0567334777996,186.8862870494912,128.08561489942574,128.25402861168442,0.279746131854087,470103540,primary,3725763514,3725763504,0,False
223,4,0.5692232002306927,155.8988604603507,0.04424657953291804,0.279746131854087,1.0,True,668.0567334777996,186.8862870494912,7.579810268132238,7.588672644746378,0.279746131854087,470103540,primary,3725763520,4643407223,0,False
223,5,0.5673683241782101,163.42476373265285,0.0380636593579756,0.279746131854087,1.0,True,668.0567334777996,186.8862870494912,281.075554071599,281.44379134323253,0.279746131854087,470103540,primary,6604456761,3725763520,0,False
224,1,0.8408460556214845,0.1583828569821412,0.9968373545930208,0.20897424621789096,1.0,True,890.5508505122658,186.10219270450244,186.10219270450244,186.32887691342498,0.20897424621789096,26754699,secondary,293457280,293457398,0,False
224,2,0.5883520921954587,93.15499439686565,0.15519080983960173,0.20897424621789096,1.0,True,890.5508505122658,186.10219270450244,222.6986389103081,222.96937231672064,0.20897424621789096,26754699,secondary,293457398,8151563183,0,False
224,3,0.5883473139751371,93.16012621442228,0.15517488243852962,0.20897424621789096,1.0,True,890.5508505122658,186.10219270450244,77.10456891854011,77.2023356564645,0.20897424621789096,26754699,secondary,293457277,293457280,0,False
224,4,0.5517438033706439,170.31575209340798,0.0331631804235524,0.20897424621789096,1.0,True,890.5508505122658,186.10219270450244,162.33426427348215,162.53335993530382,0.20897424621789096,26754699,secondary,4613766153,293457277,0,False
224,5,0.5423335892254308,316.11523537811803,0.0017957999395088466,0.20897424621789096,1.0,True,890.5508505122658,186.10219270450244,77.68858521384426,77.78261022713752,0.20897424621789096,26754699,secondary,8151563183,293457075,0,False
225,1,0.8217948331214315,1.308888326956989,0.9741619008259484,0.14773131436823514,1.0,True,1252.4763532371464,185.0299778788576,185.0299778788576,184.42512705922866,0.14773131436823514,466615091,primary,4720203904,12558344054,0,False
225,2,0.5771060108206915,92.0897851265669,0.1585324931568148,0.14773131436823514,1.0,True,1252.4763532371464,185.0299778788576,148.55381567814263,148.08092182828761,0.14773131436823514,466615091,primary,12558344054,7127914070,0,False
225,3,0.5769460035620293,92.25828583396846,0.15799913562794096,0.14773131436823514,1.0,True,1252.4763532371464,185.0299778788576,84.42868333216086,84.13574670156572,0.14773131436823514,466615091,primary,4720203899,4720203904,0,False
225,4,0.5627513465083704,22.615495589903524,0.636156986616402,0.8595212526172494,1.0,False,215.27097476117055,185.0299778788576,116.89041482028705,116.50471946282244,0.8595212526172494,1210210285,primary,2703786131,7242788582,0,False
225,5,0.538360892326923,176.3684847810016,0.029382098177586347,0.14773131436823514,1.0,True,1252.4763532371464,185.0299778788576,27.606383133795184,27.51828403742624,0.14773131436823514,466615091,primary,2283167624,4720203899,0,False
226,1,0.8428883627640336,0.06296222349026022,0.9987415480458203,0.21632949175143731,1.0,True,850.2417522515343,183.93236613042592,183.93236613042592,183.42643998316618,0.21632949175143734,1209072902,secondary,293462774,293462770,0,False
226,2,0.5912070503520641,91.69041079320361,0.15980384000592238,0.21632949175143731,1.0,True,850.2417522515343,183.93236613042592,120.25702187394467,119.95498958627438,0.21632949175143734,1209072902,secondary,293462775,293462774,0,False
226,3,0.5911756580016223,91.72316202219335,0.15969919883778294,0.21632949175143731,1.0,True,850.2417522515343,183.93236613042592,76.66226491564379,76.47236871468175,0.21632949175143734,1209072902,secondary,293462770,293462769,0,False
226,4,0.5536582017706821,168.1358499108291,0.03464101140131545,0.21632949175143731,1.0,True,850.2417522515343,183.93236613042592,56.50869282263908,56.36765421169537,0.21632949175143734,1209072902,secondary,293462769,293462767,0,False
226,5,0.5476223414104119,211.60632810744775,0.014521476867081355,0.21632949175143731,1.0,True,850.2417522515343,183.93236613042592,58.38050599580291,58.231703013709435,0.21632949175143734,1209072902,secondary,293462776,293462775,0,False
227,1,0.9620955402314104,0.10383096695219034,0.9979255353431529,0.8135893981423225,1.0,True,222.56696460407787,181.0781227785953,181.07812277859531,180.4082937704146,0.8135893981423225,1208791978,primary,4597338781,293463029,0,False
227,2,0.712140477568306,90.16873534424569,0.16474199313280505,0.8135893981423225,1.0,True,222.56696460407787,181.0781227785953,33.53915519632118,33.42125456250787,0.8135893981423225,1208791978,primary,293465528,4597338781,0,False
227,3,0.6880559953971039,123.57363302568595,0.0844603858954645,0.8135893981423225,1.0,True,222.56696460407787,181.0781227785953,8.769079246448403,8.737416271155404,0.8135893981423225,1208791978,primary,8153731040,293465528,0,False
227,4,0.47062174902989723,13.917488602888682,0.7570319865653616,0.21756076530144383,1.0,False,832.3105617306521,181.0781227785953,122.22771719700162,121.77239500816975,0.21756076530144383,1208988379,primary,6986305647,293452701,0,False
227,5,0.39846220388808284,33.03398311977153,0.5165001694259802,0.21756076530144383,1.0,False,832.3105617306521,181.0781227785953,55.45199279612707,55.25308235193908,0.21756076530144383,1208988379,primary,293452701,4597338782,0,False
228,1,0.8084891497647033,0.20250208289616636,0.9959581486999645,0.04850852577356976,1.0,True,3727.7442722503997,180.8273791077356,180.8273791077356,180.01021298189713,0.04850852577356977,865024248,primary,8062776435,8064752282,0,False
228,2,0.5592936025163936,89.99775069567576,0.16530632453893207,0.04850852577356976,1.0,True,3727.7442722503997,180.8273791077356,9.064498405164478,9.023545315203659,0.04850852577356977,865024248,primary,8064752282,8064752270,0,False
228,3,0.5592883919592375,90.00300440765876,0.16528895601507834,0.04850852577356976,1.0,True,3727.7442722503997,180.8273791077356,82.9887117674745,82.6107414027799,0.04850852577356977,865024248,primary,3724390916,8062776435,0,False
228,4,0.5511048736387443,99.02125316613912,0.13801056161343433,0.04850852577356976,1.0,True,3727.7442722503997,180.8273791077356,13.211930392008886,13.152248668336036,0.04850852577356977,865024248,primary,8064752270,3724390947,0,False
228,5,0.5415286444718612,112.17346975798655,0.1060897977238244,0.04850852577356976,1.0,True,3727.7442722503997,180.8273791077356,94.57610568556566,94.15165692256542,0.04850852577356977,865024248,primary,3724390947,11968828666,0,False
229,1,0.8233344665531799,0.0811828711884455,0.9983776599948373,0.11910584277364353,1.0,True,1517.5518854343366,180.7492962673884,180.7492962673884,180.54601168786502,0.11910584277364353,874644320,primary,11938897684,7128018275,0,False
229,2,0.573149833466624,90.26385621010986,0.1644288830396509,0.11910584277364353,1.0,True,1517.5518854343366,180.7492962673884,55.564674402933626,55.49021735670427,0.11910584277364353,874644320,primary,7128018275,5414086844,0,False
229,3,0.5731326543901536,90.28127211683139,0.1643716194514161,0.11910584277364353,1.0,True,1517.5518854343366,180.7492962673884,251.7025669308751,251.40680025490752,0.11910584277364353,874644320;874644321;219116706,primary,8141472796,11938897684,0,False
229,4,0.5400893582962194,145.72854115996813,0.05422729913830219,0.11910584277364353,1.0,True,1517.5518854343366,180.7492962673884,140.61152864292586,140.44214976699354,0.11910584277364353,874644320,primary,5414086844,8127692843,0,False
229,5,0.5248017291147866,286.17066727221834,0.0032685352001928336,0.11910584277364353,1.0,True,1517.5518854343366,180.7492962673884,41.054990365642276,41.00497084794412,0.11910584277364353,874644320,primary,8127692843,2283167581,0,False
230,1,0.8165828656154075,0.017429657255168075,0.9996514676064276,0.08343712666739642,1.0,True,2164.753124922666,180.62078068781472,180.62078068781472,179.7931882107846,0.08343712666739643,300173739,primary,12438735280,3042737291,0,False
230,2,0.566383402135276,89.8929247246128,0.16565325600598915,0.08343712666739642,1.0,True,2164.753124922666,180.62078068781472,223.65607911388247,222.6306171585366,0.08343712666739643,300173739,primary,3042737256,12438735280,0,False
230,3,0.5663790590958067,89.89729452427642,0.16563877920775802,0.08343712666739642,1.0,True,2164.753124922666,180.62078068781472,115.08979365749289,114.58546551237515,0.08343712666739643,300173739,primary,3042737291,3042737273,0,False
230,4,0.5218974196038955,202.6601859309859,0.0173666475680538,0.08343712666739642,1.0,True,2164.753124922666,180.62078068781472,9.136576747640584,9.100971534106957,0.08343712666739643,300173739,primary,3042737273,8148670280,0,False
230,5,0.5210632684349789,211.38416322492105,0.01458614367166512,0.08343712666739642,1.0,True,2164.753124922666,180.62078068781472,173.52427150475398,172.95694202211297,0.08343712666739643,300173739,primary,8148670280,3042737299,0,False
231,1,0.8429129453547102,0.28391057962705757,0.9943378789812706,0.2230579083016453,1.0,True,809.528471065368,180.57172746646995,180.57172746646995,179.76073586290843,0.2230579083016453,1208791977,primary,3725763413,3725763281,0,False
231,2,0.594332570873749,89.86776562636886,0.16573663071139969,0.2230579083016453,1.0,True,809.528471065368,180.57172746646995,233.20526151029617,232.1576030372136,0.2230579083016453,1208791977,primary,3725763281,4594183934,0,False
231,3,0.5943261115730406,89.87426159559013,0.16571509970903853,0.2230579083016453,1.0,True,809.528471065368,180.57172746646995,261.1217520553267,259.9457754109768,0.2230579083016453,1208791977;876451410;1208986532,primary,3725790343,3725763413,0,False
231,4,0.5450902678244754,322.02462803157414,0.001595620547154633,0.2230579083016453,1.0,True,809.528471065368,180.57172746646995,100.9366843706595,100.48324657281375,0.2230579083016453,1208791977,primary,4594183934,4594183939,0,False
231,5,0.5446757417642772,422.5078084970852,0.00021386701316054133,0.2230579083016453,1.0,True,809.528471065368,180.57172746646995,37.34493381493272,37.18111018145543,0.2230579083016453,1208791977,primary,4594183939,293458410,0,False
232,1,0.8438632295183459,0.9403344797836896,0.9813690527560219,0.2472625684576966,1.0,True,727.2379214014876,179.81871632556832,179.81871632556832,179.2519503427287,0.24726256845769662,746487560;658700019,primary,6167916393,4715985536,0,False
232,2,0.6991967234656731,89.0488893512941,0.1684733356645825,0.7432736138314919,1.0,True,241.9280235156244,179.81871632556832,62.7974093806127,62.676073172895705,0.7432736138314919,746487560,primary,4716027735,6167916393,0,False
232,3,0.6045897521677956,89.11692011347779,0.16824426415036123,0.2705823646134368,1.0,True,664.5618482285919,179.81871632556832,225.99675824669325,225.16131541710425,0.2705823646134368,658700019,primary,4715985536,4723483921,0,False
232,4,0.5550262186881565,289.9186285883181,0.0030324858848968118,0.2705823646134368,1.0,True,664.5618482285919,179.81871632556832,261.33015913154424,260.14858246875895,0.2705823646134368,658700019,primary,4723483921,4723212636,0,False
232,5,0.4674194469058061,11.636363750956939,0.7923696430549326,0.14854276994663146,1.0,False,1210.5517918520952,179.81871632556832,190.60445950539227,190.06902343679624,0.1485427699466315,1141889036,primary,9913774165,293463399,0,False
233,1,0.8391636109467899,4.515317993585972,0.9136512363153008,0.325341200260998,1.0,True,546.2267127392241,177.71005433719856,177.71005433719856,177.33716410272964,0.325341200260998,875004053,secondary,8144960927,8144960932,0,False
233,2,0.6167546322565298,87.92939673331611,0.17228797401443377,0.325341200260998,1.0,True,546.2267127392241,177.71005433719856,65.03740747541934,65.11488114538913,0.325341200260998,875004053,secondary,293465828,8144960927,0,False
233,3,0.5830394270161768,140.7506361755687,0.059903956546590816,0.325341200260998,1.0,True,546.2267127392241,177.71005433719856,8.387705410583392,8.39833821146286,0.325341200260998,875004053,secondary,13232616586,293465828,0,False
233,4,0.5805707692703852,148.13896443379204,0.05167509739395192,0.325341200260998,1.0,True,546.2267127392241,177.71005433719856,46.83245371783323,46.892814365086785,0.325341200260998,875004053,secondary,8144958891,13232616586,0,False
233,5,0.571739609442552,190.29786649505672,0.022237897967841248,0.325341200260998,1.0,True,546.2267127392241,177.71005433719856,35.287256538416685,35.332851018425934,0.325341200260998,875004053,secondary,8144960922,8144958891,0,False
234,1,0.796184385935733,5.243792627598712,0.9004363025165927,0.13026747590377613,1.0,True,1362.436793060552,177.4812021104335,177.4812021104335,176.7693232933594,0.13026747590377613,40016878,primary,8182365093,2283167672,0,False
234,2,0.5778365768072169,87.835949413352,0.17261027208820537,0.13026747590377613,1.0,True,1362.436793060552,177.4812021104335,36.03919586368378,35.87328976444064,0.13026747590377613,40016878,primary,2283167672,8141615216,0,False
234,3,0.5516003231912419,123.16346570155393,0.08515609336828858,0.13026747590377613,1.0,True,1362.436793060552,177.4812021104335,279.66370485795244,278.38018849546665,0.13026747590377613,40016878,primary,8141615216,3722327255,0,False
234,4,0.5378225073287537,24.2043741999706,0.6162592867268883,0.7647236065534357,1.0,False,232.08542353011805,177.4812021104335,72.24143592255933,71.91590618072328,0.7647236065534357,1138034029,primary,7127990460,8141910054,0,False
234,5,0.5268813768965284,15.236399967578278,0.7373238996977088,0.5284210349360783,1.0,False,93.78480050089453,177.4812021104335,94.20338760425746,93.78480050089453,1.8924303422572257,1209433720;44949028,primary,8141910054,2277422474,0,False
235,1,0.8234183229319851,0.4542986881345954,0.9909551789650675,0.13065884621232424,1.0,True,1356.1790533848468,177.19679037258618,177.19679037258618,176.3989842506422,0.13065884621232424,870242502,trunk,8141521568,6010327769,0,False
235,2,0.577596947645292,88.14385215976274,0.17155059467609043,0.13065884621232424,1.0,True,1356.1790533848468,177.19679037258618,203.76599083037775,202.88256137916912,0.13065884621232424,605579942;870242501;870242502,trunk,6010327769,8140526289,0,False
235,3,0.5775335582928756,88.2054748186293,0.1713392968347026,0.13065884621232424,1.0,True,1356.1790533848468,177.19679037258618,95.66919658658031,95.23006430674806,0.13065884621232424,870242502,trunk,8141521552,8141521568,0,False
235,4,0.5337988812836675,183.34212283758404,0.02555704013734201,0.13065884621232424,1.0,True,1356.1790533848468,177.19679037258618,407.7818079461824,405.9223566840172,0.13065884621232424,870242502,trunk,8141521597,8141521552,0,False
235,5,0.4588050867260328,12.141165092968865,0.7844101053338584,0.11741027562937657,1.0,False,1509.2102409497347,177.19679037258618,154.4016441798402,153.70652829009268,0.11741027562937657,870242503,trunk,6010327768,3725560916,0,False
236,1,0.8161894669782834,1.1536088606588435,0.9771919502361437,0.11515940953720158,1.0,True,1517.5518854343366,174.76037906868515,174.76037906868515,174.37081026872877,0.11515940953720157,874644320,primary,3714912868,5418127631,0,False
236,2,0.5756783828954969,87.00913481256411,0.17548833662685517,0.11515940953720158,1.0,True,1517.5518854343366,174.76037906868515,68.3810791273995,68.26880462636707,0.11515940953720157,874644320,primary,5418127631,2283167585,0,False
236,3,0.5754263342184165,87.2490880430984,0.17464817436992064,0.11515940953720158,1.0,True,1517.5518854343366,174.76037906868515,27.90130211501045,27.830537113879522,0.11515940953720157,874644320,primary,3714912857,3714912868,0,False
236,4,0.5530673530200327,115.07017105118528,0.10011823704197483,0.11515940953720158,1.0,True,1517.5518854343366,174.76037906868515,59.63109226479955,59.4678828104159,0.11515940953720157,874644320,primary,10287153451,3714912857,0,False
236,5,0.5365021844282476,155.16475128144307,0.04490100840269113,0.11515940953720158,1.0,True,1517.5518854343366,174.76037906868515,187.94159050330452,187.60461448152387,0.11515940953720157,874644320;872816373;478254536,primary,2283167585,8124335699,0,False
237,1,0.8333757041762453,0.13720458916233855,0.9972596697951186,0.17098901618854817,1.0,True,1019.722651556636,174.36137297484692,174.36137297484692,173.56164210270265,0.17098901618854817,874459842,primary,8141910114,9833884593,0,False
237,2,0.5872551506542263,86.62045596731687,0.1768578247217224,0.17098901618854817,1.0,True,1019.722651556636,174.36137297484692,138.0138551701159,137.37991479242356,0.17098901618854817,874459842,primary,8141910101,8141910114,0,False
237,3,0.5870962880728869,86.77038891296387,0.1763282827839246,0.17098901618854817,1.0,True,1019.722651556636,174.36137297484692,351.54658168237495,349.9308131759406,0.17098901618854817,874459842,primary,9833884593,8141911339,0,False
237,4,0.5376075931023744,223.85659042625198,0.011365966215549127,0.17098901618854817,1.0,True,1019.722651556636,174.36137297484692,30.195032928116014,30.05984329288759,0.17098901618854817,874459842,primary,9717246530,8141910101,0,False
237,5,0.5360816252749525,253.52398815128973,0.006279406790809811,0.17098901618854817,1.0,True,1019.722651556636,174.36137297484692,121.62255283492242,121.14276137121429,0.17098901618854817,874459842,primary,6956618508,9717246530,0,False
238,1,0.8218135600881347,0.8462517562611126,0.9832173886406881,0.1342417174796414,1.0,True,1298.633364364262,174.33077320862347,174.33077320862347,173.63037059990066,0.1342417174796414,1208791971,primary,3726941482,3726926564,0,False
238,2,0.57974291833648,86.77408480250475,0.1763152494685054,0.1342417174796414,1.0,True,1298.633364364262,174.33077320862347,148.3745600085324,147.7774839030622,0.1342417174796414,1208791971,primary,3726941434,3726941482,0,False
238,3,0.5796831733987735,86.83059220856696,0.17611609967615047,0.1342417174796414,1.0,True,1298.633364364262,174.33077320862347,91.32478235571054,90.95614710018381,0.1342417174796414,1208791971,primary,3726926564,3726926583,0,False
238,4,0.5354165199491374,177.78637736386565,0.028560588177363573,0.1342417174796414,1.0,True,1298.633364364262,174.33077320862347,97.76577531165924,97.37295666327489,0.1342417174796414,1208791971,primary,3726926583,10629571056,0,False
238,5,0.5296016665859198,234.54869480702013,0.009177743633305114,0.1342417174796414,1.0,True,1298.633364364262,174.33077320862347,45.92513923097615,45.7395114973033,0.1342417174796414,1208791971,primary,3726940022,3726941434,0,False
239,1,0.8026538111084811,2.280905262550821,0.9554067573533792,0.08015891951233609,1.0,True,2164.753124922666,173.52427150475398,173.52427150475398,172.95694202211297,0.08015891951233609,300173739,primary,8148670280,3042737299,0,False
239,2,0.5696466808709636,86.09777583388484,0.1787163232283213,0.08015891951233609,1.0,True,2164.753124922666,173.52427150475398,12.182355651138792,12.147111372058106,0.08015891951233609,300173739,primary,3042737299,4963335999,0,False
239,3,0.5694010142712225,86.32740525429767,0.17789743456251755,0.08015891951233609,1.0,True,2164.753124922666,173.52427150475398,9.136576747640584,9.100971534106957,0.08015891951233609,300173739,primary,3042737273,8148670280,0,False
239,4,0.5605474333439491,95.39708372320588,0.1483854981382729,0.08015891951233609,1.0,True,2164.753124922666,173.52427150475398,115.08979365749289,114.58546551237515,0.08015891951233609,300173739,primary,3042737291,3042737273,0,False
239,5,0.5580866724568498,98.24034196210799,0.14018296184794185,0.08015891951233609,1.0,True,2164.753124922666,173.52427150475398,234.40772390992504,233.5928662532582,0.08015891951233609,300173739,primary,4963335999,3042737289,0,False
240,1,0.8513359305030315,0.00021387173366758873,0.9999957225744749,0.2566860686534443,1.0,True,667.8378016720923,171.424659809368,171.424659809368,171.64865137670688,0.2566860686534443,368721302,primary,3725764138,8153479957,0,False
240,2,0.605246154198942,85.82430695501125,0.1796964682275107,0.2566860686534443,1.0,True,667.8378016720923,171.424659809368,22.064256709810756,22.093082678303606,0.2566860686534443,368721302,primary,8153479957,6950332807,0,False
240,3,0.6052461138025975,85.82434442222858,0.1796963335730286,0.2566860686534443,1.0,True,667.8378016720923,171.424659809368,64.80364187891419,64.86829196727552,0.2566860686534443,368721302,primary,3725764130,3725764138,0,False
240,4,0.5859919599724555,107.91738908631889,0.11551582080588847,0.2566860686534443,1.0,True,667.8378016720923,171.424659809368,95.50028628527593,95.62548787106884,0.2566860686534443,368721302,primary,6950332807,6604456764,0,False
240,5,0.5665773175724297,148.9926055329196,0.050800346139136116,0.2566860686534443,1.0,True,667.8378016720923,171.424659809368,313.19068597157997,313.6022877787374,0.2566860686534443,368721302,primary,3725764133,3725764130,0,False
241,1,0.9405731744757824,0.00021355906591984442,0.9999957288278031,0.7028722791372064,1.0,True,243.68686829944778,171.28074451744112,171.28074451744112,171.5049529404094,0.7028722791372064,1208491977,primary,3726939998,6604456763,0,False
241,2,0.694560916014002,85.75245984088431,0.17995486728853607,0.7028722791372064,1.0,True,243.68686829944778,171.28074451744112,72.08758016553178,72.1819153590384,0.7028722791372064,1208491977,primary,6604456763,3726939997,0,False
241,3,0.56760799594262,8.668171523433248,0.8408319753497651,0.5767920166884525,1.0,False,296.95408320804904,171.28074451744112,229.18427401204093,229.48417786171518,0.5767920166884525,1208785499,primary,6604456762,6604456761,0,False
241,4,0.3686197612762385,86.42856990950548,0.17753785979516012,0.5767920166884525,1.0,False,296.95408320804904,171.28074451744112,67.3815774180633,67.46990534633385,0.5767920166884525,1208785499,primary,3725790551,6604456762,0,False
241,5,0.32166206129828334,85.75249310005692,0.179954747585576,0.33837818511305273,1.0,False,57.95766747462418,171.28074451744112,57.8818688977715,57.95766747462418,2.9552732534040227,1208785498,primary,6604456764,3726939998,0,False
242,1,0.831077548716628,0.08495473147426073,0.9983023480146161,0.15793422156121514,1.0,True,1083.4949319913956,171.1209286495828,171.1209286495828,170.3330930685504,0.15793422156121514,478257594,primary,8124335766,3714705527,0,False
242,2,0.5862124397054598,85.16399608264301,0.18208531797738894,0.15793422156121514,1.0,True,1083.4949319913956,171.1209286495828,7.93976773021785,7.903204028294181,0.15793422156121514,478257594,primary,293464343,8124335766,0,False
242,3,0.5862123125962557,85.16411242860764,0.1820848942800426,0.15793422156121514,1.0,True,1083.4949319913956,171.1209286495828,135.2725275408109,134.64956616499865,0.15793422156121514,478257594,primary,3714705527,3714704501,0,False
242,4,0.5782259609386686,93.06714365250367,0.15546372208808543,0.15793422156121514,1.0,True,1083.4949319913956,171.1209286495828,81.664320714453,81.28835155948339,0.15793422156121514,478257594,primary,3714913947,293464343,0,False
242,5,0.5407654545750259,174.34533344902326,0.030595367542609567,0.15793422156121514,1.0,True,1083.4949319913956,171.1209286495828,226.56748301695535,225.52832671652646,0.15793422156121514,478257594,primary,293463605,3714913947,0,False
243,1,0.8124579759949917,1.5942637509042437,0.9686177003532104,0.109363329445143,1.0,True,1544.979758064063,168.96413026723744,168.96413026723744,168.19663906928685,0.109363329445143,464650415,primary,8145147226,293462245,0,False
243,2,0.5778159152657858,83.97223508742661,0.18647749792252394,0.109363329445143,1.0,True,1544.979758064063,168.96413026723744,49.39521181636477,49.16916632973612,0.109363329445143,464650415,primary,293462245,293462011,0,False
243,3,0.5777629189710185,84.01962365844444,0.18630084360663293,0.109363329445143,1.0,True,1544.979758064063,168.96413026723744,66.24445559444874,65.94614683964967,0.109363329445143,464650415,primary,4601752550,8145147226,0,False
243,4,0.5428654867483027,132.98009796128179,0.06997606953091354,0.109363329445143,1.0,True,1544.979758064063,168.96413026723744,190.407087202514,189.54002813858324,0.109363329445143,464650415,primary,293462011,8153698627,0,False
243,5,0.5368210876271935,149.95883748729304,0.04982807246054965,0.109363329445143,1.0,True,1544.979758064063,168.96413026723744,216.94723502398884,215.97270933118028,0.109363329445143,464650415,primary,3718108687,4601752550,0,False
244,1,0.827858921256275,0.1028270491824514,0.9979455722478624,0.14237624790958098,1.0,True,1184.4455219686943,168.63690927120786,168.63690927120786,167.88750174144786,0.14237624790958098,874056882,primary,3727013860,4594206606,0,False
244,2,0.5844681403438938,83.92788713294712,0.18664296920659207,0.14237624790958098,1.0,True,1184.4455219686943,168.63690927120786,32.02031287458114,31.886177002507928,0.14237624790958098,874056882,primary,4594174736,3727013860,0,False
244,3,0.584451739132154,83.94253507670756,0.18658829850079292,0.14237624790958098,1.0,True,1184.4455219686943,168.63690927120786,165.26230635726085,164.5273899480002,0.14237624790958098,874056882,primary,4594206606,4594206590,0,False
244,4,0.530560215462645,248.45149918490918,0.0069498862690959735,0.14237624790958098,1.0,True,1184.4455219686943,168.63690927120786,118.80951705861052,118.27951338279935,0.14237624790958098,874056882,primary,4594206590,6609242521,0,False
244,5,0.5286710198385742,366.72979709162934,0.0006525675221934171,0.14237624790958098,1.0,True,1184.4455219686943,168.63690927120786,67.04268960574902,66.74328869472795,0.14237624790958098,874056882,primary,6609242521,4594197693,0,False
245,1,0.8086068159201429,0.0715290582029582,0.9985704416293865,0.04517841715663473,1.0,True,3727.7442722503997,168.41358578498432,168.41358578498432,167.6471046674699,0.04517841715663473,865024248,primary,3724390838,11968828663,0,False
245,2,0.5651736523633346,83.79850415008282,0.1871265631066923,0.04517841715663473,1.0,True,3727.7442722503997,168.41358578498432,104.22244045695945,103.74543710055198,0.04517841715663473,865024248,primary,11968828661,3724390838,0,False
245,3,0.5651514222756104,83.81830758326575,0.18705246281427815,0.04517841715663473,1.0,True,3727.7442722503997,168.41358578498432,40.03894785710455,39.85676322781647,0.04517841715663473,865024248,primary,11968828663,2390713004,0,False
245,4,0.5343224741955386,123.6750159723966,0.08428930254737214,0.04517841715663473,1.0,True,3727.7442722503997,168.41358578498432,44.724799972279655,44.52147640657981,0.04517841715663473,865024248,primary,2390713004,3724390889,0,False
245,5,0.5194156968350405,168.1950152808702,0.03460004467904534,0.04517841715663473,1.0,True,3727.7442722503997,168.41358578498432,35.5729793122009,35.411688152367724,0.04517841715663473,865024248,primary,3724390889,3724390894,0,False
246,1,0.8199033752643887,0.07471533796790981,0.9985068091610756,0.10175666258033005,1.0,True,1645.3088144295225,167.4211338703478,167.4211338703478,166.75764557876602,0.10175666258033006,1203900682,trunk,12617765452,2392383591,0,False
246,2,0.5769566649595297,83.38396405513829,0.18868444147821217,0.10175666258033005,1.0,True,1645.3088144295225,167.4211338703478,1483.6343357813125,1478.5511688507565,0.10175666258033006,1203900682;1209038916;1194663758,trunk,11088563838,12617765452,0,False
246,3,0.4544008029307191,10.5764380527889,0.8093460030724398,0.0579850100449358,1.0,False,2887.3174936178143,167.4211338703478,1392.1327722280041,1386.5731687246364,0.057985010044935795,1203900681;218526250;218526251;280421141,trunk,12094771861,12617765453,0,False
246,4,0.2821060575465213,83.3726202143968,0.18872725445975547,0.12743940604297335,1.0,False,1313.7312787999997,167.4211338703478,24.050684789926425,23.955610685378883,0.12743940604297335,26755741,trunk,2392383591,2392383587,0,False
246,5,0.2788769107950383,74.74604073644427,0.22426636262017036,0.0579850100449358,1.0,False,2887.3174936178143,167.4211338703478,1505.9062740619322,1500.744324893178,0.057985010044935795,44948644;1203900681;1194664843;1194664844;1317520819,trunk,12617765453,8182316410,0,False
247,1,0.8711106619864302,0.0046133175246141555,0.9999077379059165,0.3556917030732765,1.0,True,469.66011903625116,167.05420760560193,167.05420760560193,166.7290373097244,0.35569170307327647,464260872,trunk,8141472721,8141472740,0,False
247,2,0.6277620156642421,83.36776449047748,0.18874558349862278,0.3556917030732765,1.0,True,469.66011903625116,167.05420760560193,104.27952457168114,104.0359319830767,0.35569170307327647,464260872,trunk,4714939537,8141472721,0,False
247,3,0.5782362886768238,187.19883688537055,0.023659826873894726,0.3556917030732765,1.0,True,469.66011903625116,167.05420760560193,117.56352393242739,117.21032238756624,0.35569170307327647,464260872,trunk,8142194644,4714939537,0,False
247,4,0.571830950070543,303.5535734511628,0.002308698186292318,0.3556917030732765,1.0,True,469.66011903625116,167.05420760560193,20.78780584539319,20.72018510266812,0.35569170307327647,464260872,trunk,4714939526,8142194644,0,False
247,5,0.571597754809388,324.0792782721961,0.001531380649108871,0.3556917030732765,1.0,True,469.66011903625116,167.05420760560193,9.499432678877803,9.468174576544774,0.35569170307327647,464260872,trunk,4714939529,4714939526,0,False
248,1,0.8494483948859186,0.39612165270575683,0.992108866707337,0.25907867436858756,1.0,True,643.9148295943573,166.82460045758106,166.82460045758106,166.09357091886028,0.25907867436858756,464845715,primary,2365467030,2408583723,0,False
248,2,0.6087769751371379,83.07057167509804,0.18987080087806782,0.25907867436858756,1.0,True,643.9148295943573,166.82460045758106,114.98669279561967,114.47186259476346,0.25907867436858756,464845715,primary,2408583723,8184439489,0,False
248,3,0.5742631131319125,8.026664701842567,0.8516894669194025,0.5937813652804582,1.0,False,280.9529065951497,166.82460045758106,62.871657968913176,62.590740883764965,0.5937813652804582,232511043,primary,2443921865,2443921759,0,False
248,4,0.5575873900239532,197.54117904054084,0.01923885050078548,0.25907867436858756,1.0,True,643.9148295943573,166.82460045758106,364.99318958953035,363.34939608073364,0.25907867436858756,230574618;464845715,primary,8184439489,2390658892,0,False
248,5,0.5045852140988483,23.947794795686093,0.6194298034758556,0.5937813652804582,1.0,False,280.9529065951497,166.82460045758106,37.52425417585683,37.35538051539116,0.5937813652804582,232511043,primary,2443921759,4599113414,0,False
249,1,0.9483306933871605,2.0104357441893423,0.9605889290216391,0.8007700734033437,1.0,True,208.04583484312778,166.59687843859135,166.59687843859135,165.84537575398642,0.8007700734033437,870242498,trunk,4593969159,4593969164,0,False
249,2,0.7173817138204938,82.83722213928687,0.19075899713275005,0.8007700734033437,1.0,True,208.04583484312778,166.59687843859135,42.395022906313855,42.200459089141354,0.8007700734033437,870242498;877821611;877821612,trunk,4593969164,8156540160,0,False
249,3,0.46571184271127114,14.00987979915984,0.755634416377752,0.1951075889897277,1.0,False,853.871852454507,166.59687843859135,290.3974828028281,289.07682402536585,0.1951075889897277,877821609;877821610;870242499,trunk,4593964324,8167025447,0,False
249,4,0.434862659361747,79.32843061794718,0.2046265614853967,0.86737345458064,1.0,False,144.5017099736319,166.59687843859135,43.09718586584819,43.0708258614738,1.152905930794807,878075543,trunk,8169509570,8169509573,0,False
249,5,0.434862659361747,79.32843061794718,0.2046265614853967,0.86737345458064,1.0,False,144.5017099736319,166.59687843859135,45.814402754151246,45.637576989209755,1.152905930794807,1548068626;1213505658;878075543,trunk,8169509573,8182365084,0,False
250,1,0.859487140335355,0.00021861319094564448,0.9999956277457395,0.2974422600581655,1.0,True,560.005325077379,166.56924953562327,166.56924953562327,166.62479351112393,0.2974422600581655,26755988,secondary,293462600,1051669950,0,True
250,2,0.859487140335355,0.00021861319094564448,0.9999956277457395,0.2974422600581655,1.0,True,560.005325077379,166.56924953562327,166.56924953562327,166.62479351112393,0.2974422600581655,26755988,secondary,1051669950,293462600,0,True
250,3,0.6161749302270083,83.31233859049426,0.188954927384584,0.2974422600581655,1.0,True,560.005325077379,166.56924953562327,78.51154029297457,78.53653386380681,0.2974422600581655,26755988,secondary,1051669950,8186428309,0,True
250,4,0.6161749302270083,83.31233859049426,0.188954927384584,0.2974422600581655,1.0,True,560.005325077379,166.56924953562327,78.51154029297457,78.53653386380681,0.2974422600581655,26755988,secondary,8186428309,1051669950,0,True
250,5,0.6161747983395977,83.3124549212033,0.18895448775988186,0.2974422600581655,1.0,True,560.005325077379,166.56924953562327,314.761614948291,314.84399770244823,0.2974422600581655,26755988,secondary,293462600,293462632,0,True
251,1,0.859487140335355,0.00021861319094564448,0.9999956277457395,0.2974422600581655,1.0,True,560.005325077379,166.56924953562327,166.56924953562327,166.62479351112393,0.2974422600581655,26755988,secondary,293462600,1051669950,0,True
251,2,0.859487140335355,0.00021861319094564448,0.9999956277457395,0.2974422600581655,1.0,True,560.005325077379,166.56924953562327,166.56924953562327,166.62479351112393,0.2974422600581655,26755988,secondary,1051669950,293462600,0,True
251,3,0.6161749302270083,83.31233859049426,0.188954927384584,0.2974422600581655,1.0,True,560.005325077379,166.56924953562327,78.51154029297457,78.53653386380681,0.2974422600581655,26755988,secondary,1051669950,8186428309,0,True
251,4,0.6161749302270083,83.31233859049426,0.188954927384584,0.2974422600581655,1.0,True,560.005325077379,166.56924953562327,78.51154029297457,78.53653386380681,0.2974422600581655,26755988,secondary,8186428309,1051669950,0,True
251,5,0.6161747983395977,83.3124549212033,0.18895448775988186,0.2974422600581655,1.0,True,560.005325077379,166.56924953562327,314.761614948291,314.84399770244823,0.2974422600581655,26755988,secondary,293462600,293462632,0,True
252,1,0.830193385580219,0.3431966280166211,0.9931595704197295,0.16122757227150067,1.0,True,1031.6171596803688,166.32513016888691,166.32513016888691,165.7979029597932,0.16122757227150067,874459840,primary,4720174504,3719620804,0,False
252,2,0.5894482411097377,82.85904543026066,0.19067575551812535,0.16122757227150067,1.0,True,1031.6171596803688,166.32513016888691,87.69410218311297,87.41976789193873,0.16122757227150067,874459840,primary,2703784888,4720174504,0,False
252,3,0.589378341737943,82.92018072728318,0.19044275761214322,0.16122757227150067,1.0,True,1031.6171596803688,166.32513016888691,56.782542804829184,56.59103865341673,0.16122757227150067,874459840,primary,3719620804,7127914069,0,False
252,4,0.5506743342493507,139.49333710949267,0.06142939931683523,0.16122757227150067,1.0,True,1031.6171596803688,166.32513016888691,47.07817767190012,46.914746941371746,0.16122757227150067,874459840,primary,7127914069,8151416225,0,False
252,5,0.5422018213489207,170.27881327667396,0.0331876896487351,0.16122757227150067,1.0,True,1031.6171596803688,166.32513016888691,69.25517561463116,69.04175402178542,0.16122757227150067,874459840,primary,2703776376,2703784888,0,False
253,1,0.849089912282391,0.17089954446182787,0.9965878437921006,0.2505677957238041,1.0,True,661.1007374877854,165.65055454369568,162.44163985258837,162.6410624458763,0.2505677957238041,470103829,primary,3726944827,13957674836,0,False
253,2,0.6110486452143553,79.69866699498354,0.20311695356531487,0.2505677957238041,1.0,True,661.1007374877854,165.65055454369568,134.1049530309694,134.27250599750838,0.2505677957238041,470103829,primary,13957674836,6604385662,0,False
253,3,0.6072433357393572,82.92285062009475,0.19043258864865478,0.2505677957238041,1.0,True,661.1007374877854,165.65055454369568,59.94467384293007,60.013381357744166,0.2505677957238041,470103829,primary,6605170431,3726944827,0,False
253,4,0.5673298191896021,142.89640929778952,0.05738753348280438,0.2505677957238041,1.0,True,661.1007374877854,165.65055454369568,129.682784755002,129.84520171672105,0.2505677957238041,470103829,primary,3726939997,6605170431,0,False
253,5,0.5542696639229021,213.96020952211046,0.0138536825938041,0.2505677957238041,1.0,True,661.1007374877854,165.65055454369568,39.06841839393014,39.11691211240194,0.2505677957238041,470103829,primary,6604385662,3726944825,0,False
254,1,0.8409248031217693,1.3553797950874828e-05,0.9999997289240777,0.20462442222272934,1.0,True,809.4926884594765,165.64197366954426,165.64197366954426,164.88313121898872,0.20462442222272936,174418041,secondary,293456654,293456599,0,False
254,2,0.5986072327159533,82.44156352259593,0.19227449423802503,0.20462442222272934,1.0,True,809.4926884594765,165.64197366954426,39.987374345588,39.803883253460036,0.20462442222272936,174418041,secondary,293456599,9882823387,0,False
254,3,0.598607227900863,82.44156769639503,0.1922744781877235,0.20462442222272934,1.0,True,809.4926884594765,165.64197366954426,49.56248633641165,49.33560751267318,0.20462442222272936,174418041,secondary,9871576948,293456654,0,False
254,4,0.566946054552572,122.24360165100325,0.08673723369342022,0.20462442222272934,1.0,True,809.4926884594765,165.64197366954426,133.69979440501174,133.0861454992496,0.20462442222272936,174418041,secondary,9882823387,3714708616,0,False
254,5,0.5624290377078034,131.77681915716207,0.07168051087752533,0.20462442222272934,1.0,True,809.4926884594765,165.64197366954426,132.07449319061763,131.46992216488096,0.20462442222272936,174418041,secondary,293456370,9871576948,0,False
255,1,0.806923675909998,0.6563780106834032,0.9869582303874976,0.05418103396874329,1.0,True,3051.056944132325,165.30941993060364,165.30941993060364,164.974148193616,0.054181033968743304,1393752821;742084229;44947109,trunk,569909828,12901379743,0,False
255,2,0.6035719165982062,82.26562844572317,0.19295224249414786,0.2284312192498091,1.0,True,723.6726244052641,165.30941993060364,560.469059085779,558.6984762116481,0.2284312192498091,464264129;1210250340;1393752818;762847156;1393752821,trunk,12901379743,12901379734,0,False
255,3,0.5709549795818325,82.43520944485006,0.1922989303323793,0.06632650241059339,1.0,True,2492.358467920677,165.30941993060364,207.88762026176863,207.11494281549028,0.06632650241059339,742084229,trunk,11936417213,569909828,0,False
255,4,0.5143011418398262,283.42842360851625,0.0034528045256919724,0.06632650241059339,1.0,True,2492.358467920677,165.30941993060364,969.8600383768458,965.5691965246064,0.06632650241059339,742084229,trunk,3725628684,11936417213,0,False
255,5,0.44128100175450813,13.234062544383828,0.7674505351699656,0.05522920601759199,1.0,False,2993.152207872555,165.30941993060364,593.829930247831,592.0952395503886,0.05522920601759198,1213505657;196857002;44947105;742084228,trunk,2277412722,569909654,0,False
256,1,0.8242648426334149,0.610476205191396,0.9878647097086078,0.1395271486041625,1.0,True,1184.4455219686943,165.26230635726083,165.26230635726085,164.5273899480002,0.13952714860416252,874056882,primary,4594206606,4594206590,0,False
256,2,0.585813652937869,82.2461537843956,0.19302741072345503,0.1395271486041625,1.0,True,1184.4455219686943,165.26230635726083,168.63690927120786,167.88750174144786,0.13952714860416252,874056882,primary,3727013860,4594206606,0,False
256,3,0.585789079932854,82.26737548558773,0.19294550070673835,0.1395271486041625,1.0,True,1184.4455219686943,165.26230635726083,118.80951705861052,118.27951338279935,0.13952714860416252,874056882,primary,4594206590,6609242521,0,False
256,4,0.5333403538571292,200.54684562717622,0.018116413787655584,0.1395271486041625,1.0,True,1184.4455219686943,165.26230635726083,67.04268960574902,66.74328869472795,0.13952714860416252,874056882,primary,6609242521,4594197693,0,False
256,5,0.5299223062846836,250.11162077245626,0.006722921879503892,0.1395271486041625,1.0,True,1184.4455219686943,165.26230635726083,32.02031287458114,31.886177002507928,0.13952714860416252,874056882,primary,4594174736,3727013860,0,False
257,1,0.8332046835495779,1.0985518430515737,0.9782685683693914,0.1986205651938023,1.0,True,831.7759311019269,165.20780555006587,165.20780555006587,165.01016379621063,0.1986205651938023,279088743,primary,293464910,293464908,0,False
257,2,0.597623873444882,82.25346140746723,0.19299920135373846,0.1986205651938023,1.0,True,831.7759311019269,165.20780555006587,55.97998803298168,55.93922121105643,0.1986205651938023,279088743,primary,12555910154,293464910,0,False
257,3,0.5975564512725369,82.31171852089115,0.19277446077925486,0.1986205651938023,1.0,True,831.7759311019269,165.20780555006587,9.503939377200885,9.464696974081603,0.1986205651938023,279088743,primary,293464908,2999157394,0,False
257,4,0.5887560638143094,90.56551661991409,0.16343983591849678,0.1986205651938023,1.0,True,831.7759311019269,165.20780555006587,36.23316852383645,36.20843263335972,0.1986205651938023,279088743,primary,2999157394,8151548235,0,False
257,5,0.5636939837212189,126.34924105995367,0.07989956894152847,0.1986205651938023,1.0,True,831.7759311019269,165.20780555006587,9.956234438181479,9.949429571617266,0.1986205651938023,279088743,primary,8151548235,8153654900,0,False
258,1,0.8381488713449745,0.3014771995003983,0.9939885972309462,0.1997614608784527,1.0,True,825.1068292039173,164.82454558256248,164.82454558256248,164.35480540153634,0.1997614608784527,478249498,secondary,293462777,293462778,0,False
258,2,0.5979633108306658,82.15747526715863,0.19337006218325084,0.1997614608784527,1.0,True,825.1068292039173,164.82454558256248,123.64245942016632,123.38409924106693,0.1997614608784527,478249498,secondary,2833450832,293462777,0,False
258,3,0.5979218086551451,82.19325901073594,0.1932317215981819,0.1997614608784527,1.0,True,825.1068292039173,164.82454558256248,121.32251713396718,120.94492466304393,0.1997614608784527,478249498,secondary,293462778,293462779,0,False
258,4,0.5451205793767234,203.0620568382371,0.01722762400344291,0.1997614608784527,1.0,True,825.1068292039173,164.82454558256248,21.829525007808254,21.75875289718953,0.1997614608784527,478249498,secondary,293462779,9771712112,0,False
258,5,0.5432982375011253,224.80166062507968,0.011153151084782533,0.1997614608784527,1.0,True,825.1068292039173,164.82454558256248,141.3044004724377,140.83969457719215,0.1997614608784527,478249498,secondary,9771712112,293462780,0,False
259,1,0.997963213533994,0.1868449212181451,0.9962700750914097,0.9954109550328545,1.0,True,163.68089991390445,164.43550182597903,164.43550182597903,163.68089991390445,1.0046102013886256,1141888415;1392897335,primary,4723475967,4723476603,0,False
259,2,0.503683995977212,9.91847432590714,0.8200667935288735,0.2883197895927499,1.0,False,570.3233276433896,164.43550182597903,290.25664515298575,288.92143273517405,0.2883197895927499,1337725748;1209433725,primary,3714706485,3714707013,0,False
259,3,0.49929247209166366,18.76858328068173,0.6870338844630106,0.46591153376380223,1.0,False,352.93288512866263,164.43550182597903,64.306059850183,64.0114523934886,0.46591153376380223,1209433725;1249542286,primary,3714707013,293463599,0,False
259,4,0.40558927544520196,18.76858328068173,0.6870338844630106,0.997395550531494,0.0,False,164.86488408571137,164.43550182597903,72.79610998395145,72.89061537975928,0.997395550531494,367555351,residential,3714707011,3714707013,0,True
259,5,0.40558927544520196,18.76858328068173,0.6870338844630106,0.997395550531494,0.0,False,164.86488408571137,164.43550182597903,72.79610998395145,72.89061537975928,0.997395550531494,367555351,residential,3714707013,3714707011,0,True
260,1,0.8453163506315855,0.9404728617141587,0.9813663366849,0.25453224813057773,1.0,True,642.7175101903604,163.59233278163993,163.59233278163993,162.85714470594917,0.25453224813057773,1208988383,primary,3719506250,3719506253,0,False
260,2,0.6098998491140641,81.31784550471798,0.19664466495982855,0.25453224813057773,1.0,True,642.7175101903604,163.59233278163993,58.99497956746474,58.73540973235585,0.25453224813057773,1208988383,primary,4597338734,3719506250,0,False
260,3,0.609779946272285,81.41957286589566,0.1962449888205653,0.25453224813057773,1.0,True,642.7175101903604,163.59233278163993,42.7847484559519,42.589271139359255,0.25453224813057773,1208988383,primary,3719506253,11303239729,0,False
260,4,0.5760342514020944,123.99038005111663,0.08375933925326273,0.25453224813057773,1.0,True,642.7175101903604,163.59233278163993,41.52111278611257,41.33083410805938,0.25453224813057773,1208988383,primary,11303239729,293462947,0,False
260,5,0.5691390663383028,140.02851787369187,0.06077538904062419,0.25453224813057773,1.0,True,642.7175101903604,163.59233278163993,130.13180690471233,129.5753959530181,0.25453224813057773,1208988383,primary,8163267507,4597338734,0,False
261,1,0.8358909846589127,0.13927664049017008,0.9972183431869732,0.1836274085141031,1.0,True,890.5508505122658,163.5295448295978,163.5295448295978,163.7342954632144,0.1836274085141031,26754699,secondary,293457075,293463159,0,False
261,2,0.5950715166010259,81.86955359954318,0.19448678299401723,0.1836274085141031,1.0,True,890.5508505122658,163.5295448295978,77.68858521384426,77.78261022713752,0.1836274085141031,26754699,secondary,8151563183,293457075,0,False
261,3,0.5795134517395841,8.352181914436558,0.8461626854399219,0.6283232305380383,1.0,False,102.74941189574784,163.5295448295978,102.62427437271606,102.74941189574784,1.591537526224666,1013619972,secondary,2703797732,2703797734,0,False
261,4,0.5490474673858515,159.61986769837625,0.04107328561010296,0.1836274085141031,1.0,True,890.5508505122658,163.5295448295978,222.6986389103081,222.96937231672064,0.1836274085141031,26754699,secondary,293457398,8151563183,0,False
261,5,0.5368680796316869,382.57543849212095,0.0004753264295545433,0.1836274085141031,1.0,True,890.5508505122658,163.5295448295978,186.10219270450244,186.32887691342498,0.1836274085141031,26754699,secondary,293457280,293457398,0,False
262,1,0.8261211476994175,0.0056126450351769155,0.9998877533994176,0.13077410839796066,1.0,True,1246.9065433299056,163.06309145955152,163.06309145955152,162.40683323642784,0.13077410839796066,1208795201,primary,4594188520,3726941481,0,False
262,2,0.5852838644871616,81.20301264433401,0.19709680935856505,0.13077410839796066,1.0,True,1246.9065433299056,163.06309145955152,100.10566802587923,99.70295900886939,0.13077410839796066,1208795201,primary,3727011926,4594188520,0,False
262,3,0.5852835199033319,81.20330402807487,0.19709566074579948,0.13077410839796066,1.0,True,1246.9065433299056,163.06309145955152,375.65206509244547,374.1394329602307,0.13077410839796066,1208795201,primary,3726941481,11433519729,0,False
262,4,0.5342049717428043,180.90458710033275,0.02683383354404074,0.13077410839796066,1.0,True,1246.9065433299056,163.06309145955152,40.97116580274751,40.80787457956256,0.13077410839796066,1208795201,primary,4594197575,3727011926,0,False
262,5,0.5297141520219957,221.7105026776417,0.011864434474678633,0.13077410839796066,1.0,True,1246.9065433299056,163.06309145955152,40.019623573819764,39.85886281476246,0.13077410839796066,1208795201,primary,4594197576,4594197575,0,False
263,1,0.8363933316323158,0.01062010152354695,0.9997876205252434,0.1822852273737133,1.0,True,890.5508505122658,162.33426427348215,162.33426427348215,162.53335993530382,0.1822852273737133,26754699,secondary,4613766153,293457277,0,False
263,2,0.5955104088801542,81.26704875167648,0.1968445446847049,0.1822852273737133,1.0,True,890.5508505122658,162.33426427348215,77.10456891854011,77.2023356564645,0.1822852273737133,26754699,secondary,293457277,293457280,0,False
263,3,0.5490730214987829,158.4409262718979,0.042053253413467585,0.1822852273737133,1.0,True,890.5508505122658,162.33426427348215,186.10219270450244,186.32887691342498,0.1822852273737133,26754699,secondary,293457280,293457398,0,False
263,4,0.5367610050613465,344.73214999361704,0.0010131986220128805,0.1822852273737133,1.0,True,890.5508505122658,162.33426427348215,222.6986389103081,222.96937231672064,0.1822852273737133,26754699,secondary,293457398,8151563183,0,False
263,5,0.5028449747408279,6.843116350012815,0.8720902811528061,0.2060894519749304,1.0,False,787.6883688992932,162.33426427348215,146.58324779630186,146.76353632409214,0.2060894519749304,478254522,secondary,4620986372,4613766154,0,False
264,1,0.9376485209692922,0.16960017360398486,0.9966137428726544,0.6933219905374787,1.0,True,232.08542353011805,160.90992781663525,160.90992781663525,160.16951734939477,0.6933219905374787,1138034029,primary,3722327215,7127990460,0,False
264,2,0.699136761981243,80.07980047287464,0.20157454624582427,0.6933219905374787,1.0,True,232.08542353011805,160.90992781663525,72.24143592255933,71.91590618072328,0.6933219905374787,1138034029,primary,7127990460,8141910054,0,False
264,3,0.47543959628722127,8.753655600704484,0.8393956486192253,0.11810450850726825,1.0,False,1362.436793060552,160.90992781663525,279.66370485795244,278.38018849546665,0.11810450850726827,40016878,primary,8141615216,3722327255,0,False
264,4,0.3422099798632293,46.40590410157215,0.3952969272059188,0.11810450850726825,1.0,False,1362.436793060552,160.90992781663525,36.03919586368378,35.87328976444064,0.11810450850726827,40016878,primary,2283167672,8141615216,0,False
264,5,0.33104114471090396,151.5746313562819,0.04824357468930792,0.5828403615205577,1.0,False,93.78480050089453,160.90992781663525,94.20338760425746,93.78480050089453,1.715735673128616,1209433720;44949028,primary,8141910054,2277422474,0,False
265,1,0.8103766606080265,0.8146613827216161,0.9838387890142701,0.07612511951872752,1.0,True,2112.030498920006,160.7785741574832,160.7785741574832,160.16850587377658,0.07612511951872754,874459841;874459842;466615091,primary,293458244,6956618508,0,False
265,2,0.5920699339358049,80.02708923102794,0.20178716319231146,0.15766892489055734,1.0,True,1019.722651556636,160.7785741574832,121.62255283492242,121.14276137121429,0.15766892489055734,874459842,primary,6956618508,9717246530,0,False
265,3,0.586135891895599,80.08821998871537,0.20154060590181302,0.1283685506252756,1.0,True,1252.4763532371464,160.7785741574832,12.62450950265834,12.57571882846957,0.1283685506252756,466615091,primary,5662526910,293458244,0,False
265,4,0.5726906217835132,92.66375575731783,0.15672303886152683,0.1283685506252756,1.0,True,1252.4763532371464,160.7785741574832,125.68791531195203,125.23560346184938,0.1283685506252756,466615091,primary,293458235,5662526910,0,False
265,5,0.5369201302845685,200.9957685232882,0.017954484354856644,0.15766892489055734,1.0,True,1019.722651556636,160.7785741574832,30.195032928116014,30.05984329288759,0.15766892489055734,874459842,primary,9717246530,8141910101,0,False
266,1,0.9233191513886032,0.21348450292937235,0.9957394121089247,0.6229866387796288,1.0,True,257.6878376345066,160.536079822312,160.536079822312,160.42588925723965,0.6229866387796288,279088740,primary,1812432267,1812432244,0,False
266,2,0.6849854945218781,80.14946516900834,0.20129388921984107,0.6229866387796288,1.0,True,257.6878376345066,160.536079822312,11.792074930430624,11.805685370812876,0.6229866387796288,279088740,primary,2999157393,1812432267,0,False
266,3,0.6848689137211588,80.24608465840541,0.2009052865507767,0.6229866387796288,1.0,True,257.6878376345066,160.536079822312,38.72032103740806,38.6904662447228,0.6229866387796288,279088740,primary,1812432244,6947614980,0,False
266,4,0.6523980356740564,118.93604948014351,0.09266902639376885,0.6229866387796288,1.0,True,257.6878376345066,160.536079822312,20.022393270167292,20.005170809068527,0.6229866387796288,279088740,primary,6947614980,12555910148,0,False
266,5,0.643232033919527,138.93783549171013,0.06211568721200418,0.6229866387796288,1.0,True,257.6878376345066,160.536079822312,16.27571310689246,16.264960166049043,0.6229866387796288,279088740,primary,12555910148,6947648488,0,False
267,1,0.8232933535292546,0.10139173253618487,0.997974220016885,0.11950543762094548,1.0,True,1341.5532112198066,160.32290359860772,160.32290359860772,159.7710111534966,0.11950543762094551,880075594,primary,2283167601,3719620306,0,False
267,2,0.5846182431200817,79.87780936329969,0.20239051865297525,0.11950543762094548,1.0,True,1341.5532112198066,160.32290359860772,73.45842669377163,73.2067890495208,0.11950543762094551,880075594,primary,3719620306,8151182416,0,False
267,3,0.5846005704065936,79.89236479312736,0.2023316096080152,0.11950543762094548,1.0,True,1341.5532112198066,160.32290359860772,573.6074437863839,571.6423476916178,0.11950543762094551,880075594,primary,4719693651,2283167601,0,False
267,4,0.5379457416129233,153.0770321593448,0.046815513629114056,0.11950543762094548,1.0,True,1341.5532112198066,160.32290359860772,243.22906750563075,242.4082752432934,0.11950543762094551,880075594,primary,8151182416,2283167591,0,False
267,5,0.5240126868178043,394.83115166617864,0.0003719976453841822,0.11950543762094548,1.0,True,1341.5532112198066,160.32290359860772,41.27937230184729,41.18653989181096,0.11950543762094551,880075594,primary,2283167591,3719620255,0,False
268,1,0.8874718395902337,0.7100049486114481,0.9859002468978957,0.45850882760432526,1.0,True,348.8000379178088,159.92789645403872,159.92789645403872,159.9981919214608,0.45850882760432526,1238285689,secondary,8124118501,3706277268,0,False
268,2,0.6525038609522629,79.80791109728803,0.20267365143799265,0.45850882760432526,1.0,True,348.8000379178088,159.92789645403872,103.30459683906756,103.36226475288323,0.45850882760432526,1238285688;1238285689,secondary,3718134122,8124118501,0,False
268,3,0.6522246913660616,80.03801209044268,0.20174308615065512,0.45850882760432526,1.0,True,348.8000379178088,159.92789645403872,85.41484457302298,85.43958124346477,0.45850882760432526,1238285689,secondary,3706277268,3706276768,0,False
268,4,0.5105132944767898,5.978808764783847,0.8872964151778592,0.22162184961716042,1.0,False,721.6251318645043,159.92789645403872,356.6585202650833,356.8328341609024,0.22162184961716042,369195862,secondary,7243112626,1051626824,0,False
268,5,0.3121439611099126,166.12568626357577,0.036062067593105464,0.5066267041599046,1.0,False,81.02374308373614,159.92789645403872,81.04911381090974,81.02374308373614,1.9738398939278452,369195863,secondary,1051626824,3730052120,0,False
269,1,0.830822559063918,0.19271442249344994,0.9961531297861242,0.1598831006404034,1.0,True,999.5214033771465,159.80658112838552,159.80658112838552,159.08584965895915,0.15988310064040337,869997541,primary,3725791491,3725791505,0,False
269,2,0.5931421391494882,79.50994292992495,0.20388506340469154,0.1598831006404034,1.0,True,999.5214033771465,159.80658112838552,216.0646225823624,215.08779906024705,0.15988310064040337,869997541,primary,8137990582,3725791491,0,False
269,3,0.593095225959942,79.54830702003393,0.20372868610620448,0.1598831006404034,1.0,True,999.5214033771465,159.80658112838552,141.60397027911924,140.96568221099233,0.15988310064040337,869997541,primary,3725791505,3184374603,0,False
269,4,0.5356228871507998,220.5039281956105,0.01215422340906337,0.1598831006404034,1.0,True,999.5214033771465,159.80658112838552,129.65559817577272,129.06395806613565,0.15988310064040337,869997541,primary,3184374603,3184374604,0,False
269,5,0.53280547256663,294.57478068420687,0.002762841461831173,0.1598831006404034,1.0,True,999.5214033771465,159.80658112838552,356.9228028032657,355.31811438081246,0.15988310064040337,865024248;869997541,primary,11968828666,8137990582,0,False
270,1,0.8190422734171634,0.03396367729220062,0.9993209571082023,0.09622993142351373,1.0,True,1659.2079422068919,159.6654664959185,159.6654664959185,159.23275290293742,0.09622993142351371,478254539,primary,10287153450,5415640148,0,False
270,2,0.5802846089605049,79.61378261117666,0.203462075586007,0.09622993142351373,1.0,True,1659.2079422068919,159.6654664959185,270.7879475421756,270.2984737273016,0.09622993142351371,478254539,primary,5415640148,8127692776,0,False
270,3,0.5802799739933528,79.61757950479573,0.20344662569550004,0.09622993142351373,1.0,True,1659.2079422068919,159.6654664959185,59.187892678811274,59.03022949209488,0.09622993142351371,478254539,primary,4714939496,10287153450,0,False
270,4,0.5379895924804194,138.64648916448004,0.062478687319055544,0.09622993142351373,1.0,True,1659.2079422068919,159.6654664959185,207.86501308530177,207.37781378112464,0.09622993142351371,478254539,primary,4714962031,4714939496,0,False
270,5,0.5195435886228749,345.7889796974515,0.0009920077939071456,0.09622993142351373,1.0,True,1659.2079422068919,159.6654664959185,359.10287530431435,358.3824285602907,0.09622993142351371,762822065;478254538;478254539,primary,11937077582,4714962031,0,False
271,1,0.8294065086488143,8.974096767803163e-06,0.9999998205180808,0.14703281246694963,1.0,True,1083.4949319913956,159.30930714438122,159.30930714438122,158.57562353036303,0.14703281246694963,478257594,primary,3714704501,10267000474,0,False
271,2,0.5908444252538647,79.28780861106947,0.20479287586824907,0.14703281246694963,1.0,True,1083.4949319913956,159.30930714438122,135.2725275408109,134.64956616499865,0.14703281246694963,478257594,primary,3714705527,3714704501,0,False
271,3,0.5908444175025878,79.28781491929456,0.20479285003065953,0.14703281246694963,1.0,True,1083.4949319913956,159.30930714438122,73.0440981864751,72.70770905737226,0.14703281246694963,478257594,primary,10267000474,3714705622,0,False
271,4,0.5437583140667543,151.99552395188806,0.04783917191121466,0.14703281246694963,1.0,True,1083.4949319913956,159.30930714438122,195.11745418292566,194.219210933814,0.14703281246694963,478257594,primary,3714705622,3714706393,0,False
271,5,0.5335646471487455,213.93639628971297,0.01386028218451857,0.14703281246694963,1.0,True,1083.4949319913956,159.30930714438122,171.1209286495828,170.3330930685504,0.14703281246694963,478257594,primary,8124335766,3714705527,0,False
272,1,0.8436450085071678,0.21804038864029557,0.9956486867431429,0.22475201242112483,1.0,True,708.4128526369825,159.21721425515156,159.21721425515156,158.48658160090042,0.22475201242112483,1208491992,primary,2929034393,3725790429,0,False
272,2,0.6064470114244083,79.2400220273981,0.20498869646727746,0.22475201242112483,1.0,True,708.4128526369825,159.21721425515156,281.24560459882736,279.95726678110947,0.22475201242112483,1208491992,primary,293466257,2929034393,0,False
272,3,0.606445266046547,79.24144113217487,0.2049828785410735,0.22475201242112483,1.0,True,708.4128526369825,159.21721425515156,271.21266624269725,269.9690042549727,0.22475201242112483,1208491992,primary,3725790429,4814206874,0,False
272,4,0.4656576549345024,11.9519121426954,0.7873847699561723,0.14721111973825352,1.0,False,1081.5569811454823,159.21721425515156,402.7893414285748,400.94252545410524,0.1472111197382535,1208986525,primary,4601195799,8157194822,0,False
272,5,0.3224438077493383,31.467683040745495,0.5329361472277858,0.8128148179050128,0.0,False,129.41411101214442,159.21721425515156,27.246541938532523,27.20315851435685,1.2302925315478956,368732307,residential,3725789299,4594098415,0,True
273,1,0.8354576199695132,0.46371316391947914,0.9907686100593777,0.19113518475849917,1.0,True,831.7165889749187,158.9703039004298,158.9703039004298,158.24526672103838,0.19113518475849917,879562788,secondary,293463119,293463078,0,False
273,2,0.5999335175219214,79.06967578537368,0.20568826856740505,0.19113518475849917,1.0,True,831.7165889749187,158.9703039004298,212.10510682944545,211.13760692979736,0.19113518475849917,879562788,secondary,293465977,293463119,0,False
273,3,0.5998975979060435,79.09878948144615,0.20556853651447898,0.19113518475849917,1.0,True,831.7165889749187,158.9703039004298,126.08480883515908,125.51614020434786,0.19113518475849917,879562788,secondary,293463078,293463063,0,False
273,4,0.5432409706084558,204.5780853303979,0.01671311218918664,0.19113518475849917,1.0,True,831.7165889749187,158.9703039004298,89.02797563357834,88.62906193581644,0.19113518475849917,879562788,secondary,293463063,10110997385,0,False
273,5,0.5391420426026362,289.630375624757,0.00305001883645458,0.19113518475849917,1.0,True,831.7165889749187,158.9703039004298,10.882374966578952,10.83252335441343,0.19113518475849917,879562788,secondary,2955625544,293465977,0,False
274,1,0.9998241667268479,0.00020440850111948404,0.9999959118383341,0.999126965876738,1.0,True,158.49841000399,158.636905435644,158.636905435644,158.49841000399,1.0008737969778405,466600306,primary,1812432245,1812432278,0,False
274,2,0.4190811299863872,25.28168245133597,0.6031232858380555,0.1907207211748526,1.0,False,831.7759311019269,158.636905435644,154.94777140963538,154.8236770410672,0.1907207211748526,279088743,primary,293464896,293464894,0,False
274,3,0.4102671555949854,79.24914351887347,0.20495130382520035,0.7439088222371264,1.0,False,118.01139348597232,158.636905435644,118.12178550470375,118.01139348597232,1.3442507604530636,1209004192,primary,1812432274,1812432245,0,False
274,4,0.36243142863751177,79.24926648564376,0.2049507997818222,0.5047309435148254,1.0,False,314.2999403423428,158.636905435644,314.5600659883634,314.2999403423428,0.5047309435148254,466600308,primary,1812432278,2999157393,0,False
274,5,0.32562268467887084,257.9179458458569,0.005751130027746197,0.6194867283527349,1.0,False,256.07797257815724,158.636905435644,130.17936963866217,130.07714164356315,0.6194867283527349,1208791979,primary,2833482027,293460604,0,False
275,1,0.7944889059840265,3.7396720372547287,0.9279351401250836,0.08054181973250754,1.0,True,1962.4852799948158,158.062135649042,158.062135649042,157.35711141131176,0.08054181973250753,90617087,secondary,3711678597,3711673309,0,False
275,2,0.5795238228892152,77.70374055155938,0.2113848631423788,0.08054181973250754,1.0,True,1962.4852799948158,158.062135649042,147.77947755357297,147.22812855339492,0.08054181973250753,90617087,secondary,8099252001,3711678597,0,False
275,3,0.5787361289761755,78.32868820277034,0.20875921676558015,0.08054181973250754,1.0,True,1962.4852799948158,158.062135649042,95.37223235604064,94.94295151771928,0.08054181973250753,90617087,secondary,3711673309,3711679014,0,False
275,4,0.5254925225791262,173.2379729431506,0.03128052877541554,0.08054181973250754,1.0,True,1962.4852799948158,158.062135649042,249.82530730113726,248.68289301159436,0.08054181973250753,90617087,secondary,3711679014,8133212869,0,False
275,5,0.5196259222780861,222.30076907682613,0.011725194438615303,0.08054181973250754,1.0,True,1962.4852799948158,158.062135649042,88.70446519606946,88.39236349431634,0.08054181973250753,90617087,secondary,293464276,8099252001,0,False
276,1,0.8745891226913589,0.9755420061068003,0.9806782644588843,0.4019282167684678,1.0,True,391.6526074752279,157.41623411523904,157.41623411523904,157.52465869851733,0.4019282167684678,776295454,secondary,3706277194,8128232265,0,True
276,2,0.8745891226913589,0.9755420061068003,0.9806782644588843,0.4019282167684678,1.0,True,391.6526074752279,157.41623411523904,157.41623411523904,157.52465869851733,0.4019282167684678,776295454,secondary,8128232265,3706277194,0,True
276,3,0.6425394743542154,78.70850087000787,0.20717943666840613,0.4019282167684678,1.0,True,391.6526074752279,157.41623411523904,68.57922102488006,68.63284594435432,0.4019282167684678,776295454,secondary,3706277434,8128232265,0,True
276,4,0.6425394743542154,78.70850087000787,0.20717943666840613,0.4019282167684678,1.0,True,391.6526074752279,157.41623411523904,68.57922102488006,68.63284594435432,0.4019282167684678,776295454,secondary,8128232265,3706277434,0,True
276,5,0.6424548922965883,78.77658972333269,0.20689749647631533,0.4019282167684678,1.0,True,391.6526074752279,157.41623411523904,37.359866061566265,37.38635178873963,0.4019282167684678,776295454,secondary,3706277194,10706332784,0,True
277,1,0.8745891226913589,0.9755420061068003,0.9806782644588843,0.4019282167684678,1.0,True,391.6526074752279,157.41623411523904,157.41623411523904,157.52465869851733,0.4019282167684678,776295454,secondary,3706277194,8128232265,0,True
277,2,0.8745891226913589,0.9755420061068003,0.9806782644588843,0.4019282167684678,1.0,True,391.6526074752279,157.41623411523904,157.41623411523904,157.52465869851733,0.4019282167684678,776295454,secondary,8128232265,3706277194,0,True
277,3,0.6425394743542154,78.70850087000787,0.20717943666840613,0.4019282167684678,1.0,True,391.6526074752279,157.41623411523904,68.57922102488006,68.63284594435432,0.4019282167684678,776295454,secondary,3706277434,8128232265,0,True
277,4,0.6425394743542154,78.70850087000787,0.20717943666840613,0.4019282167684678,1.0,True,391.6526074752279,157.41623411523904,68.57922102488006,68.63284594435432,0.4019282167684678,776295454,secondary,8128232265,3706277434,0,True
277,5,0.6424548922965883,78.77658972333269,0.20689749647631533,0.4019282167684678,1.0,True,391.6526074752279,157.41623411523904,37.359866061566265,37.38635178873963,0.4019282167684678,776295454,secondary,3706277194,10706332784,0,True
278,1,0.9279603715391345,0.22520019923694118,0.9955061238302634,0.6465426719502766,1.0,True,241.6881809633085,156.26172229881945,156.26172229881945,155.54239487609743,0.6465426719502766,219116704;762822062;219116711,primary,3714706393,12201173657,0,False
278,2,0.6926513670685537,77.76103563753247,0.21114277559499436,0.6465426719502766,1.0,True,241.6881809633085,156.26172229881945,86.5442964207524,86.14578608721106,0.6465426719502766,219116711,primary,12201173657,3714705892,0,False
278,3,0.6136344763068537,11.99207379744753,0.7867525703862102,0.8880435259549533,1.0,False,175.96178310154806,156.26172229881945,20.150820718494145,20.058052872351887,0.8880435259549533,1210211832,primary,8127682909,7128063637,0,False
278,4,0.6081692664455818,13.163445404880783,0.7685352041819705,0.8880435259549533,1.0,False,175.96178310154806,156.26172229881945,72.39355995644307,72.06024920112446,0.8880435259549533,1210211832,primary,7128063637,7128134805,0,False
278,5,0.5831094337974196,18.916644759806456,0.6850024286880966,0.8880435259549533,1.0,False,175.96178310154806,156.26172229881945,84.23108841846901,83.84348102807174,0.8880435259549533,1210211832;762822066;478257595,primary,7128063636,8127682909,0,False
279,1,0.839283462799518,0.058521778365561154,0.9988302491252419,0.19817194030972682,1.0,True,787.6883688992932,156.09773242417683,156.09773242417683,156.2880353520153,0.19817194030972685,478254522;1013619973,secondary,2703797734,8151182351,0,False
279,2,0.6024925161325423,78.14511115358177,0.20952709356865643,0.19817194030972682,1.0,True,787.6883688992932,156.09773242417683,320.78471062926695,321.17446838537944,0.19817194030972685,478254522,secondary,8151182351,8151182352,0,False
279,3,0.5397364107501462,399.31712658735114,0.0003400756273361685,0.19817194030972682,1.0,True,787.6883688992932,156.09773242417683,147.10275142333163,147.28393449669312,0.19817194030972685,478254522,secondary,8151182352,9757587446,0,False
279,4,0.4936680898091601,7.422748864268906,0.8620388176244951,0.1752822226090579,1.0,False,890.5508505122658,156.09773242417683,77.68858521384426,77.78261022713752,0.1752822226090579,26754699,secondary,8151563183,293457075,0,False
279,5,0.4414026541000987,18.711354376121673,0.6878206985942903,0.1752822226090579,1.0,False,890.5508505122658,156.09773242417683,163.5295448295978,163.7342954632144,0.1752822226090579,26754699,secondary,293457075,293463159,0,False
280,1,0.8209832078972295,0.0001769532948688496,0.9999964609403651,0.10492134807559972,1.0,True,1482.4236850478187,155.5378914544154,155.5378914544154,155.73761007641815,0.10492134807559972,26764975,secondary,3725656912,293466258,0,False
280,2,0.5841907234495737,77.8688030541639,0.21068817944817916,0.10492134807559972,1.0,True,1482.4236850478187,155.5378914544154,279.357956847722,279.71873604639313,0.10492134807559972,26764975,secondary,3725789268,3725656912,0,False
280,3,0.5841907184328872,77.86880702265636,0.21068816272589086,0.10492134807559972,1.0,True,1482.4236850478187,155.5378914544154,11.873986039757439,11.887847987245891,0.10492134807559972,26764975,secondary,293466258,3478668910,0,False
280,4,0.5708580411777722,89.71436150361338,0.16624590520884072,0.10492134807559972,1.0,True,1482.4236850478187,155.5378914544154,265.038636976774,265.0983937519271,0.10492134807559972,26764975,secondary,3478668910,3725652953,0,False
280,5,0.5212559683947923,350.34218643343615,0.0009056625989077612,0.10492134807559972,1.0,True,1482.4236850478187,155.5378914544154,37.05543543545771,37.0686589154325,0.10492134807559972,26764975,secondary,3725652953,6944073187,0,False
281,1,0.8597749825319507,0.12691920401058057,0.9974648348924188,0.30267766032112525,1.0,True,512.5091954147268,155.1250841611919,155.1250841611919,154.79538167660206,0.30267766032112525,478372781,primary,4719689700,10779362169,0,False
281,2,0.6243491694047172,77.3907777864332,0.21271212446830717,0.30267766032112525,1.0,True,512.5091954147268,155.1250841611919,66.5395391057829,66.3438555009671,0.30267766032112525,478372781,primary,4721825589,4719689700,0,False
281,3,0.5775802525922622,143.39709826632324,0.05681573509345746,0.30267766032112525,1.0,True,512.5091954147268,155.1250841611919,128.98100364169895,128.5746104719181,0.30267766032112525,478372781,primary,4715985522,4721825589,0,False
281,4,0.5618504728919522,271.4995403982504,0.004383136092423935,0.30267766032112525,1.0,True,512.5091954147268,155.1250841611919,26.35867440699307,26.270437967178722,0.30267766032112525,478372781,primary,8145297050,4715985522,0,False
281,5,0.5613149167151534,297.65165271866744,0.002597948836428068,0.30267766032112525,1.0,True,512.5091954147268,155.1250841611919,22.812624793078786,22.739265699893885,0.30267766032112525,478372781,primary,11209425689,8145297050,0,False
282,1,0.837255924061221,0.00019503624800428418,0.9999960992826478,0.1862854713821334,1.0,True,831.7759311019269,154.94777140963538,154.94777140963538,154.8236770410672,0.18628547138213342,279088743,primary,293464896,293464894,0,False
282,2,0.6010439330160977,77.41177974664402,0.21262279579890334,0.1862854713821334,1.0,True,831.7759311019269,154.94777140963538,110.62141418741076,110.52789471782168,0.18628547138213342,279088743,primary,293464894,2955635979,0,False
282,3,0.6010437830556223,77.4118972949146,0.21262229593065227,0.1862854713821334,1.0,True,831.7759311019269,154.94777140963538,49.21670179247403,49.18130058018282,0.18628547138213342,279088743,primary,293464897,293464896,0,False
282,4,0.5765031312888114,25.268836659922737,0.6032782576630873,0.9775982699494258,1.0,False,158.49841000399,154.94777140963538,158.636905435644,158.49841000399,0.9775982699494258,466600306,primary,1812432245,1812432278,0,False
282,5,0.5611118106162435,126.59002633873412,0.07951572113272275,0.1862854713821334,1.0,True,831.7759311019269,154.94777140963538,82.11649597514368,82.06116114619014,0.18628547138213342,279088743,primary,293464902,293464897,0,False
283,1,0.8184312216146692,0.3394880692972363,0.9932332369633551,0.10230625262831268,1.0,True,1509.2102409497347,154.4016441798402,154.4016441798402,153.70652829009268,0.10230625262831267,870242503,trunk,6010327768,3725560916,0,False
283,2,0.5849784004581878,76.84256978851602,0.215057166441751,0.10230625262831268,1.0,True,1509.2102409497347,154.4016441798402,150.69485874488413,150.04043216355961,0.10230625262831267,870242503,trunk,8140750597,6010327768,0,False
283,3,0.5849623621506252,76.85500082537207,0.21500370541654215,0.10230625262831268,1.0,True,1509.2102409497347,154.4016441798402,143.9113100221158,143.25141437226273,0.10230625262831267,870242503,trunk,3725560916,3725560939,0,False
283,4,0.5241456364157704,219.9839307081255,0.01228128630035947,0.10230625262831268,1.0,True,1509.2102409497347,154.4016441798402,330.8034176442437,329.28950314717866,0.10230625262831267,870242503,trunk,3725560939,3725561066,0,False
283,5,0.5236810132889799,226.72373969012511,0.010732542544391075,0.10230625262831268,1.0,True,1509.2102409497347,154.4016441798402,101.59319729986643,101.15997835940695,0.10230625262831267,1210277736;870242503;870242504,trunk,8140701167,8140750597,0,False
284,1,0.8841345672951686,0.06466522208756212,0.9987075315160168,0.4226115392018175,1.0,True,365.20059627112505,154.33798610756168,154.33798610756168,153.62760624769624,0.4226115392018175,1141889035,primary,4723476352,4722179361,0,False
284,2,0.6490771426015838,76.81337303458432,0.2151827825374009,0.4226115392018175,1.0,True,365.20059627112505,154.33798610756168,212.5509726333529,211.5729900234288,0.4226115392018175,1141889035,primary,4722179361,4723477971,0,False
284,3,0.47310515009393606,9.597110908485497,0.8253545576108638,0.1274939140533845,1.0,False,1210.5517918520952,154.33798610756168,54.269146129659944,54.01938774651838,0.12749391405338453,1141889036,primary,11010006278,293463350,0,False
284,4,0.4080148109313618,24.847224008562563,0.6083867604022829,0.1274939140533845,1.0,False,1210.5517918520952,154.33798610756168,54.12460843619098,53.87551256286032,0.12749391405338453,1141889036,primary,293463349,11010006278,0,False
284,5,0.3819638199542136,32.5474947234101,0.5215501238117888,0.1274939140533845,1.0,False,1210.5517918520952,154.33798610756168,82.33743447059629,81.95929055506704,0.12749391405338453,1141889036,primary,293463350,293463358,0,False
285,1,0.8368410195977809,0.012233019962927237,0.9997553695276562,0.18457204369742045,1.0,True,834.7453514916448,154.07065549173444,154.07065549173444,153.377930406645,0.18457204369742045,879562787,secondary,5875519688,2703794066,0,False
285,2,0.6016304496007103,76.68866885601798,0.21572013620408728,0.18457204369742045,1.0,True,834.7453514916448,154.07065549173444,148.87162109870007,148.20263620701337,0.18457204369742045,746487576;746487577;879562787,secondary,2703794068,5875519688,0,False
285,3,0.6016296994770503,76.68924840940024,0.21571763579188738,0.18457204369742045,1.0,True,834.7453514916448,154.07065549173444,56.87509756217459,56.61761045545719,0.18457204369742045,879562787,secondary,2703794066,11778195620,0,False
285,4,0.5577736073824425,133.29937208935235,0.06953066214319473,0.18457204369742045,1.0,True,834.7453514916448,154.07065549173444,68.79122797512909,68.47978275291068,0.18457204369742045,879562787,secondary,11778195620,2703794064,0,False
285,5,0.5422173883435113,201.77568113141555,0.017676598680090645,0.18457204369742045,1.0,True,834.7453514916448,154.07065549173444,114.74331746161297,114.21670990925156,0.18457204369742045,879562787,secondary,2703794064,2703794062,0,False
286,1,0.886637960704495,0.43179124452954776,0.9914013567368573,0.44608776841718845,1.0,True,345.1956684849968,153.9875654217518,153.9875654217518,154.02171510715783,0.44608776841718845,869089258,secondary,6985772815,3719483256,0,True
286,2,0.886637960704495,0.431791244529551,0.9914013567368573,0.44608776841718845,1.0,True,345.1956684849968,153.9875654217518,153.9875654217518,154.02171510715783,0.44608776841718845,869089258,secondary,3719483256,6985772815,0,True
286,3,0.6594554498647497,72.59472388192492,0.23412632060437327,0.44608776841718845,1.0,True,345.1956684849968,153.9875654217518,127.55952666008145,127.12338549991922,0.44608776841718845,869089258,secondary,3719483256,6965143039,0,True
286,4,0.6594554498647497,72.59472388192492,0.23412632060437327,0.44608776841718845,1.0,True,345.1956684849968,153.9875654217518,127.55952666008145,127.12338549991922,0.44608776841718845,869089258,secondary,6965143039,3719483256,0,True
286,5,0.6541239856258213,76.54178752135681,0.21635477314127863,0.44608776841718845,1.0,True,345.1956684849968,153.9875654217518,22.099306095380864,22.052250703279192,0.44608776841718845,869089258,secondary,6985772813,6985772815,0,True
287,1,0.8866379607044435,0.43179124453820084,0.9914013567366857,0.44608776841718845,1.0,True,345.1956684849968,153.9875654217518,153.9875654217518,154.02171510715783,0.44608776841718845,869089258,secondary,3719483256,6985772815,0,True
287,2,0.8866379607044435,0.4317912445382041,0.9914013567366857,0.44608776841718845,1.0,True,345.1956684849968,153.9875654217518,153.9875654217518,154.02171510715783,0.44608776841718845,869089258,secondary,6985772815,3719483256,0,True
287,3,0.6594554498608103,72.59472388472926,0.23412632059124183,0.44608776841718845,1.0,True,345.1956684849968,153.9875654217518,127.55952666008145,127.12338549991922,0.44608776841718845,869089258,secondary,3719483256,6965143039,0,True
287,4,0.6594554498608103,72.59472388472926,0.23412632059124183,0.44608776841718845,1.0,True,345.1956684849968,153.9875654217518,127.55952666008145,127.12338549991922,0.44608776841718845,869089258,secondary,6965143039,3719483256,0,True
287,5,0.6541239856295011,76.54178751852201,0.21635477315354507,0.44608776841718845,1.0,True,345.1956684849968,153.9875654217518,22.099306095380864,22.052250703279192,0.44608776841718845,869089258,secondary,6985772813,6985772815,0,True
288,1,0.8128619510931783,0.13688000875842785,0.9972661436350599,0.06841054001330119,1.0,True,2241.3000993374953,153.32855012754362,153.32855012754362,152.75385340342538,0.06841054001330117,874459840;40016878;874459839,primary,2703768573,2703756979,0,False
288,2,0.5948451872949148,76.37805621931156,0.21706441538783652,0.1486293133928193,1.0,True,1031.6171596803688,153.32855012754362,190.9332157229613,190.27038912435157,0.1486293133928193,874459840,primary,2703756979,4720174490,0,False
288,3,0.5876378279610286,76.36998242334172,0.217099468893952,0.11253993646421517,1.0,True,1362.436793060552,153.32855012754362,130.71375905683067,130.19476257903693,0.11253993646421519,40016878,primary,2283167656,2703768573,0,False
288,4,0.5311800254695659,266.4676070506419,0.004847209303340016,0.1486293133928193,1.0,True,1031.6171596803688,153.32855012754362,52.88021154982387,52.705896632769864,0.1486293133928193,874459840,primary,4720174490,4720174495,0,False
288,5,0.5302333328683329,319.1049891909553,0.0016915672992299034,0.1486293133928193,1.0,True,1031.6171596803688,153.32855012754362,28.209885181923216,28.12206014422701,0.1486293133928193,874459840,primary,4720174495,2703776376,0,False
289,1,0.8253734126335102,0.07658709862172769,0.998469430545559,0.12916291734921168,1.0,True,1184.4455219686943,152.9864390586863,152.9864390586863,152.37684510579274,0.12916291734921165,874056882,primary,4594259889,13022825212,0,False
289,2,0.5912047672885101,76.18428152712413,0.21790727939555943,0.12916291734921168,1.0,True,1184.4455219686943,152.9864390586863,9.999586277480082,9.960881219108071,0.12916291734921165,874056882,primary,13022825212,6604492171,0,False
289,3,0.5911945479631062,76.19209840248274,0.21787321497754653,0.12916291734921168,1.0,True,1184.4455219686943,152.9864390586863,89.57107168529897,89.21086005176377,0.12916291734921165,874056882,primary,4594197583,4594259889,0,False
289,4,0.5368094322113783,165.3997039813636,0.03658949580511984,0.12916291734921168,1.0,True,1184.4455219686943,152.9864390586863,9.00377612437097,8.96880816750078,0.12916291734921165,874056882,primary,11968783279,4594197583,0,False
289,5,0.535007827131699,174.3636761958806,0.030584145539522208,0.12916291734921168,1.0,True,1184.4455219686943,152.9864390586863,25.719986535166253,25.61282063668711,0.12916291734921165,874056882,primary,4594197584,11968783279,0,False
290,1,0.8294578581367451,0.5921246300458642,0.9882273537245025,0.16494826009697144,1.0,True,926.304548659825,152.79232362134854,152.78316325177076,152.64547691720605,0.16494826009697144,842470001,trunk,8169509578,8169509567,0,False
290,2,0.5986084635851223,75.9960029070872,0.2187293718857601,0.16494826009697144,1.0,True,926.304548659825,152.79232362134854,12.377981060462464,12.361243669666106,0.16494826009697144,842470001,trunk,8169509567,11936490107,0,False
290,3,0.5842717838028391,88.32200457339118,0.1709404392781493,0.16494826009697144,1.0,True,926.304548659825,152.79232362134854,762.8027211582153,761.2978280729528,0.16494826009697144,842470001;196857001;1286989884,trunk,11936490107,2277412722,0,False
290,4,0.48228954523610584,35.91844194241839,0.48754687523021883,0.6801274133352009,1.0,False,224.65249984864943,152.79232362134854,95.7315779849969,95.62448252557303,0.6801274133352009,877786611,trunk,8167025457,13275062498,0,False
290,5,0.4822544757000107,35.93043181212351,0.4874299767765683,0.6801274133352009,1.0,False,224.65249984864943,152.79232362134854,47.029443028985625,46.96100213957462,0.6801274133352009,877786611,trunk,13275062498,8167025461,0,False
291,1,0.828340478362027,0.5675986555759982,0.9887122174092816,0.15863406569621166,1.0,True,961.3337844525464,152.50028671883302,152.50028671883302,151.82938909030648,0.15863406569621166,605579942,trunk,8140465200,4593969290,0,False
291,2,0.5974975097759319,75.88040376930603,0.2192356554556316,0.15863406569621166,1.0,True,961.3337844525464,152.50028671883302,300.579748215858,299.29002276342663,0.15863406569621166,605579942,trunk,8140492538,8140465200,0,False
291,3,0.5318923106381095,375.12908357600855,0.0005516583295574105,0.15863406569621166,1.0,True,961.3337844525464,152.50028671883302,44.63076630204817,44.43842483737589,0.15863406569621166,605579942,trunk,8140462215,8140492538,0,False
291,4,0.5317948593909114,419.56750540351845,0.00022682083889684557,0.15863406569621166,1.0,True,961.3337844525464,152.50028671883302,38.552069396105765,38.38750461056895,0.15863406569621166,605579942,trunk,8140526242,8140462215,0,False
291,5,0.5317583929304647,457.9510177952384,0.0001052659707411466,0.15863406569621166,1.0,True,961.3337844525464,152.50028671883302,152.05069910225927,151.39817178543962,0.15863406569621166,605579942,trunk,8140526284,8140526242,0,False
292,1,0.8316330968715346,3.0355574958213747e-05,0.9999993928886851,0.1581663950246459,1.0,True,961.3337844525464,152.05069910225927,152.05069910225927,151.39817178543962,0.1581663950246459,605579942,trunk,8140526284,8140526242,0,False
292,2,0.5976429213603769,75.69908235030692,0.2200321411848255,0.1581663950246459,1.0,True,961.3337844525464,152.05069910225927,38.552069396105765,38.38750461056895,0.1581663950246459,605579942,trunk,8140526242,8140462215,0,False
292,3,0.5976429120143123,75.69908942962509,0.22003211003127704,0.1581663950246459,1.0,True,961.3337844525464,152.05069910225927,53.071238949508825,52.84963423734671,0.1581663950246459,605579942,trunk,3725560654,8140526284,0,False
292,4,0.562266017374248,114.08565781313742,0.10210912789772905,0.1581663950246459,1.0,True,961.3337844525464,152.05069910225927,44.63076630204817,44.43842483737589,0.1581663950246459,605579942,trunk,8140462215,8140492538,0,False
292,5,0.5545832797811476,128.52322521637475,0.07650000258739464,0.1581663950246459,1.0,True,961.3337844525464,152.05069910225927,20.345252742910528,20.258075748913036,0.1581663950246459,605579942,trunk,8140526289,3725560654,0,False
293,1,0.8183902684054971,0.26398905121200356,0.9947341325219962,0.09985014324449124,1.0,True,1509.2102409497347,150.69485874488413,150.69485874488413,150.04043216355961,0.09985014324449122,870242503,trunk,8140750597,6010327768,0,False
293,2,0.5869039666349747,75.00381709455091,0.22311312662025506,0.09985014324449124,1.0,True,1509.2102409497347,150.69485874488413,101.59319729986643,101.15997835940695,0.09985014324449122,1210277736;870242503;870242504,trunk,8140701167,8140750597,0,False
293,3,0.5868857314056359,75.01744076163772,0.22305234252245884,0.09985014324449124,1.0,True,1509.2102409497347,150.69485874488413,154.4016441798402,153.70652829009268,0.09985014324449122,870242503,trunk,6010327768,3725560916,0,False
293,4,0.5230729081359564,228.57259637509685,0.010342931623527344,0.09985014324449124,1.0,True,1509.2102409497347,150.69485874488413,143.9113100221158,143.25141437226273,0.09985014324449122,870242503,trunk,3725560916,3725560939,0,False
293,5,0.5201483658256633,371.39308718446426,0.0005944572558834076,0.09985014324449124,1.0,True,1509.2102409497347,150.69485874488413,330.8034176442437,329.28950314717866,0.09985014324449122,870242503,trunk,3725560939,3725561066,0,False
294,1,0.8223923412465941,0.00012662128290978674,0.9999974675775484,0.11196550486664762,1.0,True,1343.3453532286426,150.40834068451002,150.40834068451002,149.8994257413289,0.11196550486664761,478371821,primary,3719620476,3719620498,0,False
294,2,0.5893995491497539,74.94968092284873,0.22335482725474812,0.11196550486664762,1.0,True,1343.3453532286426,150.40834068451002,121.44023393798912,120.99127150943823,0.11196550486664761,478371821,primary,3719620498,2283167617,0,False
294,3,0.5893994635211357,74.94974481869411,0.2233545418260203,0.11196550486664762,1.0,True,1343.3453532286426,150.40834068451002,83.96753227158553,83.68899069022477,0.11196550486664761,478371821,primary,4720132984,3719620476,0,False
294,4,0.5349602044088154,158.63499566674315,0.04189034478495307,0.11196550486664762,1.0,True,1343.3453532286426,150.40834068451002,98.05232146363187,97.71682722269598,0.11196550486664761,478371821,primary,4720133094,4720132984,0,False
294,5,0.5241735891169081,256.3447454991533,0.005934960478595293,0.11196550486664762,1.0,True,1343.3453532286426,150.40834068451002,266.18514162678645,265.2715671567347,0.11196550486664761,478371821,primary,7128301700,4720133094,0,False
295,1,0.860942455770402,0.07138769144617028,0.9985732649266729,0.30685238146200045,1.0,True,488.90393167121965,150.0213357394489,150.0213357394489,150.20203506747703,0.30685238146200045,1210205483,secondary,3714709047,8144958903,0,False
295,2,0.6281770797410162,75.09902724890689,0.22268867816205387,0.30685238146200045,1.0,True,488.90393167121965,150.0213357394489,42.45865457896574,42.509327105821875,0.30685238146200045,367932817;1210205483;875004054,secondary,8144958903,293465572,0,False
295,3,0.6281727186648044,75.10229131139214,0.22267414124134766,0.30685238146200045,1.0,True,488.90393167121965,150.0213357394489,47.01516586865371,47.06969135071559,0.30685238146200045,1210205483,secondary,9725940729,3714709047,0,False
295,4,0.5874353504373082,122.15969424784879,0.08688291381636018,0.30685238146200045,1.0,True,488.90393167121965,150.0213357394489,8.416431679606408,8.425809435390276,0.30685238146200045,1210205483,secondary,3714709041,9725940729,0,False
295,5,0.5833958272401523,130.57941844486223,0.07341783649250698,0.30685238146200045,1.0,True,488.90393167121965,150.0213357394489,91.7573601557057,91.8704850768484,0.30685238146200045,1210205483,secondary,3714709032,3714709041,0,False
296,1,0.8359455566658498,6.218804558842306e-05,0.9999987562398617,0.17972964896945626,1.0,True,832.3105617306521,149.59088509342106,149.59088509342106,148.94681138488082,0.17972964896945626,1208988379,primary,4478448738,8163267506,0,False
296,2,0.6035937073346687,74.47339864478606,0.22549259180259137,0.17972964896945626,1.0,True,832.3105617306521,149.59088509342106,289.80722814266846,288.49840716075107,0.17972964896945626,1208988379,primary,6985772922,4478448738,0,False
296,3,0.603593688264275,74.4734127401467,0.2254925282346123,0.17972964896945626,1.0,True,832.3105617306521,149.59088509342106,86.74332328383596,86.38768362554397,0.17972964896945626,1208988379,primary,8163267506,293461291,0,False
296,4,0.5479901433237465,160.75990675230722,0.040147378432850815,0.17972964896945626,1.0,True,832.3105617306521,149.59088509342106,113.00194714241655,112.54672756706233,0.17972964896945626,1208988379,primary,293461291,8156864966,0,False
296,5,0.5372167776064436,273.2049113985956,0.004236159375174323,0.17972964896945626,1.0,True,832.3105617306521,149.59088509342106,9.038708160963349,9.003158433803662,0.17972964896945626,1208988379,primary,8156864966,6986305647,0,False
297,1,0.8165682915151802,0.19341928028145736,0.9961390869592749,0.08863282713698817,1.0,True,1679.6442797498569,148.87162109870007,148.87162109870007,148.20263620701337,0.08863282713698818,746487576;746487577;879562787,secondary,2703794068,5875519688,0,False
297,2,0.6038427058516344,74.08599393421058,0.22724651565707898,0.17834375577255335,1.0,True,834.7453514916448,148.87162109870007,154.07065549173444,153.377930406645,0.17834375577255332,879562787,secondary,5875519688,2703794066,0,False
297,3,0.5981337827900408,74.10163221753409,0.22717545186289329,0.14990573615586422,1.0,True,993.1015644652255,148.87162109870007,224.0007977529587,222.98986650363886,0.14990573615586422,746487577,secondary,2704039243,2703794068,0,False
297,4,0.5388412267174912,227.463512842183,0.010574918543268605,0.17834375577255335,1.0,True,834.7453514916448,148.87162109870007,56.87509756217459,56.61761045545719,0.17834375577255332,879562787,secondary,2703794066,11778195620,0,False
297,5,0.5366914030586332,284.0691657633303,0.0034088396804081386,0.17834375577255335,1.0,True,834.7453514916448,148.87162109870007,68.79122797512909,68.47978275291068,0.17834375577255332,879562787,secondary,11778195620,2703794064,0,False
298,1,0.8530221231382371,0.10954567733358148,0.9978114847526044,0.26839338856227923,1.0,True,554.6392697767556,148.86151304509158,148.86151304509158,148.19115347085003,0.26839338856227923,1208986532,primary,293458413,3725790343,0,False
298,2,0.6218566498780589,74.08304753765209,0.22725990721867684,0.26839338856227923,1.0,True,554.6392697767556,148.86151304509158,261.1217520553267,259.9457754109768,0.26839338856227923,1208791977;876451410;1208986532,primary,3725790343,3725763413,0,False
298,3,0.6218505038992939,74.08755504616582,0.22723942062279343,0.26839338856227923,1.0,True,554.6392697767556,148.86151304509158,147.16266881403016,146.50234089492875,0.26839338856227923,1208986532,primary,3725777494,293458413,0,False
298,4,0.487032172667328,11.376009823777132,0.7965063347143357,0.24040136126513645,1.0,False,619.2207575767993,148.86151304509158,97.47461625771064,97.03605209496033,0.24040136126513642,1203852633,primary,4594183924,4594181070,0,False
298,5,0.48645060542373353,11.4978494303262,0.7945677772356874,0.24040136126513645,1.0,False,619.2207575767993,148.86151304509158,65.83410261113927,65.53828042184523,0.24040136126513642,1203852633,primary,4594181070,4594181069,0,False
299,1,0.8304400689032561,2.222624134881496,0.9565210503137475,0.21741876904565866,1.0,True,683.3078157065394,148.5639441701936,148.5639441701936,148.22034924835322,0.21741876904565868,367555141,secondary,3716311233,8144958887,0,False
299,2,0.6131128327702796,73.0300096702257,0.23209692987049294,0.21741876904565866,1.0,True,683.3078157065394,148.5639441701936,28.461088549703,28.465069909459032,0.21741876904565868,367555141,secondary,8144960932,3716311233,0,False
299,3,0.6128235233973902,73.23819286658015,0.23113256529419524,0.21741876904565866,1.0,True,683.3078157065394,148.5639441701936,62.800761679231556,62.8757942724004,0.21741876904565868,367555141,secondary,8144958887,8144958890,0,False
299,4,0.5681763820880336,124.86388629071485,0.08230876092967278,0.21741876904565866,1.0,True,683.3078157065394,148.5639441701936,8.211099358098386,8.22173975955578,0.21741876904565868,367555141,secondary,8144958890,13232616587,0,False
299,5,0.5649184483041054,131.9385813666636,0.07144898164991217,0.21741876904565866,1.0,True,683.3078157065394,148.5639441701936,39.88712948811208,39.93881823423877,0.21741876904565868,367555141,secondary,13232616587,3714708555,0,False
300,1,0.8231997444047281,0.08705434450256243,0.9982604279224605,0.11860808013994907,1.0,True,1252.4763532371464,148.55381567814263,148.55381567814263,148.08092182828761,0.11860808013994907,466615091,primary,12558344054,7127914070,0,False
300,2,0.5919969130503642,74.01172284616307,0.22758432340791446,0.11860808013994907,1.0,True,1252.4763532371464,148.55381567814263,185.0299778788576,184.42512705922866,0.11860808013994907,466615091,primary,4720203904,12558344054,0,False
300,3,0.5919922728996992,74.01512107989637,0.22756885623903142,0.11860808013994907,1.0,True,1252.4763532371464,148.55381567814263,258.3747870725,257.5489753051012,0.11860808013994907,466615091,primary,7127914070,8151563205,0,False
300,4,0.5254330300299669,258.32312720477813,0.005704713339923485,0.11860808013994907,1.0,True,1252.4763532371464,148.55381567814263,84.42868333216086,84.13574670156572,0.11860808013994907,466615091,primary,4720203899,4720203904,0,False
300,5,0.5241174683035958,331.52483266899964,0.0013195075853534737,0.11860808013994907,1.0,True,1252.4763532371464,148.55381567814263,122.8234166211612,122.43112252670204,0.11860808013994907,466615091,primary,8151563205,13505959712,0,False
301,1,0.8228503574901453,8.667803617181732e-05,0.9999982664407792,0.11425438778955771,1.0,True,1298.633364364262,148.3745600085324,148.3745600085324,147.7774839030622,0.11425438778955772,1208791971,primary,3726941434,3726941482,0,False
301,2,0.5912943325808042,73.88872721988734,0.22814485007630908,0.11425438778955771,1.0,True,1298.633364364262,148.3745600085324,174.33077320862347,173.63037059990066,0.11425438778955772,1208791971,primary,3726941482,3726926564,0,False
301,3,0.5912942922492931,73.88875668327654,0.22814471563793848,0.11425438778955771,1.0,True,1298.633364364262,148.3745600085324,45.92513923097615,45.7395114973033,0.11425438778955772,1208791971,primary,3726940022,3726941434,0,False
301,4,0.5502695638798542,119.62788555769755,0.0913956210731421,0.11425438778955771,1.0,True,1298.633364364262,148.3745600085324,30.549351239501497,30.42744111948947,0.11425438778955772,1208791971,primary,3726940012,3726940022,0,False
301,5,0.5377709639713981,150.05370440543558,0.04973362137828872,0.11425438778955771,1.0,True,1298.633364364262,148.3745600085324,59.91790334157117,59.6788341794641,0.11425438778955772,1208791971,primary,3726939999,3726940012,0,False
302,1,0.8082390566145536,2.7819286733788324,0.945880940586474,0.12237387219305675,1.0,True,1210.5517918520952,148.13991025918412,148.13991025918412,147.4838569968509,0.12237387219305673,1141889036,primary,293463370,293463385,0,False
302,2,0.5940372014000801,73.07789477954447,0.2318747565382293,0.12237387219305675,1.0,True,1210.5517918520952,148.13991025918412,63.938236476486495,63.73931074934595,0.12237387219305673,1141889036,primary,293463385,9923995138,0,False
302,3,0.5933910308634331,73.54451910807452,0.22972085474940598,0.12237387219305675,1.0,True,1210.5517918520952,148.13991025918412,84.94632813683664,84.55600727901778,0.12237387219305673,1141889036,primary,8145212885,293463370,0,False
302,4,0.5447068841683554,134.82557708647474,0.06744036576581369,0.12237387219305675,1.0,True,1210.5517918520952,148.13991025918412,165.612525504467,164.96554902664965,0.12237387219305673,1141889036,primary,9923995138,293463471,0,False
302,5,0.5371777576353118,158.09728056988666,0.04234327732233499,0.12237387219305675,1.0,True,1210.5517918520952,148.13991025918412,67.53572053080278,67.22504337165755,0.12237387219305673,1141889036,primary,293463358,8145212885,0,False
303,1,0.8147475976124177,0.05216791765148085,0.9989571857560468,0.07530220942801842,1.0,True,1962.4852799948158,147.77947755357297,147.77947755357297,147.22812855339492,0.07530220942801842,90617087,secondary,8099252001,3711678597,0,False
303,2,0.5838920715970428,73.60595505921938,0.22943876570479715,0.07530220942801842,1.0,True,1962.4852799948158,147.77947755357297,88.70446519606946,88.39236349431634,0.07530220942801842,90617087,secondary,293464276,8099252001,0,False
303,3,0.583871859116938,73.6206397677456,0.2293713907711143,0.07530220942801842,1.0,True,1962.4852799948158,147.77947755357297,158.062135649042,157.35711141131176,0.07530220942801842,90617087,secondary,3711678597,3711673309,0,False
303,4,0.5268265694717673,161.92788073208095,0.03922042528721212,0.07530220942801842,1.0,True,1962.4852799948158,147.77947755357297,74.54337937283115,74.35057389029156,0.07530220942801842,90617087,secondary,6985772828,293464276,0,False
303,5,0.5183808452831294,225.1848096915064,0.011068011325085881,0.07530220942801842,1.0,True,1962.4852799948158,147.77947755357297,95.37223235604064,94.94295151771928,0.07530220942801842,90617087,secondary,3711673309,3711679014,0,False
304,1,0.8480107826591363,0.0001673381073494334,0.9999966532434534,0.2400589334305013,1.0,True,614.4249257857429,147.49819235724036,147.49819235724036,147.6060416366936,0.2400589334305013,252236395,secondary,2583312049,2583312092,0,False
304,2,0.6165727131411413,73.80298437015601,0.2285364215168033,0.2400589334305013,1.0,True,614.4249257857429,147.49819235724036,72.93580588745561,72.98588766508342,0.2400589334305013,252236395,secondary,9979039300,2583312049,0,False
304,3,0.6165726131838247,73.803057266917,0.2285360883257483,0.2400589334305013,1.0,True,614.4249257857429,147.49819235724036,187.7266712930368,187.84465712747397,0.2400589334305013,252236395,secondary,2583312092,2583312066,0,False
304,4,0.5639494092852146,146.7549979636847,0.05312540866371449,0.2400589334305013,1.0,True,614.4249257857429,147.49819235724036,31.420850811116406,31.43303906017253,0.2400589334305013,252236395,secondary,2583312073,9979039300,0,False
304,5,0.5496137692851975,261.6270244027887,0.005339941996990759,0.2400589334305013,1.0,True,614.4249257857429,147.49819235724036,37.60835971051703,37.63280775747004,0.2400589334305013,252236395,secondary,2583312066,2751622292,0,False
305,1,0.853337368731345,0.09707051225935102,0.9980604730727216,0.26959613404764243,1.0,True,546.2267127392241,147.260610068047,147.260610068047,147.4493949688494,0.2695961340476425,875004053,secondary,8144960935,8144960921,0,False
305,2,0.6226029367907696,73.71352108609211,0.22894569993747038,0.26959613404764243,1.0,True,546.2267127392241,147.260610068047,35.72255185282094,35.76741834776368,0.2695961340476425,875004053,secondary,8144960917,8144960935,0,False
305,3,0.6225944702307742,73.71968490708554,0.2289174780708189,0.26959613404764243,1.0,True,546.2267127392241,147.260610068047,29.89526608088355,29.933850579516807,0.2695961340476425,875004053,secondary,8144960921,8144960922,0,False
305,4,0.5916600772620344,103.6519700228542,0.1258028348416865,0.26959613404764243,1.0,True,546.2267127392241,147.260610068047,35.287256538416685,35.332851018425934,0.2695961340476425,875004053,secondary,8144960922,8144958891,0,False
305,5,0.5725369885213444,138.98332094252802,0.06205920570605295,0.26959613404764243,1.0,True,546.2267127392241,147.260610068047,46.83245371783323,46.892814365086785,0.2695961340476425,875004053,secondary,8144958891,13232616586,0,False
306,1,0.8523975703295867,0.11154317618469548,0.9977716230029592,0.26533041714349526,1.0,True,554.6392697767556,147.16266881403016,147.16266881403016,146.50234089492875,0.26533041714349526,1208986532,primary,3725777494,293458413,0,False
306,2,0.6223851696721863,73.25310958055465,0.23106362081162413,0.26533041714349526,1.0,True,554.6392697767556,147.16266881403016,148.86151304509158,148.19115347085003,0.26533041714349526,1208986532,primary,293458413,3725790343,0,False
306,3,0.5566460478696491,221.42148034942113,0.011933214803167022,0.26533041714349526,1.0,True,554.6392697767556,147.16266881403016,261.1217520553267,259.9457754109768,0.26533041714349526,1208791977;876451410;1208986532,primary,3725790343,3725763413,0,False
306,4,0.4885791726473546,10.939401623446493,0.8034920143228702,0.23765784175246774,1.0,False,619.2207575767993,147.16266881403016,91.15673836295593,90.74686258633363,0.23765784175246774,1203852633,primary,4594181068,6166520809,0,False
306,5,0.4414004307551799,21.830025557385905,0.6462295413489545,0.23765784175246774,1.0,False,619.2207575767993,147.16266881403016,61.51758168229616,61.24114370246834,0.23765784175246774,1203852633,primary,4594181069,4594181068,0,False
307,1,0.827031996955957,1.7500211729188695,0.9656050073639503,0.1867524737338592,1.0,True,787.6883688992932,147.10275142333165,147.10275142333163,147.28393449669312,0.1867524737338592,478254522,secondary,8151182352,9757587446,0,False
307,2,0.6062493286608353,73.55716105519978,0.22966277971354448,0.1867524737338592,1.0,True,787.6883688992932,147.10275142333165,16.15845321059232,16.178394341113254,0.1867524737338592,478254522,secondary,9757587446,4620986372,0,False
307,3,0.6061992628829693,73.59350708179137,0.229495893787325,0.1867524737338592,1.0,True,787.6883688992932,147.10275142333165,320.78471062926695,321.17446838537944,0.1867524737338592,478254522,secondary,8151182351,8151182352,0,False
307,4,0.587210916525251,89.72774686705353,0.16620140592826377,0.1867524737338592,1.0,True,787.6883688992932,147.10275142333165,146.58324779630186,146.76353632409214,0.1867524737338592,478254522,secondary,4620986372,4613766154,0,False
307,5,0.5374622405777612,394.76554137119604,0.000372486103297701,0.1867524737338592,1.0,True,787.6883688992932,147.10275142333165,156.09773242417683,156.2880353520153,0.1867524737338592,478254522;1013619973,secondary,2703797734,8151182351,0,False
308,1,0.7391673522491411,15.408749747447935,0.7347867227925896,0.09365667705682143,1.0,True,1567.0506046218045,146.76475240876113,1567.6704669611318,1567.0506046218045,0.09365667705682144,279958945;879568355;879568356;325359753;218505930;218505931;1210086508;26755786;1209009371,trunk,13519081481,8140380974,0,False
308,2,0.41711431994589376,31.400348050033124,0.5336543357218768,0.28509009614665354,1.0,False,514.8013010359493,146.76475240876113,394.9459138664409,395.4439201266439,0.28509009614665354,1209009344;218505932;218505933,trunk,8182365087,8182316367,0,False
308,3,0.3390189359260918,1.0664517504178126,0.9788968202505556,0.2267494492546257,0.0,False,647.2551659605282,146.76475240876113,595.6908918807026,596.4069167580845,0.2267494492546257,1473568288;573401032;1473568287,tertiary,13519081476,8182316351,0,False
308,4,0.3147087756188552,58.95614764913424,0.30754835471802866,0.11222134601723285,1.0,False,1307.8149355491046,146.76475240876113,1308.4312809218004,1307.8149355491046,0.11222134601723284,879568354;879568357;573401034;325359754;874464058,trunk,3722327657,8182365087,0,False
308,5,0.25730823442195383,347.04575311540674,0.0009673839754102656,0.28509009614665354,1.0,False,514.8013010359493,146.76475240876113,119.20936277592197,119.35738090930545,0.28509009614665354,218505933,trunk,8182316367,8182316352,0,False
309,1,0.837217641510301,0.00015789343021279468,0.9999968421363818,0.18609294434693202,1.0,True,787.6883688992932,146.58324779630186,146.58324779630186,146.76353632409214,0.18609294434693205,478254522,secondary,4620986372,4613766154,0,False
309,2,0.6063595218762412,73.38177728976781,0.2304697766895162,0.18609294434693202,1.0,True,787.6883688992932,146.58324779630186,16.15845321059232,16.178394341113254,0.18609294434693205,478254522,secondary,9757587446,4620986372,0,False
309,3,0.587246474800535,89.5600953036155,0.16675961977049572,0.18609294434693202,1.0,True,787.6883688992932,146.58324779630186,147.10275142333163,147.28393449669312,0.18609294434693205,478254522,secondary,8151182352,9757587446,0,False
309,4,0.5398579661825443,236.66197257734174,0.008797924377193204,0.18609294434693202,1.0,True,787.6883688992932,146.58324779630186,320.78471062926695,321.17446838537944,0.18609294434693205,478254522,secondary,8151182351,8151182352,0,False
309,5,0.4944321159325523,6.865031921946984,0.8717081177664223,0.164598403013128,1.0,False,890.5508505122658,146.58324779630186,162.33426427348215,162.53335993530382,0.16459840301312803,26754699,secondary,4613766153,293457277,0,False
310,1,0.8485715183926201,0.41489371467362923,0.9917364580380036,0.25525290490609476,1.0,True,570.6262725591678,145.65401368646457,145.65401368646457,145.45185496668086,0.25525290490609476,219116706,primary,2283167579,8141472796,0,False
310,2,0.6212306997591757,72.6358706013346,0.23393372925985567,0.25525290490609476,1.0,True,570.6262725591678,145.65401368646457,251.7025669308751,251.40680025490752,0.25525290490609476,874644320;874644321;219116706,primary,8141472796,11938897684,0,False
310,3,0.6211134480367122,72.71947674326485,0.2335428901849773,0.25525290490609476,1.0,True,570.6262725591678,145.65401368646457,95.15575359778543,94.85421691465413,0.25525290490609476,219116706,primary,4714938984,2283167579,0,False
310,4,0.562084113238126,165.1421725888449,0.0367784408563568,0.25525290490609476,1.0,True,570.6262725591678,145.65401368646457,79.23224722302729,78.91340042292529,0.25525290490609476,219116706,primary,4714939533,4714938984,0,False
310,5,0.49988891228266363,8.9811622866192,0.835584962316184,0.24606711793904218,1.0,False,591.9279865851365,145.65401368646457,303.70489612299906,302.84909616838706,0.24606711793904218,874644319,primary,4714939512,4714939523,0,False
311,1,0.8142361996618066,0.05334564261034204,0.9989336560969525,0.07278051416360366,1.0,True,1984.1298946964046,144.40599390338113,144.40599390338113,143.75630099285797,0.07278051416360368,746487578;746487579;879562788,secondary,10110997385,5338412716,0,False
311,2,0.6060144239187724,71.85158978745642,0.23763205339078208,0.17362403950768843,1.0,True,831.7165889749187,144.40599390338113,89.02797563357834,88.62906193581644,0.1736240395076884,879562788,secondary,293463063,10110997385,0,False
311,3,0.5935378637526478,71.87523966529545,0.23751968058824105,0.11140979788087721,1.0,True,1296.169606714344,144.40599390338113,122.5010438093988,121.94914688217729,0.1114097978808772,746487579,secondary,5338412716,9911548099,0,False
311,4,0.546838530139049,160.4721797704207,0.040379074125037974,0.17362403950768843,1.0,True,831.7165889749187,144.40599390338113,126.08480883515908,125.51614020434786,0.1736240395076884,879562788,secondary,293463078,293463063,0,False
311,5,0.5357093134925939,285.96990882466525,0.003281685303520693,0.17362403950768843,1.0,True,831.7165889749187,144.40599390338113,158.9703039004298,158.24526672103838,0.1736240395076884,879562788,secondary,293463119,293463078,0,False
312,1,0.8182394899118812,0.13878999728142147,0.9972280490248929,0.09535537602206666,1.0,True,1509.2102409497347,143.9113100221158,143.9113100221158,143.25141437226273,0.09535537602206667,870242503,trunk,3725560916,3725560939,0,False
312,2,0.5906905712166026,71.62075735404721,0.23873165337396413,0.09535537602206666,1.0,True,1509.2102409497347,143.9113100221158,154.4016441798402,153.70652829009268,0.09535537602206667,870242503,trunk,6010327768,3725560916,0,False
312,3,0.5906844344500262,71.62504182255775,0.2387111974853758,0.09535537602206666,1.0,True,1509.2102409497347,143.9113100221158,330.8034176442437,329.28950314717866,0.09535537602206667,870242503,trunk,3725560939,3725561066,0,False
312,4,0.5223903357992603,225.20202144636812,0.01106420198282346,0.09535537602206666,1.0,True,1509.2102409497347,143.9113100221158,150.69485874488413,150.04043216355961,0.09535537602206667,870242503,trunk,8140750597,6010327768,0,False
312,5,0.5192378006709946,374.75946033081794,0.0005557515552705572,0.09535537602206666,1.0,True,1509.2102409497347,143.9113100221158,101.59319729986643,101.15997835940695,0.09535537602206667,1210277736;870242503;870242504,trunk,8140701167,8140750597,0,False
313,1,0.8659276934331768,0.016457201680856785,0.9996709101283378,0.330132101973377,1.0,True,435.03948195605096,143.62049861956012,143.62049861956012,143.02541640138293,0.330132101973377,464283097,primary,3042737290,2841381805,0,False
313,2,0.6378097166863059,71.50653339226295,0.23927765430543524,0.330132101973377,1.0,True,435.03948195605096,143.62049861956012,110.49759596628742,110.0390420958735,0.330132101973377,464283097,primary,3722532411,3042737290,0,False
313,3,0.5739741919060608,181.54454491591457,0.026492571704617843,0.330132101973377,1.0,True,435.03948195605096,143.62049861956012,16.847385127737795,16.776871699871275,0.330132101973377,464283097,primary,11001108947,3722532411,0,False
313,4,0.5717088626378819,198.3200680969634,0.018941474144021746,0.330132101973377,1.0,True,435.03948195605096,143.62049861956012,105.77972245995996,105.3392786792557,0.330132101973377,464283097,primary,2277623798,11001108947,0,False
313,5,0.5667180709515185,303.6228450612083,0.00230550185614346,0.330132101973377,1.0,True,435.03948195605096,143.62049861956012,56.054631770504685,55.81725301641923,0.330132101973377,464283097,primary,8182316394,2277623798,0,False
314,1,0.8220648188479163,0.09068195079717441,0.9981880046334842,0.1130420872893552,1.0,True,1267.383212126753,143.26764369429583,143.26764369429583,142.61136034048508,0.11304208728935522,368852567,primary,3726926556,12435035118,0,False
314,2,0.5946860595275529,71.30192872879795,0.24025880689893955,0.1130420872893552,1.0,True,1267.383212126753,143.26764369429583,35.11600419166709,34.95523582052827,0.11304208728935522,368852567,primary,12435035118,3726941466,0,False
314,3,0.5946810406956923,71.30541039555169,0.24024207745940415,0.1130420872893552,1.0,True,1267.383212126753,143.26764369429583,487.360208526007,485.13044989166633,0.11304208728935522,368852567,primary,3726941181,3726926556,0,False
314,4,0.5584340827904514,106.25589646872814,0.11941888444193442,0.1130420872893552,1.0,True,1267.383212126753,143.26764369429583,372.6147750290638,370.9091567446868,0.11304208728935522,368852567,primary,3726941466,3725764133,0,False
314,5,0.47398764545825534,8.832073493052713,0.8380802076777044,0.11281791577471995,1.0,False,1269.9015285868188,143.26764369429583,869.4487815342277,865.4803745188397,0.11281791577471993,414500083;875146659,primary,12435035117,8144915374,0,False
315,1,0.8219543280616552,0.25601479012504125,0.9948927905671635,0.11743245445753055,1.0,True,1210.5517918520952,142.15806816515317,142.15806816515317,141.50369384080167,0.11743245445753055,1141889036,primary,293463347,293463349,0,False
315,2,0.596364714864944,70.74962955956809,0.24292741324479297,0.11743245445753055,1.0,True,1210.5517918520952,142.15806816515317,36.90727356407877,36.73777549510901,0.11743245445753055,1141889036,primary,293463346,293463347,0,False
315,3,0.5963642474911537,70.74995021453434,0.2429258553321586,0.11743245445753055,1.0,True,1210.5517918520952,142.15806816515317,54.12460843619098,53.87551256286032,0.11743245445753055,1141889036,primary,293463349,11010006278,0,False
315,4,0.5584560996791551,107.46515553640826,0.11656536262549667,0.11743245445753055,1.0,True,1210.5517918520952,142.15806816515317,83.41449494471067,83.03055291868716,0.11743245445753055,1141889032;1141889036,primary,8145212878,293463346,0,False
315,5,0.548301081794516,124.61753258138863,0.08271530301003278,0.11743245445753055,1.0,True,1210.5517918520952,142.15806816515317,54.269146129659944,54.01938774651838,0.11743245445753055,1141889036,primary,11010006278,293463350,0,False
316,1,0.827674542240816,0.11008986580304105,0.9978006248616088,0.14167177391166702,1.0,True,999.5214033771465,141.60397027911924,141.60397027911924,140.96568221099233,0.14167177391166702,869997541,primary,3725791505,3184374603,0,False
316,2,0.601609725657275,70.47789633301812,0.24425123624980563,0.14167177391166702,1.0,True,999.5214033771465,141.60397027911924,129.65559817577272,129.06395806613565,0.14167177391166702,869997541,primary,3184374603,3184374604,0,False
316,3,0.6016029071865757,70.48254918422595,0.2442285080141411,0.14167177391166702,1.0,True,999.5214033771465,141.60397027911924,159.80658112838552,159.08584965895915,0.14167177391166702,869997541,primary,3725791491,3725791505,0,False
316,4,0.5313780796038233,229.53502195210476,0.010145749404966348,0.14167177391166702,1.0,True,999.5214033771465,141.60397027911924,216.0646225823624,215.08779906024705,0.14167177391166702,869997541,primary,8137990582,3725791491,0,False
316,5,0.528375596444804,444.6044391605548,0.00013747220823544175,0.14167177391166702,1.0,True,999.5214033771465,141.60397027911924,356.9228028032657,355.31811438081246,0.14167177391166702,865024248;869997541,primary,11968828666,8137990582,0,False
317,1,0.8341181108748925,0.022182616264802973,0.9995564460738446,0.17125588526369556,1.0,True,825.1068292039173,141.3044004724377,141.3044004724377,140.83969457719215,0.17125588526369553,478249498,secondary,9771712112,293462780,0,False
317,2,0.6076213264126804,70.41326531118756,0.24456716453313795,0.17125588526369556,1.0,True,825.1068292039173,141.3044004724377,21.829525007808254,21.75875289718953,0.17125588526369553,478249498,secondary,293462779,9771712112,0,False
317,3,0.6076036477490783,70.42531434880767,0.24450823565446375,0.17125588526369556,1.0,True,825.1068292039173,141.3044004724377,248.35228845213462,247.4523589488121,0.17125588526369553,478249498,secondary,293462780,1051669851,0,False
317,4,0.5817332589604032,92.17150288893214,0.15827360635888035,0.17125588526369556,1.0,True,825.1068292039173,141.3044004724377,121.32251713396718,120.94492466304393,0.17125588526369553,478249498,secondary,293462778,293462779,0,False
317,5,0.5384822631129734,213.0661881362344,0.014103620200780957,0.17125588526369556,1.0,True,825.1068292039173,141.3044004724377,164.82454558256248,164.35480540153634,0.17125588526369553,478249498,secondary,293462777,293462778,0,False
318,1,0.8411647543490199,0.249157778399891,0.99502923975389,0.21327991211426464,1.0,True,662.4877709322834,141.29533356121252,141.29533356121252,141.4618665148559,0.21327991211426467,368729170,primary,3725763498,3725764126,0,False
318,2,0.6155736129447699,70.7226009793831,0.24305876840638985,0.21327991211426464,1.0,True,662.4877709322834,141.29533356121252,139.00971035694363,139.183672841292,0.21327991211426467,368729170,primary,3725763961,3725763498,0,False
318,3,0.6155556454572331,70.73492289757915,0.24299887678126728,0.21327991211426464,1.0,True,662.4877709322834,141.29533356121252,132.51086982524495,132.6780624282585,0.21327991211426467,368729170,primary,3725764126,3725790551,0,False
318,4,0.5471672843390623,209.85983447912844,0.01503767305403103,0.21327991211426464,1.0,True,662.4877709322834,141.29533356121252,76.51234521424433,76.60768250624534,0.21327991211426467,368729170,primary,6604385663,3725763961,0,False
318,5,0.5436308732286466,286.46061414850345,0.00324963601931223,0.21327991211426464,1.0,True,662.4877709322834,141.29533356121252,94.29668663291856,94.41350959622125,0.21327991211426467,368729170,primary,9756374292,6604385663,0,False
319,1,0.8185304064393975,0.0001595223798945715,0.9999968095574916,0.09265681786074918,1.0,True,1517.5518854343366,140.61152864292586,140.61152864292586,140.44214976699354,0.0926568178607492,874644320,primary,5414086844,8127692843,0,False
319,2,0.5921841460132196,70.22102766102925,0.24550927480356588,0.09265681786074918,1.0,True,1517.5518854343366,140.61152864292586,41.054990365642276,41.00497084794412,0.0926568178607492,874644320,primary,8127692843,2283167581,0,False
319,3,0.5921840068901721,70.22112210632667,0.24550881106007433,0.09265681786074918,1.0,True,1517.5518854343366,140.61152864292586,55.564674402933626,55.49021735670427,0.0926568178607492,874644320,primary,7128018275,5414086844,0,False
319,4,0.5509672038955253,111.22592402035417,0.10811946774458528,0.09265681786074918,1.0,True,1517.5518854343366,140.61152864292586,62.76526774094566,62.667680951822724,0.0926568178607492,874644320,primary,2283167581,4714938986,0,False
319,5,0.5428130044667412,125.70309642994549,0.08093880298197142,0.09265681786074918,1.0,True,1517.5518854343366,140.61152864292586,180.7492962673884,180.54601168786502,0.0926568178607492,874644320,primary,11938897684,7128018275,0,False
320,1,0.8807393902027867,4.151103407932879e-06,0.9999999169779353,0.40369707554703055,1.0,True,347.22893426059886,140.1753053063159,140.1753053063159,139.53338621877887,0.40369707554703055,1208785492,primary,6947408065,3725790736,0,False
320,2,0.6550645103935007,69.76669118901677,0.24775031761364832,0.40369707554703055,1.0,True,347.22893426059886,140.1753053063159,73.2478395233728,72.91187129764303,0.40369707554703055,1208785492,primary,4814206871,6947408065,0,False
320,3,0.6550645046842252,69.76669502976235,0.24775029858273032,0.40369707554703055,1.0,True,347.22893426059886,140.1753053063159,99.32186286954247,98.86637520669575,0.40369707554703055,1208785492,primary,3725790736,6604339619,0,False
320,4,0.5910306060910475,168.62470949258378,0.03430396993880478,0.40369707554703055,1.0,True,347.22893426059886,140.1753053063159,36.082357528515814,35.91730153748124,0.40369707554703055,1208785492,primary,6604339619,6604381555,0,False
320,5,0.4599688704459254,12.41284473800573,0.7801594986452931,0.12960510426168717,1.0,False,1081.5569811454823,140.1753053063159,419.5135551577196,417.59094519520954,0.1296051042616872,1208986525,primary,3725790780,8156993031,0,False
321,1,0.8069711263687758,0.0863220792322772,0.9982750478583583,0.037443060056341466,1.0,True,3727.7442722503997,139.57815266055462,139.57815266055462,138.94410732676502,0.037443060056341466,865024248,primary,3724390901,3724390916,0,False
321,2,0.5822583142896351,69.46848607425171,0.2492323409278893,0.037443060056341466,1.0,True,3727.7442722503997,139.57815266055462,33.966046244900106,33.81204638520378,0.037443060056341466,865024248,primary,3724390894,3724390901,0,False
321,3,0.5822513972755767,69.47311183429682,0.24920928421436173,0.037443060056341466,1.0,True,3727.7442722503997,139.57815266055462,82.9887117674745,82.6107414027799,0.037443060056341466,865024248,primary,3724390916,8062776435,0,False
321,4,0.5455111673704853,103.28014644667263,0.12674185119739037,0.037443060056341466,1.0,True,3727.7442722503997,139.57815266055462,35.5729793122009,35.411688152367724,0.037443060056341466,865024248,primary,3724390889,3724390894,0,False
321,5,0.5262152981100732,138.69164519883591,0.062422286996016464,0.037443060056341466,1.0,True,3727.7442722503997,139.57815266055462,44.724799972279655,44.52147640657981,0.037443060056341466,865024248,primary,2390713004,3724390889,0,False
322,1,0.9325092743378909,0.4870077760191794,0.9903071261595715,0.6770856824500967,1.0,True,205.50376962589525,139.14366010321675,139.14366010321677,138.96633289472211,0.6770856824500967,279088746,primary,1812432286,2833450822,0,False
322,2,0.7108431869729215,69.03148810959802,0.25142016827634023,0.6770856824500967,1.0,True,205.50376962589525,139.14366010321675,66.60370752964253,66.53743673117313,0.6770856824500967,279088746,primary,12555910130,1812432286,0,False
322,3,0.5067524157723429,9.16381732034126,0.8325380550447486,0.28495499629459103,1.0,False,488.30047520685605,139.14366010321675,488.74421379732553,488.30047520685605,0.2849549962945911,279088738;746487562;746487563;1317517913;1317517915,primary,2999157393,2833450822,0,False
322,4,0.4701797070262157,39.00418824339896,0.45836761459437586,0.6633471132395147,1.0,False,209.7599542171764,139.14366010321675,129.33721632578963,129.26511283461298,0.6633471132395147,466600302,primary,2833450825,293458231,0,False
322,5,0.44520661751933627,23.18380928160736,0.6289671901083109,0.2825823024342148,1.0,False,492.4004755591848,139.14366010321675,492.841002847525,492.4004755591848,0.2825823024342148,279088741;746487561;746487564;1317517914;1317517916,primary,2833450825,2999157394,0,False
323,1,0.8647531112604265,0.8369369430988017,0.9834005754291278,0.34866469315844084,1.0,True,398.9080217699513,139.0851430088607,139.0851430088607,138.59239444994776,0.34866469315844084,568707032;874594467;1210221828;374402719,trunk,4714939528,8141628265,0,False
323,2,0.7623626844915056,69.21547936413644,0.2504966862011283,0.9360683931558352,1.0,True,148.58438125440054,139.0851430088607,10.025941339148446,9.99198680445277,0.9360683931558352,1210221828,trunk,4714939527,4714939528,0,False
323,3,0.6465285562698057,69.31202022084048,0.25001348953969255,0.3576225470394894,1.0,True,388.9160349654985,139.0851430088607,251.21206102536337,250.32364051555078,0.3576225470394894,44949024;874594467,trunk,8141628265,4714939571,0,False
323,4,0.5055296803388092,12.65501876506272,0.7763899475375896,0.3630634803876616,1.0,False,383.08767067498036,139.0851430088607,67.89512375542482,67.65095435112187,0.3630634803876616,874594465,trunk,8141628231,482157966,0,False
323,5,0.4585402726375857,79.20564762206564,0.2051296722121176,0.9850068548697518,1.0,False,136.99981927426754,139.0851430088607,137.40500781992966,136.99981927426754,1.0152213612079184,874656098,trunk,4714939538,4714939527,0,False
324,1,0.8419651167270739,0.0001422503643517336,0.99999715499676,0.2098298511402297,1.0,True,662.4877709322834,139.00971035694363,139.00971035694363,139.183672841292,0.2098298511402297,368729170,primary,3725763961,3725763498,0,False
324,2,0.616551452374863,69.59182978386644,0.24861827382272328,0.2098298511402297,1.0,True,662.4877709322834,139.00971035694363,141.29533356121252,141.4618665148559,0.2098298511402297,368729170,primary,3725763498,3725764126,0,False
324,3,0.6165514325741357,69.59184305771632,0.24861820782029917,0.2098298511402297,1.0,True,662.4877709322834,139.00971035694363,76.51234521424433,76.60768250624534,0.2098298511402297,368729170,primary,6604385663,3725763961,0,False
324,4,0.5580828062757012,146.19590159007612,0.05372278682551744,0.2098298511402297,1.0,True,662.4877709322834,139.00971035694363,94.29668663291856,94.41350959622125,0.2098298511402297,368729170,primary,9756374292,6604385663,0,False
324,5,0.546376383023347,210.99070926007076,0.014701375984336714,0.2098298511402297,1.0,True,662.4877709322834,139.00971035694363,132.51086982524495,132.6780624282585,0.2098298511402297,368729170,primary,3725764126,3725790551,0,False
325,1,0.8396255315321002,1.1142985988269611,0.9779605257540788,0.23118686902938218,1.0,True,601.085191555495,138.9630034556413,138.9630034556413,138.65913686126368,0.23118686902938215,746487559,primary,293461082,293460950,0,False
325,2,0.6214494203913711,69.17355312870214,0.25070682195164884,0.23118686902938218,1.0,True,601.085191555495,138.9630034556413,35.084098468334496,35.020308862167234,0.23118686902938215,746487559,primary,10779362168,293461082,0,False
325,3,0.6211892693142218,69.34679800612908,0.24983965169448435,0.23118686902938218,1.0,True,601.085191555495,138.9630034556413,70.21446664791772,69.99539688026502,0.23118686902938215,746487559,primary,293460950,9923821126,0,False
325,4,0.5648512826339405,138.9936693467486,0.062046362760213684,0.23118686902938218,1.0,True,601.085191555495,138.9630034556413,31.649204336627484,31.553724614961403,0.23118686902938215,746487559,primary,9923821126,293461054,0,False
325,5,0.556146636371114,170.51562711390545,0.03303087521745832,0.23118686902938218,1.0,True,601.085191555495,138.9630034556413,28.172036679262668,28.087212238268446,0.23118686902938215,746487559,primary,293461054,8151183054,0,False
326,1,0.8239851566310026,0.5166170819553578,0.9897208536345453,0.13534450270319462,1.0,True,1019.722651556636,138.0138551701159,138.0138551701159,137.37991479242356,0.13534450270319462,874459842,primary,8141910101,8141910114,0,False
326,2,0.6031315141727593,68.61128049893263,0.25354204544040165,0.13534450270319462,1.0,True,1019.722651556636,138.0138551701159,30.195032928116014,30.05984329288759,0.13534450270319462,874459842,primary,9717246530,8141910101,0,False
326,3,0.603040728942294,68.67099410069382,0.2532394280055169,0.13534450270319462,1.0,True,1019.722651556636,138.0138551701159,174.36137297484692,173.56164210270265,0.13534450270319462,874459842,primary,8141910114,9833884593,0,False
326,4,0.5689495179888737,98.44796727452312,0.13960205816078286,0.13534450270319462,1.0,True,1019.722651556636,138.0138551701159,121.62255283492242,121.14276137121429,0.13534450270319462,874459842,primary,6956618508,9717246530,0,False
326,5,0.5309679335949329,217.15269435289594,0.012996776847646725,0.13534450270319462,1.0,True,1019.722651556636,138.0138551701159,160.7785741574832,160.16850587377658,0.13534450270319462,874459841;874459842;466615091,primary,293458244,6956618508,0,False
327,1,0.819263344434505,0.04152721154115715,0.9991698005755709,0.09756202130916854,1.0,True,1410.0672749719495,137.56901352817457,137.56901352817457,137.7454877769863,0.09756202130916855,875119268,secondary,6965369868,8145903096,0,True
327,2,0.819263344434505,0.04152721154115775,0.9991698005755709,0.09756202130916854,1.0,True,1410.0672749719495,137.56901352817457,137.56901352817457,137.74548777698632,0.09756202130916855,875119268,secondary,8145903096,6965369868,0,True
327,3,0.5951822654944784,68.87012639002359,0.25223287077548234,0.09756202130916854,1.0,True,1410.0672749719495,137.56901352817457,91.73461384815508,91.85261402090437,0.09756202130916855,875119268,secondary,6965369868,8145903101,0,True
327,4,0.5951822654944784,68.87012639002359,0.25223287077548234,0.09756202130916854,1.0,True,1410.0672749719495,137.56901352817457,91.73461384815508,91.85261402090437,0.09756202130916855,875119268,secondary,8145903101,6965369868,0,True
327,5,0.5315655760013746,160.72273172274222,0.04017723913180288,0.09756202130916854,1.0,True,1410.0672749719495,137.56901352817457,86.74023825976083,86.85178587202283,0.09756202130916855,875119268,secondary,3184375374,8145903101,0,True
328,1,0.819263344434505,0.04152721154115715,0.9991698005755709,0.09756202130916854,1.0,True,1410.0672749719495,137.56901352817457,137.56901352817457,137.7454877769863,0.09756202130916855,875119268,secondary,6965369868,8145903096,0,True
328,2,0.819263344434505,0.04152721154115775,0.9991698005755709,0.09756202130916854,1.0,True,1410.0672749719495,137.56901352817457,137.56901352817457,137.74548777698632,0.09756202130916855,875119268,secondary,8145903096,6965369868,0,True
328,3,0.5951822654944784,68.87012639002359,0.25223287077548234,0.09756202130916854,1.0,True,1410.0672749719495,137.56901352817457,91.73461384815508,91.85261402090437,0.09756202130916855,875119268,secondary,6965369868,8145903101,0,True
328,4,0.5951822654944784,68.87012639002359,0.25223287077548234,0.09756202130916854,1.0,True,1410.0672749719495,137.56901352817457,91.73461384815508,91.85261402090437,0.09756202130916855,875119268,secondary,8145903101,6965369868,0,True
328,5,0.5315655760013746,160.72273172274222,0.04017723913180288,0.09756202130916854,1.0,True,1410.0672749719495,137.56901352817457,86.74023825976083,86.85178587202283,0.09756202130916855,875119268,secondary,3184375374,8145903101,0,True
329,1,0.8200382969147963,0.4329738627917192,0.9913779080271747,0.11312462253321998,1.0,True,1215.2050234138255,137.46960957416178,137.46960957416178,136.86365179533993,0.11312462253321999,876451409,primary,8145580981,4594206614,0,False
329,2,0.5990455881443122,68.37646742957796,0.25473554545889426,0.11312462253321998,1.0,True,1215.2050234138255,137.46960957416178,66.29723424228578,66.05454174721905,0.11312462253321999,876451409,primary,4594206614,3727013893,0,False
329,3,0.5989439903570273,68.44298437484788,0.25439688616794426,0.11312462253321998,1.0,True,1215.2050234138255,137.46960957416178,77.36311363034815,77.01992099106099,0.11312462253321999,876451409,primary,3727013594,8145580981,0,False
329,4,0.5389798453869574,145.46268256613578,0.054516402934378,0.11312462253321998,1.0,True,1215.2050234138255,137.46960957416178,271.2410224009768,270.0319867701183,0.11312462253321999,876451409,primary,6609242520,3727013594,0,False
329,5,0.5226987533845942,415.48938992159674,0.00024609625983392603,0.11312462253321998,1.0,True,1215.2050234138255,137.46960957416178,99.73088648072945,99.28931295813626,0.11312462253321999,876451409,primary,3727013278,6609242520,0,False
330,1,0.9954106028253293,0.671087599693314,0.9866679180945577,0.9970511369848097,1.0,True,136.99981927426754,137.40500781992966,137.40500781992966,136.99981927426754,1.0029575845268157,874656098,trunk,4714939538,4714939527,0,False
330,2,0.5014485289913717,10.549222126532085,0.8097866650145062,0.29256264743509963,1.0,False,469.66011903625116,137.40500781992966,117.56352393242739,117.21032238756624,0.29256264743509963,464260872,trunk,8142194644,4714939537,0,False
330,3,0.4611848688488334,68.4995896525485,0.2541090450042231,0.9247607767378324,1.0,False,148.58438125440054,137.40500781992966,10.025941339148446,9.99198680445277,0.9247607767378324,1210221828,trunk,4714939527,4714939528,0,False
330,4,0.37116818763479587,48.97232906813267,0.3755188604925864,0.29256264743509963,1.0,False,469.66011903625116,137.40500781992966,20.78780584539319,20.72018510266812,0.29256264743509963,464260872,trunk,4714939526,8142194644,0,False
330,5,0.33358976270070484,69.2632557396597,0.2502574440456164,0.29256264743509963,1.0,False,469.66011903625116,137.40500781992966,9.499432678877803,9.468174576544774,0.29256264743509963,464260872,trunk,4714939529,4714939526,0,False
331,1,0.8426514217785883,0.3174468698293576,0.9936711745208345,0.22275034711168987,1.0,True,614.4249257857429,136.86336549284852,136.86336549284852,136.92249253884938,0.22275034711168987,252236395,secondary,2751622292,2583312029,0,False
331,2,0.621024703232381,68.34116864961727,0.2549154460334767,0.22275034711168987,1.0,True,614.4249257857429,136.86336549284852,37.60835971051703,37.63280775747004,0.22275034711168987,252236395,secondary,2583312066,2751622292,0,False
331,3,0.5805819020111297,105.96898441655858,0.12010610862930574,0.22275034711168987,1.0,True,614.4249257857429,136.86336549284852,187.7266712930368,187.84465712747397,0.22275034711168987,252236395,secondary,2583312092,2583312066,0,False
331,4,0.5453916697516061,293.8116260207155,0.002805334430893797,0.22275034711168987,1.0,True,614.4249257857429,136.86336549284852,147.49819235724036,147.6060416366936,0.22275034711168987,252236395,secondary,2583312049,2583312092,0,False
331,5,0.5445940651836897,441.37222286379114,0.00014665253783906996,0.22275034711168987,1.0,True,614.4249257857429,136.86336549284852,72.93580588745561,72.98588766508342,0.22275034711168987,252236395,secondary,9979039300,2583312049,0,False
332,1,0.8249696361383114,4.814456318112889e-06,0.9999999037108783,0.12484832512523941,1.0,True,1083.4949319913956,135.2725275408109,135.2725275408109,134.64956616499865,0.1248483251252394,478257594,primary,3714705527,3714704501,0,False
332,2,0.6030147644605969,67.32478085834757,0.26015033145183003,0.12484832512523941,1.0,True,1083.4949319913956,135.2725275408109,171.1209286495828,170.3330930685504,0.1248483251252394,478257594,primary,8124335766,3714705527,0,False
332,3,0.6030147575172309,67.3247853066514,0.2601503083072767,0.12484832512523941,1.0,True,1083.4949319913956,135.2725275408109,159.30930714438122,158.57562353036303,0.1248483251252394,478257594,primary,3714704501,10267000474,0,False
332,4,0.5282429459767559,225.89948218095856,0.01091093650569338,0.12484832512523941,1.0,True,1083.4949319913956,135.2725275408109,73.0440981864751,72.70770905737226,0.1248483251252394,478257594,primary,10267000474,3714705622,0,False
332,5,0.5275573313798049,237.6513013218899,0.008625554515856766,0.12484832512523941,1.0,True,1083.4949319913956,135.2725275408109,7.93976773021785,7.903204028294181,0.1248483251252394,478257594,primary,293464343,8124335766,0,False
333,1,0.8398282351608799,0.17120462580869955,0.9965817630034188,0.20426853129927083,1.0,True,661.1007374877854,135.04207668749473,135.04207668749473,135.21167385753355,0.20426853129927083,470103829,primary,3726944825,3725763954,0,False
333,2,0.6184922270789086,67.58593841632464,0.258795069396848,0.20426853129927083,1.0,True,661.1007374877854,135.04207668749473,39.06841839393014,39.11691211240194,0.20426853129927083,470103829,primary,6604385662,3726944825,0,False
333,3,0.5763679751242983,106.69239595437564,0.11838089621481394,0.20426853129927083,1.0,True,661.1007374877854,135.04207668749473,134.1049530309694,134.27250599750838,0.20426853129927083,470103829,primary,13957674836,6604385662,0,False
333,4,0.5432759369144449,240.95468004751956,0.008074102181969033,0.20426853129927083,1.0,True,661.1007374877854,135.04207668749473,162.44163985258837,162.6410624458763,0.20426853129927083,470103829,primary,3726944827,13957674836,0,False
333,5,0.5409474419099016,403.55295833322117,0.00031245216682475487,0.20426853129927083,1.0,True,661.1007374877854,135.04207668749473,59.94467384293007,60.013381357744166,0.20426853129927083,470103829,primary,6605170431,3726944827,0,False
334,1,0.8155973130572876,0.10144477603289662,0.9979731612966013,0.0810268233415363,1.0,True,1659.2079422068919,134.4403488200718,134.4403488200718,134.28913796899633,0.0810268233415363,478254539,primary,7128018274,4801591614,0,False
334,2,0.5946138714190208,67.09250243563179,0.26136168916904534,0.0810268233415363,1.0,True,1659.2079422068919,134.4403488200718,45.43635494103481,45.38556964911845,0.0810268233415363,478254539,primary,4801591614,10635696781,0,False
334,3,0.5945221553225498,67.15102273098898,0.2610559688474752,0.0810268233415363,1.0,True,1659.2079422068919,134.4403488200718,88.65158975243222,88.5434805326441,0.0810268233415363,478254539,primary,4801496565,7128018274,0,False
334,4,0.5478391481275225,112.47784141648653,0.10544594486405102,0.0810268233415363,1.0,True,1659.2079422068919,134.4403488200718,289.4278532105612,289.0788904167495,0.0810268233415363,478254539;874644318;874644319,primary,10635696781,4714939512,0,False
334,5,0.5295346595934971,155.6909117849365,0.044430983083966244,0.0810268233415363,1.0,True,1659.2079422068919,134.4403488200718,47.652299059876995,47.589165175634115,0.0810268233415363,478254539,primary,8127692776,4801496565,0,False
335,1,0.8327086516736817,0.054084598760402315,0.9989188928426733,0.1651649191043988,1.0,True,809.4926884594765,133.69979440501174,133.69979440501174,133.0861454992496,0.1651649191043988,174418041,secondary,9882823387,3714708616,0,False
335,2,0.6123084326484036,66.54269962975198,0.2642514960917465,0.1651649191043988,1.0,True,809.4926884594765,133.69979440501174,39.987374345588,39.803883253460036,0.1651649191043988,174418041,secondary,293456599,9882823387,0,False
335,3,0.6123074589778217,66.54331373952739,0.26424825052313955,0.1651649191043988,1.0,True,809.4926884594765,133.69979440501174,45.28644660400695,45.08833252352062,0.1651649191043988,174418041,secondary,3714708616,8148598918,0,False
335,4,0.5687937377522608,106.34657207404108,0.11920251310460352,0.1651649191043988,1.0,True,809.4926884594765,133.69979440501174,165.64197366954426,164.88313121898872,0.1651649191043988,174418041,secondary,293456654,293456599,0,False
335,5,0.5343551697032762,271.22480680772105,0.004407286274655054,0.1651649191043988,1.0,True,809.4926884594765,133.69979440501174,49.56248633641165,49.33560751267318,0.1651649191043988,174418041,secondary,9871576948,293456654,0,False
336,1,0.9972775276832127,0.4397461694088309,0.9912436388171708,0.9995221801903071,1.0,True,133.27367705911058,133.33738830461525,133.33738830461525,133.27367705911058,1.0004780482306075,280421147,trunk,4875425580,2277623663,0,False
336,2,0.48152438660742003,15.461883030969389,0.7340063049022822,0.30661247568367667,1.0,False,434.87267766030374,133.33738830461525,241.87628586022745,241.79850626068247,0.30661247568367667,218526249,trunk,6608882862,2845389637,0,False
336,3,0.3029342612072255,66.67118285793953,0.2635733300890648,0.11931131090253028,1.0,False,1117.5586563921288,133.33738830461525,345.94935756437445,345.82544312544667,0.11931131090253025,1209033471,trunk,2277623663,12888493319,0,False
336,4,0.2880777511774648,66.57024563667824,0.26410595471543286,0.04422982381417463,1.0,False,3014.648868257163,133.33738830461525,3016.9979383186064,3014.648868257163,0.044229823814174625,1209033472;280421140;1317533102,trunk,2845389661,4875425580,0,False
336,5,0.28204987827247574,133.6163395895001,0.06909127711913457,0.30661247568367667,1.0,False,434.87267766030374,133.33738830461525,193.157669389202,193.07417139962126,0.30661247568367667,218526249,trunk,2277623681,6608882862,0,False
337,1,0.8335780653901255,1.082629135374581,0.9785801516681307,0.20002009944843138,1.0,True,662.4877709322834,132.51086982524495,132.51086982524495,132.6780624282585,0.20002009944843138,368729170,primary,3725764126,3725790551,0,False
337,2,0.6196826894887535,66.28902791590538,0.2655955653302238,0.20002009944843138,1.0,True,662.4877709322834,132.51086982524495,141.29533356121252,141.4618665148559,0.20002009944843138,368729170,primary,3725763498,3725764126,0,False
337,3,0.5447145080966136,207.69954593620392,0.015701627356424185,0.20002009944843138,1.0,True,662.4877709322834,132.51086982524495,139.00971035694363,139.183672841292,0.20002009944843138,368729170,primary,3725763961,3725763498,0,False
337,4,0.540295479434867,346.8318269510075,0.0009715318172690279,0.20002009944843138,1.0,True,662.4877709322834,132.51086982524495,76.51234521424433,76.60768250624534,0.20002009944843138,368729170,primary,6604385663,3725763961,0,False
337,5,0.5400670115194192,423.42679487282516,0.00020997209910960312,0.20002009944843138,1.0,True,662.4877709322834,132.51086982524495,94.29668663291856,94.41350959622125,0.20002009944843138,368729170,primary,9756374292,6604385663,0,False
338,1,0.8173156523810685,0.02136487976793676,0.9995727936832572,0.08721907138045706,1.0,True,1517.5518854343366,132.35946621924458,132.35946621924458,131.99400557709532,0.08721907138045705,874644320,primary,9919058606,3714913529,0,False
338,2,0.5975970921605487,65.99208497814082,0.26717759294819093,0.08721907138045706,1.0,True,1517.5518854343366,132.35946621924458,46.799008597223185,46.67087404987192,0.08721907138045705,874644320,primary,3714913529,10287153451,0,False
338,3,0.5975823361005934,66.00129072667184,0.26712840608167304,0.08721907138045706,1.0,True,1517.5518854343366,132.35946621924458,23.717847895690028,23.65901749199803,0.08721907138045705,874644320,primary,5411536316,9919058606,0,False
338,4,0.5673948292481843,89.63698250032321,0.16650338324030936,0.08721907138045706,1.0,True,1517.5518854343366,132.35946621924458,66.29147495325302,66.1275081482187,0.08721907138045705,874644320,primary,4714938986,5411536316,0,False
338,5,0.5489607652638915,112.66284734829908,0.10505650329266679,0.08721907138045706,1.0,True,1517.5518854343366,132.35946621924458,59.63109226479955,59.4678828104159,0.08721907138045705,874644320,primary,10287153451,3714912857,0,False
339,1,0.8316247965034189,0.1680532484820697,0.996644577086348,0.16315711688757187,1.0,True,809.4926884594765,132.07449319061763,132.07449319061763,131.46992216488096,0.1631571168875719,174418041,secondary,293456370,9871576948,0,False
339,2,0.6132198360609451,65.72137993557058,0.2686280422781025,0.16315711688757187,1.0,True,809.4926884594765,132.07449319061763,237.93418161428303,236.84012718427246,0.1631571168875719,174418041,secondary,293456470,293456370,0,False
339,3,0.613201934503633,65.73248795054276,0.2685683704203954,0.16315711688757187,1.0,True,809.4926884594765,132.07449319061763,49.56248633641165,49.33560751267318,0.1631571168875719,174418041,secondary,9871576948,293456654,0,False
339,4,0.562668276232534,115.06787091971677,0.10012284285006551,0.16315711688757187,1.0,True,809.4926884594765,132.07449319061763,165.64197366954426,164.88313121898872,0.1631571168875719,174418041,secondary,293456654,293456599,0,False
339,5,0.5337418749394991,279.95078647294724,0.0037015052066156485,0.16315711688757187,1.0,True,809.4926884594765,132.07449319061763,39.987374345588,39.803883253460036,0.1631571168875719,174418041,secondary,293456599,9882823387,0,False
340,1,0.8297323222125002,0.028623766227810075,0.9994276885081775,0.14952007830023425,1.0,True,882.6426791620468,131.97280249943776,131.97280249943776,131.37860221744427,0.14952007830023425,300173742,primary,3725789806,3725790040,0,False
340,2,0.6105449408162799,65.68880988637063,0.26880308385411006,0.14952007830023425,1.0,True,882.6426791620468,131.97280249943776,24.646539572476883,24.53561596512348,0.14952007830023425,300173742,primary,3725790040,6605237342,0,False
340,3,0.6105434297938124,65.68974677829074,0.26879804711255184,0.14952007830023425,1.0,True,882.6426791620468,131.97280249943776,110.91156924165183,110.41345894515642,0.14952007830023425,300173742,primary,3725777460,3725789806,0,False
340,4,0.5792716026469968,90.22441998398813,0.16455862328983345,0.14952007830023425,1.0,True,882.6426791620468,131.97280249943776,71.8439994835778,71.52065455083088,0.14952007830023425,300173742,primary,6605237342,3725789996,0,False
340,5,0.5417132416491033,161.74506926006262,0.03936408663018787,0.14952007830023425,1.0,True,882.6426791620468,131.97280249943776,45.39827197145392,45.19465361295259,0.14952007830023425,300173742,primary,3725789996,3725790135,0,False
341,1,0.8089310761635844,0.06490471013629262,0.9987027479571133,0.04660125888225155,1.0,True,2817.054529403546,131.27828741015398,131.27828741015398,131.29778474029504,0.046601258882251556,26754491;876134933,secondary,9781361238,8154498070,0,False
341,2,0.6159698275078023,65.63607580447312,0.26908673508545466,0.1762190349108292,1.0,True,744.9722300237528,131.27828741015398,68.53403695961849,68.5481131779614,0.17621903491082921,876134933,secondary,8154498070,8154498107,0,False
341,3,0.5926099858881232,65.65597205462979,0.2689796800469036,0.05958040937026053,1.0,True,2203.380084120088,131.27828741015398,76.85837924965404,76.89131976337319,0.059580409370260545,26754491,secondary,6944073198,9781361238,0,False
341,4,0.5557375633391737,134.18311014264563,0.06831252119002619,0.1762190349108292,1.0,True,744.9722300237528,131.27828741015398,57.39240539706987,57.395985727290046,0.17621903491082921,876134933,secondary,8154498107,8154498069,0,False
341,5,0.5417482203347818,191.56507754149519,0.021681377842053037,0.1762190349108292,1.0,True,744.9722300237528,131.27828741015398,41.136916444285035,41.15801420417133,0.17621903491082921,876134933,secondary,8154498069,9726096124,0,False
342,1,0.8069116070747056,0.019661622231528876,0.9996068448611138,0.03514776808185742,1.0,True,3727.7442722503997,131.0218911495294,131.0218911495294,130.43726548983204,0.03514776808185742,865024248,primary,8062776421,3724390367,0,False
342,2,0.5884521073246034,65.20650837212624,0.27140851236077285,0.03514776808185742,1.0,True,3727.7442722503997,131.0218911495294,69.63187548977514,69.32017426880503,0.03514776808185742,865024248,primary,8133341959,8062776421,0,False
342,3,0.5884275649094629,65.22158166174793,0.2713267043103047,0.03514776808185742,1.0,True,3727.7442722503997,131.0218911495294,37.48393848360269,37.3151521465879,0.03514776808185742,865024248,primary,3724390367,11968762652,0,False
342,4,0.545626480553087,102.5304907196579,0.12865642312238534,0.03514776808185742,1.0,True,3727.7442722503997,131.0218911495294,32.83878789126218,32.69091703653837,0.03514776808185742,865024248,primary,11968762652,2935256757,0,False
342,5,0.527384024423636,134.52409456042443,0.06784823602421494,0.03514776808185742,1.0,True,3727.7442722503997,131.0218911495294,15.272347176432815,15.20324615479493,0.03514776808185742,865024248,primary,8133341960,8133341959,0,False
343,1,0.8379543625217158,0.2749310065686718,0.9945164696100472,0.19799710819350863,1.0,True,661.1007374877854,130.8960342471774,134.1049530309694,134.27250599750838,0.19799710819350863,470103829,primary,13957674836,6604385662,0,False
343,2,0.6204992293689504,65.52855136146648,0.26966602576749565,0.19799710819350863,1.0,True,661.1007374877854,130.8960342471774,39.06841839393014,39.11691211240194,0.19799710819350863,470103829,primary,6604385662,3726944825,0,False
343,3,0.6154695749264956,68.73795524538268,0.25290051095931304,0.19799710819350863,1.0,True,661.1007374877854,130.8960342471774,162.44163985258837,162.6410624458763,0.19799710819350863,470103829,primary,3726944827,13957674836,0,False
343,4,0.5765979870689213,104.6451667459933,0.123328551434065,0.19799710819350863,1.0,True,661.1007374877854,130.8960342471774,135.04207668749473,135.21167385753355,0.19799710819350863,470103829,primary,3726944825,3725763954,0,False
343,5,0.5425345929277733,231.35083311184823,0.00978390429690525,0.19799710819350863,1.0,True,661.1007374877854,130.8960342471774,59.94467384293007,60.013381357744166,0.19799710819350863,470103829,primary,6605170431,3726944827,0,False
344,1,0.8159418109803938,0.5440188519467217,0.9891786001714249,0.09594115464483148,1.0,True,1362.436793060552,130.71375905683067,130.71375905683067,130.19476257903693,0.09594115464483147,40016878,primary,2283167656,2703768573,0,False
344,2,0.6008709787972584,65.04698297456879,0.2722758262276401,0.09594115464483148,1.0,True,1362.436793060552,130.71375905683067,153.32855012754362,152.75385340342538,0.09594115464483147,874459840;40016878;874459839,primary,2703768573,2703756979,0,False
344,3,0.6007730161788074,65.10698426713202,0.27194928416613695,0.09594115464483148,1.0,True,1362.436793060552,130.71375905683067,46.4327438414846,46.219958136879505,0.09594115464483147,40016878,primary,3722327026,2283167656,0,False
344,4,0.5522350687034023,110.29282964917276,0.11015612591478674,0.09594115464483148,1.0,True,1362.436793060552,130.71375905683067,263.37889006194814,262.1678819349427,0.09594115464483147,40016878,primary,3722327154,3722327026,0,False
344,5,0.5193701174991827,370.40772507127485,0.0006062885673882501,0.09594115464483148,1.0,True,1362.436793060552,130.71375905683067,35.64559662480792,35.48195441156096,0.09594115464483147,40016878,primary,9833884594,3722327154,0,False
345,1,0.901670839216463,0.00013768667795646382,0.9999972462702323,0.5083583266769667,1.0,True,256.07797257815724,130.17936963866217,130.17936963866217,130.07714164356315,0.5083583266769667,1208791979,primary,2833482027,293460604,0,False
345,2,0.6833682247058717,65.03852933227306,0.2723218645682612,0.5083583266769667,1.0,True,256.07797257815724,130.17936963866217,126.05982943747486,126.0008309345941,0.5083583266769667,1208791979,primary,293460604,6985773024,0,False
345,3,0.5061194026187394,16.847341861288484,0.7139467942860681,0.45967682166459517,1.0,False,283.1975934032367,130.17936963866217,249.18569077073536,249.09483487419192,0.45967682166459517,1208795193,primary,2833482043,2833482024,0,False
345,4,0.40453353671030334,127.92183328417508,0.07742568811305092,0.9065291513819401,1.0,False,118.01139348597232,130.17936963866217,118.12178550470375,118.01139348597232,1.1031084863355691,1209004192,primary,1812432274,1812432245,0,False
345,5,0.37833367692670655,62.240716460070196,0.28799437531262495,0.45967682166459517,1.0,False,283.1975934032367,130.17936963866217,34.11207308976998,34.10275852904476,0.45967682166459517,1208795193,primary,2833482024,293452312,0,False
346,1,0.8361206250534416,0.734302636485051,0.98542126136026,0.2024712332268181,1.0,True,642.7175101903604,130.1318069047123,130.13180690471233,129.5753959530181,0.20247123322681812,1208988383,primary,8163267507,4597338734,0,False
346,2,0.6226644373870559,64.74949407050316,0.27390063580564095,0.2024712332268181,1.0,True,642.7175101903604,130.1318069047123,198.62095288052777,197.81309418064177,0.20247123322681812,1208988383,primary,8156864965,8163267507,0,False
346,3,0.622593371670312,64.7927557842601,0.2736637500831612,0.2024712332268181,1.0,True,642.7175101903604,130.1318069047123,58.99497956746474,58.73540973235585,0.20247123322681812,1208988383,primary,4597338734,3719506250,0,False
346,4,0.5658664974951217,123.50631920298906,0.08457416949919364,0.2024712332268181,1.0,True,642.7175101903604,130.1318069047123,163.59233278163993,162.85714470594917,0.20247123322681812,1208988383,primary,3719506250,3719506253,0,False
346,5,0.5420734643589078,262.3426434119382,0.0052640590451471046,0.2024712332268181,1.0,True,642.7175101903604,130.1318069047123,9.851231396236042,9.816360370976897,0.20247123322681812,1208988383,primary,293463029,8156864965,0,False
347,1,0.8331789604215394,1.019221565235978,0.9798219266731314,0.19616191209800007,1.0,True,661.1007374877854,129.682784755002,129.682784755002,129.84520171672105,0.19616191209800007,470103829,primary,3726939997,6605170431,0,False
347,2,0.621200084709714,64.87285897458462,0.27322567430038,0.19616191209800007,1.0,True,661.1007374877854,129.682784755002,59.94467384293007,60.013381357744166,0.19616191209800007,470103829,primary,6605170431,3726944827,0,False
347,3,0.5639361558046084,124.84132370331923,0.0823459112833614,0.19616191209800007,1.0,True,661.1007374877854,129.682784755002,162.44163985258837,162.6410624458763,0.19616191209800007,470103829,primary,3726944827,13957674836,0,False
347,4,0.5401882680407548,287.44497454441444,0.003186285403849252,0.19616191209800007,1.0,True,661.1007374877854,129.682784755002,134.1049530309694,134.27250599750838,0.19616191209800007,470103829,primary,13957674836,6604385662,0,False
347,5,0.5392976134551918,421.68011959761054,0.00021743678530583444,0.19616191209800007,1.0,True,661.1007374877854,129.682784755002,39.06841839393014,39.11691211240194,0.19616191209800007,470103829,primary,6604385662,3726944825,0,False
348,1,0.8184908408671183,1.2578047721362153,0.9751576824772998,0.12971768061964167,1.0,True,999.5214033771465,129.65559817577272,129.65559817577272,129.06395806613565,0.12971768061964167,869997541,primary,3184374603,3184374604,0,False
348,2,0.608585449578394,64.4632748008603,0.2754730448482189,0.12971768061964167,1.0,True,999.5214033771465,129.65559817577272,141.60397027911924,140.96568221099233,0.12971768061964167,869997541,primary,3725791505,3184374603,0,False
348,3,0.5308908283655142,205.24710348242633,0.016490974138619326,0.12971768061964167,1.0,True,999.5214033771465,129.65559817577272,159.80658112838552,159.08584965895915,0.12971768061964167,869997541,primary,3725791491,3725791505,0,False
348,4,0.5261491683795563,364.2724173506157,0.0006854408520933603,0.12971768061964167,1.0,True,999.5214033771465,129.65559817577272,216.0646225823624,215.08779906024705,0.12971768061964167,869997541,primary,8137990582,3725791491,0,False
348,5,0.43262571289182084,12.080353468961555,0.7853647107751193,0.9850814982964254,0.0,False,131.61915882086484,129.65559817577272,132.22269356153234,131.61915882086484,0.9850814982964254,874532687,residential,8141072741,8141072742,0,True
349,1,0.9183294627683445,0.8386274171877922,0.9833673277273376,0.6165963222507164,1.0,True,209.7599542171764,129.33721632578963,129.33721632578963,129.26511283461298,0.6165963222507164,466600302,primary,2833450825,293458231,0,False
349,2,0.7059394693122671,64.47641065600226,0.2754006828737464,0.6165963222507164,1.0,True,209.7599542171764,129.33721632578963,80.56153115655368,80.49484138256344,0.6165963222507164,466600302,primary,293458231,2833450839,0,False
349,3,0.4762601309935539,14.6678432705736,0.7457559586974137,0.2626667169216488,1.0,False,492.4004755591848,129.33721632578963,492.841002847525,492.4004755591848,0.2626667169216488,279088741;746487561;746487564;1317517914;1317517916,primary,2833450825,2999157394,0,False
349,4,0.47292341831009344,60.86425794221239,0.2960327588935047,0.9205679532102101,1.0,False,119.06369650693831,129.33721632578963,3.749954015600823,3.747824861667869,1.0862859135089311,1209004194,primary,4613676969,2833450825,0,False
349,5,0.4647787564263087,38.49945697077284,0.4630180969311079,0.6293666367348817,1.0,False,205.50376962589525,129.33721632578963,139.14366010321677,138.96633289472211,0.6293666367348817,279088746,primary,1812432286,2833450822,0,False
350,1,0.829695670722824,0.3960818485854941,0.9921096565080643,0.16031386885202403,1.0,True,805.1330325753198,129.07399139271223,129.07399139271223,129.14875515799324,0.16031386885202406,876418713,secondary,293452705,293452702,0,True
350,2,0.829695670722824,0.39608184858549556,0.9921096565080643,0.16031386885202403,1.0,True,805.1330325753198,129.07399139271223,129.07399139271223,129.14875515799324,0.16031386885202406,876418713,secondary,293452702,293452705,0,True
350,3,0.6145555162783662,64.55360773927926,0.2749758083598715,0.16031386885202403,1.0,True,805.1330325753198,129.07399139271223,35.978128067324505,36.002878472623955,0.16031386885202406,876418713,secondary,293452702,8156864967,0,True
350,4,0.6145555162783662,64.55360773927926,0.2749758083598715,0.16031386885202403,1.0,True,805.1330325753198,129.07399139271223,35.978128067324505,36.002878472623955,0.16031386885202406,876418713,secondary,8156864967,293452702,0,True
350,5,0.6145018196911634,64.58616458572565,0.274796819735862,0.16031386885202403,1.0,True,805.1330325753198,129.07399139271223,513.7780151849071,514.0650035070057,0.16031386885202406,876418713,secondary,293452705,293461281,0,True
351,1,0.829695670722824,0.3960818485854941,0.9921096565080643,0.16031386885202403,1.0,True,805.1330325753198,129.07399139271223,129.07399139271223,129.14875515799324,0.16031386885202406,876418713,secondary,293452705,293452702,0,True
351,2,0.829695670722824,0.39608184858549556,0.9921096565080643,0.16031386885202403,1.0,True,805.1330325753198,129.07399139271223,129.07399139271223,129.14875515799324,0.16031386885202406,876418713,secondary,293452702,293452705,0,True
351,3,0.6145555162783662,64.55360773927926,0.2749758083598715,0.16031386885202403,1.0,True,805.1330325753198,129.07399139271223,35.978128067324505,36.002878472623955,0.16031386885202406,876418713,secondary,293452702,8156864967,0,True
351,4,0.6145555162783662,64.55360773927926,0.2749758083598715,0.16031386885202403,1.0,True,805.1330325753198,129.07399139271223,35.978128067324505,36.002878472623955,0.16031386885202406,876418713,secondary,8156864967,293452702,0,True
351,5,0.6145018196911634,64.58616458572565,0.274796819735862,0.16031386885202403,1.0,True,805.1330325753198,129.07399139271223,513.7780151849071,514.0650035070057,0.16031386885202406,876418713,secondary,293452705,293461281,0,True
352,1,0.8479091028490566,0.4056484425414638,0.9919198524615536,0.2516657355529522,1.0,True,512.5091954147268,128.98100364169895,128.98100364169895,128.5746104719181,0.2516657355529522,478372781,primary,4715985522,4721825589,0,False
352,2,0.633343383686587,64.24092711117379,0.27670078858665537,0.2516657355529522,1.0,True,512.5091954147268,128.98100364169895,66.5395391057829,66.3438555009671,0.2516657355529522,478372781,primary,4721825589,4719689700,0,False
352,3,0.6332311872035599,64.30855273081323,0.2763268003098981,0.2516657355529522,1.0,True,512.5091954147268,128.98100364169895,26.35867440699307,26.270437967178722,0.2516657355529522,478372781,primary,8145297050,4715985522,0,False
352,4,0.5993590446612547,90.57168973608563,0.16341965850221413,0.2516657355529522,1.0,True,512.5091954147268,128.98100364169895,22.812624793078786,22.739265699893885,0.2516657355529522,478372781,primary,11209425689,8145297050,0,False
352,5,0.5814444828480845,113.31051143577486,0.10370445245831364,0.2516657355529522,1.0,True,512.5091954147268,128.98100364169895,114.1358823425619,113.78564409816697,0.2516657355529522,478372781,primary,4715985518,11209425689,0,False
353,1,0.9527500477926423,2.630082216619534,0.9487578802932131,0.8406134185233914,1.0,True,152.95030570950033,128.57207934666087,128.57207934666087,128.661373944703,0.8406134185233914,869974597,secondary,13127794959,7242244227,0,False
353,2,0.751510806444825,64.01382943104545,0.2779604091338227,0.8406134185233914,1.0,True,152.95030570950033,128.57207934666087,24.27785122293426,24.28893176479732,0.8406134185233914,869974597,secondary,7242244227,293463632,0,False
353,3,0.6453737838737824,9.66002466559263,0.824316687587528,0.99039388798762,1.0,False,127.33700155079222,128.57207934666087,127.23012114543833,127.33700155079222,1.0096992844250066,1427941136,secondary,13127794973,13127794959,0,False
353,4,0.47810244610346037,63.19736854229033,0.2825365458715196,0.9667074117100223,1.0,False,132.99999336844633,128.57207934666087,100.47138019138102,100.56416608111735,0.9667074117100223,875004051;869974598;1427941135,secondary,3716311230,13127794959,0,True
353,5,0.47810244610346037,63.19736854229033,0.2825365458715196,0.9667074117100223,1.0,False,132.99999336844633,128.57207934666087,100.47138019138103,100.56416608111735,0.9667074117100223,875004051;869974598;1427941135,secondary,13127794959,3716311230,0,True
354,1,0.8340253325057347,0.5932835265406844,0.9882044489256202,0.1878199891402438,1.0,True,683.3078157065394,128.33886652544595,128.33886652544595,128.49652329390113,0.1878199891402438,367555141,secondary,3714708572,3714707014,0,False
354,2,0.6376323848242045,8.317221191379225,0.8467545415191157,0.9180301118423487,1.0,False,139.7981012495212,128.33886652544595,44.11591737405346,44.17124724416536,0.9180301118423487,1210205480,secondary,8144958915,8144960917,0,False
354,3,0.620643078658232,64.19947696904276,0.2769302694339439,0.1878199891402438,1.0,True,683.3078157065394,128.33886652544595,29.179539215525853,29.21375271597235,0.1878199891402438,367555141,secondary,3714707014,3714707015,0,False
354,4,0.6206317980654508,64.2062664993223,0.2768926674580064,0.1878199891402438,1.0,True,683.3078157065394,128.33886652544595,126.0606157650531,126.22277139479348,0.1878199891402438,367555141,secondary,3714708563,3714708572,0,False
354,5,0.5958397656039061,17.304712246421868,0.7074458107847877,0.9180301118423487,1.0,False,139.7981012495212,128.33886652544595,95.51293984126201,95.62685400535584,0.9180301118423487,1210205480,secondary,8144958913,8144958915,0,False
355,1,0.8383450122497236,0.00011958858130377779,0.9999976082312342,0.19172864890176602,1.0,True,668.0567334777996,128.08561489942574,128.08561489942574,128.25402861168442,0.19172864890176602,470103540,primary,3725763514,3725763504,0,False
355,2,0.6215453098170192,64.12700872390025,0.2773319334555529,0.19172864890176602,1.0,True,668.0567334777996,128.08561489942574,186.88628704949122,187.13183670836122,0.19172864890176602,470103540,primary,4643407218,3725763514,0,False
355,3,0.5403172541263378,251.24877257159238,0.006571747819948694,0.19172864890176602,1.0,True,668.0567334777996,128.08561489942574,63.57053301373808,63.63840416977509,0.19172864890176602,470103540,primary,4643407223,4643407218,0,False
355,4,0.5389126555852656,313.5654657003334,0.0018897526830412128,0.19172864890176602,1.0,True,668.0567334777996,128.08561489942574,7.579810268132238,7.588672644746378,0.19172864890176602,470103540,primary,3725763520,4643407223,0,False
355,5,0.5388335705639984,321.07743320214325,0.0016261359454837019,0.19172864890176602,1.0,True,668.0567334777996,128.08561489942574,281.075554071599,281.44379134323253,0.19172864890176602,470103540,primary,6604456761,3725763520,0,False
356,1,0.8180352031811635,0.0023467885619066517,0.999953065330228,0.0902464179104751,1.0,True,1413.8082295902807,127.5911283328734,127.5911283328734,127.00361072273344,0.0902464179104751,762822065,primary,4714962029,4721819322,0,False
356,2,0.60229577048238,63.501780240303724,0.28082162300095004,0.0902464179104751,1.0,True,1413.8082295902807,127.5911283328734,230.2585599712922,229.19820467900237,0.0902464179104751,762822065,primary,4721819322,4715979365,0,False
356,3,0.6022957618817406,63.501785344753834,0.28082159433215226,0.0902464179104751,1.0,True,1413.8082295902807,127.5911283328734,52.46201832942616,52.2205570074144,0.0902464179104751,762822065,primary,4714962030,4714962029,0,False
356,4,0.5476987085003369,115.71698725376876,0.09883141639413962,0.0902464179104751,1.0,True,1413.8082295902807,127.5911283328734,19.327068543988034,19.2380814800305,0.0902464179104751,762822065,primary,7128134805,4714962030,0,False
356,5,0.5189099636323756,292.69074603667144,0.0028689335009354448,0.0902464179104751,1.0,True,1413.8082295902807,127.5911283328734,201.6613876353403,200.73284922503623,0.0902464179104751,762822065,primary,4715979365,4714962026,0,False
357,1,0.8700212180947164,0.651630780085634,0.9870519412022961,0.3695281786701375,1.0,True,345.1956684849968,127.55952666008145,127.55952666008145,127.12338549991922,0.3695281786701375,869089258,secondary,3719483256,6965143039,0,True
357,2,0.8700212180947164,0.6516307800856358,0.987051941202296,0.3695281786701375,1.0,True,345.1956684849968,127.55952666008145,127.55952666008145,127.12338549991922,0.3695281786701375,869089258,secondary,6965143039,3719483256,0,True
357,3,0.6587802452425243,63.13037447857336,0.2829153650283227,0.3695281786701375,1.0,True,345.1956684849968,127.55952666008145,153.9875654217518,154.02171510715783,0.3695281786701375,869089258,secondary,3719483256,6985772815,0,True
357,4,0.6587802452425243,63.13037447857336,0.2829153650283227,0.3695281786701375,1.0,True,345.1956684849968,127.55952666008145,153.9875654217518,154.02171510715783,0.3695281786701375,869089258,secondary,6985772815,3719483256,0,True
357,5,0.6582537968175963,63.44147334632708,0.2811605369452297,0.3695281786701375,1.0,True,345.1956684849968,127.55952666008145,7.614101673429889,7.584302293067445,0.3695281786701375,869089258,secondary,293463553,6965143039,0,True
358,1,0.8700212180881048,0.6516307812020173,0.9870519411802575,0.3695281786701375,1.0,True,345.1956684849968,127.55952666008145,127.55952666008145,127.12338549991922,0.3695281786701375,869089258,secondary,3719483256,6965143039,0,True
358,2,0.8700212180881048,0.6516307812020192,0.9870519411802575,0.3695281786701375,1.0,True,345.1956684849968,127.55952666008145,127.55952666008145,127.12338549991922,0.3695281786701375,869089258,secondary,6965143039,3719483256,0,True
358,3,0.6587802452434901,63.13037447800436,0.2829153650315423,0.3695281786701375,1.0,True,345.1956684849968,127.55952666008145,153.9875654217518,154.02171510715783,0.3695281786701375,869089258,secondary,3719483256,6985772815,0,True
358,4,0.6587802452434901,63.13037447800436,0.2829153650315423,0.3695281786701375,1.0,True,345.1956684849968,127.55952666008145,153.9875654217518,154.02171510715783,0.3695281786701375,869089258,secondary,6985772815,3719483256,0,True
358,5,0.6582537968166757,63.44147334687283,0.2811605369421608,0.3695281786701375,1.0,True,345.1956684849968,127.55952666008145,7.614101673429889,7.584302293067445,0.3695281786701375,869089258,secondary,293463553,6965143039,0,True
359,1,0.9876499910382417,2.072731051451098,0.9593928706149041,0.9991606492688516,1.0,True,127.33700155079222,127.23012114543832,127.23012114543833,127.33700155079222,0.9991606492688516,1427941136,secondary,13127794973,13127794959,0,False
359,2,0.6382730689408473,4.91645932108167,0.9063504963641414,0.8318396001580242,1.0,False,152.95030570950033,127.23012114543832,128.57207934666087,128.661373944703,0.8318396001580242,869974597,secondary,13127794959,7242244227,0,False
359,3,0.4776825546901549,62.2634407518498,0.28786351568749075,0.9566174999195385,1.0,False,132.99999336844633,127.23012114543832,100.47138019138102,100.56416608111735,0.9566174999195385,875004051;869974598;1427941135,secondary,3716311230,13127794959,0,True
359,4,0.4776825546901549,62.2634407518498,0.28786351568749075,0.9566174999195385,1.0,False,132.99999336844633,127.23012114543832,100.47138019138103,100.56416608111735,0.9566174999195385,875004051;869974598;1427941135,secondary,13127794959,3716311230,0,True
359,5,0.44571676848533653,66.49642700146963,0.26449616151243904,0.8318396001580242,1.0,False,152.95030570950033,127.23012114543832,24.27785122293426,24.28893176479732,0.8318396001580242,869974597,secondary,7242244227,293463632,0,False
360,1,0.8159151448233237,0.08697191190077357,0.9982620737079039,0.08218261355476271,1.0,True,1547.913794265329,127.211601170194,127.211601170194,126.6347050751721,0.08218261355476271,464650412,primary,6949998010,4601752551,0,False
360,2,0.6010124418249339,63.30664463028007,0.28191973037993795,0.08218261355476271,1.0,True,1547.913794265329,127.211601170194,1012.1732372373798,1007.7140584691377,0.08218261355476271,464650412,primary,4601752551,2277623696,0,False
360,3,0.60098927339108,63.320343333183,0.2818425022670918,0.08218261355476271,1.0,True,1547.913794265329,127.211601170194,84.67161784538443,84.28615204481639,0.08218261355476271,464650412,primary,12525781148,6949998010,0,False
360,4,0.5321472052938427,147.47207871949132,0.05236894194296724,0.08218261355476271,1.0,True,1547.913794265329,127.211601170194,216.19804967540165,215.20992432613005,0.08218261355476271,464650412,primary,3719506256,12525781148,0,False
360,5,0.5166527616026704,361.7576988462206,0.0007207963057261921,0.08218261355476271,1.0,True,1547.913794265329,127.211601170194,45.29360314478454,45.08668185349089,0.08218261355476271,464650412,primary,8153654914,3719506256,0,False
361,1,0.8205756217221922,0.05528043466915356,0.9988950022667267,0.1045356052108713,1.0,True,1215.2050234138255,127.03219257785528,127.03219257785528,126.4673839451525,0.1045356052108713,876451409,primary,3727012991,3727013278,0,False
361,2,0.6056311410118106,63.21916622111199,0.28241339989878783,0.1045356052108713,1.0,True,1215.2050234138255,127.03219257785528,202.3907474497905,201.49285233357267,0.1045356052108713,876451409,primary,3727011973,3727012991,0,False
361,3,0.6056013641578344,63.236742162300736,0.28231414371886693,0.1045356052108713,1.0,True,1215.2050234138255,127.03219257785528,99.73088648072945,99.28931295813626,0.1045356052108713,876451409,primary,3727013278,6609242520,0,False
361,4,0.5325400937284601,162.4969467887672,0.03877657562095279,0.1045356052108713,1.0,True,1215.2050234138255,127.03219257785528,271.2410224009768,270.0319867701183,0.1045356052108713,876451409,primary,6609242520,3727013594,0,False
361,5,0.5224171933099258,264.58124827682644,0.005033574225838265,0.1045356052108713,1.0,True,1215.2050234138255,127.03219257785528,12.283811619731203,12.233471181244216,0.1045356052108713,876451409,primary,11968783278,3727011973,0,False
362,1,0.8296911033898984,0.1047885228304462,0.9979064241369053,0.15159588074413327,1.0,True,831.7165889749187,126.08480883515908,126.08480883515908,125.51614020434786,0.15159588074413324,879562788,secondary,293463078,293463063,0,False
362,2,0.6158378716090436,62.75237311313818,0.285062318200723,0.15159588074413327,1.0,True,831.7165889749187,126.08480883515908,158.9703039004298,158.24526672103838,0.15159588074413324,879562788,secondary,293463119,293463078,0,False
362,3,0.6158363178187132,62.753281572064935,0.28505713889962186,0.15159588074413327,1.0,True,831.7165889749187,126.08480883515908,89.02797563357834,88.62906193581644,0.15159588074413324,879562788,secondary,293463063,10110997385,0,False
362,4,0.5448517053420902,151.3696472619438,0.048441763977544884,0.15159588074413327,1.0,True,831.7165889749187,126.08480883515908,144.40599390338113,143.75630099285797,0.15159588074413324,746487578;746487579;879562788,secondary,10110997385,5338412716,0,False
362,5,0.53394033918249,220.84936102002072,0.012070543445544264,0.15159588074413327,1.0,True,831.7165889749187,126.08480883515908,212.10510682944545,211.13760692979736,0.15159588074413324,879562788,secondary,293465977,293463119,0,False
363,1,0.8368964746010099,0.00011553764866474986,0.9999976892496965,0.1844858391305046,1.0,True,683.3078157065394,126.0606157650531,126.0606157650531,126.22277139479348,0.1844858391305046,367555141,secondary,3714708563,3714708572,0,False
363,2,0.6218040183841762,63.111384743208006,0.28302283519358445,0.1844858391305046,1.0,True,683.3078157065394,126.0606157650531,94.42543307527836,94.54704880409172,0.1844858391305046,367555141,secondary,3714708555,3714708563,0,False
363,3,0.6218040151431308,63.11138665179699,0.2830228243900994,0.1844858391305046,1.0,True,683.3078157065394,126.0606157650531,128.33886652544595,128.49652329390113,0.1844858391305046,367555141,secondary,3714708572,3714707014,0,False
363,4,0.5497198865606026,157.62819879366856,0.04274239578167225,0.1844858391305046,1.0,True,683.3078157065394,126.0606157650531,39.88712948811208,39.93881823423877,0.1844858391305046,367555141,secondary,13232616587,3714708555,0,False
363,5,0.5434183282746924,191.43650658209566,0.021737201495304982,0.1844858391305046,1.0,True,683.3078157065394,126.0606157650531,29.179539215525853,29.21375271597235,0.1844858391305046,367555141,secondary,3714707014,3714707015,0,False
364,1,0.8984534819348684,0.00012876326064514175,0.999997424738103,0.49227127256718767,1.0,True,256.07797257815724,126.05982943747486,126.05982943747486,126.0008309345941,0.49227127256718767,1208791979,primary,293460604,6985773024,0,False
364,2,0.6835496895249225,63.000454157697064,0.28365145003828285,0.49227127256718767,1.0,True,256.07797257815724,126.05982943747486,130.17936963866217,130.07714164356315,0.49227127256718767,1208791979,primary,2833482027,293460604,0,False
364,3,0.5215478822978388,12.739919692871297,0.775072741636365,0.44513029903464607,1.0,False,283.1975934032367,126.05982943747486,249.18569077073536,249.09483487419192,0.44513029903464607,1208795193,primary,2833482043,2833482024,0,False
364,4,0.3890745384187013,254.5984967536662,0.006145900928510904,0.9361538407007401,1.0,False,118.01139348597232,126.05982943747486,118.12178550470375,118.01139348597232,1.0682004992378913,1209004192,primary,1812432274,1812432245,0,False
364,5,0.3592450970963184,371.6366480021272,0.0005915685674025968,0.795338132630488,1.0,False,158.49841000399,126.05982943747486,158.636905435644,158.49841000399,0.795338132630488,466600306,primary,1812432245,1812432278,0,False
365,1,0.8166603932717327,0.5715732541903912,0.9886336258488352,0.10035152758541066,1.0,True,1252.4763532371464,125.68791531195204,125.68791531195203,125.23560346184938,0.10035152758541066,466615091,primary,293458235,5662526910,0,False
365,2,0.606007988689957,62.50800276657015,0.2864589439095826,0.10035152758541066,1.0,True,1252.4763532371464,125.68791531195204,130.77606279880447,130.35634761473943,0.10035152758541066,466615091,primary,13505959712,293458235,0,False
365,3,0.6057636041755188,62.65039237303399,0.28564432886145563,0.10035152758541066,1.0,True,1252.4763532371464,125.68791531195204,12.62450950265834,12.57571882846957,0.10035152758541066,466615091,primary,5662526910,293458244,0,False
365,4,0.5867207466083868,75.21604050146539,0.22216813697101526,0.10035152758541066,1.0,True,1252.4763532371464,125.68791531195204,160.7785741574832,160.16850587377658,0.10035152758541066,874459841;874459842;466615091,primary,293458244,6956618508,0,False
365,5,0.5264192144506786,192.77497489977353,0.021163029778654956,0.10035152758541066,1.0,True,1252.4763532371464,125.68791531195204,122.8234166211612,122.43112252670204,0.10035152758541066,466615091,primary,8151563205,13505959712,0,False
366,1,0.8932060956860548,0.41392375171780565,0.9917556971771402,0.47839693266456373,1.0,True,261.2252562282979,124.96936131413244,124.96936131413244,125.02622597471824,0.47839693266456373,464097499;456959534,secondary,4592522613,1051669812,0,False
366,2,0.681580933975189,62.529031568317976,0.2863384914742546,0.47839693266456373,1.0,True,261.2252562282979,124.96936131413244,119.23826066536982,119.30454083693355,0.47839693266456373,456959534,secondary,1051669812,4531816332,0,False
366,3,0.60576174363215,169.6497700069533,0.033607856997457324,0.47839693266456373,1.0,True,261.2252562282979,124.96936131413244,16.87382738376539,16.894489416646092,0.47839693266456373,456959534,secondary,4531816332,1051669370,0,False
366,4,0.5615708243385232,7.832071888721011,0.8550105783571069,0.5253382541569557,1.0,False,237.8836117972769,124.96936131413244,122.09899259994765,122.11282730988634,0.5253382541569557,464097500,secondary,1051669449,4592522613,0,False
366,5,0.3950943764247975,60.18379486846603,0.3000890853113545,0.5253382541569557,1.0,False,237.8836117972769,124.96936131413244,46.0846399963745,46.104256787802896,0.5253382541569557,464097500,secondary,1051669638,1051669449,0,False
367,1,0.8060997760995663,0.09489618663525075,0.9981038761856599,0.03334306621934114,1.0,True,3727.7442722503997,124.2944241184147,124.2944241184147,123.73921918270827,0.03334306621934113,865024248,primary,3724390537,3724390516,0,False
367,2,0.5937234323705693,61.86222247648757,0.29018273042233694,0.03334306621934114,1.0,True,3727.7442722503997,124.2944241184147,68.47069528602644,68.16649672863586,0.03334306621934113,865024248,primary,2935256757,3724390537,0,False
367,3,0.5937045917487853,61.87304477273405,0.29011992834972367,0.03334306621934114,1.0,True,3727.7442722503997,124.2944241184147,70.35092387073752,70.03449442321211,0.03334306621934113,865024248,primary,3724390516,3724390734,0,False
367,4,0.5289387064938615,130.02689030742872,0.07423364416664432,0.03334306621934114,1.0,True,3727.7442722503997,124.2944241184147,32.83878789126218,32.69091703653837,0.03334306621934113,865024248,primary,11968762652,2935256757,0,False
367,5,0.5281204589166637,131.89858938160458,0.07150615224265175,0.03334306621934114,1.0,True,3727.7442722503997,124.2944241184147,87.03793096793834,86.64335063656833,0.03334306621934113,865024248,primary,3724390734,3724390760,0,False
368,1,0.8235967961182522,4.7503792479370384e-05,0.9999990499246018,0.11798540570435807,1.0,True,1052.2865127067323,124.15445111892798,124.15445111892798,123.62678312211759,0.11798540570435809,456959535,secondary,1051669905,10128190730,0,False
368,2,0.6107369717268194,61.813385478997645,0.29046630195315903,0.11798540570435807,1.0,True,1052.2865127067323,124.15445111892798,111.69660217078163,111.22534701753753,0.11798540570435809,456959535,secondary,10128190730,8151376713,0,False
368,3,0.6107369505271525,61.813397643156456,0.29046623128760307,0.11798540570435807,1.0,True,1052.2865127067323,124.15445111892798,343.0272619789918,341.65719557230807,0.11798540570435809,456959535,secondary,8151182358,1051669905,0,False
368,4,0.5330264196597998,172.99782634631669,0.03143112839642736,0.11798540570435807,1.0,True,1052.2865127067323,124.15445111892798,32.643257749863665,32.502885713414344,0.11798540570435809,456959535,secondary,8151376713,2703790424,0,False
368,5,0.528520177847409,205.4922365125366,0.01641032235512465,0.11798540570435807,1.0,True,1052.2865127067323,124.15445111892798,30.24610138599581,30.114363612167015,0.11798540570435809,456959535,secondary,2703790424,293457275,0,False
369,1,0.8906018647129932,0.006647965525167991,0.999867049528194,0.4532087492726749,1.0,True,273.67397644546,124.03144057332644,124.03144057332644,124.18349630911572,0.4532087492726749,1209433726,secondary,3714709074,4723475967,0,True
369,2,0.8906018647129932,0.0066479655251687015,0.999867049528194,0.4532087492726749,1.0,True,273.67397644546,124.03144057332644,124.03144057332644,124.18349630911572,0.4532087492726749,1209433726,secondary,4723475967,3714709074,0,True
369,3,0.6772976436695455,62.09187210847136,0.2888529793833685,0.4532087492726749,1.0,True,273.67397644546,124.03144057332644,2.419608068679126,2.4225192444156716,0.4532087492726749,1209433726,secondary,3714709074,10618414232,0,True
369,4,0.6772976436695455,62.09187210847136,0.2888529793833685,0.4532087492726749,1.0,True,273.67397644546,124.03144057332644,2.419608068679126,2.4225192444156716,0.4532087492726749,1209433726,secondary,10618414232,3714709074,0,True
369,5,0.6731996952648978,64.51410296252521,0.27519315136787564,0.4532087492726749,1.0,True,273.67397644546,124.03144057332644,67.6262946331855,67.70761210717329,0.4532087492726749,1209433726,secondary,8145212933,10618414232,0,True
370,1,0.8906018647129932,0.006647965525167991,0.999867049528194,0.4532087492726749,1.0,True,273.67397644546,124.03144057332644,124.03144057332644,124.18349630911572,0.4532087492726749,1209433726,secondary,3714709074,4723475967,0,True
370,2,0.8906018647129932,0.0066479655251687015,0.999867049528194,0.4532087492726749,1.0,True,273.67397644546,124.03144057332644,124.03144057332644,124.18349630911572,0.4532087492726749,1209433726,secondary,4723475967,3714709074,0,True
370,3,0.6772976436695455,62.09187210847136,0.2888529793833685,0.4532087492726749,1.0,True,273.67397644546,124.03144057332644,2.419608068679126,2.4225192444156716,0.4532087492726749,1209433726,secondary,3714709074,10618414232,0,True
370,4,0.6772976436695455,62.09187210847136,0.2888529793833685,0.4532087492726749,1.0,True,273.67397644546,124.03144057332644,2.419608068679126,2.4225192444156716,0.4532087492726749,1209433726,secondary,10618414232,3714709074,0,True
370,5,0.6731996952648978,64.51410296252521,0.27519315136787564,0.4532087492726749,1.0,True,273.67397644546,124.03144057332644,67.6262946331855,67.70761210717329,0.4532087492726749,1209433726,secondary,8145212933,10618414232,0,True
371,1,0.82133936098998,1.45954489281346,0.9712310408450425,0.14985024368233565,1.0,True,825.1068292039173,123.64245942016632,123.64245942016632,123.38409924106693,0.14985024368233565,478249498,secondary,2833450832,293462777,0,False
371,2,0.6173189129102548,61.69362206614054,0.2911628805792921,0.14985024368233565,1.0,True,825.1068292039173,123.64245942016632,164.82454558256248,164.35480540153634,0.14985024368233565,478249498,secondary,293462777,293462778,0,False
371,3,0.5332454839388633,225.86658640848682,0.010918117341320609,0.14985024368233565,1.0,True,825.1068292039173,123.64245942016632,121.32251713396718,120.94492466304393,0.14985024368233565,478249498,secondary,293462778,293462779,0,False
371,4,0.5302630392975379,346.5698679957869,0.0009766352035692023,0.14985024368233565,1.0,True,825.1068292039173,123.64245942016632,21.829525007808254,21.75875289718953,0.14985024368233565,478249498,secondary,293462779,9771712112,0,False
371,5,0.5301598701010796,368.27271549903196,0.0006327378820413671,0.14985024368233565,1.0,True,825.1068292039173,123.64245942016632,141.3044004724377,140.83969457719215,0.14985024368233565,478249498,secondary,9771712112,293462780,0,False
372,1,0.8242845048552052,0.6224261625650115,0.9876286390966307,0.13997956563107952,1.0,True,882.6426791620468,123.5519388365556,123.55193883655559,122.98987848226554,0.13997956563107955,300173742,primary,6604381555,3725827504,0,False
372,2,0.615752934433871,61.46053003045971,0.2925234043588506,0.13997956563107952,1.0,True,882.6426791620468,123.5519388365556,70.33925676472191,70.02431441763687,0.13997956563107955,300173742,primary,3725827504,293466245,0,False
372,3,0.5496422982497456,131.44720015193198,0.07215461707843251,0.13997956563107952,1.0,True,882.6426791620468,123.5519388365556,6.304635454386111,6.2760976049606585,0.13997956563107955,300173742,primary,293466245,11189778457,0,False
372,4,0.5470889948386681,137.72282096133478,0.0636436057081739,0.13997956563107952,1.0,True,882.6426791620468,123.5519388365556,95.09779333517025,94.66841771359938,0.13997956563107955,300173742,primary,11189778457,3725789369,0,False
372,5,0.5308706543103534,232.3909913683956,0.009582470613791437,0.13997956563107952,1.0,True,882.6426791620468,123.5519388365556,89.45214074261825,89.04897226635336,0.13997956563107955,300173742,primary,3725789369,3725789405,0,False
373,1,0.8189003156348953,0.0002821241910513067,0.9999943575320978,0.09451004187632996,1.0,True,1296.169606714344,122.5010438093988,122.5010438093988,121.94914688217729,0.09451004187632997,746487579,secondary,5338412716,9911548099,0,False
373,2,0.6075161802826072,60.97453380144745,0.29538057302447074,0.09451004187632996,1.0,True,1296.169606714344,122.5010438093988,144.40599390338113,143.75630099285797,0.09451004187632997,746487578;746487579;879562788,secondary,10110997385,5338412716,0,False
373,3,0.6075160413521881,60.97461219214109,0.2953801099230737,0.09451004187632996,1.0,True,1296.169606714344,122.5010438093988,101.53815345123046,101.08070900509121,0.09451004187632997,746487579,secondary,9911548099,299492240,0,False
373,4,0.5306381845324332,162.05532119723,0.03912058719055722,0.09451004187632996,1.0,True,1296.169606714344,122.5010438093988,224.42801347059057,223.42242384634986,0.09451004187632997,746487579,secondary,299492240,293463031,0,False
373,5,0.5190366244538255,385.4555444591191,0.00044872026186490655,0.09451004187632996,1.0,True,1296.169606714344,122.5010438093988,399.9348179885905,398.1286396131627,0.09451004187632997,746487579,secondary,293463031,293463176,0,False
374,1,0.8246638258896577,2.994713170224876e-05,0.9999994010575454,0.12332002786197034,1.0,True,993.1015644652255,122.46931259961792,122.46931259961792,121.91518949261406,0.12332002786197033,746487577,secondary,2704039247,2704039246,0,False
374,2,0.6133082053191644,60.95759364824839,0.2954806658225679,0.12332002786197034,1.0,True,993.1015644652255,122.46931259961792,83.72572980996324,83.35143827404781,0.12332002786197033,746487577,secondary,2704039246,2704039245,0,False
374,3,0.6133082014256772,60.957595844380386,0.29548065284427727,0.12332002786197034,1.0,True,993.1015644652255,122.46931259961792,81.88778201659792,81.51906020121501,0.12332002786197033,746487577,secondary,2704039248,2704039247,0,False
374,4,0.5420268505622841,142.47249484725316,0.057876149966300035,0.12332002786197034,1.0,True,993.1015644652255,122.46931259961792,58.41335930886972,58.151151045806415,0.12332002786197033,746487577,secondary,2704039249,2704039248,0,False
374,5,0.5414082033174383,144.28653398387726,0.055813992483480644,0.12332002786197034,1.0,True,993.1015644652255,122.46931259961792,52.43746632909585,52.201616504108,0.12332002786197033,746487577,secondary,2704039245,2704039244,0,False
375,1,0.8277288142176744,0.2743991284051667,0.9945270488981847,0.14685349774109474,1.0,True,832.3105617306521,122.22771719700162,122.22771719700162,121.77239500816975,0.14685349774109474,1208988379,primary,6986305647,293452701,0,False
375,2,0.618216998796477,60.84372863013519,0.29615433082752657,0.14685349774109474,1.0,True,832.3105617306521,122.22771719700162,55.45199279612707,55.25308235193908,0.14685349774109474,1208988379,primary,293452701,4597338782,0,False
375,3,0.6181042440110005,60.90722389979695,0.2957784815426054,0.14685349774109474,1.0,True,832.3105617306521,122.22771719700162,9.038708160963349,9.003158433803662,0.14685349774109474,1208988379,primary,8156864966,6986305647,0,False
375,4,0.6034928952634395,69.9033724944545,0.2470739857174017,0.14685349774109474,1.0,True,832.3105617306521,122.22771719700162,113.00194714241655,112.54672756706233,0.14685349774109474,1208988379,primary,293461291,8156864966,0,False
375,5,0.5391340705657746,13.437669798952333,0.7643317196846656,0.5491727733018748,1.0,False,222.56696460407787,122.22771719700162,181.07812277859531,180.4082937704146,0.5491727733018748,1208791978,primary,4597338781,293463029,0,False
376,1,0.9000240518325113,0.44032388975463466,0.9912321856509824,0.5132719806860833,1.0,True,237.8836117972769,122.09899259994764,122.09899259994765,122.11282730988634,0.5132719806860833,464097500,secondary,1051669449,4592522613,0,False
376,2,0.691284206974692,60.96571041013541,0.29543270279158423,0.5132719806860833,1.0,True,237.8836117972769,122.09899259994764,46.0846399963745,46.104256787802896,0.5132719806860833,464097500,secondary,1051669638,1051669449,0,False
376,3,0.637920107649379,107.04356640214992,0.11755237170720788,0.5132719806860833,1.0,True,237.8836117972769,122.09899259994764,69.62521597412191,69.66652769958769,0.5132719806860833,464097500;456959532,secondary,4531816313,1051669638,0,False
376,4,0.5502191399904919,7.78644034864598,0.8557912435218776,0.46740883466964306,1.0,False,261.2252562282979,122.09899259994764,124.96936131413244,125.02622597471824,0.46740883466964306,464097499;456959534,secondary,4592522613,1051669812,0,False
376,5,0.3761490112939394,64.44795144789046,0.2755574812000359,0.46740883466964306,1.0,False,261.2252562282979,122.09899259994764,119.23826066536982,119.30454083693355,0.46740883466964306,456959534,secondary,1051669812,4531816332,0,False
377,1,0.8201275490622291,0.6249724282635223,0.9875783450787289,0.11927022769305173,1.0,True,1019.722651556636,121.62255283492242,121.62255283492242,121.14276137121429,0.11927022769305172,874459842,primary,6956618508,9717246530,0,False
377,2,0.6133007824867969,60.50695722128461,0.2981557898272886,0.11927022769305173,1.0,True,1019.722651556636,121.62255283492242,160.7785741574832,160.16850587377658,0.11927022769305172,874459841;874459842;466615091,primary,293458244,6956618508,0,False
377,3,0.61322028762016,60.551973456968994,0.29788747360516526,0.11927022769305173,1.0,True,1019.722651556636,121.62255283492242,30.195032928116014,30.05984329288759,0.11927022769305172,874459842,primary,9717246530,8141910101,0,False
377,4,0.5731848866701015,90.26165042205818,0.16443613710497024,0.11927022769305173,1.0,True,1019.722651556636,121.62255283492242,138.0138551701159,137.37991479242356,0.11927022769305172,874459842,primary,8141910101,8141910114,0,False
377,5,0.5271538466443375,225.49601394959453,0.010999337019090701,0.11927022769305173,1.0,True,1019.722651556636,121.62255283492242,174.36137297484692,173.56164210270265,0.11927022769305172,874459842,primary,8141910114,9833884593,0,False
378,1,0.8266268551742657,9.346147591518605e-05,0.9999981307722287,0.13313707971298527,1.0,True,912.7934682412829,121.52665674273196,121.52665674273197,121.17144285194163,0.13313707971298527,279088748,secondary,2999157389,2999157408,0,False
378,2,0.6159334089322104,60.58569391398119,0.2976866432987109,0.13313707971298527,1.0,True,912.7934682412829,121.52665674273196,66.70520712362648,66.49893255187729,0.13313707971298527,279088748,secondary,8151238466,2999157389,0,False
378,3,0.6159333106525848,60.58574893810462,0.29768631569995907,0.13313707971298527,1.0,True,912.7934682412829,121.52665674273196,107.09038366155737,106.79349573065501,0.13313707971298527,279088748,secondary,2999157408,2999157398,0,False
378,4,0.5502846584118246,127.00565855567311,0.07885747489742545,0.13313707971298527,1.0,True,912.7934682412829,121.52665674273196,29.784500105062495,29.690793168929357,0.13313707971298527,279088748,secondary,9771712113,8151238466,0,False
378,5,0.5396933635660442,156.68865234299273,0.043553158744823864,0.13313707971298527,1.0,True,912.7934682412829,121.52665674273196,25.283092191444847,25.20348587503242,0.13313707971298527,279088748,secondary,2999157391,9771712113,0,False
379,1,0.8142728658080625,0.6386285326544147,0.9873086524504207,0.09040135036468135,1.0,True,1343.3453532286426,121.44023393798912,121.44023393798912,120.99127150943823,0.09040135036468133,478371821,primary,3719620498,2283167617,0,False
379,2,0.6077935949883433,60.358158342115274,0.2990444163846898,0.09040135036468135,1.0,True,1343.3453532286426,121.44023393798912,150.40834068451002,149.8994257413289,0.09040135036468133,478371821,primary,3719620476,3719620498,0,False
379,3,0.5225588680578189,210.2236213505648,0.014928659949608835,0.09040135036468135,1.0,True,1343.3453532286426,121.44023393798912,83.96753227158553,83.68899069022477,0.09040135036468133,478371821,primary,4720132984,3719620476,0,False
379,4,0.5189204906432829,293.89366562620125,0.002800735234488888,0.09040135036468135,1.0,True,1343.3453532286426,121.44023393798912,98.05232146363187,97.71682722269598,0.09040135036468133,478371821,primary,4720133094,4720132984,0,False
379,5,0.5181992956608787,391.6099629457595,0.00039675195980802834,0.09040135036468135,1.0,True,1343.3453532286426,121.44023393798912,266.18514162678645,265.2715671567347,0.09040135036468133,478371821,primary,7128301700,4720133094,0,False
380,1,0.8274896501023918,0.3207031764826494,0.9936064626669383,0.14703855651155143,1.0,True,825.1068292039173,121.32251713396718,121.32251713396718,120.94492466304393,0.1470385565115514,478249498,secondary,293462778,293462779,0,False
380,2,0.6189933019741369,60.429399300138606,0.29861863557275564,0.14703855651155143,1.0,True,825.1068292039173,121.32251713396718,164.82454558256248,164.35480540153634,0.1470385565115514,478249498,secondary,293462777,293462778,0,False
380,3,0.6188725494301721,60.496839832440784,0.2982161270928728,0.14703855651155143,1.0,True,825.1068292039173,121.32251713396718,21.829525007808254,21.75875289718953,0.1470385565115514,478249498,secondary,293462779,9771712112,0,False
380,4,0.5873073547488941,82.25356240931521,0.19299881148861234,0.14703855651155143,1.0,True,825.1068292039173,121.32251713396718,141.3044004724377,140.83969457719215,0.1470385565115514,478249498,secondary,9771712112,293462780,0,False
380,5,0.5328708532252462,223.08031137100997,0.011543806409786453,0.14703855651155143,1.0,True,825.1068292039173,121.32251713396718,248.35228845213462,247.4523589488121,0.1470385565115514,478249498,secondary,293462780,1051669851,0,False
381,1,0.8299280275675425,0.43408307774148547,0.9913559152471938,0.16260626496692113,1.0,True,744.9722300237528,121.13715182824048,121.13715182824049,121.29185613793254,0.16260626496692115,876134933,secondary,9726096123,10232859317,0,False
381,2,0.6217496943538119,60.62913182798675,0.297428137868092,0.16260626496692113,1.0,True,744.9722300237528,121.13715182824048,99.24851520626802,99.37658405588198,0.16260626496692115,876134933,secondary,10232859317,8154498082,0,False
381,3,0.62172539089954,60.642752353185664,0.29734712635385274,0.16260626496692113,1.0,True,744.9722300237528,121.13715182824048,11.360649897321819,11.373989761742717,0.16260626496692115,876134933,secondary,9726096124,9726096123,0,False
381,4,0.6036101101026068,71.99259357591806,0.23696285703074177,0.16260626496692113,1.0,True,744.9722300237528,121.13715182824048,41.136916444285035,41.15801420417133,0.16260626496692115,876134933,secondary,8154498069,9726096124,0,False
381,5,0.5644555161386307,112.0051480744052,0.10644754381748817,0.16260626496692113,1.0,True,744.9722300237528,121.13715182824048,57.39240539706987,57.395985727290046,0.16260626496692115,876134933,secondary,8154498107,8154498069,0,False
382,1,0.8291780786821852,0.00836440840501787,0.999832725823785,0.14614130467524858,1.0,True,825.731541897677,120.6734848444312,120.67348484443121,120.13303223996856,0.14614130467524858,466839445,secondary,3240828570,293464764,0,False
382,2,0.619474236792442,60.062173363754084,0.3008199195246408,0.14614130467524858,1.0,True,825.731541897677,120.6734848444312,53.221533495174114,52.983436581302364,0.14614130467524858,466839445,secondary,293464764,293464778,0,False
382,3,0.6194630659260938,60.0683628684259,0.30078268330348057,0.14614130467524858,1.0,True,825.731541897677,120.6734848444312,40.74255704600408,40.57933805277655,0.14614130467524858,466839445,secondary,9816859455,3240828570,0,False
382,4,0.5605048811215616,113.04558075601365,0.10425540062170635,0.14614130467524858,1.0,True,825.731541897677,120.6734848444312,193.69651812587335,192.83194623792065,0.14614130467524858,466839445,secondary,293464778,293464784,0,False
382,5,0.5298895148205556,305.8699947240888,0.002204179618352901,0.14614130467524858,1.0,True,825.731541897677,120.6734848444312,25.164296051975168,25.05174726086435,0.14614130467524858,466839445,secondary,293464784,293464799,0,False
383,1,0.828287133598943,9.846963009466074e-05,0.9999980306093373,0.14143862208070915,1.0,True,850.2417522515343,120.2570218739447,120.25702187394467,119.95498958627438,0.14143862208070915,1209072902,secondary,293462775,293462774,0,False
383,2,0.618686725672899,59.977462768191145,0.30133000418919026,0.14143862208070915,1.0,True,850.2417522515343,120.2570218739447,58.38050599580291,58.231703013709435,0.14143862208070915,1209072902,secondary,293462776,293462775,0,False
383,3,0.6186866098717553,59.9775268182449,0.3013296181853782,0.14143862208070915,1.0,True,850.2417522515343,120.2570218739447,183.93236613042592,183.42643998316618,0.14143862208070915,1209072902,secondary,293462774,293462770,0,False
383,4,0.5564967908426799,118.20695219482293,0.09403022142179372,0.14143862208070915,1.0,True,850.2417522515343,120.2570218739447,89.84835262206519,89.6441604423118,0.14143862208070915,1209072902,secondary,7128108987,293462776,0,False
383,5,0.5305967713214831,243.3473815176823,0.0076968230178041264,0.14143862208070915,1.0,True,850.2417522515343,120.2570218739447,76.66226491564379,76.47236871468175,0.14143862208070915,1209072902,secondary,293462770,293462769,0,False
384,1,0.8505895556659813,0.01855402243166007,0.9996289883932009,0.25350429574010475,1.0,True,472.50173677825876,119.78122001794884,119.78122001794884,119.22985347654551,0.25350429574010475,1105211172,primary,4723476603,4715985573,0,False
384,2,0.6417734632951204,59.60627192401841,0.30357534715699813,0.25350429574010475,1.0,True,472.50173677825876,119.78122001794884,66.06337197043854,65.75960678362247,0.25350429574010475,1105211172,primary,4715985573,7128063639,0,False
384,3,0.5751595847508968,125.33977235134715,0.0815290853429196,0.25350429574010475,1.0,True,472.50173677825876,119.78122001794884,288.84058233287084,287.5122765180908,0.25350429574010475,1105211172;1337725743;1337725745;1337725746;1337725749,primary,7128063639,4715985581,0,False
384,4,0.49042428386813325,9.433158638458165,0.8280653746940391,0.2100233572996077,1.0,False,570.3233276433896,119.78122001794884,290.25664515298575,288.92143273517405,0.2100233572996077,1337725748;1209433725,primary,3714706485,3714707013,0,False
384,5,0.4374210342560124,59.612314017817276,0.3035386647589767,0.731797174141597,1.0,False,163.68089991390445,119.78122001794884,164.43550182597903,163.68089991390445,0.731797174141597,1141888415;1392897335,primary,4723475967,4723476603,0,False
385,1,0.8109929898253903,0.01152160694215798,0.999769594408603,0.055310557514046066,1.0,True,2164.753124922666,119.73370221974604,119.73370221974605,119.23373744520782,0.05531055751404606,300173739,primary,6956668970,2841381812,0,False
385,2,0.6021217840158324,59.61337205713878,0.3035322417100771,0.055310557514046066,1.0,True,2164.753124922666,119.73370221974604,268.92550655057255,267.810143084444,0.05531055751404606,300173739,primary,3042737280,6956668970,0,False
385,3,0.5114918294516301,327.4204346571791,0.0014323931627362625,0.055310557514046066,1.0,True,2164.753124922666,119.73370221974604,106.61651682564306,106.17440343634554,0.05531055751404606,300173739,primary,3722532540,3042737280,0,False
385,4,0.5111135117373704,433.5947508870664,0.00017133411520380001,0.055310557514046066,1.0,True,2164.753124922666,119.73370221974604,201.75865915403148,200.9220323495993,0.05531055751404606,300173739,primary,3042737292,3722532540,0,False
385,5,0.500242565591633,10.085906269956288,0.8173252787124172,0.27522490988953935,1.0,False,435.03948195605096,119.73370221974604,105.77972245995996,105.3392786792557,0.2752249098895394,464283097,primary,2277623798,11001108947,0,False
386,1,0.8544397632286627,6.55324798035092,0.8771607925199296,0.4564576273634181,1.0,True,261.2252562282979,119.23826066536982,119.23826066536982,119.30454083693355,0.4564576273634181,456959534,secondary,1051669812,4531816332,0,False
386,2,0.688002900019838,56.602572597319764,0.32237124849051435,0.4564576273634181,1.0,True,261.2252562282979,119.23826066536982,16.87382738376539,16.894489416646092,0.4564576273634181,456959534,secondary,4531816332,1051669370,0,False
386,3,0.6865513482885509,57.35871696454044,0.31753274271955756,0.4564576273634181,1.0,True,261.2252562282979,119.23826066536982,124.96936131413244,125.02622597471824,0.4564576273634181,464097499;456959534,secondary,4592522613,1051669812,0,False
386,4,0.49459940273189223,21.706049912785215,0.6478338639753011,0.5012462176965096,1.0,False,237.8836117972769,119.23826066536982,69.62521597412191,69.66652769958769,0.5012462176965096,464097500;456959532,secondary,4531816313,1051669638,0,False
386,5,0.47937766958211314,44.963747407112706,0.4068645507204048,0.7865915218299584,1.0,False,93.79180491713052,119.23826066536982,24.104839068008708,24.125277217542823,1.2713078799445479,456959532,secondary,11176575743,4531816313,0,False
387,1,0.8463121407678493,0.00010432325089186765,0.9999979135371588,0.2315638335335081,1.0,True,514.8013010359493,119.20936277592196,119.20936277592197,119.35738090930545,0.2315638335335081,218505933,trunk,8182316367,8182316352,0,False
387,2,0.6372535505265322,59.678695360441715,0.3031359460661019,0.2315638335335081,1.0,True,514.8013010359493,119.20936277592196,394.9459138664409,395.4439201266439,0.2315638335335081,1209009344;218505932;218505933,trunk,8182365087,8182316367,0,False
387,3,0.4379921062560349,14.242717719497831,0.7521237898707068,0.061774846474114166,1.0,False,1929.739523122488,119.20936277592196,362.2331943385045,362.6889185006834,0.06177484647411416,279958945,trunk,8182316353,13519081481,0,False
387,4,0.30284056371638945,59.6786855490461,0.3031360055498416,0.05949881025718469,1.0,False,2003.558764631382,119.20936277592196,2001.0510399446507,2003.558764631382,0.05949881025718469,279958946;1317535730;1209009343,trunk,8182316352,3320289784,0,False
387,5,0.27897496877620387,74.94959962156214,0.2233551904357398,0.0598420582274095,1.0,False,1992.0665549788926,119.20936277592196,1989.5722331524078,1992.0665549788926,0.05984205822740951,26755549;1317535729;1209009372;218526245,trunk,12194086396,8182316353,0,False
388,1,0.8200574003712462,0.0007043232223580327,0.9999859136347666,0.10030813140408051,1.0,True,1184.4455219686943,118.80951705861052,118.80951705861052,118.27951338279935,0.10030813140408051,874056882,primary,4594206590,6609242521,0,False
388,2,0.6119882549977815,59.13958648683089,0.30642209572321794,0.10030813140408051,1.0,True,1184.4455219686943,118.80951705861052,165.26230635726085,164.5273899480002,0.10030813140408051,874056882,primary,4594206606,4594206590,0,False
388,3,0.6119876903652808,59.13989359818837,0.30642021361488253,0.10030813140408051,1.0,True,1184.4455219686943,118.80951705861052,67.04268960574902,66.74328869472795,0.10030813140408051,874056882,primary,6609242521,4594197693,0,False
388,4,0.5442560242289144,125.88306790197268,0.08064799316032753,0.10030813140408051,1.0,True,1184.4455219686943,118.80951705861052,36.15729027038942,35.99596104360117,0.10030813140408051,874056882,primary,4594197693,8145581017,0,False
388,5,0.5318393786992274,161.8785055518217,0.03925917472803748,0.10030813140408051,1.0,True,1184.4455219686943,118.80951705861052,40.323555307052466,40.14450469705595,0.10030813140408051,874056882,primary,8145581017,4594197691,0,False
389,1,0.8396313430006672,0.16843212350275108,0.9966370250402657,0.20320117744293764,1.0,True,582.4729071620802,118.3591805639456,118.35918056394559,118.43316044110112,0.20320117744293764,252236396,secondary,2583312029,3706277462,0,False
389,2,0.6324178258640494,59.22071601936904,0.30592530125153955,0.20320117744293764,1.0,True,582.4729071620802,118.3591805639456,55.796278333543576,55.832564011445825,0.20320117744293764,252236396,secondary,3706277462,2583312044,0,False
389,3,0.5706894251013408,115.04733910001241,0.10016396537584422,0.20320117744293764,1.0,True,582.4729071620802,118.3591805639456,239.42756232915917,239.5833565266379,0.20320117744293764,252236396,secondary,2583312044,8124328157,0,False
389,4,0.5408897031885294,354.6104152989072,0.000831558999806235,0.20320117744293764,1.0,True,582.4729071620802,118.3591805639456,76.21696737606669,76.2727022044529,0.20320117744293764,252236396,secondary,8124328157,3706277560,0,False
389,5,0.540694521939989,430.8631535808468,0.0001809548380049613,0.20320117744293764,1.0,True,582.4729071620802,118.3591805639456,19.590295445882393,19.60462251922569,0.20320117744293764,252236396,secondary,3706277560,2583312041,0,False
390,1,0.9998124079746176,0.00011330301880613125,0.9999977339421914,0.999065438959801,1.0,True,118.01139348597232,118.12178550470377,118.12178550470375,118.01139348597232,1.00093543526155,1209004192,primary,1812432274,1812432245,0,False
390,2,0.44122412339611594,59.0057307432264,0.3072435219083509,0.7452553341180533,1.0,False,158.49841000399,118.12178550470377,158.636905435644,158.49841000399,0.7452553341180533,466600306,primary,1812432245,1812432278,0,False
390,3,0.40257874166379604,27.185685447361497,0.580588108530584,0.14201154552310433,1.0,False,831.7759311019269,118.12178550470377,110.62141418741076,110.52789471782168,0.14201154552310433,279088743,primary,293464894,2955635979,0,False
390,4,0.37446464585818157,55.69284475804168,0.3282903347649825,0.379887727143434,1.0,False,44.87301662150614,118.12178550470377,31.633690731008496,31.60865798742125,2.6323566900133906,1209072900,primary,2955635979,1812432232,0,False
390,5,0.33101048235287395,84.79253077488467,0.1834431230806238,0.379887727143434,1.0,False,44.87301662150614,118.12178550470377,13.268963758945878,13.264358634084886,2.6323566900133906,1209072900,primary,1812432232,293464893,0,False
391,1,0.8182135263264176,2.945024091688326e-05,0.9999994109953552,0.09106851513905487,1.0,True,1296.169606714344,118.04024145184802,118.04024145184802,117.50754035899003,0.09106851513905487,746487579,secondary,293463176,293455110,0,False
391,2,0.6108524129860085,58.7537693125088,0.30879569986065847,0.09106851513905487,1.0,True,1296.169606714344,118.04024145184802,399.9348179885905,398.1286396131627,0.09106851513905487,746487579,secondary,293463031,293463176,0,False
391,3,0.6108524097733219,58.75377104649598,0.308795689151703,0.09106851513905487,1.0,True,1296.169606714344,118.04024145184802,102.70736918888564,102.24298499369513,0.09106851513905487,746487579,secondary,293455110,293454248,0,False
391,4,0.5302011775737313,160.99600789170321,0.0399582484864011,0.09106851513905487,1.0,True,1296.169606714344,118.04024145184802,70.40399314750526,70.08527914847156,0.09106851513905487,746487579,secondary,293454248,293455281,0,False
391,5,0.5211648052505399,231.08018696326084,0.00983700740909642,0.09106851513905487,1.0,True,1296.169606714344,118.04024145184802,18.079211261517425,17.99658187354807,0.09106851513905487,746487579,secondary,293455281,2704039256,0,False
392,1,0.8465561972813316,0.587949579958619,0.9883098751437529,0.2503161736910286,1.0,True,469.66011903625116,117.5635239324274,117.56352393242739,117.21032238756624,0.2503161736910286,464260872,trunk,8142194644,4714939537,0,False
392,2,0.6430860744390481,58.546871173684245,0.31007613233614134,0.2503161736910286,1.0,True,469.66011903625116,117.5635239324274,104.27952457168114,104.0359319830767,0.2503161736910286,464260872,trunk,4714939537,8141472721,0,False
392,3,0.6429261299449478,58.63291571801269,0.30954298402247366,0.2503161736910286,1.0,True,469.66011903625116,117.5635239324274,20.78780584539319,20.72018510266812,0.2503161736910286,464260872,trunk,4714939526,8142194644,0,False
392,4,0.6198965071058409,9.463139914444756,0.8275689943993851,0.8581290439301271,1.0,False,136.99981927426754,117.5635239324274,137.40500781992966,136.99981927426754,0.8581290439301271,874656098,trunk,4714939538,4714939527,0,False
392,5,0.6114350963811386,79.34155119881382,0.2045728721431097,0.2503161736910286,1.0,True,469.66011903625116,117.5635239324274,9.499432678877803,9.468174576544774,0.2503161736910286,464260872,trunk,4714939529,4714939526,0,False
393,1,0.8221235908957711,0.28502970727291793,0.9943156234101459,0.1191445193636366,1.0,True,982.7016931378336,117.0835209067391,117.0835209067391,117.22131861899393,0.11914451936363661,875146659;1352928436,primary,8144915374,8146129661,0,False
393,2,0.6191821233838153,57.30971889937406,0.31784406503696,0.1191445193636366,1.0,True,982.7016931378336,117.0835209067391,869.4487815342277,865.4803745188397,0.11914451936363661,414500083;875146659,primary,12435035117,8144915374,0,False
393,3,0.5309752535232387,6.751075874540033,0.8736971117162071,0.3443306000418828,1.0,False,340.0322855200716,117.0835209067391,106.12439266253057,106.25527619068511,0.3443306000418829,1352928435,primary,10116085882,8146129652,0,False
393,4,0.35356632940186805,58.24133786136925,0.31197670506060554,0.2998665894184318,1.0,False,390.4520378005885,117.0835209067391,97.01436508289387,97.13979411216272,0.2998665894184318,874159869,primary,9832455554,10116085882,0,False
393,5,0.35328346493513063,58.49624281973374,0.31039026423270044,0.3008319283266026,1.0,False,389.19911712172274,117.0835209067391,96.54186549411399,96.66610039344403,0.3008319283266026,312566658,primary,8146129661,9832455553,0,False
394,1,0.906789376175893,0.30241632872289687,0.9939699277315077,0.5429919892822036,1.0,True,215.27097476117055,116.89041482028703,116.89041482028705,116.50471946282244,0.5429919892822036,1210210285,primary,2703786131,7242788582,0,False
394,2,0.7022957912984147,58.18560519603489,0.31232464480658007,0.5429919892822036,1.0,True,215.27097476117055,116.89041482028703,68.70819694472011,68.48304800685129,0.5429919892822036,1210210285,primary,7242788582,8151563186,0,False
394,3,0.6324160786759798,126.66771391044283,0.07939226939846383,0.5429919892822036,1.0,True,215.27097476117055,116.89041482028703,30.388412171826378,30.28320729149683,0.5429919892822036,1210210285,primary,8151563186,4613798619,0,False
394,4,0.40671266074166856,23.354481355258812,0.626823907482375,0.0933274424847802,1.0,False,1252.4763532371464,116.89041482028703,185.0299778788576,184.42512705922866,0.0933274424847802,466615091,primary,4720203904,12558344054,0,False
394,5,0.3275039556204529,50.69588223004636,0.36279489041165625,0.0933274424847802,1.0,False,1252.4763532371464,116.89041482028703,84.42868333216086,84.13574670156572,0.0933274424847802,466615091,primary,4720203899,4720203904,0,False
395,1,0.8829233429880472,3.192999569960918e-05,0.9999993614002899,0.41461767283980105,1.0,True,280.9529065951497,116.48804031005898,116.48804031005898,115.96698764079171,0.41461767283980105,232511043,primary,2390658890,2407964442,0,False
395,2,0.6770004396750495,57.983494372135816,0.31358968369029794,0.41461767283980105,1.0,True,280.9529065951497,116.48804031005898,42.574608064399335,42.38273926274923,0.41461767283980105,232511043,primary,2407964442,2443921865,0,False
395,3,0.623233085661061,100.35970169773921,0.13436517031033582,0.41461767283980105,1.0,True,280.9529065951497,116.48804031005898,62.871657968913176,62.590740883764965,0.41461767283980105,232511043,primary,2443921865,2443921759,0,False
395,4,0.5944521901971296,162.94733724084338,0.03842885209723095,0.41461767283980105,1.0,True,280.9529065951497,116.48804031005898,37.52425417585683,37.35538051539116,0.41461767283980105,232511043,primary,2443921759,4599113414,0,False
395,5,0.5883853717343949,200.29986320631082,0.018206123888115537,0.41461767283980105,1.0,True,280.9529065951497,116.48804031005898,22.761245626840967,22.657058292452646,0.41461767283980105,232511043,primary,4599113414,2365467030,0,False
396,1,0.8143366641979193,0.3452400361169896,0.9931189826428859,0.0820048470252674,1.0,True,1410.0672749719495,115.63235117941038,115.63235117941036,115.77899290433302,0.0820048470252674,875119268,secondary,8145707262,3726941209,0,True
396,2,0.8143366641979193,0.3452400361169897,0.9931189826428859,0.0820048470252674,1.0,True,1410.0672749719495,115.63235117941038,115.63235117941038,115.77899290433302,0.0820048470252674,875119268,secondary,3726941209,8145707262,0,True
396,3,0.6106752772898929,57.87868864941622,0.3142476929494646,0.0820048470252674,1.0,True,1410.0672749719495,115.63235117941038,18.547446457905696,18.571247211686618,0.0820048470252674,875119268,secondary,3726941210,8145707262,0,True
396,4,0.6106752772898929,57.87868864941622,0.3142476929494646,0.0820048470252674,1.0,True,1410.0672749719495,115.63235117941038,18.547446457905696,18.571247211686618,0.0820048470252674,875119268,secondary,8145707262,3726941210,0,True
396,5,0.6106658081465962,57.883711024596124,0.31421612913847585,0.0820048470252674,1.0,True,1410.0672749719495,115.63235117941038,59.51581657141216,59.59183238338087,0.0820048470252674,875119268,secondary,3726941209,6809932316,0,True
397,1,0.8143366641979193,0.3452400361169896,0.9931189826428859,0.0820048470252674,1.0,True,1410.0672749719495,115.63235117941036,115.63235117941036,115.77899290433302,0.08200484702526739,875119268,secondary,8145707262,3726941209,0,True
397,2,0.8143366641979193,0.3452400361169897,0.9931189826428859,0.0820048470252674,1.0,True,1410.0672749719495,115.63235117941036,115.63235117941038,115.77899290433302,0.08200484702526739,875119268,secondary,3726941209,8145707262,0,True
397,3,0.6106752772898929,57.87868864941622,0.3142476929494646,0.0820048470252674,1.0,True,1410.0672749719495,115.63235117941036,18.547446457905696,18.571247211686618,0.08200484702526739,875119268,secondary,3726941210,8145707262,0,True
397,4,0.6106752772898929,57.87868864941622,0.3142476929494646,0.0820048470252674,1.0,True,1410.0672749719495,115.63235117941036,18.547446457905696,18.571247211686618,0.08200484702526739,875119268,secondary,8145707262,3726941210,0,True
397,5,0.6106658081465962,57.883711024596124,0.31421612913847585,0.0820048470252674,1.0,True,1410.0672749719495,115.63235117941036,59.51581657141216,59.59183238338087,0.08200484702526739,875119268,secondary,3726941209,6809932316,0,True
398,1,0.8602644753757009,0.16927620671244928,0.9966202002907011,0.3063920764424526,1.0,True,376.5721956087928,115.37873694307146,115.37873694307146,115.31587164527045,0.3063920764424526,1209004194;466600301;170090974,primary,293460471,4613676969,0,False
398,2,0.7885019779814899,57.65771424559902,0.3156395803308027,0.9690505194112454,1.0,True,119.06369650693831,115.37873694307146,3.749954015600823,3.747824861667869,0.9690505194112454,1209004194,primary,4613676969,2833450825,0,False
398,3,0.6565986158206203,57.65120731608768,0.31568065989376687,0.30947208926245123,1.0,True,372.82437074712493,115.37873694307146,257.7094633441375,257.5084991018545,0.30947208926245123,170090974,primary,4716027739,293460471,0,False
398,4,0.5574029701140429,10.340829484359585,0.813168779851454,0.5672616807930337,1.0,False,65.44993624610402,115.37873694307146,65.51829135071483,65.44993624610402,1.7628548408240736,1209004191,primary,2833450822,4613676974,0,False
398,5,0.5167221995142735,10.28036242251529,0.8141527732614555,0.3623818376791843,1.0,False,318.3899548663803,115.37873694307146,298.3569192516161,298.1359886630204,0.3623818376791843,466600299;466600300,primary,4613676974,10091564873,0,False
399,1,0.7955218138973434,2.5841861086163305,0.9496291660011217,0.05316532048503424,1.0,True,2164.753124922666,115.08979365749288,115.08979365749289,114.58546551237515,0.05316532048503423,300173739,primary,3042737291,3042737273,0,False
399,2,0.6069752225516434,56.793823457604965,0.32114052818212174,0.05316532048503424,1.0,True,2164.753124922666,115.08979365749288,9.136576747640584,9.100971534106957,0.05316532048503423,300173739,primary,3042737273,8148670280,0,False
399,3,0.6065702584954926,57.00443611513536,0.31979064799495277,0.05316532048503424,1.0,True,2164.753124922666,115.08979365749288,180.62078068781472,179.7931882107846,0.05316532048503423,300173739,primary,12438735280,3042737291,0,False
399,4,0.5910715452772963,65.81448956643466,0.2681282706009652,0.05316532048503424,1.0,True,2164.753124922666,115.08979365749288,173.52427150475398,172.95694202211297,0.05316532048503423,300173739,primary,8148670280,3042737299,0,False
399,5,0.5132859355534934,236.40699264045776,0.008842904854955343,0.05316532048503424,1.0,True,2164.753124922666,115.08979365749288,12.182355651138792,12.147111372058106,0.05316532048503423,300173739,primary,3042737299,4963335999,0,False
400,1,0.8357146927212369,3.061521615478732e-05,0.9999993876958644,0.17857438206238713,1.0,True,643.9148295943573,114.98669279561967,114.98669279561967,114.47186259476346,0.17857438206238713,464845715,primary,2408583723,8184439489,0,False
400,2,0.6312089186475163,57.2359307044478,0.31831347411679584,0.17857438206238713,1.0,True,643.9148295943573,114.98669279561967,364.99318958953035,363.34939608073364,0.17857438206238713,230574618;464845715,primary,8184439489,2390658892,0,False
400,3,0.6312089163826187,57.23593189033204,0.3183134665671373,0.17857438206238713,1.0,True,643.9148295943573,114.98669279561967,166.82460045758106,166.09357091886028,0.17857438206238713,464845715,primary,2365467030,2408583723,0,False
400,4,0.5318921934896741,9.108595843551372,0.8334580425996158,0.40927390354894716,1.0,False,280.9529065951497,114.98669279561967,116.48804031005898,115.96698764079171,0.40927390354894716,232511043,primary,2390658890,2407964442,0,False
400,5,0.4004260204603521,222.78200013446803,0.011612885218013838,0.9847107744747395,1.0,False,113.2286353170636,114.98669279561967,113.72484536287398,113.2286353170636,1.0155266154505276,1210204475,primary,2365467030,2365769916,0,True
401,1,0.8207391763691816,1.1382989905187555,0.97749120968724,0.13745906731504748,1.0,True,834.7453514916448,114.74331746161296,114.74331746161297,114.21670990925156,0.13745906731504748,879562787,secondary,2703794064,2703794062,0,False
401,2,0.6233080717007082,57.0675046936455,0.31938752745899596,0.13745906731504748,1.0,True,834.7453514916448,114.74331746161296,189.02364063471927,188.15842242253342,0.13745906731504748,879562787,secondary,2703794062,2703794060,0,False
401,3,0.6233050630013708,57.06907475421327,0.3193774984612041,0.13745906731504748,1.0,True,834.7453514916448,114.74331746161296,68.79122797512909,68.47978275291068,0.13745906731504748,879562787,secondary,11778195620,2703794064,0,False
401,4,0.551897264931743,125.44879732310167,0.08135150489577823,0.13745906731504748,1.0,True,834.7453514916448,114.74331746161296,56.87509756217459,56.61761045545719,0.13745906731504748,879562787,secondary,2703794066,11778195620,0,False
401,5,0.5353611533675282,182.04041453234507,0.026231133015062576,0.13745906731504748,1.0,True,834.7453514916448,114.74331746161296,154.07065549173444,153.377930406645,0.13745906731504748,879562787,secondary,5875519688,2703794066,0,False
402,1,0.8352788321914508,0.042572981448082296,0.9991489027599277,0.1776708068173626,1.0,True,643.9148295943573,114.404867295694,364.99318958953035,363.34939608073364,0.17767080681736258,230574618;464845715,primary,8184439489,2390658892,0,False
402,2,0.6316026400615049,56.936060885441066,0.32022826232677476,0.1776708068173626,1.0,True,643.9148295943573,114.404867295694,114.98669279561967,114.47186259476346,0.17767080681736258,464845715,primary,2408583723,8184439489,0,False
402,3,0.5452697098800443,171.39992463125634,0.03245182838857242,0.1776708068173626,1.0,True,643.9148295943573,114.404867295694,166.82460045758106,166.09357091886028,0.17767080681736258,464845715,primary,2365467030,2408583723,0,False
402,4,0.5191922068425605,7.918940425266726,0.8535263976630237,0.3156714377182667,1.0,False,362.41754440197116,114.404867295694,80.44930316768992,80.08633883548184,0.3156714377182667,230574632,primary,2390658877,2443921783,0,False
402,5,0.4571688125107612,21.787318383928184,0.6467817498903594,0.3156714377182667,1.0,False,362.41754440197116,114.404867295694,35.73051856824703,35.57111616150976,0.3156714377182667,230574632,primary,2443921783,2390658890,0,False
403,1,0.8441948804855619,0.05755853358978248,0.9988494916709812,0.22270016492133798,1.0,True,512.5091954147268,114.1358823425619,114.1358823425619,113.78564409816697,0.22270016492133798,478372781,primary,4715985518,11209425689,0,False
403,2,0.6406592380870784,56.90966668319406,0.32039735034270234,0.22270016492133798,1.0,True,512.5091954147268,114.1358823425619,22.812624793078786,22.739265699893885,0.22270016492133798,478372781,primary,11209425689,8145297050,0,False
403,3,0.6055406082199313,79.64495902172523,0.20333525078554582,0.22270016492133798,1.0,True,512.5091954147268,114.1358823425619,26.35867440699307,26.270437967178722,0.22270016492133798,478372781,primary,8145297050,4715985522,0,False
403,4,0.5806234709485267,105.89742483717919,0.12027812654753048,0.22270016492133798,1.0,True,512.5091954147268,114.1358823425619,128.98100364169895,128.5746104719181,0.22270016492133798,478372781,primary,4715985522,4721825589,0,False
403,5,0.5472995189599882,234.43690264765252,0.009198286585735177,0.22270016492133798,1.0,True,512.5091954147268,114.1358823425619,66.5395391057829,66.3438555009671,0.22270016492133798,478372781,primary,4721825589,4719689700,0,False
404,1,0.9991271066500074,4.0524852252719453e-05,0.9999991895032834,0.9956367489951113,1.0,True,113.2286353170636,113.72484536287398,113.72484536287398,113.2286353170636,1.0043823723956478,1210204475,primary,2365467030,2365769916,0,True
404,2,0.9991271066500074,4.0524852254727545e-05,0.9999991895032834,0.9956367489951113,1.0,True,113.2286353170636,113.72484536287398,113.72484536287398,113.2286353170636,1.0043823723956478,1210204475,primary,2365769916,2365467030,0,True
404,3,0.3776451759329904,56.61431857802634,0.3222955260559026,0.40478259058109806,1.0,False,280.9529065951497,113.72484536287398,22.761245626840967,22.657058292452646,0.40478259058109806,232511043,primary,4599113414,2365467030,0,False
404,4,0.3426825643434358,79.05382448777314,0.20575348742405386,0.40478259058109806,1.0,False,280.9529065951497,113.72484536287398,37.52425417585683,37.35538051539116,0.40478259058109806,232511043,primary,2443921759,4599113414,0,False
404,5,0.33201160431095744,56.61431857802634,0.3222955260559026,0.17661473247093326,1.0,False,643.9148295943573,113.72484536287398,166.82460045758106,166.09357091886028,0.17661473247093323,464845715,primary,2365467030,2408583723,0,False
405,1,0.9991271066500074,4.0524852252719453e-05,0.9999991895032834,0.9956367489951113,1.0,True,113.2286353170636,113.72484536287398,113.72484536287398,113.2286353170636,1.0043823723956478,1210204475,primary,2365467030,2365769916,0,True
405,2,0.9991271066500074,4.0524852254727545e-05,0.9999991895032834,0.9956367489951113,1.0,True,113.2286353170636,113.72484536287398,113.72484536287398,113.2286353170636,1.0043823723956478,1210204475,primary,2365769916,2365467030,0,True
405,3,0.3776451759329904,56.61431857802634,0.3222955260559026,0.40478259058109806,1.0,False,280.9529065951497,113.72484536287398,22.761245626840967,22.657058292452646,0.40478259058109806,232511043,primary,4599113414,2365467030,0,False
405,4,0.3426825643434358,79.05382448777314,0.20575348742405386,0.40478259058109806,1.0,False,280.9529065951497,113.72484536287398,37.52425417585683,37.35538051539116,0.40478259058109806,232511043,primary,2443921759,4599113414,0,False
405,5,0.33201160431095744,56.61431857802634,0.3222955260559026,0.17661473247093326,1.0,False,643.9148295943573,113.72484536287398,166.82460045758106,166.09357091886028,0.17661473247093323,464845715,primary,2365467030,2408583723,0,False
406,1,0.8053855884495698,1.0521391472893618,0.9791770715937435,0.058162334857233225,1.0,True,1954.3627391290017,113.67030006572054,113.67030006572054,113.24731748446149,0.058162334857233225,279088748;456959531;1208986540;264753949,secondary,11176575743,1051669679,0,False
406,2,0.6218951694755197,56.45917248766351,0.32329713702871166,0.12453014183453114,1.0,True,912.7934682412829,113.67030006572054,99.64477107292961,99.29211664568106,0.12453014183453112,279088748,secondary,1051669679,7242312106,0,False
406,3,0.6164119002088504,56.59521584682754,0.3224186840769667,0.09843147492880167,1.0,True,1154.8165883721804,113.67030006572054,17.85164792378925,17.773858861920537,0.09843147492880167,264753949,secondary,1051669370,11176575743,0,False
406,4,0.5876797611963616,74.21854296173926,0.22664488736867053,0.09843147492880167,1.0,True,1154.8165883721804,113.67030006572054,68.21729022284364,67.95627574390093,0.09843147492880167,264753949,secondary,2928864938,1051669370,0,False
406,5,0.5382216088284365,155.7423830891616,0.044385268205101,0.12453014183453114,1.0,True,912.7934682412829,113.67030006572054,65.59898431394345,65.36964744705335,0.12453014183453112,279088748,secondary,7242312106,10287373214,0,False
407,1,0.9818830761456949,9.608521419641242e-05,0.9999980782975626,0.9094182632821308,1.0,True,124.91243775155075,113.59765220235256,113.59765220235256,113.40551541309924,0.9094182632821308,1210250347,trunk,3725590079,8169509566,0,False
407,2,0.7784013717425624,56.70279328469856,0.3217257302871208,0.9094182632821308,1.0,True,124.91243775155075,113.59765220235256,11.527783121229906,11.506922338451519,0.9094182632821308,877825096;1210250347;877825095,trunk,3725590078,3725590079,0,False
407,3,0.43169541460204386,34.631786974118114,0.5002557859429352,0.4080933940958163,1.0,False,278.3618991286121,113.59765220235256,178.34317820654627,178.11794341007496,0.4080933940958163,878075544;877825097;877825098,trunk,8167025452,8167025479,0,False
407,4,0.43110812550314503,22.088169841702406,0.6429017300465157,0.19118803244595145,1.0,False,594.1671701363757,113.59765220235256,594.9813733926426,594.1671701363757,0.19118803244595145,464264628;1209009347;1209009348;196856999,trunk,8167025453,8167025475,0,False
407,5,0.4062482492339291,90.57614890646269,0.16340508483008417,0.7861336189245194,1.0,False,144.5017099736319,113.59765220235256,45.814402754151246,45.637576989209755,0.7861336189245194,1548068626;1213505658;878075543,trunk,8169509573,8182365084,0,False
408,1,0.8239673650375439,0.6747294396366269,0.986596054979031,0.13994274271917292,1.0,True,809.2005440449952,113.24174354350352,113.24174354350353,112.73082365070569,0.13994274271917292,875007028,secondary,8148598918,8144976336,0,False
408,2,0.6251380099608188,56.376592133870545,0.32383153805661435,0.13994274271917292,1.0,True,809.2005440449952,113.24174354350352,65.42149091582739,65.12085420413752,0.13994274271917292,875007028,secondary,8144976336,9882823386,0,False
408,3,0.5544058794551132,121.48811029883001,0.08805776970426228,0.13994274271917292,1.0,True,809.2005440449952,113.24174354350352,255.99530457034086,254.82177618628165,0.13994274271917292,875007028,secondary,9882823386,9871576949,0,False
408,4,0.5281502366701516,376.2934210036576,0.0005389604210565836,0.13994274271917292,1.0,True,809.2005440449952,113.24174354350352,64.0240951230932,63.731396701673404,0.13994274271917292,875007028,secondary,9871576949,8144976343,0,False
408,5,0.5280337568073163,440.01289315587417,0.00015069421160577025,0.13994274271917292,1.0,True,809.2005440449952,113.24174354350352,37.532413348430204,37.359997179271986,0.13994274271917292,875007028,secondary,8144976343,8144976345,0,False
409,1,0.8247432455484958,0.0031784475043144084,0.9999364330703766,0.1238115781369135,1.0,True,912.7934682412829,113.01439981601987,113.01439981601987,112.64326812164893,0.12381157813691351,279088748,secondary,2999157392,2999157391,0,False
409,2,0.6220265320884397,56.31756590760268,0.3242140548701901,0.1238115781369135,1.0,True,912.7934682412829,113.01439981601987,25.283092191444847,25.20348587503242,0.12381157813691351,279088748,secondary,2999157391,9771712113,0,False
409,3,0.6220129688860101,56.32453874339215,0.32416884419542447,0.1238115781369135,1.0,True,912.7934682412829,113.01439981601987,61.82178666660269,61.619678360236485,0.12381157813691351,279088748,secondary,10287373214,2999157392,0,False
409,4,0.5835234058290965,81.515128502788,0.19587030067237915,0.1238115781369135,1.0,True,912.7934682412829,113.01439981601987,29.784500105062495,29.690793168929357,0.12381157813691351,279088748,secondary,9771712113,8151238466,0,False
409,5,0.5572135505602316,111.20219878739935,0.1081707831094961,0.1238115781369135,1.0,True,912.7934682412829,113.01439981601987,66.70520712362648,66.49893255187729,0.12381157813691351,279088748,secondary,8151238466,2999157389,0,False
410,1,0.8255460144588,0.268683853849435,0.9946407352983019,0.1357689693465474,1.0,True,832.3105617306521,113.00194714241655,113.00194714241655,112.54672756706233,0.1357689693465474,1208988379,primary,293461291,8156864966,0,False
410,2,0.6245280520698704,56.26102942301516,0.3245808606685366,0.1357689693465474,1.0,True,832.3105617306521,113.00194714241655,9.038708160963349,9.003158433803662,0.1357689693465474,1208988379,primary,8156864966,6986305647,0,False
410,3,0.6244882825684781,56.2814545464771,0.32444829566389516,0.1357689693465474,1.0,True,832.3105617306521,113.00194714241655,86.74332328383596,86.38768362554397,0.1357689693465474,1208988379,primary,8163267506,293461291,0,False
410,4,0.608485438789141,65.26236487144914,0.2711054830661051,0.1357689693465474,1.0,True,832.3105617306521,113.00194714241655,122.22771719700162,121.77239500816975,0.1357689693465474,1208988379,primary,6986305647,293452701,0,False
410,5,0.5444504555688272,142.6634478559237,0.057655538998392306,0.1357689693465474,1.0,True,832.3105617306521,113.00194714241655,149.59088509342106,148.94681138488082,0.1357689693465474,1208988379,primary,4478448738,8163267506,0,False
411,1,0.8228364405083275,0.12113322259012117,0.9975802678312633,0.11781180079474256,1.0,True,958.1419680559477,112.8804306736899,112.8804306736899,112.87864484164054,0.11781180079474256,1238285688,secondary,3718134117,3730052116,0,False
411,2,0.6206450054888675,56.410992259998004,0.3236088177663965,0.11781180079474256,1.0,True,958.1419680559477,112.8804306736899,6.148958249089859,6.1508731457332635,0.11781180079474256,1238285688,secondary,3730052116,1051626896,0,False
411,3,0.6205860247671589,56.441378043717606,0.32341221536070086,0.11781180079474256,1.0,True,958.1419680559477,112.8804306736899,687.0880641753015,685.631618827035,0.11781180079474256,1238285688;90617087,secondary,3718134030,3718134117,0,False
411,4,0.6094246615844428,62.551880391119646,0.2862076714183141,0.11781180079474256,1.0,True,958.1419680559477,112.8804306736899,50.08342608023083,50.11856648865569,0.11781180079474256,1238285688,secondary,1051626896,3718134122,0,False
411,5,0.5552741240670758,112.35473807056181,0.10570587969375732,0.11781180079474256,1.0,True,958.1419680559477,112.8804306736899,103.30459683906756,103.36226475288323,0.11781180079474256,1238285688;1238285689,secondary,3718134122,8124118501,0,False
412,1,0.8173378502095876,0.652820499789192,0.9870284551788574,0.10614656827965162,1.0,True,1052.2865127067323,111.69660217078165,111.69660217078163,111.22534701753753,0.10614656827965162,456959535,secondary,10128190730,8151376713,0,False
412,2,0.6199444332001516,55.57721765385671,0.32905039848073725,0.10614656827965162,1.0,True,1052.2865127067323,111.69660217078165,124.15445111892798,123.62678312211759,0.10614656827965162,456959535,secondary,1051669905,10128190730,0,False
412,3,0.6198623434846251,55.61881405114836,0.3287767660956495,0.10614656827965162,1.0,True,1052.2865127067323,111.69660217078165,32.643257749863665,32.502885713414344,0.10614656827965162,456959535,secondary,8151376713,2703790424,0,False
412,4,0.5727197153766089,88.11935293560622,0.171634672402262,0.10614656827965162,1.0,True,1052.2865127067323,111.69660217078165,30.24610138599581,30.114363612167015,0.10614656827965162,456959535,secondary,2703790424,293457275,0,False
412,5,0.5494297513188318,118.22224884357612,0.09400145887633814,0.10614656827965162,1.0,True,1052.2865127067323,111.69660217078165,217.41518014009304,216.44560361682102,0.10614656827965162,456959535,secondary,293457275,293457276,0,False
413,1,0.8251215524665694,0.0016918182782358804,0.9999661642068787,0.1256585160225289,1.0,True,882.6426791620468,110.91156924165185,110.91156924165183,110.41345894515642,0.12565851602252887,300173742,primary,3725777460,3725789806,0,False
413,2,0.6245819797052021,55.20623445307395,0.33150092166898787,0.1256585160225289,1.0,True,882.6426791620468,110.91156924165185,131.97280249943776,131.37860221744427,0.12565851602252887,300173742,primary,3725789806,3725790040,0,False
413,3,0.6245807488097925,55.206853306570586,0.3314968186842891,0.1256585160225289,1.0,True,882.6426791620468,110.91156924165185,28.54056748957225,28.411929506288597,0.12565851602252887,300173742,primary,3725789405,3725777460,0,False
413,4,0.5814730117348061,83.61772434388747,0.1878043617676678,0.1256585160225289,1.0,True,882.6426791620468,110.91156924165185,89.45214074261825,89.04897226635336,0.12565851602252887,300173742,primary,3725789369,3725789405,0,False
413,5,0.5346238907521883,172.66566888889122,0.03164062515894178,0.1256585160225289,1.0,True,882.6426791620468,110.91156924165185,95.09779333517025,94.66841771359938,0.12565851602252887,300173742,primary,11189778457,3725789369,0,False
414,1,0.8265982530728684,9.941030731206254e-05,0.9999980117958303,0.13299424767059662,1.0,True,831.7759311019269,110.62141418741076,110.62141418741076,110.52789471782168,0.13299424767059662,279088743,primary,293464894,2955635979,0,False
414,2,0.6259343415233034,55.26397728101456,0.33111830663061365,0.13299424767059662,1.0,True,831.7759311019269,110.62141418741076,154.94777140963538,154.8236770410672,0.13299424767059662,279088743,primary,293464896,293464894,0,False
414,3,0.5620252752698112,27.078718274427864,0.5818315154657642,0.9373791031504091,1.0,False,118.01139348597232,110.62141418741076,118.12178550470375,118.01139348597232,0.9373791031504091,1209004192,primary,1812432274,1812432245,0,False
414,4,0.531089757444243,210.0863793094331,0.014969693033745492,0.13299424767059662,1.0,True,831.7759311019269,110.62141418741076,49.21670179247403,49.18130058018282,0.13299424767059662,279088743,primary,293464897,293464896,0,False
414,5,0.5282784211702574,259.2621846121426,0.0055985721204600495,0.13299424767059662,1.0,True,831.7759311019269,110.62141418741076,82.11649597514368,82.06116114619014,0.13299424767059662,279088743,primary,293464902,293464897,0,False
415,1,0.850667093908952,0.021969463279086002,0.9995607072517448,0.25399440866714307,1.0,True,435.03948195605096,110.49759596628742,110.49759596628742,110.0390420958735,0.25399440866714307,464283097,primary,3722532411,3042737290,0,False
415,2,0.6506264594585104,55.016899980011075,0.3327585924169392,0.25399440866714307,1.0,True,435.03948195605096,110.49759596628742,143.62049861956012,143.02541640138293,0.25399440866714307,464283097,primary,3042737290,2841381805,0,False
415,3,0.6506170904042199,55.02159281849589,0.3327273622359712,0.25399440866714307,1.0,True,435.03948195605096,110.49759596628742,16.847385127737795,16.776871699871275,0.25399440866714307,464283097,primary,11001108947,3722532411,0,False
415,4,0.6221652375532527,71.79779616844174,0.23788785273274715,0.25399440866714307,1.0,True,435.03948195605096,110.49759596628742,105.77972245995996,105.3392786792557,0.25399440866714307,464283097,primary,2277623798,11001108947,0,False
415,5,0.5594851857155483,177.10174721828756,0.028954346607065393,0.25399440866714307,1.0,True,435.03948195605096,110.49759596628742,56.054631770504685,55.81725301641923,0.25399440866714307,464283097,primary,8182316394,2277623798,0,False
416,1,0.8882530839476417,0.05576586759350344,0.9988853043833621,0.4429374631631648,1.0,True,243.37718479423154,107.80087282454969,107.80087282454967,107.72521790547731,0.4429374631631648,1212991822,secondary,4713176922,4713176938,0,True
416,2,0.8882530839476417,0.05576586759350386,0.9988853043833621,0.4429374631631648,1.0,True,243.37718479423154,107.80087282454969,107.80087282454969,107.72521790547731,0.4429374631631648,1212991822,secondary,4713176938,4713176922,0,True
416,3,0.6907547713725355,53.858550851854545,0.34055759579967515,0.4429374631631648,1.0,True,243.37718479423154,107.80087282454969,30.974806841452278,30.953473856724866,0.4429374631631648,1212991822,secondary,4713176935,4713176938,0,True
416,4,0.6907547713725355,53.858550851854545,0.34055759579967515,0.4429374631631648,1.0,True,243.37718479423154,107.80087282454969,30.974806841452278,30.953473856724866,0.4429374631631648,1212991822,secondary,4713176938,4713176935,0,True
416,5,0.6435989872648804,84.81201589730995,0.18337164877415843,0.4429374631631648,1.0,True,243.37718479423154,107.80087282454969,26.667745541741624,26.637818186216254,0.4429374631631648,1212991822,secondary,4713176934,4713176935,0,True
417,1,0.8882530839476417,0.05576586759350344,0.9988853043833621,0.4429374631631648,1.0,True,243.37718479423154,107.80087282454969,107.80087282454967,107.72521790547731,0.4429374631631648,1212991822,secondary,4713176922,4713176938,0,True
417,2,0.8882530839476417,0.05576586759350386,0.9988853043833621,0.4429374631631648,1.0,True,243.37718479423154,107.80087282454969,107.80087282454969,107.72521790547731,0.4429374631631648,1212991822,secondary,4713176938,4713176922,0,True
417,3,0.6907547713725355,53.858550851854545,0.34055759579967515,0.4429374631631648,1.0,True,243.37718479423154,107.80087282454969,30.974806841452278,30.953473856724866,0.4429374631631648,1212991822,secondary,4713176935,4713176938,0,True
417,4,0.6907547713725355,53.858550851854545,0.34055759579967515,0.4429374631631648,1.0,True,243.37718479423154,107.80087282454969,30.974806841452278,30.953473856724866,0.4429374631631648,1212991822,secondary,4713176938,4713176935,0,True
417,5,0.6435989872648804,84.81201589730995,0.18337164877415843,0.4429374631631648,1.0,True,243.37718479423154,107.80087282454969,26.667745541741624,26.637818186216254,0.4429374631631648,1212991822,secondary,4713176934,4713176935,0,True
418,1,0.8157730796773197,8.509975745660408e-06,0.9999998298004996,0.07886565368584865,1.0,True,1362.436793060552,107.44946829037174,107.44946829037174,106.95515118137705,0.07886565368584865,40016878,primary,4719769348,9833884594,0,False
418,2,0.6187218499753229,53.47757409399807,0.3431623974605104,0.07886565368584865,1.0,True,1362.436793060552,107.44946829037174,35.64559662480792,35.48195441156096,0.07886565368584865,40016878,primary,9833884594,3722327154,0,False
418,3,0.6187218438120257,53.47757708738033,0.34316237691618634,0.07886565368584865,1.0,True,1362.436793060552,107.44946829037174,63.34287450597982,63.05196035069834,0.07886565368584865,40016878,primary,4719771206,4719769348,0,False
418,4,0.5664127460491741,88.95241466867665,0.16879871770668145,0.07886565368584865,1.0,True,1362.436793060552,107.44946829037174,263.37889006194814,262.1678819349427,0.07886565368584865,40016878,primary,3722327154,3722327026,0,False
418,5,0.5449476056987436,116.5244146410609,0.09724824987191286,0.07886565368584865,1.0,True,1362.436793060552,107.44946829037174,74.93335427703464,74.58846950936442,0.07886565368584865,40016878,primary,3722327255,4719771206,0,False
419,1,0.8234582540484425,0.0010107647008563577,0.9999797849103106,0.11732159287674665,1.0,True,912.7934682412829,107.09038366155735,107.09038366155737,106.79349573065501,0.11732159287674664,279088748,secondary,2999157408,2999157398,0,False
419,2,0.6265799841535351,53.39655748518058,0.34371888526061933,0.11732159287674665,1.0,True,912.7934682412829,107.09038366155735,44.098630236986956,43.97477647584527,0.11732159287674664,279088748,secondary,2999157398,2999157396,0,False
419,3,0.6265792018238037,53.39693683234124,0.3437162774948481,0.11732159287674665,1.0,True,912.7934682412829,107.09038366155735,121.52665674273197,121.17144285194163,0.11732159287674664,279088748,secondary,2999157389,2999157408,0,False
419,4,0.5662569874397638,97.37078374772838,0.1426422295480481,0.11732159287674665,1.0,True,912.7934682412829,107.09038366155735,67.43744301005415,67.28851352792074,0.11732159287674664,279088748,secondary,2999157396,1812432271,0,False
419,5,0.5326047078941221,174.55397475227852,0.030467964395908934,0.11732159287674665,1.0,True,912.7934682412829,107.09038366155735,66.70520712362648,66.49893255187729,0.11732159287674664,279088748,secondary,8151238466,2999157389,0,False
420,1,0.8098432000809062,0.0011706807409509563,0.9999765866592775,0.04925112041561406,1.0,True,2164.753124922666,106.61651682564306,106.61651682564306,106.17440343634554,0.049251120415614066,300173739,primary,3722532540,3042737280,0,False
420,2,0.6136060457021097,53.0871102564688,0.34585273872995675,0.04925112041561406,1.0,True,2164.753124922666,106.61651682564306,201.75865915403148,200.9220323495993,0.049251120415614066,300173739,primary,3042737292,3722532540,0,False
420,3,0.6136056671862764,53.08729266383542,0.345851477010512,0.04925112041561406,1.0,True,2164.753124922666,106.61651682564306,268.92550655057255,267.810143084444,0.049251120415614066,300173739,primary,3042737280,6956668970,0,False
420,4,0.51171585563152,254.00914235174594,0.006218771827990436,0.04925112041561406,1.0,True,2164.753124922666,106.61651682564306,281.6606494291864,280.4902605187318,0.049251120415614066,300173739,primary,8156905203,3042737292,0,False
420,5,0.5103398417388004,320.8956480828658,0.0016320588522588239,0.04925112041561406,1.0,True,2164.753124922666,106.61651682564306,119.73370221974605,119.23373744520782,0.049251120415614066,300173739,primary,6956668970,2841381812,0,False
421,1,0.8214187873242784,0.6811132891221042,0.9864700974057851,0.12738879051271496,1.0,True,834.4919587693046,106.3049213202081,106.3049213202081,105.84043928384997,0.12738879051271496,364407163,secondary,8105649904,3719483230,0,True
421,2,0.8214187873242784,0.6811132891221046,0.9864700974057851,0.12738879051271496,1.0,True,834.4919587693046,106.3049213202081,106.3049213202081,105.84043928384997,0.12738879051271496,364407163,secondary,3719483230,8105649904,0,True
421,3,0.6300161772421193,52.71139117741797,0.34846139713192115,0.12738879051271496,1.0,True,834.4919587693046,106.3049213202081,44.512321729856616,44.33248760606175,0.12738879051271496,364407163,secondary,3702605845,8105649904,0,True
421,4,0.6300161772421193,52.71139117741797,0.34846139713192115,0.12738879051271496,1.0,True,834.4919587693046,106.3049213202081,44.512321729856616,44.33248760606175,0.12738879051271496,364407163,secondary,8105649904,3702605845,0,True
421,5,0.6295917670827462,52.914796787653785,0.3470466966006776,0.12738879051271496,1.0,True,834.4919587693046,106.3049213202081,56.18619581786051,55.93844678774985,0.12738879051271496,364407163,secondary,3719483230,8105648040,0,True
422,1,0.8214187873242784,0.6811132891221042,0.9864700974057851,0.12738879051271496,1.0,True,834.4919587693046,106.3049213202081,106.3049213202081,105.84043928384997,0.12738879051271496,364407163,secondary,8105649904,3719483230,0,True
422,2,0.8214187873242784,0.6811132891221046,0.9864700974057851,0.12738879051271496,1.0,True,834.4919587693046,106.3049213202081,106.3049213202081,105.84043928384997,0.12738879051271496,364407163,secondary,3719483230,8105649904,0,True
422,3,0.6300161772421193,52.71139117741797,0.34846139713192115,0.12738879051271496,1.0,True,834.4919587693046,106.3049213202081,44.512321729856616,44.33248760606175,0.12738879051271496,364407163,secondary,3702605845,8105649904,0,True
422,4,0.6300161772421193,52.71139117741797,0.34846139713192115,0.12738879051271496,1.0,True,834.4919587693046,106.3049213202081,44.512321729856616,44.33248760606175,0.12738879051271496,364407163,secondary,8105649904,3702605845,0,True
422,5,0.6295917670827462,52.914796787653785,0.3470466966006776,0.12738879051271496,1.0,True,834.4919587693046,106.3049213202081,56.18619581786051,55.93844678774985,0.12738879051271496,364407163,secondary,3719483230,8105648040,0,True
423,1,0.8623321743274555,0.014670776126334741,0.9997066275195979,0.3121009303578798,1.0,True,340.0322855200716,106.12439266253055,106.12439266253057,106.25527619068511,0.3121009303578798,1352928435,primary,10116085882,8146129652,0,False
423,2,0.667475195506021,52.46491811551883,0.35018336478148315,0.3121009303578798,1.0,True,340.0322855200716,106.12439266253055,234.84224166696316,233.7770093293865,0.3121009303578798,1352928435;368852567,primary,8146129652,3726941181,0,False
423,3,0.48199150916753514,7.079519780852854,0.8679767107481473,0.10799247971545478,1.0,False,982.7016931378336,106.12439266253055,117.0835209067391,117.22131861899393,0.10799247971545478,875146659;1352928436,primary,8144915374,8146129661,0,False
423,4,0.3686447027547535,442.9119016650857,0.00014220540473983346,0.8430102056666575,1.0,False,89.463946084689,106.12439266253055,89.35801788359413,89.463946084689,1.186225259526003,1208491982,primary,3184375377,8145903096,0,False
423,5,0.36748491783471615,443.52743266055893,0.00014046549968162777,0.8372138909240582,1.0,False,88.84881570294978,106.12439266253055,88.74104511803968,88.84881570294978,1.1944378979382078,1208785497,primary,8145903096,8138308753,0,False
424,1,0.8485119537834938,0.019668462216384106,0.9996067081152096,0.24314970674465394,1.0,True,435.03948195605096,105.77972245995996,105.77972245995996,105.3392786792557,0.24314970674465392,464283097,primary,2277623798,11001108947,0,False
424,2,0.653347637028205,52.62571789436217,0.34905898559758075,0.24314970674465394,1.0,True,435.03948195605096,105.77972245995996,56.054631770504685,55.81725301641923,0.24314970674465392,464283097,primary,8182316394,2277623798,0,False
424,3,0.6532335545988683,52.68021900617723,0.3486787108331251,0.24314970674465394,1.0,True,435.03948195605096,105.77972245995996,16.847385127737795,16.776871699871275,0.24314970674465392,464283097,primary,11001108947,3722532411,0,False
424,4,0.6234166862232036,69.4570906471041,0.24928914958090956,0.24314970674465394,1.0,True,435.03948195605096,105.77972245995996,110.49759596628742,110.0390420958735,0.24314970674465392,464283097,primary,3722532411,3042737290,0,False
424,5,0.5829302348155294,108.43142823216988,0.11433431155532874,0.24314970674465394,1.0,True,435.03948195605096,105.77972245995996,4.058708972143881,4.041620063248386,0.24314970674465392,464283097,primary,2277623782,8182316394,0,False
425,1,0.8056165501791779,0.007191637875903075,0.999856177585917,0.02829848451701407,1.0,True,3727.7442722503997,105.4895135716658,105.48951357166581,105.01921627575597,0.028298484517014066,865024248,primary,11968828659,9896844093,0,False
425,2,0.6106231273196976,52.50852334562126,0.3498781013876494,0.02829848451701407,1.0,True,3727.7442722503997,105.4895135716658,471.7401221958465,469.6288723809045,0.028298484517014066,865024248,primary,9896844093,8133341960,0,False
425,3,0.6106200272912913,52.51000008574574,0.34986776795962815,0.02829848451701407,1.0,True,3727.7442722503997,105.4895135716658,328.6793148977963,327.220343734197,0.028298484517014066,865024248,primary,11968828657,11968828659,0,False
425,4,0.5058107243112294,379.7038212254416,0.0005034246927552723,0.02829848451701407,1.0,True,3727.7442722503997,105.4895135716658,427.44665594697364,425.55849490260385,0.028298484517014066,865024248,primary,11968828656,11968828657,0,False
425,5,0.4734465620661376,5.7916293444193645,0.8906243130048566,0.03129634082340325,1.0,False,3370.6660522044567,105.4895135716658,560.7921275102855,558.2794243510158,0.03129634082340325,865024250,primary,8133341955,11968828660,0,False
426,1,0.9574874257804304,0.14729488415881964,0.9970584372156359,0.7918494730786981,1.0,True,132.94425443203872,105.27183782085024,105.27183782085024,105.24793986655266,0.7918494730786981,1089369693,secondary,4713176922,9979039307,0,False
426,2,0.7631781000395472,52.58252049027676,0.3493606847460253,0.7918494730786981,1.0,True,132.94425443203872,105.27183782085024,27.691920140909502,27.696314565486055,0.7918494730786981,1089369693,secondary,9979039307,2277623467,0,False
426,3,0.6083240510544514,8.742512847278908,0.839582733039588,0.782246155712875,1.0,False,134.57635688207904,105.27183782085024,56.05091659420086,56.03430763797114,0.782246155712875,1089369694,secondary,9979039303,9979039294,0,False
426,4,0.6004747276327502,10.32548805049519,0.8134183216339174,0.782246155712875,1.0,False,134.57635688207904,105.27183782085024,47.94304570871334,47.89028444427943,0.782246155712875,1089369694,secondary,9979039294,4713176922,0,False
426,5,0.46400023050566647,51.290866345333974,0.35850333121030487,0.782246155712875,1.0,False,134.57635688207904,105.27183782085024,30.654783812969185,30.65176479982847,0.782246155712875,1089369694,secondary,9979039293,9979039303,0,False
427,1,0.8112248841798684,1.0191206920358291,0.9798239034305919,0.08638856575345348,1.0,True,1210.5517918520952,104.57783306837564,165.612525504467,164.96554902664965,0.08638856575345347,1141889036,primary,9923995138,293463471,0,False
427,2,0.6234954064257691,51.91458881908354,0.3540589775835946,0.08638856575345348,1.0,True,1210.5517918520952,104.57783306837564,63.938236476486495,63.73931074934595,0.08638856575345347,1141889036,primary,293463385,9923995138,0,False
427,3,0.5494186619378609,111.68257971677205,0.10713649595723408,0.08638856575345348,1.0,True,1210.5517918520952,104.57783306837564,27.171986952400488,27.063937335103375,0.08638856575345347,1141889036,primary,293463471,9913774165,0,False
427,4,0.5470161396965725,115.56712210108698,0.09912808848627258,0.08638856575345348,1.0,True,1210.5517918520952,104.57783306837564,148.13991025918412,147.4838569968509,0.08638856575345347,1141889036,primary,293463370,293463385,0,False
427,5,0.5373605598274267,135.19582115554536,0.06694282225578688,0.08638856575345348,1.0,True,1210.5517918520952,104.57783306837564,190.60445950539227,190.06902343679624,0.08638856575345347,1141889036,primary,9913774165,293463399,0,False
428,1,0.894654135470677,2.4395265023455143e-05,0.9999995120948185,0.4732714092111568,1.0,True,220.58918447843018,104.39855419484648,104.39855419484648,103.9290466341092,0.4732714092111568,880027169,secondary,8166899537,293464690,0,True
428,2,0.894654135470677,2.4395265024549032e-05,0.9999995120948185,0.4732714092111568,1.0,True,220.58918447843018,104.39855419484648,104.39855419484648,103.9290466341092,0.4732714092111568,880027169,secondary,293464690,8166899537,0,True
428,3,0.700765950679747,51.964522773257286,0.35370556279171905,0.4732714092111568,1.0,True,220.58918447843018,104.39855419484648,11.749603266894843,11.698807680133784,0.4732714092111568,880027169,secondary,293464690,8166852630,0,True
428,4,0.700765950679747,51.964522773257286,0.35370556279171905,0.4732714092111568,1.0,True,220.58918447843018,104.39855419484648,11.749603266894843,11.698807680133784,0.4732714092111568,880027169,secondary,8166852630,293464690,0,True
428,5,0.7007659483715931,51.964523860863366,0.3537055550978727,0.4732714092111568,1.0,True,220.58918447843018,104.39855419484648,20.27293301801993,20.180832143808292,0.4732714092111568,880027169,secondary,8166899537,9816859457,0,True
429,1,0.894654135470677,2.4395265023455143e-05,0.9999995120948185,0.4732714092111568,1.0,True,220.58918447843018,104.39855419484648,104.39855419484648,103.9290466341092,0.4732714092111568,880027169,secondary,8166899537,293464690,0,True
429,2,0.894654135470677,2.4395265024549032e-05,0.9999995120948185,0.4732714092111568,1.0,True,220.58918447843018,104.39855419484648,104.39855419484648,103.9290466341092,0.4732714092111568,880027169,secondary,293464690,8166899537,0,True
429,3,0.700765950679747,51.964522773257286,0.35370556279171905,0.4732714092111568,1.0,True,220.58918447843018,104.39855419484648,11.749603266894843,11.698807680133784,0.4732714092111568,880027169,secondary,293464690,8166852630,0,True
429,4,0.700765950679747,51.964522773257286,0.35370556279171905,0.4732714092111568,1.0,True,220.58918447843018,104.39855419484648,11.749603266894843,11.698807680133784,0.4732714092111568,880027169,secondary,8166852630,293464690,0,True
429,5,0.7007659483715931,51.964523860863366,0.3537055550978727,0.4732714092111568,1.0,True,220.58918447843018,104.39855419484648,20.27293301801993,20.180832143808292,0.4732714092111568,880027169,secondary,8166899537,9816859457,0,True
430,1,0.8424331050204776,0.32996525811561134,0.9934224224300563,0.22203189145730345,1.0,True,469.66011903625116,104.27952457168114,104.27952457168114,104.0359319830767,0.22203189145730345,464260872,trunk,4714939537,8141472721,0,False
430,2,0.6505835503440489,51.93366706888928,0.3539239068419608,0.22203189145730345,1.0,True,469.66011903625116,104.27952457168114,167.05420760560193,166.7290373097244,0.22203189145730345,464260872,trunk,8141472721,8141472740,0,False
430,3,0.6503917151470453,52.024086083195726,0.3532844561852818,0.22203189145730345,1.0,True,469.66011903625116,104.27952457168114,117.56352393242739,117.21032238756624,0.22203189145730345,464260872,trunk,8142194644,4714939537,0,False
430,4,0.554617140259152,169.01701078578284,0.034035873225637905,0.22203189145730345,1.0,True,469.66011903625116,104.27952457168114,20.78780584539319,20.72018510266812,0.22203189145730345,464260872,trunk,4714939526,8142194644,0,False
430,5,0.5511609941096066,189.67781892814884,0.02251538606048637,0.22203189145730345,1.0,True,469.66011903625116,104.27952457168114,9.499432678877803,9.468174576544774,0.22203189145730345,464260872,trunk,4714939529,4714939526,0,False
431,1,0.8035904075870555,0.3346689764183956,0.9933289712411904,0.02795858107349232,1.0,True,3727.7442722503997,104.22244045695945,104.22244045695945,103.74543710055198,0.027958581073492327,865024248,primary,11968828661,3724390838,0,False
431,2,0.6119215815810655,51.861813759035954,0.3544328845545566,0.02795858107349232,1.0,True,3727.7442722503997,104.22244045695945,60.36897279670646,60.09280134023877,0.027958581073492327,865024248,primary,3724390776,11968828661,0,False
431,3,0.6119102301204946,51.867151895456495,0.35439504635265384,0.02795858107349232,1.0,True,3727.7442722503997,104.22244045695945,168.41358578498432,167.6471046674699,0.027958581073492327,865024248,primary,3724390838,11968828663,0,False
431,4,0.5375608713481062,111.95054693949172,0.10656385044469226,0.02795858107349232,1.0,True,3727.7442722503997,104.22244045695945,28.50376414898163,28.37355104500613,0.027958581073492327,865024248,primary,3724390760,3724390776,0,False
431,5,0.5237194275113859,140.31703481599956,0.06042570432229162,0.02795858107349232,1.0,True,3727.7442722503997,104.22244045695945,87.03793096793834,86.64335063656833,0.027958581073492327,865024248,primary,3724390734,3724390760,0,False
432,1,0.8155072094109805,0.0006708689071292324,0.99998658271187,0.07755617298709738,1.0,True,1343.3453532286426,104.18472459641404,104.18472459641404,103.9820205755039,0.07755617298709738,219116708;478371821,primary,4715979375,4719689703,0,False
432,2,0.6215665373288215,51.99108963567843,0.35351767577134,0.07755617298709738,1.0,True,1343.3453532286426,104.18472459641404,52.872411860004746,52.76406332974561,0.07755617298709738,478371821,primary,4719689703,4719689717,0,False
432,3,0.5524425370635936,104.73614889504732,0.12310434155391364,0.07755617298709738,1.0,True,1343.3453532286426,104.18472459641404,286.1263783647371,285.1324099942067,0.07755617298709738,478371821,primary,4719689717,4719689711,0,False
432,4,0.5156433997633907,386.3742677932195,0.0004405505532373746,0.07755617298709738,1.0,True,1343.3453532286426,104.18472459641404,89.54616692556367,89.23492757452088,0.07755617298709738,478371821,primary,4719689711,4719689709,0,False
432,5,0.515533501033657,475.42286552144947,7.422145412527279e-05,0.07755617298709738,1.0,True,1343.3453532286426,104.18472459641404,71.30308057455646,71.064411698611,0.07755617298709738,478371821,primary,4719689709,3719620426,0,False
433,1,0.8180005598549955,3.873476334388505e-05,0.9999992253050332,0.09000396131742845,1.0,True,1154.8165883721804,103.93806754857442,103.93806754857442,103.5087184936515,0.09000396131742845,264753949,secondary,4714938952,2928864953,0,False
433,2,0.624559428452536,51.754353323610175,0.35519545396350094,0.09000396131742845,1.0,True,1154.8165883721804,103.93806754857442,33.94650851944644,33.804885440903476,0.09000396131742845,264753949,secondary,8151533567,4714938952,0,False
433,3,0.6245594032056863,51.75436517007032,0.3551953698073351,0.09000396131742845,1.0,True,1154.8165883721804,103.93806754857442,87.74535228502363,87.37513971039724,0.09000396131742845,264753949,secondary,2928864953,2928864946,0,False
433,4,0.5722006989677044,85.5551643768229,0.1806663556807294,0.09000396131742845,1.0,True,1154.8165883721804,103.93806754857442,85.06990995446638,84.71140649475949,0.09000396131742845,264753949,secondary,3719506243,8151533567,0,False
433,5,0.5365692924307991,139.11579344938787,0.061895000557711466,0.09000396131742845,1.0,True,1154.8165883721804,103.93806754857442,61.61786616520726,61.36692464145598,0.09000396131742845,264753949,secondary,2928864946,2928864944,0,False
434,1,0.8153726979362574,0.299818115661765,0.9940215799865038,0.08583111970153191,1.0,True,1203.5797412208733,103.30459683906756,103.30459683906756,103.36226475288323,0.0858311197015319,1238285688;1238285689,secondary,3718134122,8124118501,0,False
434,2,0.6660361797520313,51.64033836338641,0.3560063300432833,0.2961714036952319,1.0,True,348.8000379178088,103.30459683906756,159.92789645403872,159.9981919214608,0.2961714036952319,1238285689,secondary,8124118501,3706277268,0,False
434,3,0.628243213835562,51.69758513871319,0.35559895900674854,0.10781763066768765,1.0,True,958.1419680559477,103.30459683906756,50.08342608023083,50.11856648865569,0.10781763066768767,1238285688,secondary,1051626896,3718134122,0,False
434,4,0.5636078235043238,211.41045462765626,0.014578475884258152,0.2961714036952319,1.0,True,348.8000379178088,103.30459683906756,85.41484457302298,85.43958124346477,0.2961714036952319,1238285689,secondary,3706277268,3706276768,0,False
434,5,0.5607392838274883,101.78621726694257,0.130585858979836,0.10781763066768765,1.0,True,958.1419680559477,103.30459683906756,6.148958249089859,6.1508731457332635,0.10781763066768767,1238285688,secondary,3730052116,1051626896,0,False
435,1,0.8919283169024439,0.12389159500784308,0.997525235391372,0.46335373142516134,1.0,True,222.8021554588303,103.2362101014179,103.2362101014179,102.76310428018232,0.46335373142516134,1208988381,secondary,8157424472,8157424470,0,False
435,2,0.7000315901542125,51.379347064067055,0.3578694795639341,0.46335373142516134,1.0,True,222.8021554588303,103.2362101014179,68.92511636801719,68.61270916634581,0.46335373142516134,1208988381,secondary,8157424473,8157424472,0,False
435,3,0.6199132555319522,119.9501940678711,0.09080836415639981,0.46335373142516134,1.0,True,222.8021554588303,103.2362101014179,51.661667103724014,51.42634201230217,0.46335373142516134,1249535163;1208988381,secondary,11613703506,8157424473,0,False
435,4,0.5509419584550391,6.637545539860359,0.875683188172197,0.44118501001690014,1.0,False,233.99754696439777,103.2362101014179,61.03508199396885,60.75547260023051,0.44118501001690014,876473604,secondary,8151376700,293462958,0,False
435,5,0.5255647407427846,11.717021245870198,0.791092462464682,0.44118501001690014,1.0,False,233.99754696439777,103.2362101014179,41.758871459927576,41.568093574069195,0.44118501001690014,876473604,secondary,293464866,8151376700,0,False
436,1,0.8158477004984537,2.135978249042448e-05,0.9999995728044414,0.07923914328560612,1.0,True,1296.169606714344,102.70736918888564,102.70736918888564,102.24298499369513,0.07923914328560612,746487579,secondary,293455110,293454248,0,False
436,2,0.623763773932344,51.121491752063356,0.3597198175840757,0.07923914328560612,1.0,True,1296.169606714344,102.70736918888564,118.04024145184802,117.50754035899003,0.07923914328560612,746487579,secondary,293463176,293455110,0,False
436,3,0.623763770717361,51.1214932416407,0.35971980686746596,0.07923914328560612,1.0,True,1296.169606714344,102.70736918888564,70.40399314750526,70.08527914847156,0.07923914328560612,746487579,secondary,293454248,293455281,0,False
436,4,0.5424143872602323,121.20646225866943,0.08855519534370351,0.07923914328560612,1.0,True,1296.169606714344,102.70736918888564,18.079211261517425,17.99658187354807,0.07923914328560612,746487579,secondary,293455281,2704039256,0,False
436,5,0.5261382769887776,168.62831780567333,0.034301494438854566,0.07923914328560612,1.0,True,1296.169606714344,102.70736918888564,399.9348179885905,398.1286396131627,0.07923914328560612,746487579,secondary,293463031,293463176,0,False
437,1,0.9993922927238594,0.06072505954144248,0.9987862360172655,0.9987821095933984,1.0,True,102.74941189574784,102.62427437271606,102.62427437271606,102.74941189574784,0.9987821095933984,1013619972,secondary,2703797732,2703797734,0,False
437,2,0.47473928150367245,8.778835406697112,0.8389730386488616,0.11523684954506994,1.0,False,890.5508505122658,102.62427437271606,163.5295448295978,163.7342954632144,0.11523684954506995,26754699,secondary,293457075,293463159,0,False
437,3,0.41809082752291854,51.36625830027862,0.35796317320844095,0.5535093778019312,1.0,False,56.80349825541674,102.62427437271606,11.305899303231689,11.255026754938887,1.8066541238581177,1249535161,secondary,293463159,2703797732,0,True
437,4,0.41809082752291854,51.36625830027862,0.35796317320844095,0.5535093778019312,1.0,False,56.80349825541674,102.62427437271606,11.305899303231689,11.255026754938887,1.8066541238581177,1249535161,secondary,2703797732,293463159,0,True
437,5,0.41809082752291854,51.36625830027862,0.35796317320844095,0.5535093778019312,1.0,False,56.80349825541674,102.62427437271606,16.99052006684303,17.011780591570094,1.8066541238581177,1249535161,secondary,2703797732,2955625542,0,True
438,1,0.8382350129897125,7.607432958874173e-05,0.9999984785145657,0.19117734717671364,1.0,True,536.0310683497349,102.476997651402,102.47699765140199,102.61024532893467,0.19117734717671364,367932805,secondary,293463318,293463599,0,True
438,2,0.8382350129897125,7.607432958874173e-05,0.9999984785145657,0.19117734717671364,1.0,True,536.0310683497349,102.476997651402,102.47699765140199,102.61024532893467,0.19117734717671364,367932805,secondary,293463599,293463318,0,True
438,3,0.6457557970199127,51.30512755772556,0.3584010919485666,0.19117734717671364,1.0,True,536.0310683497349,102.476997651402,91.85512608825712,91.97410585320455,0.19117734717671364,367932805,secondary,293463316,293463318,0,True
438,4,0.6457557970199127,51.30512755772556,0.3584010919485666,0.19117734717671364,1.0,True,536.0310683497349,102.476997651402,91.85512608825712,91.97410585320455,0.19117734717671364,367932805,secondary,293463318,293463316,0,True
438,5,0.5553352003031342,143.2359874998542,0.056999102892638404,0.19117734717671364,1.0,True,536.0310683497349,102.476997651402,41.55649463056417,41.600952721416206,0.19117734717671364,367932805,secondary,293463316,8145212871,0,True
439,1,0.8382350129897125,7.607432958874173e-05,0.9999984785145657,0.19117734717671364,1.0,True,536.0310683497349,102.476997651402,102.47699765140199,102.61024532893467,0.19117734717671364,367932805,secondary,293463318,293463599,0,True
439,2,0.8382350129897125,7.607432958874173e-05,0.9999984785145657,0.19117734717671364,1.0,True,536.0310683497349,102.476997651402,102.47699765140199,102.61024532893467,0.19117734717671364,367932805,secondary,293463599,293463318,0,True
439,3,0.6457557970199127,51.30512755772556,0.3584010919485666,0.19117734717671364,1.0,True,536.0310683497349,102.476997651402,91.85512608825712,91.97410585320455,0.19117734717671364,367932805,secondary,293463316,293463318,0,True
439,4,0.6457557970199127,51.30512755772556,0.3584010919485666,0.19117734717671364,1.0,True,536.0310683497349,102.476997651402,91.85512608825712,91.97410585320455,0.19117734717671364,367932805,secondary,293463318,293463316,0,True
439,5,0.5553352003031342,143.2359874998542,0.056999102892638404,0.19117734717671364,1.0,True,536.0310683497349,102.476997651402,41.55649463056417,41.600952721416206,0.19117734717671364,367932805,secondary,293463316,8145212871,0,True
440,1,0.815261529735094,5.8187411211432056e-05,0.9999988362524529,0.07630939429679051,1.0,True,1341.5532112198066,102.37311296509772,102.37311296509773,102.02429382417345,0.07630939429679053,880075594,primary,3719618337,4719693651,0,False
440,2,0.6234141148622827,51.01213237276869,0.3605074533430822,0.07630939429679051,1.0,True,1341.5532112198066,102.37311296509772,39.8820900681427,39.75219359874012,0.07630939429679053,880075594,primary,2283167613,3719618337,0,False
440,3,0.6234140519637672,51.01216145147113,0.36050724368136394,0.07630939429679051,1.0,True,1341.5532112198066,102.37311296509772,573.6074437863839,571.6423476916178,0.07630939429679053,880075594,primary,4719693651,2283167601,0,False
440,4,0.4621771127105734,9.732746141343656,0.8231186485102647,0.07620759078746998,1.0,False,1343.3453532286426,102.37311296509772,121.44023393798912,120.99127150943823,0.07620759078746998,478371821,primary,3719620498,2283167617,0,False
440,5,0.3851602395591421,28.42311306693764,0.5663957380054936,0.07620759078746998,1.0,False,1343.3453532286426,102.37311296509772,150.40834068451002,149.8994257413289,0.07620759078746998,478371821,primary,3719620476,3719620498,0,False
441,1,0.806109849006899,0.023806152245818543,0.9995239902836738,0.03126325960898391,1.0,True,3249.6034825067413,101.59319729986645,101.59319729986643,101.15997835940695,0.03126325960898391,1210277736;870242503;870242504,trunk,8140701167,8140750597,0,False
441,2,0.6225502801146603,50.581752013692046,0.36362395344982285,0.06731547039856725,1.0,True,1509.2102409497347,101.59319729986645,150.69485874488413,150.04043216355961,0.06731547039856726,870242503,trunk,8140750597,6010327768,0,False
441,3,0.6201302108364996,50.57735217906428,0.3636559525629478,0.05516712533807611,1.0,True,1841.5532199164138,101.59319729986645,261.5883755462839,260.4702990829529,0.05516712533807611,1210277736,trunk,3725560599,8140701167,0,False
441,4,0.5188938791063198,200.58493895204276,0.01810261675535469,0.06731547039856725,1.0,True,1509.2102409497347,101.59319729986645,154.4016441798402,153.70652829009268,0.06731547039856726,870242503,trunk,6010327768,3725560916,0,False
441,5,0.5137158745804908,353.9508113670756,0.0008426016692578472,0.06731547039856725,1.0,True,1509.2102409497347,101.59319729986645,143.9113100221158,143.25141437226273,0.06731547039856726,870242503,trunk,3725560916,3725560939,0,False
442,1,0.815667281815518,2.2654080463983343e-05,0.9999995469184934,0.07833708869984939,1.0,True,1296.169606714344,101.53815345123046,101.53815345123046,101.08070900509121,0.07833708869984939,746487579,secondary,9911548099,299492240,0,False
442,2,0.6248449611416136,50.54035394993161,0.3639251446721459,0.07833708869984939,1.0,True,1296.169606714344,101.53815345123046,122.5010438093988,121.94914688217729,0.07833708869984939,746487579,secondary,5338412716,9911548099,0,False
442,3,0.62484495872827,50.54035505516976,0.36392513662766685,0.07833708869984939,1.0,True,1296.169606714344,101.53815345123046,224.42801347059057,223.42242384634986,0.07833708869984939,746487579,secondary,299492240,293463031,0,False
442,4,0.5251931088737773,172.48949981479984,0.031752303779358254,0.07833708869984939,1.0,True,1296.169606714344,101.53815345123046,144.40599390338113,143.75630099285797,0.07833708869984939,746487578;746487579;879562788,secondary,10110997385,5338412716,0,False
442,5,0.5169195529196532,273.94661184068343,0.004173783932277761,0.07833708869984939,1.0,True,1296.169606714344,101.53815345123046,399.9348179885905,398.1286396131627,0.07833708869984939,746487579,secondary,293463031,293463176,0,False
443,1,0.8249370652401553,1.4942324478604993e-05,0.9999997011535551,0.12468577447044361,1.0,True,809.528471065368,100.9366843706595,100.9366843706595,100.48324657281375,0.12468577447044361,1208791977,primary,4594183934,4594183939,0,False
443,2,0.6347689453290255,50.24162285568847,0.36610596811645624,0.12468577447044361,1.0,True,809.528471065368,100.9366843706595,37.34493381493272,37.18111018145543,0.12468577447044361,1208791977,primary,4594183939,293458410,0,False
443,3,0.6347689434367529,50.24162371712973,0.3661059618088806,0.12468577447044361,1.0,True,809.528471065368,100.9366843706595,233.20526151029617,232.1576030372136,0.12468577447044361,1208791977,primary,3725763281,4594183934,0,False
443,4,0.5259945389009589,282.39922674543214,0.003524613356233938,0.12468577447044361,1.0,True,809.528471065368,100.9366843706595,180.57172746646995,179.76073586290843,0.12468577447044361,1208791977,primary,3725763413,3725763281,0,False
443,5,0.5249661972037678,462.1392016221187,9.680769893011952e-05,0.12468577447044361,1.0,True,809.528471065368,100.9366843706595,261.1217520553267,259.9457754109768,0.12468577447044361,1208791977;876451410;1208986532,primary,3725790343,3725763413,0,False
444,1,0.8412452439557425,0.008916866127197942,0.999821678578611,0.20649370191079539,1.0,True,487.8210316819836,100.7319707019562,100.73197070195619,100.85311940467041,0.2064937019107954,1210205481,secondary,8144958902,8144958906,0,False
444,2,0.6507367297526993,50.42121964652205,0.3647932979018006,0.20649370191079539,1.0,True,487.8210316819836,100.7319707019562,38.05136784471101,38.095275468049635,0.2064937019107954,875004049;875004052;1210205481,secondary,8148598924,8144958902,0,False
444,3,0.650735315842562,50.421865637589335,0.3647885848680094,0.20649370191079539,1.0,True,487.8210316819836,100.7319707019562,91.73147317037696,91.84038420574032,0.2064937019107954,1210205481,secondary,8144958906,8144958908,0,False
444,4,0.5587355383390504,142.25998382108975,0.05812265985630424,0.20649370191079539,1.0,True,487.8210316819836,100.7319707019562,7.628261215222749,7.637289225333986,0.2064937019107954,1210205481,secondary,8144958908,9725940728,0,False
444,5,0.5562656226194385,149.897128264907,0.04988960745759764,0.20649370191079539,1.0,True,487.8210316819836,100.7319707019562,38.575577279355045,38.62278812484736,0.2064937019107954,1210205481,secondary,9725940728,8144958910,0,False
445,1,0.8339686685922769,7.667469102869628e-05,0.9999984665073552,0.16984564320035142,1.0,True,592.9542372542344,100.7106938148192,100.7106938148192,100.80564233342811,0.1698456432003514,26754165,primary,293464998,293464993,0,False
445,2,0.6434473660685516,50.40283450487082,0.3649274580949374,0.16984564320035142,1.0,True,592.9542372542344,100.7106938148192,92.23755962183581,92.29608311210261,0.1698456432003514,26754165,primary,10578971202,293464998,0,False
445,3,0.5513038634704388,142.55350962066677,0.05778244943456184,0.16984564320035142,1.0,True,592.9542372542344,100.7106938148192,95.81974142698189,95.86649000880422,0.1698456432003514,26754165,primary,10578971213,10578971202,0,False
445,4,0.5365249999364763,238.26946464637297,0.00851957098802012,0.16984564320035142,1.0,True,592.9542372542344,100.7106938148192,89.08820782665019,89.11314853051265,0.1698456432003514,26754165,primary,10578971222,10578971213,0,False
445,5,0.5344016490378802,327.0954132906141,0.001441734659366331,0.16984564320035142,1.0,True,592.9542372542344,100.7106938148192,214.89208561368102,214.8728732693868,0.1698456432003514,26754165,primary,6985773024,10578971222,0,False
446,1,0.9349248425225107,2.768579485151455,0.9461335091551588,0.7554239488798159,1.0,True,132.99999336844633,100.47138019138104,100.47138019138102,100.56416608111735,0.7554239488798159,875004051;869974598;1427941135,secondary,3716311230,13127794959,0,True
446,2,0.9349248425225107,2.768579485151456,0.9461335091551588,0.7554239488798159,1.0,True,132.99999336844633,100.47138019138104,100.47138019138103,100.56416608111735,0.7554239488798159,875004051;869974598;1427941135,secondary,13127794959,3716311230,0,True
446,3,0.7617527810388357,49.86239126183145,0.3688933042095751,0.7554239488798159,1.0,True,132.99999336844633,100.47138019138104,26.96252622453245,26.97390770983076,0.7554239488798159,875004051,secondary,3716311230,8128005501,0,True
446,4,0.7617527810388357,49.86239126183145,0.3688933042095751,0.7554239488798159,1.0,True,132.99999336844633,100.47138019138104,26.96252622453245,26.97390770983076,0.7554239488798159,875004051,secondary,8128005501,3716311230,0,True
446,5,0.7157399136160119,76.73575587561794,0.21551707946682916,0.7554239488798159,1.0,True,132.99999336844633,100.47138019138104,5.4592625596807745,5.4619195774982225,0.7554239488798159,875004051,secondary,8128005501,8144960932,0,True
447,1,0.9349248425225107,2.768579485151455,0.9461335091551588,0.7554239488798157,1.0,True,132.99999336844633,100.47138019138102,100.47138019138102,100.56416608111735,0.7554239488798157,875004051;869974598;1427941135,secondary,3716311230,13127794959,0,True
447,2,0.9349248425225107,2.768579485151456,0.9461335091551588,0.7554239488798157,1.0,True,132.99999336844633,100.47138019138102,100.47138019138103,100.56416608111735,0.7554239488798157,875004051;869974598;1427941135,secondary,13127794959,3716311230,0,True
447,3,0.7617527810388357,49.86239126183145,0.3688933042095751,0.7554239488798157,1.0,True,132.99999336844633,100.47138019138102,26.96252622453245,26.97390770983076,0.7554239488798157,875004051,secondary,3716311230,8128005501,0,True
447,4,0.7617527810388357,49.86239126183145,0.3688933042095751,0.7554239488798157,1.0,True,132.99999336844633,100.47138019138102,26.96252622453245,26.97390770983076,0.7554239488798157,875004051,secondary,8128005501,3716311230,0,True
447,5,0.7157399136160119,76.73575587561794,0.21551707946682916,0.7554239488798157,1.0,True,132.99999336844633,100.47138019138102,5.4592625596807745,5.4619195774982225,0.7554239488798157,875004051,secondary,8128005501,8144960932,0,True
448,1,0.8158906172156284,0.027678675141390215,0.9994465796907145,0.08028321654207034,1.0,True,1246.9065433299056,100.10566802587924,100.10566802587923,99.70295900886939,0.08028321654207035,1208795201,primary,3727011926,4594188520,0,False
448,2,0.6267595900343705,49.84660081359464,0.36900982241985486,0.08028321654207034,1.0,True,1246.9065433299056,100.10566802587924,40.97116580274751,40.80787457956256,0.08028321654207035,1208795201,primary,4594197575,3727011926,0,False
448,3,0.6267405456191981,49.85520313812397,0.3689463410359468,0.08028321654207034,1.0,True,1246.9065433299056,100.10566802587924,163.06309145955152,162.40683323642784,0.08028321654207035,1208795201,primary,4594188520,3726941481,0,False
448,4,0.5650022371611685,90.6536561476851,0.1631519795091812,0.08028321654207034,1.0,True,1246.9065433299056,100.10566802587924,40.019623573819764,39.85886281476246,0.08028321654207035,1208795201,primary,4594197576,4594197575,0,False
448,5,0.5381121813306833,130.5109373412788,0.0735184600742308,0.08028321654207034,1.0,True,1246.9065433299056,100.10566802587924,38.20028906306621,38.04577171073511,0.08028321654207035,1208795201,primary,4594197577,4594197576,0,False
449,1,0.8146465352794718,0.29542132453765785,0.9941089939350573,0.08206918549477318,1.0,True,1215.2050234138255,99.73088648072944,99.73088648072945,99.28931295813626,0.08206918549477318,876451409,primary,3727013278,6609242520,0,False
449,2,0.6276188261425437,49.62036141731222,0.3706832968119633,0.08206918549477318,1.0,True,1215.2050234138255,99.73088648072944,127.03219257785528,126.4673839451525,0.08206918549477318,876451409,primary,3727012991,3727013278,0,False
449,3,0.6275535713634559,49.64970989025564,0.3704657808816711,0.08206918549477318,1.0,True,1215.2050234138255,99.73088648072944,271.2410224009768,270.0319867701183,0.08206918549477318,876451409,primary,6609242520,3727013594,0,False
449,4,0.5252817214260986,176.06731134182758,0.029559614423813396,0.08206918549477318,1.0,True,1215.2050234138255,99.73088648072944,202.3907474497905,201.49285233357267,0.08206918549477318,876451409,primary,3727011973,3727012991,0,False
449,5,0.5169154950552997,319.68096140208297,0.0016721931878166476,0.08206918549477318,1.0,True,1215.2050234138255,99.73088648072944,77.36311363034815,77.01992099106099,0.08206918549477318,876451409,primary,3727013594,8145580981,0,False
450,1,0.8206566816622505,0.1964264111053904,0.9960791783497568,0.10916464078661664,1.0,True,912.7934682412829,99.6447710729296,99.64477107292961,99.29211664568106,0.10916464078661663,279088748,secondary,1051669679,7242312106,0,False
450,2,0.6330191002847713,49.62882259719316,0.37062057375815977,0.10916464078661664,1.0,True,912.7934682412829,99.6447710729296,65.59898431394345,65.36964744705335,0.10916464078661663,279088748,secondary,7242312106,10287373214,0,False
450,3,0.6329564512882169,49.65700355355675,0.3704117437696453,0.10916464078661664,1.0,True,912.7934682412829,99.6447710729296,113.67030006572054,113.24731748446149,0.10916464078661663,279088748;456959531;1208986540;264753949,secondary,11176575743,1051669679,0,False
450,4,0.5519116309121825,114.99825515026141,0.1002623425161973,0.10916464078661664,1.0,True,912.7934682412829,99.6447710729296,61.82178666660269,61.619678360236485,0.10916464078661663,279088748,secondary,10287373214,2999157392,0,False
450,5,0.5306124338824241,176.5681182070219,0.02926501908366925,0.10916464078661664,1.0,True,912.7934682412829,99.6447710729296,113.01439981601987,112.64326812164893,0.10916464078661663,279088748,secondary,2999157392,2999157391,0,False
451,1,0.8567292547789329,0.07990253672088884,0.9984032254687542,0.2860414356915326,1.0,True,347.22893426059886,99.32186286954249,99.32186286954247,98.86637520669575,0.28604143569153256,1208785492,primary,3725790736,6604339619,0,False
451,2,0.6688317960974501,49.432539656880486,0.3720783631971456,0.2860414356915326,1.0,True,347.22893426059886,99.32186286954249,140.1753053063159,139.53338621877887,0.28604143569153256,1208785492,primary,6947408065,3725790736,0,False
451,3,0.6688309476778889,49.43291969455961,0.3720755351319413,0.2860414356915326,1.0,True,347.22893426059886,99.32186286954249,36.082357528515814,35.91730153748124,0.28604143569153256,1208785492,primary,6604339619,6604381555,0,False
451,4,0.5640604254525599,188.96108542149864,0.02284046104751115,0.2860414356915326,1.0,True,347.22893426059886,99.32186286954249,73.2478395233728,72.91187129764303,0.28604143569153256,1208785492,primary,4814206871,6947408065,0,False
451,5,0.45460707586807597,11.94658142359974,0.7874687209718625,0.0918322978825861,1.0,False,1081.5569811454823,99.32186286954249,419.5135551577196,417.59094519520954,0.0918322978825861,1208986525,primary,3725790780,8156993031,0,False
452,1,0.8265802998483327,0.010766166224906983,0.9997846998559051,0.1332244494578054,1.0,True,744.9722300237528,99.24851520626802,99.24851520626802,99.37658405588198,0.1332244494578054,876134933,secondary,10232859317,8154498082,0,False
452,2,0.6376994183740775,49.68805731881121,0.37018176160838806,0.1332244494578054,1.0,True,744.9722300237528,99.24851520626802,214.2552691317572,214.52990221847782,0.1332244494578054,876134933,secondary,8154498082,8154498081,0,False
452,3,0.6376985374057804,49.68845395810335,0.3701788250473979,0.1332244494578054,1.0,True,744.9722300237528,99.24851520626802,121.13715182824049,121.29185613793254,0.1332244494578054,876134933,secondary,9726096123,10232859317,0,False
452,4,0.5364682920014056,170.95074826288695,0.0327446736994815,0.1332244494578054,1.0,True,744.9722300237528,99.24851520626802,11.360649897321819,11.373989761742717,0.1332244494578054,876134933,secondary,9726096124,9726096123,0,False
452,5,0.5344756646954218,182.28605081550572,0.026102582679535916,0.1332244494578054,1.0,True,744.9722300237528,99.24851520626802,41.136916444285035,41.15801420417133,0.1332244494578054,876134933,secondary,8154498069,9726096124,0,False
453,1,0.8129275513959371,0.6153339252005987,0.9877687389673385,0.08298464852867812,1.0,True,1184.4455219686943,98.2907953419388,98.2907953419388,97.8568919500548,0.08298464852867812,874056882,primary,4594197585,4594197584,0,False
453,2,0.6294751639324734,48.87364050790017,0.37626078075579283,0.08298464852867812,1.0,True,1184.4455219686943,98.2907953419388,25.719986535166253,25.61282063668711,0.08298464852867812,874056882,primary,4594197584,11968783279,0,False
453,3,0.6293621342835316,48.923732661695794,0.37588401525932014,0.08298464852867812,1.0,True,1184.4455219686943,98.2907953419388,34.462166093284644,34.30894015728888,0.08298464852867812,874056882,primary,4594197689,4594197585,0,False
453,4,0.5843475362289438,74.39745312821937,0.2258353550773604,0.08298464852867812,1.0,True,1184.4455219686943,98.2907953419388,9.00377612437097,8.96880816750078,0.08298464852867812,874056882,primary,11968783279,4594197583,0,False
453,5,0.5733738799619381,83.23260183194583,0.1892565008540082,0.08298464852867812,1.0,True,1184.4455219686943,98.2907953419388,42.43221625252315,42.24357323372158,0.08298464852867812,874056882,primary,4594197587,4594197689,0,False
454,1,0.8419493706090353,0.18076666462604501,0.9963911941562168,0.2151600618108512,1.0,True,456.712708171076,98.26633451988994,98.26633451988994,97.81837538494955,0.21516006181085118,1210277737;873398450;873398461,trunk,8133556950,12832929442,0,False
454,2,0.6558406849178544,48.904462709439564,0.3760289085189472,0.2151600618108512,1.0,True,456.712708171076,98.26633451988994,360.4714493807581,358.8943327861264,0.21516006181085118,1210277737,trunk,12832929442,8105564052,0,False
454,3,0.28328809792791343,48.88016291888105,0.3762117014080577,0.8521229375274806,0.0,False,83.73499763114668,98.26633451988994,83.88612564435472,83.73499763114668,1.1735395867896707,1386036092,residential,8133556952,12832929442,0,True
454,4,0.28328809792791343,48.88016291888105,0.3762117014080577,0.8521229375274806,0.0,False,83.73499763114668,98.26633451988994,83.88612564435473,83.7349976311467,1.1735395867896707,1386036092,residential,12832929442,8133556952,0,True
454,5,0.27622876654779427,48.90882527082089,0.37599610096632624,0.8171496812894818,0.0,False,120.25499950611655,98.26633451988994,66.68719635197827,66.76250396186278,0.8171496812894818,873388099,residential,8133556950,8133556947,0,True
455,1,0.8145979113155035,5.3096352213129946e-05,0.9999989380735196,0.07299114946723831,1.0,True,1343.3453532286426,98.05232146363188,98.05232146363187,97.71682722269598,0.07299114946723831,478371821,primary,4720133094,4720132984,0,False
455,2,0.6275108748467726,48.858400420710474,0.37637548317774955,0.07299114946723831,1.0,True,1343.3453532286426,98.05232146363188,83.96753227158553,83.68899069022477,0.07299114946723831,478371821,primary,4720132984,3719620476,0,False
455,3,0.6275108152710671,48.85842680204321,0.3763752845920648,0.07299114946723831,1.0,True,1343.3453532286426,98.05232146363188,266.18514162678645,265.2715671567347,0.07299114946723831,478371821,primary,7128301700,4720133094,0,False
455,4,0.5357766182203314,132.54006157409705,0.07059462775627898,0.07299114946723831,1.0,True,1343.3453532286426,98.05232146363188,150.40834068451002,149.8994257413289,0.07299114946723831,478371821,primary,3719620476,3719620498,0,False
455,5,0.51565478714521,282.4383364012282,0.0035218575058745083,0.07299114946723831,1.0,True,1343.3453532286426,98.05232146363188,121.44023393798912,120.99127150943823,0.07299114946723831,478371821,primary,3719620498,2283167617,0,False
456,1,0.8140089514801139,0.17493324755820233,0.9965074482456356,0.07528358503211557,1.0,True,1298.633364364262,97.76577531165924,97.76577531165924,97.37295666327489,0.07528358503211557,1208791971,primary,3726926583,10629571056,0,False
456,2,0.6283787491048669,48.67744337322949,0.3777401069948125,0.07528358503211557,1.0,True,1298.633364364262,97.76577531165924,308.0256074271481,306.7835074445994,0.07528358503211557,1208791971,primary,10629571056,3727012352,0,False
456,3,0.6283574978990805,48.686820719476394,0.3776692696421913,0.07528358503211557,1.0,True,1298.633364364262,97.76577531165924,91.32478235571054,90.95614710018381,0.07528358503211557,1208791971,primary,3726926564,3726926583,0,False
456,4,0.5334305222114928,139.64282272623655,0.06124601735023215,0.07528358503211557,1.0,True,1298.633364364262,97.76577531165924,174.33077320862347,173.63037059990066,0.07528358503211557,1208791971,primary,3726941482,3726926564,0,False
456,5,0.51562734500829,313.2400120819063,0.0019020933395562036,0.07528358503211557,1.0,True,1298.633364364262,97.76577531165924,148.3745600085324,147.7774839030622,0.07528358503211557,1208791971,primary,3726941434,3726941482,0,False
457,1,0.8309831217015178,0.08338149711873105,0.9983337597798163,0.15741496883786438,1.0,True,619.2207575767993,97.47461625771064,97.47461625771064,97.03605209496033,0.15741496883786438,1203852633,primary,4594183924,4594181070,0,False
457,2,0.6451714471077159,48.5160316396645,0.3789615111338099,0.15741496883786438,1.0,True,619.2207575767993,97.47461625771064,65.83410261113927,65.53828042184523,0.15741496883786438,1203852633,primary,4594181070,4594181069,0,False
457,3,0.645164173047899,48.51923086188933,0.37893726426775376,0.15741496883786438,1.0,True,619.2207575767993,97.47461625771064,306.03649684091926,304.65841877119186,0.15741496883786438,1203852633;876451412;1208795197,primary,4594183932,4594183924,0,False
457,4,0.5621349707563639,114.05426561364389,0.10217325662930335,0.15741496883786438,1.0,True,619.2207575767993,97.47461625771064,61.51758168229616,61.24114370246834,0.15741496883786438,1203852633,primary,4594181069,4594181068,0,False
457,5,0.5404888446871896,175.29540031826136,0.030019503065389086,0.15741496883786438,1.0,True,619.2207575767993,97.47461625771064,91.15673836295593,90.74686258633363,0.15741496883786438,1203852633,primary,4594181068,6166520809,0,False
458,1,0.818315805646864,0.023270050417559966,0.9995347072738993,0.09227696732347175,1.0,True,1052.2865127067323,97.10180814796917,97.10180814796915,96.66531100517193,0.09227696732347174,456959535,secondary,293457276,2703797732,0,False
458,2,0.632569448971591,48.32920197562772,0.3803801850229888,0.09227696732347175,1.0,True,1052.2865127067323,97.10180814796917,217.41518014009304,216.44560361682102,0.09227696732347174,456959535,secondary,293457275,293457276,0,False
458,3,0.5199598182642383,264.76859212518673,0.005014749331813354,0.09227696732347175,1.0,True,1052.2865127067323,97.10180814796917,30.24610138599581,30.114363612167015,0.09227696732347174,456959535,secondary,2703790424,293457275,0,False
458,4,0.5192797875622566,294.8444532162351,0.002747980325207502,0.09227696732347175,1.0,True,1052.2865127067323,97.10180814796917,32.643257749863665,32.502885713414344,0.09227696732347174,456959535,secondary,8151376713,2703790424,0,False
458,5,0.5188863637390696,327.27493174399575,0.0014365675812509499,0.09227696732347175,1.0,True,1052.2865127067323,97.10180814796917,111.69660217078163,111.22534701753753,0.09227696732347174,456959535,secondary,10128190730,8151376713,0,False
459,1,0.8651827104281407,0.709786698061966,0.9859045503727004,0.3470567265816521,1.0,True,279.7543936933014,97.09064412203196,97.09064412203195,97.21446867810151,0.3470567265816521,875004054,secondary,3714709080,3717989214,0,False
459,2,0.6829532037493784,48.58054544783069,0.37847286144349307,0.3470567265816521,1.0,True,279.7543936933014,97.09064412203196,34.254386304345616,34.295497980476476,0.3470567265816521,875004054,secondary,3717989214,8144958892,0,False
459,3,0.6829241052275346,48.5933610964245,0.37837586637068066,0.3470567265816521,1.0,True,279.7543936933014,97.09064412203196,74.52705909445537,74.61565517173236,0.3470567265816521,875004054,secondary,8145297049,3714709080,0,False
459,4,0.5949925380352798,123.09625262905963,0.0852706423964983,0.3470567265816521,1.0,True,279.7543936933014,97.09064412203196,31.083502634775662,31.119444757169116,0.3470567265816521,875004054,secondary,293465572,8145297049,0,False
459,5,0.5831476878346407,154.1868707780083,0.045787808394367434,0.3470567265816521,1.0,True,279.7543936933014,97.09064412203196,42.45865457896574,42.509327105821875,0.3470567265816521,367932817;1210205483;875004054,secondary,8144958903,293465572,0,False
460,1,0.8496183592078708,0.0125014127724107,0.9997500029990112,0.2484667915408371,1.0,True,390.4520378005885,97.01436508289387,97.01436508289387,97.13979411216272,0.2484667915408371,874159869,primary,9832455554,10116085882,0,False
460,2,0.6632586603204692,48.570222752900605,0.37855100670767267,0.2484667915408371,1.0,True,390.4520378005885,97.01436508289387,292.93183180917873,293.31224368842584,0.2484667915408371,874159869,primary,8138308753,9832455554,0,False
460,3,0.5097725154904784,7.170586341464507,0.8663972764464805,0.24926666278267134,1.0,False,389.19911712172274,97.01436508289387,96.54186549411399,96.66610039344403,0.24926666278267134,312566658,primary,8146129661,9832455553,0,False
460,4,0.38476014220019716,341.27632327533735,0.0010857042051627946,0.9221721546932414,1.0,False,89.463946084689,97.01436508289387,89.35801788359413,89.463946084689,1.0843962213678506,1208491982,primary,3184375377,8145903096,0,False
460,5,0.38348812201297955,341.87830344672483,0.0010727111297776312,0.9158315433702313,1.0,False,88.84881570294978,97.01436508289387,88.74104511803968,88.84881570294978,1.0919038629309834,1208785497,primary,8145903096,8138308753,0,False
461,1,0.8496072930557725,0.0005389038857770708,0.9999892219803678,0.2480526323083111,1.0,True,389.19911712172274,96.541865494114,96.54186549411399,96.66610039344403,0.24805263230831112,312566658,primary,8146129661,9832455553,0,False
461,2,0.6637158548797111,48.33302596669368,0.3803510947268294,0.2480526323083111,1.0,True,389.19911712172274,96.541865494114,292.15503222281444,292.5330167282787,0.24805263230831112,312566658,primary,9832455553,3184375377,0,False
461,3,0.5094432113509962,7.156603745310308,0.866639599992537,0.24725665676617575,1.0,False,390.4520378005885,96.541865494114,97.01436508289387,97.13979411216272,0.24725665676617578,874159869,primary,9832455554,10116085882,0,False
461,4,0.38566569608249585,340.8351676408133,0.0010953258798551326,0.9266854915926963,1.0,False,89.463946084689,96.541865494114,89.35801788359413,89.463946084689,1.079114768788813,1208491982,primary,3184375377,8145903096,0,False
461,5,0.38438673491197006,341.54505790435854,0.0010798845323125715,0.9203138477613811,1.0,False,88.84881570294978,96.541865494114,88.74104511803968,88.84881570294978,1.0865858450706263,1208785497,primary,8145903096,8138308753,0,False
462,1,0.8390283574017283,0.05519442197307164,0.9988967206212497,0.19679670607676747,1.0,True,488.90393167121965,96.21468334087702,96.21468334087702,96.3272030250742,0.19679670607676747,1210205483,secondary,8145127248,3714709032,0,False
462,2,0.6538578176166858,48.16104791445111,0.38166158800444094,0.19679670607676747,1.0,True,488.90393167121965,96.21468334087702,91.7573601557057,91.8704850768484,0.19679670607676747,1210205483,secondary,3714709032,3714709041,0,False
462,3,0.6538495050870956,48.16467802011219,0.38163387957247386,0.19679670607676747,1.0,True,488.90393167121965,96.21468334087702,46.68398499200939,46.737772855336225,0.19679670607676747,1210205483,secondary,3714707018,8145127248,0,False
462,4,0.5843180566874926,94.90189199692247,0.14986238490713016,0.19679670607676747,1.0,True,488.90393167121965,96.21468334087702,5.754947202972086,5.761607754556129,0.19679670607676747,1210205483,secondary,11211741981,3714707018,0,False
462,5,0.5575998214714049,140.0069580264633,0.060801600853504306,0.19679670607676747,1.0,True,488.90393167121965,96.21468334087702,8.416431679606408,8.425809435390276,0.19679670607676747,1210205483,secondary,3714709041,9725940729,0,False
463,1,0.8313468274916802,0.16236525337330504,0.9967579617251313,0.1615971948707035,1.0,True,592.9542372542344,95.81974142698188,95.81974142698189,95.86649000880422,0.1615971948707035,26754165,primary,10578971213,10578971202,0,False
463,2,0.6473842047327532,47.91436621549519,0.38354921919537494,0.1615971948707035,1.0,True,592.9542372542344,95.81974142698188,92.23755962183581,92.29608311210261,0.1615971948707035,26754165,primary,10578971202,293464998,0,False
463,3,0.6473167412293523,47.943690260922146,0.3833243408507055,0.1615971948707035,1.0,True,592.9542372542344,95.81974142698188,89.08820782665019,89.11314853051265,0.1615971948707035,26754165,primary,10578971222,10578971213,0,False
463,4,0.5516886273237315,137.0049450281394,0.06456396116530261,0.1615971948707035,1.0,True,592.9542372542344,95.81974142698188,214.89208561368102,214.8728732693868,0.1615971948707035,26754165,primary,6985773024,10578971222,0,False
463,5,0.5504930433920254,140.1906119997909,0.06057868139294914,0.1615971948707035,1.0,True,592.9542372542344,95.81974142698188,100.7106938148192,100.80564233342811,0.1615971948707035,26754165,primary,293464998,293464993,0,False
464,1,0.8137516095989925,0.05954016851268696,0.9988099053547342,0.07054318996286105,1.0,True,1356.1790533848468,95.66919658658033,95.66919658658031,95.23006430674806,0.07054318996286105,870242502,trunk,8141521552,8141521568,0,False
464,2,0.6298669793986688,47.6138860151393,0.3858611380203219,0.07054318996286105,1.0,True,1356.1790533848468,95.66919658658033,177.19679037258618,176.3989842506422,0.07054318996286105,870242502,trunk,8141521568,6010327769,0,False
464,3,0.6298644991014402,47.6149573521034,0.38585287036289323,0.07054318996286105,1.0,True,1356.1790533848468,95.66919658658033,407.7818079461824,405.9223566840172,0.07054318996286105,870242502,trunk,8141521597,8141521552,0,False
464,4,0.5175194971205832,223.84091356975154,0.0113695304267032,0.07054318996286105,1.0,True,1356.1790533848468,95.66919658658033,203.76599083037775,202.88256137916912,0.07054318996286105,605579942;870242501;870242502,trunk,6010327769,8140526289,0,False
464,5,0.5141438742893263,452.47305222626295,0.00011745432251367807,0.07054318996286105,1.0,True,1356.1790533848468,95.66919658658033,477.83493701131704,475.74508676427035,0.07054318996286105,870242497;877821612;870242502,trunk,8156683692,8141521597,0,False
465,1,0.9360209335402137,0.10397177511129047,0.997922725025959,0.6832205801621295,1.0,True,139.7981012495212,95.512939841262,95.51293984126201,95.62685400535584,0.6832205801621295,1210205480,secondary,8144958913,8144958915,0,False
465,2,0.751994130756936,47.7905681192865,0.38450004908170055,0.6832205801621295,1.0,True,139.7981012495212,95.512939841262,44.11591737405346,44.17124724416536,0.6832205801621295,1210205480,secondary,8144958915,8144960917,0,False
465,3,0.4817595883036913,8.361099054472758,0.8460117918725231,0.13978025370967215,1.0,False,683.3078157065394,95.512939841262,128.33886652544595,128.49652329390113,0.13978025370967218,367555141,secondary,3714708572,3714707014,0,False
465,4,0.4815984730416533,8.392849286063107,0.8454747409990631,0.13978025370967215,1.0,False,683.3078157065394,95.512939841262,29.179539215525853,29.21375271597235,0.13978025370967218,367555141,secondary,3714707014,3714707015,0,False
465,5,0.3932978352162292,8.392849286063107,0.8454747409990631,0.6982770645825515,0.0,False,66.69449526200626,95.512939841262,66.97814417365464,66.69449526200626,1.4320962991929664,367555283,residential,3714707014,9724111347,0,True
466,1,0.8260386985264649,0.4286901684355136,0.9914628468646326,0.1429992223353755,1.0,True,667.8378016720923,95.50028628527592,95.50028628527593,95.62548787106884,0.1429992223353755,368721302,primary,6950332807,6604456764,0,False
466,2,0.6439142034123744,47.80602598082254,0.38438119648433094,0.1429992223353755,1.0,True,667.8378016720923,95.50028628527592,22.064256709810756,22.093082678303606,0.1429992223353755,368721302,primary,8153479957,6950332807,0,False
466,3,0.6027463260004517,69.88699289302818,0.24715493844458905,0.1429992223353755,1.0,True,667.8378016720923,95.50028628527592,171.424659809368,171.64865137670688,0.1429992223353755,368721302,primary,3725764138,8153479957,0,False
466,4,0.5309950018159938,241.5166773514588,0.007983857829729104,0.1429992223353755,1.0,True,667.8378016720923,95.50028628527592,64.80364187891419,64.86829196727552,0.1429992223353755,368721302,primary,3725764130,3725764138,0,False
466,5,0.5292770396340771,304.67891200706947,0.002257317223339994,0.1429992223353755,1.0,True,667.8378016720923,95.50028628527592,313.19068597157997,313.6022877787374,0.1429992223353755,368721302,primary,3725764133,3725764130,0,False
467,1,0.8097194577664115,1.3051063010428287e-05,0.9999997389787738,0.04859768036389684,1.0,True,1962.4852799948158,95.37223235604064,95.37223235604064,94.94295151771928,0.048597680363896834,90617087,secondary,3711673309,3711679014,0,False
467,2,0.6258080518027975,47.471475394953856,0.38696171910006044,0.04859768036389684,1.0,True,1962.4852799948158,95.37223235604064,249.82530730113726,248.68289301159436,0.048597680363896834,90617087,secondary,3711679014,8133212869,0,False
467,3,0.6258080501129779,47.47147612276901,0.3869617134673284,0.04859768036389684,1.0,True,1962.4852799948158,95.37223235604064,158.062135649042,157.35711141131176,0.048597680363896834,90617087,secondary,3711678597,3711673309,0,False
467,4,0.5149198993339156,202.75269967989803,0.01733454420378736,0.04859768036389684,1.0,True,1962.4852799948158,95.37223235604064,147.77947755357297,147.22812855339492,0.048597680363896834,90617087,secondary,8099252001,3711678597,0,False
467,5,0.5105282183892969,295.8065800164992,0.002695607721725002,0.04859768036389684,1.0,True,1962.4852799948158,95.37223235604064,10.808288013279602,10.758631614165791,0.048597680363896834,90617087,secondary,8133212869,3711679299,0,False
468,1,0.8431287888628893,0.04054542011780681,0.9991894202950086,0.21685981387193387,1.0,True,439.7194826219355,95.357485157256,95.35748515725601,95.09498760776935,0.21685981387193387,464650413,primary,293464970,293464966,0,False
468,2,0.6593480104185452,47.5199395348595,0.38658682548052814,0.21685981387193387,1.0,True,439.7194826219355,95.357485157256,80.40772178294765,80.20666721517603,0.21685981387193387,464650413,primary,293464981,293464970,0,False
468,3,0.6592506150690278,47.561946600177514,0.38626217431547016,0.21685981387193387,1.0,True,439.7194826219355,95.357485157256,89.12133521240253,88.85051197742007,0.21685981387193387,464650413,primary,293464966,293464962,0,False
468,4,0.5667014869489295,127.70313921320422,0.07776508058180898,0.21685981387193387,1.0,True,439.7194826219355,95.357485157256,80.16368716067669,79.9862881687966,0.21685981387193387,464650413,primary,293464989,293464981,0,False
468,5,0.5629980031745934,136.34625991848267,0.06542013466735551,0.21685981387193387,1.0,True,439.7194826219355,95.357485157256,72.8080067503424,72.57664065019748,0.21685981387193387,464650413,primary,293464962,4597354892,0,False
469,1,0.8227814002292486,0.008261156635554951,0.999834790515879,0.11415481537242478,1.0,True,834.7453514916448,95.29020148251854,95.29020148251854,94.8637458439696,0.11415481537242478,879562787,secondary,2703793342,2955625538,0,False
469,2,0.6390140472950623,47.43076077646202,0.3872769474019247,0.11415481537242478,1.0,True,834.7453514916448,95.29020148251854,10.878524984789763,10.82851349386405,0.11415481537242478,879562787,secondary,2703794060,2703793342,0,False
469,3,0.6165140312118973,58.19325023248578,0.31227689379137447,0.11415481537242478,1.0,True,834.7453514916448,95.29020148251854,189.02364063471927,188.15842242253342,0.11415481537242478,879562787,secondary,2703794062,2703794060,0,False
469,4,0.5250090670258359,246.26638616956714,0.007260346504503393,0.11415481537242478,1.0,True,834.7453514916448,95.29020148251854,114.74331746161297,114.21670990925156,0.11415481537242478,879562787,secondary,2703794064,2703794062,0,False
469,5,0.5230546368329537,360.0674599411804,0.0007455791948958553,0.11415481537242478,1.0,True,834.7453514916448,95.29020148251854,68.79122797512909,68.47978275291068,0.11415481537242478,879562787,secondary,11778195620,2703794064,0,False
470,1,0.8228361353941109,1.7839849293561163,0.9649493186199964,0.16675669904055954,1.0,True,570.6262725591678,95.15575359778543,95.15575359778543,94.85421691465413,0.16675669904055954,219116706,primary,4714938984,2283167579,0,False
470,2,0.6503208691528322,47.09345033640517,0.38989843114906775,0.16675669904055954,1.0,True,570.6262725591678,95.15575359778543,145.65401368646457,145.45185496668086,0.16675669904055954,219116706,primary,2283167579,8141472796,0,False
470,3,0.6496521061210503,47.380141302402976,0.3876692210431278,0.16675669904055954,1.0,True,570.6262725591678,95.15575359778543,79.23224722302729,78.91340042292529,0.16675669904055954,219116706,primary,4714939533,4714938984,0,False
470,4,0.5399033567435116,191.2004771670404,0.021840056451332367,0.16675669904055954,1.0,True,570.6262725591678,95.15575359778543,251.7025669308751,251.40680025490752,0.16675669904055954,874644320;874644321;219116706,primary,8141472796,11938897684,0,False
470,5,0.47662206712621435,10.234300956687573,0.8149031402413006,0.1607556252691209,1.0,False,591.9279865851365,95.15575359778543,303.70489612299906,302.84909616838706,0.1607556252691209,874644319,primary,4714939512,4714939523,0,False
471,1,0.8215483565101243,1.1243773407810702e-05,0.9999997751245572,0.10774211986378573,1.0,True,882.6426791620468,95.09779333517024,95.09779333517025,94.66841771359938,0.10774211986378576,300173742,primary,11189778457,3725789369,0,False
471,2,0.6379560791451035,47.33420877179538,0.38802551724115464,0.10774211986378573,1.0,True,882.6426791620468,95.09779333517024,89.45214074261825,89.04897226635336,0.10774211986378576,300173742,primary,3725789369,3725789405,0,False
471,3,0.6379560787492913,47.33420894180668,0.38802551592178025,0.10774211986378573,1.0,True,882.6426791620468,95.09779333517024,6.304635454386111,6.2760976049606585,0.10774211986378576,300173742,primary,293466245,11189778457,0,False
471,4,0.6242246813254166,53.610078447053006,0.34225419117553174,0.10774211986378573,1.0,True,882.6426791620468,95.09779333517024,70.33925676472191,70.02431441763687,0.10774211986378576,300173742,primary,3725827504,293466245,0,False
471,5,0.5468613806652964,123.62330438889038,0.08437652230846447,0.10774211986378573,1.0,True,882.6426791620468,95.09779333517024,123.55193883655559,122.98987848226554,0.10774211986378576,300173742,primary,6604381555,3725827504,0,False
472,1,0.8375266779265946,1.265475366301921e-05,0.9999997469049587,0.18763376927553488,1.0,True,506.7636004075855,95.08596447611625,95.08596447611623,94.65809130317987,0.18763376927553488,1208986526,primary,6605237341,4594181067,0,False
472,2,0.6539464308613259,47.329045360021226,0.3880655900207296,0.18763376927553488,1.0,True,506.7636004075855,95.08596447611625,207.0391754770542,206.10513144719863,0.18763376927553488,1208986526,primary,6166520809,6605237341,0,False
472,3,0.6539464295035445,47.32904594316204,0.38806558549479186,0.18763376927553488,1.0,True,506.7636004075855,95.08596447611625,206.93196124001668,206.00037765720705,0.18763376927553488,1208785491;1208986526,primary,4594181067,4594181065,0,False
472,4,0.4597367838042355,11.535471661125248,0.7939701338646402,0.10772871822421715,1.0,False,882.6426791620468,95.08596447611625,131.97280249943776,131.37860221744427,0.10772871822421716,300173742,primary,3725789806,3725790040,0,False
472,5,0.40184034444191274,25.45951452788548,0.6009820026568977,0.10772871822421715,1.0,False,882.6426791620468,95.08596447611625,24.646539572476883,24.53561596512348,0.10772871822421716,300173742,primary,3725790040,6605237342,0,False
473,1,0.8045738463836642,0.08345746260883173,0.9983322430027016,0.025370867414269027,1.0,True,3727.7442722503997,94.57610568556566,94.57610568556566,94.15165692256542,0.025370867414269024,865024248,primary,3724390947,11968828666,0,False
473,2,0.6220995903688598,47.06956625546728,0.39008472295335317,0.025370867414269027,1.0,True,3727.7442722503997,94.57610568556566,356.9228028032657,355.31811438081246,0.025370867414269024,865024248;869997541,primary,11968828666,8137990582,0,False
473,3,0.6220791050316963,47.07831953783123,0.3900164384961415,0.025370867414269027,1.0,True,3727.7442722503997,94.57610568556566,13.211930392008886,13.152248668336036,0.025370867414269024,865024248,primary,8064752270,3724390947,0,False
473,4,0.5950194966477482,60.229025466564295,0.2998177438829814,0.025370867414269027,1.0,True,3727.7442722503997,94.57610568556566,9.064498405164478,9.023545315203659,0.025370867414269024,865024248,primary,8064752282,8064752270,0,False
473,5,0.5801686287474848,69.25178749874416,0.2503148508821034,0.025370867414269027,1.0,True,3727.7442722503997,94.57610568556566,180.8273791077356,180.01021298189713,0.025370867414269024,865024248,primary,8062776435,8064752282,0,False
474,1,0.8264639455826681,0.19601682594923028,0.9960873379680936,0.13818872096120047,1.0,True,683.3078157065394,94.42543307527836,94.42543307527836,94.54704880409172,0.13818872096120047,367555141,secondary,3714708555,3714708563,0,False
474,2,0.6442363203608361,47.25227060306998,0.3886619205619867,0.13818872096120047,1.0,True,683.3078157065394,94.42543307527836,39.88712948811208,39.93881823423877,0.13818872096120047,367555141,secondary,13232616587,3714708555,0,False
474,3,0.6442010156064837,47.267412340446064,0.3885442380474786,0.13818872096120047,1.0,True,683.3078157065394,94.42543307527836,126.0606157650531,126.22277139479348,0.13818872096120047,367555141,secondary,3714708563,3714708572,0,False
474,4,0.5800966279938653,87.18763887882032,0.17486294600541763,0.13818872096120047,1.0,True,683.3078157065394,94.42543307527836,8.211099358098386,8.22173975955578,0.13818872096120047,367555141,secondary,8144958890,13232616587,0,False
474,5,0.5721427852046908,95.40900053605846,0.14835013670816874,0.13818872096120047,1.0,True,683.3078157065394,94.42543307527836,62.800761679231556,62.8757942724004,0.13818872096120047,367555141,secondary,8144958887,8144958890,0,False
475,1,0.8284670564309105,6.55526155915812e-05,0.9999986889485476,0.14233724873173118,1.0,True,662.4877709322834,94.29668663291856,94.29668663291856,94.41350959622125,0.14233724873173118,368729170,primary,9756374292,6604385663,0,False
475,2,0.6451722243480584,47.20675113663268,0.3890159153390404,0.14233724873173118,1.0,True,662.4877709322834,94.29668663291856,76.51234521424433,76.60768250624534,0.14233724873173118,368729170,primary,6604385663,3725763961,0,False
475,3,0.6451722072553687,47.206758459679605,0.3890158583634086,0.14233724873173118,1.0,True,662.4877709322834,94.29668663291856,78.0539461302574,78.14297704541036,0.14233724873173118,368729170,primary,293458410,9756374292,0,False
475,4,0.5536857791710492,123.8105693206203,0.08406109808234352,0.14233724873173118,1.0,True,662.4877709322834,94.29668663291856,139.00971035694363,139.183672841292,0.14233724873173118,368729170,primary,3725763961,3725763498,0,False
475,5,0.5300262573561958,262.99306491608434,0.005196025366165416,0.14233724873173118,1.0,True,662.4877709322834,94.29668663291856,141.29533356121252,141.4618665148559,0.14233724873173118,368729170,primary,3725763498,3725764126,0,False
476,1,0.9922000303971894,1.1653559143683703,0.9769623946767356,0.9955565599708434,1.0,True,93.78480050089453,94.20338760425746,94.20338760425746,93.78480050089453,1.0044632723120088,1209433720;44949028,primary,8141910054,2277422474,0,False
476,2,0.4373901758255758,14.704793377846888,0.7452050470314662,0.06914330858067974,1.0,False,1362.436793060552,94.20338760425746,177.4812021104335,176.7693232933594,0.06914330858067974,40016878,primary,8182365093,2283167672,0,False
476,3,0.43014575219156226,10.88302210272114,0.804398535212436,0.9441309581391575,0.0,False,99.77788228650863,94.20338760425746,100.18136186617836,99.77788228650863,0.9441309581391575,874624711,primary_link,8141910054,8141910061,0,False
476,4,0.39893687268184613,46.757987440025076,0.3925231554194718,0.40589963028002296,1.0,False,232.08542353011805,94.20338760425746,72.24143592255933,71.91590618072328,0.40589963028002296,1138034029,primary,7127990460,8141910054,0,False
476,5,0.3091570188953707,118.6198206098878,0.09325697613122039,0.40589963028002296,1.0,False,232.08542353011805,94.20338760425746,160.90992781663525,160.16951734939477,0.40589963028002296,1138034029,primary,3722327215,7127990460,0,False
477,1,0.8226082051996224,1.6770192053052607e-05,0.9999996645962151,0.11304152910378917,1.0,True,831.7165889749187,94.01851499871252,94.01851499871252,93.59968883664727,0.11304152910378916,879562788,secondary,293463159,2955625544,0,False
477,2,0.6402667171026291,46.79984339649292,0.39219470427290426,0.11304152910378917,1.0,True,831.7165889749187,94.01851499871252,10.882374966578952,10.83252335441343,0.11304152910378916,879562788,secondary,2955625544,293465977,0,False
477,3,0.6174316047895099,57.58836629395395,0.31607766322917347,0.11304152910378917,1.0,True,831.7165889749187,94.01851499871252,212.10510682944545,211.13760692979736,0.11304152910378916,879562788,secondary,293465977,293463119,0,False
477,4,0.5240003680154093,268.64981168381973,0.004640207315504863,0.11304152910378917,1.0,True,831.7165889749187,94.01851499871252,158.9703039004298,158.24526672103838,0.11304152910378916,879562788,secondary,293463119,293463078,0,False
477,5,0.5226689059704942,425.36201948344797,0.0002020004991212268,0.11304152910378917,1.0,True,831.7165889749187,94.01851499871252,126.08480883515908,125.51614020434786,0.11304152910378916,879562788,secondary,293463078,293463063,0,False
478,1,0.8100752294622251,3.0296853708221634e-05,0.9999993940631094,0.05037705621646098,1.0,True,1841.5532199164138,92.7720300853339,92.7720300853339,92.37177752299766,0.05037705621646097,1210277736,trunk,4593964306,3725560599,0,False
478,2,0.62918747070781,46.18588742355553,0.3970401982150597,0.05037705621646098,1.0,True,1841.5532199164138,92.7720300853339,261.5883755462839,260.4702990829529,0.05037705621646097,1210277736,trunk,3725560599,8140701167,0,False
478,3,0.6291874643331556,46.18589009946201,0.39704017696621147,0.05037705621646098,1.0,True,1841.5532199164138,92.7720300853339,1393.69952816302,1387.5511649510563,0.05037705621646097,1210277736,trunk,6010327766,4593964306,0,False
478,4,0.5107264891311004,306.6454237627941,0.0021702596260273566,0.05037705621646098,1.0,True,1841.5532199164138,92.7720300853339,101.59319729986643,101.15997835940695,0.05037705621646097,1210277736;870242503;870242504,trunk,8140701167,8140750597,0,False
478,5,0.4557283592451391,11.907007733953241,0.7880922285396649,0.09650345341619829,1.0,False,961.3337844525464,92.7720300853339,300.579748215858,299.29002276342663,0.09650345341619826,605579942,trunk,8140492538,8140465200,0,False
479,1,0.999015869919393,0.01321581451323745,0.9997357186382084,0.9954757716396518,1.0,True,92.13652800531152,92.55526917903094,92.55526917903094,92.13652800531152,1.004544790028286,1069546783,secondary,2841407758,9816859457,0,False
479,2,0.6596741153719603,6.442707156393421,0.8791021792890833,0.9797173079261762,1.0,False,94.47140356736985,92.55526917903094,78.61152759130555,78.26986054804564,0.9797173079261762,218508846;1069546782,secondary,9816859457,8166899548,0,False
479,3,0.5516353252580597,32.795182680912184,0.5189728789094149,0.9797173079261762,1.0,False,94.47140356736985,92.55526917903094,16.27417142342669,16.201543019324205,0.9797173079261762,218508846,secondary,8166899548,2277448887,0,False
479,4,0.40395027292534436,45.800431655852385,0.4001128554202814,0.41958208149629955,1.0,False,220.58918447843018,92.55526917903094,20.27293301801993,20.180832143808292,0.41958208149629955,880027169,secondary,8166899537,9816859457,0,True
479,5,0.40395027292534436,45.800431655852385,0.4001128554202814,0.41958208149629955,1.0,False,220.58918447843018,92.55526917903094,20.27293301801993,20.180832143808292,0.41958208149629955,880027169,secondary,9816859457,8166899537,0,True
480,1,0.8131128140188049,0.0005891197155372826,0.9999882176751014,0.06558174358137206,1.0,True,1410.0672749719495,92.47467045969444,92.47467045969445,92.59436927184753,0.06558174358137206,875119268,secondary,3726941215,8145704185,0,True
480,2,0.8131128140188049,0.000589119715537697,0.9999882176751014,0.06558174358137206,1.0,True,1410.0672749719495,92.47467045969444,92.47467045969445,92.59436927184753,0.06558174358137206,875119268,secondary,8145704185,3726941215,0,True
480,3,0.6319635910290176,46.297174210464085,0.3961574743758102,0.06558174358137206,1.0,True,1410.0672749719495,92.47467045969444,16.693115594880805,16.714719517459134,0.06558174358137206,875119268,secondary,3726941214,3726941215,0,True
480,4,0.6319635910290176,46.297174210464085,0.3961574743758102,0.06558174358137206,1.0,True,1410.0672749719495,92.47467045969444,16.693115594880805,16.714719517459134,0.06558174358137206,875119268,secondary,3726941215,3726941214,0,True
480,5,0.6319635421545562,46.297194772351084,0.3961573114609393,0.06558174358137206,1.0,True,1410.0672749719495,92.47467045969444,24.031804799539323,24.062919619547465,0.06558174358137206,875119268,secondary,8145704183,8145704185,0,True
481,1,0.8131128140188049,0.0005891197155372826,0.9999882176751014,0.06558174358137206,1.0,True,1410.0672749719495,92.47467045969444,92.47467045969445,92.59436927184753,0.06558174358137206,875119268,secondary,3726941215,8145704185,0,True
481,2,0.8131128140188049,0.000589119715537697,0.9999882176751014,0.06558174358137206,1.0,True,1410.0672749719495,92.47467045969444,92.47467045969445,92.59436927184753,0.06558174358137206,875119268,secondary,8145704185,3726941215,0,True
481,3,0.6319635910290176,46.297174210464085,0.3961574743758102,0.06558174358137206,1.0,True,1410.0672749719495,92.47467045969444,16.693115594880805,16.714719517459134,0.06558174358137206,875119268,secondary,3726941214,3726941215,0,True
481,4,0.6319635910290176,46.297174210464085,0.3961574743758102,0.06558174358137206,1.0,True,1410.0672749719495,92.47467045969444,16.693115594880805,16.714719517459134,0.06558174358137206,875119268,secondary,3726941215,3726941214,0,True
481,5,0.6319635421545562,46.297194772351084,0.3961573114609393,0.06558174358137206,1.0,True,1410.0672749719495,92.47467045969444,24.031804799539323,24.062919619547465,0.06558174358137206,875119268,secondary,8145704183,8145704185,0,True
482,1,0.8260869778334827,2.004450423399977e-05,0.9999995991099957,0.13043549050242023,1.0,True,708.4520429770272,92.40728972315024,92.40728972315024,91.99280858081252,0.13043549050242023,1069546779,secondary,293464723,8166899540,0,True
482,2,0.8260869778334827,2.004450423523559e-05,0.9999995991099957,0.13043549050242023,1.0,True,708.4520429770272,92.40728972315024,92.40728972315024,91.99280858081252,0.13043549050242023,1069546779,secondary,8166899540,293464723,0,True
482,3,0.6456514092601824,45.99640396725355,0.3985477038656613,0.13043549050242023,1.0,True,708.4520429770272,92.40728972315024,86.60319361301676,86.21381552527471,0.13043549050242023,1069546779,secondary,293464723,293464729,0,True
482,4,0.6456514092601824,45.99640396725355,0.3985477038656613,0.13043549050242023,1.0,True,708.4520429770272,92.40728972315024,86.60319361301676,86.21381552527471,0.13043549050242023,1069546779,secondary,293464729,293464723,0,True
482,5,0.6456514077146602,45.99640461356771,0.3985476987139208,0.13043549050242023,1.0,True,708.4520429770272,92.40728972315024,38.70580464328532,38.53063914680898,0.13043549050242023,1069546779,secondary,293464703,8166899540,0,True
483,1,0.8260869778334827,2.004450423399977e-05,0.9999995991099957,0.13043549050242023,1.0,True,708.4520429770272,92.40728972315024,92.40728972315024,91.99280858081252,0.13043549050242023,1069546779,secondary,293464723,8166899540,0,True
483,2,0.8260869778334827,2.004450423523559e-05,0.9999995991099957,0.13043549050242023,1.0,True,708.4520429770272,92.40728972315024,92.40728972315024,91.99280858081252,0.13043549050242023,1069546779,secondary,8166899540,293464723,0,True
483,3,0.6456514092601824,45.99640396725355,0.3985477038656613,0.13043549050242023,1.0,True,708.4520429770272,92.40728972315024,86.60319361301676,86.21381552527471,0.13043549050242023,1069546779,secondary,293464723,293464729,0,True
483,4,0.6456514092601824,45.99640396725355,0.3985477038656613,0.13043549050242023,1.0,True,708.4520429770272,92.40728972315024,86.60319361301676,86.21381552527471,0.13043549050242023,1069546779,secondary,293464729,293464723,0,True
483,5,0.6456514077146602,45.99640461356771,0.3985476987139208,0.13043549050242023,1.0,True,708.4520429770272,92.40728972315024,38.70580464328532,38.53063914680898,0.13043549050242023,1069546779,secondary,293464703,8166899540,0,True
484,1,0.8303823251165716,0.12162528438145713,0.9975704504568991,0.15555594989750976,1.0,True,592.9542372542344,92.2375596218358,92.23755962183581,92.29608311210261,0.15555594989750976,26754165,primary,10578971202,293464998,0,False
484,2,0.6503367043605868,46.13828480542616,0.39741838127028256,0.15555594989750976,1.0,True,592.9542372542344,92.2375596218358,100.7106938148192,100.80564233342811,0.15555594989750976,26754165,primary,293464998,293464993,0,False
484,3,0.6503004823479452,46.153477659181306,0.3972976412281446,0.15555594989750976,1.0,True,592.9542372542344,92.2375596218358,95.81974142698189,95.86649000880422,0.15555594989750976,26754165,primary,10578971213,10578971202,0,False
484,4,0.5486412443382194,141.99328374156318,0.05843351452905813,0.15555594989750976,1.0,True,592.9542372542344,92.2375596218358,89.08820782665019,89.11314853051265,0.15555594989750976,26754165,primary,10578971222,10578971213,0,False
484,5,0.5340677804658331,230.98728664749544,0.009855301621104052,0.15555594989750976,1.0,True,592.9542372542344,92.2375596218358,214.89208561368102,214.8728732693868,0.15555594989750976,26754165,primary,6985773024,10578971222,0,False
485,1,0.8319422045542872,0.3898676394003364,0.9922329677095247,0.17136157120714873,1.0,True,536.0310683497349,91.85512608825712,91.85512608825712,91.97410585320455,0.17136157120714876,367932805,secondary,293463316,293463318,0,True
485,2,0.8319422045542872,0.3898676394003366,0.9922329677095247,0.17136157120714873,1.0,True,536.0310683497349,91.85512608825712,91.85512608825712,91.97410585320455,0.17136157120714876,367932805,secondary,293463318,293463316,0,True
485,3,0.6538837484124157,45.97670171365248,0.3987047805699532,0.17136157120714873,1.0,True,536.0310683497349,91.85512608825712,102.47699765140199,102.61024532893467,0.17136157120714876,367932805,secondary,293463318,293463599,0,True
485,4,0.6538837484124157,45.97670171365248,0.3987047805699532,0.17136157120714873,1.0,True,536.0310683497349,91.85512608825712,102.47699765140199,102.61024532893467,0.17136157120714876,367932805,secondary,293463599,293463318,0,True
485,5,0.6538724194717054,45.981437664412695,0.3986670174342521,0.17136157120714873,1.0,True,536.0310683497349,91.85512608825712,41.55649463056417,41.600952721416206,0.17136157120714876,367932805,secondary,293463316,8145212871,0,True
486,1,0.8319422045542872,0.3898676394003364,0.9922329677095247,0.17136157120714873,1.0,True,536.0310683497349,91.85512608825712,91.85512608825712,91.97410585320455,0.17136157120714876,367932805,secondary,293463316,293463318,0,True
486,2,0.8319422045542872,0.3898676394003366,0.9922329677095247,0.17136157120714873,1.0,True,536.0310683497349,91.85512608825712,91.85512608825712,91.97410585320455,0.17136157120714876,367932805,secondary,293463318,293463316,0,True
486,3,0.6538837484124157,45.97670171365248,0.3987047805699532,0.17136157120714873,1.0,True,536.0310683497349,91.85512608825712,102.47699765140199,102.61024532893467,0.17136157120714876,367932805,secondary,293463318,293463599,0,True
486,4,0.6538837484124157,45.97670171365248,0.3987047805699532,0.17136157120714873,1.0,True,536.0310683497349,91.85512608825712,102.47699765140199,102.61024532893467,0.17136157120714876,367932805,secondary,293463599,293463318,0,True
486,5,0.6538724194717054,45.981437664412695,0.3986670174342521,0.17136157120714873,1.0,True,536.0310683497349,91.85512608825712,41.55649463056417,41.600952721416206,0.17136157120714876,367932805,secondary,293463316,8145212871,0,True
487,1,0.82281024543624,6.63304314330284e-05,0.9999986733922512,0.11405321709282316,1.0,True,805.1330325753198,91.82801255291602,91.82801255291602,91.86178893929268,0.11405321709282318,876418713,secondary,293461281,11613566804,0,True
487,2,0.82281024543624,6.633043143550357e-05,0.9999986733922512,0.11405321709282316,1.0,True,805.1330325753198,91.82801255291602,91.82801255291602,91.86178893929268,0.11405321709282318,876418713,secondary,11613566804,293461281,0,True
487,3,0.6425317509760287,45.93087702413774,0.3990703585248799,0.11405321709282316,1.0,True,805.1330325753198,91.82801255291602,513.7780151849071,514.0650035070057,0.11405321709282318,876418713,secondary,293452705,293461281,0,True
487,4,0.6425317509760287,45.93087702413774,0.3990703585248799,0.11405321709282316,1.0,True,805.1330325753198,91.82801255291602,513.7780151849071,514.0650035070057,0.11405321709282318,876418713,secondary,293461281,293452705,0,True
487,5,0.6425316674320039,45.93091191525073,0.3990700800447976,0.11405321709282316,1.0,True,805.1330325753198,91.82801255291602,28.847374687469276,28.85796961289478,0.11405321709282318,876418713,secondary,293462850,11613566804,0,True
488,1,0.82281024543624,6.63304314330284e-05,0.9999986733922512,0.11405321709282316,1.0,True,805.1330325753198,91.82801255291602,91.82801255291602,91.86178893929268,0.11405321709282318,876418713,secondary,293461281,11613566804,0,True
488,2,0.82281024543624,6.633043143550357e-05,0.9999986733922512,0.11405321709282316,1.0,True,805.1330325753198,91.82801255291602,91.82801255291602,91.86178893929268,0.11405321709282318,876418713,secondary,11613566804,293461281,0,True
488,3,0.6425317509760287,45.93087702413774,0.3990703585248799,0.11405321709282316,1.0,True,805.1330325753198,91.82801255291602,513.7780151849071,514.0650035070057,0.11405321709282318,876418713,secondary,293452705,293461281,0,True
488,4,0.6425317509760287,45.93087702413774,0.3990703585248799,0.11405321709282316,1.0,True,805.1330325753198,91.82801255291602,513.7780151849071,514.0650035070057,0.11405321709282318,876418713,secondary,293461281,293452705,0,True
488,5,0.6425316674320039,45.93091191525073,0.3990700800447976,0.11405321709282316,1.0,True,805.1330325753198,91.82801255291602,28.847374687469276,28.85796961289478,0.11405321709282318,876418713,secondary,293462850,11613566804,0,True
489,1,0.8374859254178135,0.008337613156340472,0.999833261639259,0.18767973463017906,1.0,True,488.90393167121965,91.7573601557057,91.7573601557057,91.8704850768484,0.18767973463017906,1210205483,secondary,3714709032,3714709041,0,False
489,2,0.6572470114591501,45.93507154163632,0.39903688177704766,0.18767973463017906,1.0,True,488.90393167121965,91.7573601557057,8.416431679606408,8.425809435390276,0.18767973463017906,1210205483,secondary,3714709041,9725940729,0,False
489,3,0.6572462255068559,45.935399813244885,0.39903426193606667,0.18767973463017906,1.0,True,488.90393167121965,91.7573601557057,96.21468334087702,96.3272030250742,0.18767973463017906,1210205483,secondary,8145127248,3714709032,0,False
489,4,0.6387192604085143,54.34243089674447,0.3372777116082616,0.18767973463017906,1.0,True,488.90393167121965,91.7573601557057,47.01516586865371,47.06969135071559,0.18767973463017906,1210205483,secondary,9725940729,3714709047,0,False
489,5,0.5770220541180038,101.39167906374878,0.13162035730655977,0.18767973463017906,1.0,True,488.90393167121965,91.7573601557057,150.0213357394489,150.20203506747703,0.18767973463017906,1210205483,secondary,3714709047,8144958903,0,False
490,1,0.8130110108688084,6.171449540502364e-05,0.9999987657108537,0.06505690577776153,1.0,True,1410.0672749719495,91.73461384815508,91.73461384815508,91.85261402090437,0.06505690577776153,875119268,secondary,6965369868,8145903101,0,True
490,2,0.8130110108688084,6.171449540564248e-05,0.9999987657108537,0.06505690577776153,1.0,True,1410.0672749719495,91.73461384815508,91.73461384815508,91.85261402090437,0.06505690577776153,875119268,secondary,8145903101,6965369868,0,True
490,3,0.6327434339125418,45.92630610950925,0.3991068425232985,0.06505690577776153,1.0,True,1410.0672749719495,91.73461384815508,137.56901352817457,137.7454877769863,0.06505690577776153,875119268,secondary,6965369868,8145903096,0,True
490,4,0.6327434339125418,45.92630610950925,0.3991068425232985,0.06505690577776153,1.0,True,1410.0672749719495,91.73461384815508,137.56901352817457,137.74548777698632,0.06505690577776153,875119268,secondary,8145903096,6965369868,0,True
490,5,0.6327434295974734,45.926307911478055,0.39910682813973714,0.06505690577776153,1.0,True,1410.0672749719495,91.73461384815508,86.74023825976083,86.85178587202283,0.06505690577776153,875119268,secondary,3184375374,8145903101,0,True
491,1,0.8130110108688084,6.171449540502364e-05,0.9999987657108537,0.06505690577776153,1.0,True,1410.0672749719495,91.73461384815508,91.73461384815508,91.85261402090437,0.06505690577776153,875119268,secondary,6965369868,8145903101,0,True
491,2,0.8130110108688084,6.171449540564248e-05,0.9999987657108537,0.06505690577776153,1.0,True,1410.0672749719495,91.73461384815508,91.73461384815508,91.85261402090437,0.06505690577776153,875119268,secondary,8145903101,6965369868,0,True
491,3,0.6327434339125418,45.92630610950925,0.3991068425232985,0.06505690577776153,1.0,True,1410.0672749719495,91.73461384815508,137.56901352817457,137.7454877769863,0.06505690577776153,875119268,secondary,6965369868,8145903096,0,True
491,4,0.6327434339125418,45.92630610950925,0.3991068425232985,0.06505690577776153,1.0,True,1410.0672749719495,91.73461384815508,137.56901352817457,137.74548777698632,0.06505690577776153,875119268,secondary,8145903096,6965369868,0,True
491,5,0.6327434295974734,45.926307911478055,0.39910682813973714,0.06505690577776153,1.0,True,1410.0672749719495,91.73461384815508,86.74023825976083,86.85178587202283,0.06505690577776153,875119268,secondary,3184375374,8145903101,0,True
492,1,0.8374038496584877,0.03414647926510028,0.9993173035580307,0.18804329295539235,1.0,True,487.8210316819836,91.73147317037696,91.73147317037696,91.84038420574032,0.18804329295539232,1210205481,secondary,8144958906,8144958908,0,False
492,2,0.6573567104239098,45.91962535584376,0.3991601727761041,0.18804329295539235,1.0,True,487.8210316819836,91.73147317037696,100.73197070195619,100.85311940467041,0.18804329295539232,1210205481,secondary,8144958902,8144958906,0,False
492,3,0.6573541890108152,45.92067816614075,0.3991517680657891,0.18804329295539235,1.0,True,487.8210316819836,91.73147317037696,7.628261215222749,7.637289225333986,0.18804329295539232,1210205481,secondary,8144958908,9725940728,0,False
492,4,0.6403919977265646,53.55796027182419,0.3426111304516203,0.18804329295539235,1.0,True,487.8210316819836,91.73147317037696,38.575577279355045,38.62278812484736,0.18804329295539232,1210205481,secondary,9725940728,8144958910,0,False
492,5,0.5851002055803822,92.16153687859757,0.15830515663101252,0.18804329295539235,1.0,True,487.8210316819836,91.73147317037696,210.52086674897487,210.77217525334186,0.18804329295539232,1210205481,secondary,8144958910,8144958913,0,False
493,1,0.8221038761478578,0.18337701724617222,0.9963391768667765,0.11601061543912414,1.0,True,787.6883688992932,91.38021245024686,320.78471062926695,321.17446838537944,0.11601061543912414,478254522,secondary,8151182351,8151182352,0,False
493,2,0.6433680279882732,45.74545729333545,0.4005530163348279,0.11601061543912414,1.0,True,787.6883688992932,91.38021245024686,156.09773242417683,156.2880353520153,0.11601061543912414,478254522;1013619973,secondary,2703797734,8151182351,0,False
493,3,0.5244177337756224,275.42679502174695,0.004052035625992018,0.11601061543912414,1.0,True,787.6883688992932,91.38021245024686,147.10275142333163,147.28393449669312,0.11601061543912414,478254522,secondary,8151182352,9757587446,0,False
493,4,0.523266282330898,422.5084793819309,0.00021386414357703042,0.11601061543912414,1.0,True,787.6883688992932,91.38021245024686,16.15845321059232,16.178394341113254,0.11601061543912414,478254522,secondary,9757587446,4620986372,0,False
493,5,0.5232485465135952,438.6866778032867,0.00015474475256813076,0.11601061543912414,1.0,True,787.6883688992932,91.38021245024686,146.58324779630186,146.76353632409214,0.11601061543912414,478254522,secondary,4620986372,4613766154,0,False
494,1,0.8139814509140488,0.013885475891800758,0.9997223290398828,0.07032376101042039,1.0,True,1298.633364364262,91.32478235571054,91.32478235571054,90.95614710018381,0.07032376101042039,1208791971,primary,3726926564,3726926583,0,False
494,2,0.6348761181490699,45.47760523082311,0.40270455315661896,0.07032376101042039,1.0,True,1298.633364364262,91.32478235571054,97.76577531165924,97.37295666327489,0.07032376101042039,1208791971,primary,3726926583,10629571056,0,False
494,3,0.6348738911332072,45.478526930686186,0.40269712977041044,0.07032376101042039,1.0,True,1298.633364364262,91.32478235571054,174.33077320862347,173.63037059990066,0.07032376101042039,1208791971,primary,3726941482,3726926564,0,False
494,4,0.5313000181453965,142.84124221925208,0.0574508864777082,0.07032376101042039,1.0,True,1298.633364364262,91.32478235571054,308.0256074271481,306.7835074445994,0.07032376101042039,1208791971,primary,10629571056,3727012352,0,False
494,5,0.5178166650402275,219.075833727704,0.012506376127144614,0.07032376101042039,1.0,True,1298.633364364262,91.32478235571054,148.3745600085324,147.7774839030622,0.07032376101042039,1208791971,primary,3726941434,3726941482,0,False
495,1,0.8293274910082746,0.01915582427027137,0.9996169568943439,0.14721201969985662,1.0,True,619.2207575767993,91.15673836295592,91.15673836295593,90.74686258633363,0.14721201969985662,1203852633,primary,4594181068,6166520809,0,False
495,2,0.6505086219787282,45.372241111552334,0.40355406012918954,0.14721201969985662,1.0,True,619.2207575767993,91.15673836295592,61.51758168229616,61.24114370246834,0.14721201969985662,1203852633,primary,4594181069,4594181068,0,False
495,3,0.5650128384068756,106.613383717543,0.11856811488968064,0.14721201969985662,1.0,True,619.2207575767993,91.15673836295592,65.83410261113927,65.53828042184523,0.14721201969985662,1203852633,primary,4594181070,4594181069,0,False
495,4,0.5390326755715011,172.15166308531582,0.031967572105099505,0.14721201969985662,1.0,True,619.2207575767993,91.15673836295592,97.47461625771064,97.03605209496033,0.14721201969985662,1203852633,primary,4594183924,4594181070,0,False
495,5,0.5308196128208591,269.1861786842433,0.004590696269626089,0.14721201969985662,1.0,True,619.2207575767993,91.15673836295592,306.03649684091926,304.65841877119186,0.14721201969985662,1203852633;876451412;1208795197,primary,4594183932,4594183924,0,False
496,1,0.8211344373125182,5.675074782668681e-05,0.9999988649856876,0.10567388908405968,1.0,True,850.2417522515343,89.84835262206519,89.84835262206519,89.6441604423118,0.10567388908405968,1209072902,secondary,7128108987,293462776,0,False
496,2,0.6435404222321185,44.82209955685389,0.4080188147176885,0.10567388908405968,1.0,True,850.2417522515343,89.84835262206519,58.38050599580291,58.231703013709435,0.10567388908405968,1209072902,secondary,293462776,293462775,0,False
496,3,0.5593538368797457,103.0224077558992,0.1273968635431127,0.10567388908405968,1.0,True,850.2417522515343,89.84835262206519,120.25702187394467,119.95498958627438,0.10567388908405968,1209072902,secondary,293462775,293462774,0,False
496,4,0.5246054585570138,222.97158606027185,0.0115689358006729,0.10567388908405968,1.0,True,850.2417522515343,89.84835262206519,183.93236613042592,183.42643998316618,0.10567388908405968,1209072902,secondary,293462774,293462770,0,False
496,5,0.5212235758593624,406.2586573616506,0.00029599347516844743,0.10567388908405968,1.0,True,850.2417522515343,89.84835262206519,76.66226491564379,76.47236871468175,0.10567388908405968,1209072902,secondary,293462770,293462769,0,False
497,1,0.8146244368585034,0.08342298628008842,0.998332931379551,0.07562278722319014,1.0,True,1184.4455219686943,89.57107168529897,89.57107168529897,89.21086005176377,0.07562278722319016,874056882,primary,4594197583,4594259889,0,False
497,2,0.6380750720825625,44.60002601265345,0.4098350487930816,0.07562278722319014,1.0,True,1184.4455219686943,89.57107168529897,152.9864390586863,152.37684510579274,0.07562278722319016,874056882,primary,4594259889,13022825212,0,False
497,3,0.6380513754556736,44.60966359359961,0.4097560600367851,0.07562278722319014,1.0,True,1184.4455219686943,89.57107168529897,9.00377612437097,8.96880816750078,0.07562278722319016,874056882,primary,11968783279,4594197583,0,False
497,4,0.6178785111100726,53.57225717622107,0.34251317888478205,0.07562278722319014,1.0,True,1184.4455219686943,89.57107168529897,25.719986535166253,25.61282063668711,0.07562278722319016,874056882,primary,4594197584,11968783279,0,False
497,5,0.5767560747750735,79.13045449938923,0.20543839110145184,0.07562278722319014,1.0,True,1184.4455219686943,89.57107168529897,98.2907953419388,97.8568919500548,0.07562278722319016,874056882,primary,4594197585,4594197584,0,False
498,1,0.8133315558455843,4.339772467670638e-05,0.9999991320458831,0.06665908115909683,1.0,True,1343.3453532286426,89.54616692556367,89.54616692556367,89.23492757452088,0.06665908115909681,478371821,primary,4719689711,4719689709,0,False
498,2,0.6362394845819963,44.617453249632305,0.4096922278339233,0.06665908115909683,1.0,True,1343.3453532286426,89.54616692556367,71.30308057455646,71.064411698611,0.06665908115909681,478371821,primary,4719689709,3719620426,0,False
498,3,0.6362394327756913,44.61747432493079,0.4096920551462399,0.06665908115909683,1.0,True,1343.3453532286426,89.54616692556367,286.1263783647371,285.1324099942067,0.06665908115909681,478371821,primary,4719689717,4719689711,0,False
498,4,0.5430080916867657,115.6717277147008,0.09892091818315416,0.06665908115909683,1.0,True,1343.3453532286426,89.54616692556367,23.679760027402146,23.59943773563193,0.06665908115909681,478371821,primary,3719620426,7128301700,0,False
498,5,0.5318433951243285,139.26930261376756,0.06170526297503052,0.06665908115909683,1.0,True,1343.3453532286426,89.54616692556367,266.18514162678645,265.2715671567347,0.06665908115909681,478371821,primary,7128301700,4720133094,0,False
499,1,0.8202690990515362,1.0622924778119809e-05,0.999999787541527,0.10134581394539104,1.0,True,882.6426791620468,89.45214074261825,89.45214074261825,89.04897226635336,0.10134581394539102,300173742,primary,3725789369,3725789405,0,False
499,2,0.6434055715818428,44.52448596054197,0.4104546959758821,0.10134581394539104,1.0,True,882.6426791620468,89.45214074261825,28.54056748957225,28.411929506288597,0.10134581394539102,300173742,primary,3725789405,3725777460,0,False
499,3,0.6434055707315318,44.524486305813916,0.4104546931415123,0.10134581394539104,1.0,True,882.6426791620468,89.45214074261825,95.09779333517025,94.66841771359938,0.10134581394539102,300173742,primary,11189778457,3725789369,0,False
499,4,0.5900287018559602,72.93641512450598,0.23253179688960704,0.10134581394539104,1.0,True,882.6426791620468,89.45214074261825,110.91156924165183,110.41345894515642,0.10134581394539102,300173742,primary,3725777460,3725789806,0,False
499,5,0.5388092468564661,139.1923690074851,0.06180028022462653,0.10134581394539104,1.0,True,882.6426791620468,89.45214074261825,6.304635454386111,6.2760976049606585,0.10134581394539102,300173742,primary,293466245,11189778457,0,False
500,1,0.998585854644201,0.1966091951708241,0.9960755370083784,0.9988159677084376,1.0,True,89.463946084689,89.35801788359413,89.35801788359413,89.463946084689,0.9988159677084376,1208491982,primary,3184375377,8145903096,0,False
500,2,0.6657503455514854,5.84728765472781,0.8896334517161958,0.9943015501831332,1.0,False,88.84881570294978,89.35801788359413,88.74104511803968,88.84881570294978,1.0057311082496223,1208785497,primary,8145903096,8138308753,0,False
500,3,0.3696571334514185,44.221211351448666,0.4129518713682842,0.22885786020466622,1.0,False,390.4520378005885,89.35801788359413,292.93183180917873,293.31224368842584,0.2288578602046662,874159869,primary,8138308753,9832455554,0,False
500,4,0.36870466569796867,44.66707762746618,0.4092858151088777,0.22959460582652672,1.0,False,389.19911712172274,89.35801788359413,292.15503222281444,292.5330167282787,0.2295946058265267,312566658,primary,9832455553,3184375377,0,False
500,5,0.2526090460363955,434.4812618811454,0.00016832309556657793,0.2627927455386276,1.0,False,340.0322855200716,89.35801788359413,106.12439266253057,106.25527619068511,0.2627927455386276,1352928435,primary,10116085882,8146129652,0,False
501,1,0.8418983569552363,2.5140092223104157e-06,0.9999999497198169,0.20949186019645574,1.0,True,426.2175510630049,89.28910762056677,89.28910762056677,88.87918684244198,0.20949186019645574,1141889032,primary,293463599,293463328,0,False
501,2,0.6652440238810243,44.439594143792945,0.4111521728057773,0.20949186019645574,1.0,True,426.2175510630049,89.28910762056677,83.2612557945535,82.87829196697687,0.20949186019645574,1141889032,primary,293463328,10593858513,0,False
501,3,0.6392495009474952,10.146662794768826,0.8163327250041661,0.971748417231227,1.0,False,86.76654900627443,89.28910762056677,87.16629275657961,86.76654900627443,1.0290729393203124,1209433713,primary,7214193059,4723475967,0,False
501,4,0.5654138826670805,127.3061122256742,0.07838503542596441,0.20949186019645574,1.0,True,426.2175510630049,89.28910762056677,80.9953282551709,80.62322678684478,0.20949186019645574,1141889032,primary,10593858513,293460223,0,False
501,5,0.5465874039130935,207.9278168501296,0.015630106246007584,0.20949186019645574,1.0,True,426.2175510630049,89.28910762056677,45.96771580108275,45.75673791308661,0.20949186019645574,1141889032,primary,293460223,293463334,0,False
502,1,0.8395562879599046,0.16347576426944715,0.9967358237594305,0.20267770416037667,1.0,True,439.7194826219355,89.12133521240253,89.12133521240253,88.85051197742007,0.20267770416037664,464650413,primary,293464966,293464962,0,False
502,2,0.664034324369522,44.377558426794835,0.41166261179148905,0.20267770416037667,1.0,True,439.7194826219355,89.12133521240253,95.35748515725601,95.09498760776935,0.20267770416037664,464650413,primary,293464970,293464966,0,False
502,3,0.6638581145827984,44.44895006753299,0.4110752458357439,0.20267770416037667,1.0,True,439.7194826219355,89.12133521240253,72.8080067503424,72.57664065019748,0.20267770416037664,464650413,primary,293464962,4597354892,0,False
502,4,0.5589871964480377,139.43141864565578,0.06150551871987491,0.20267770416037667,1.0,True,439.7194826219355,89.12133521240253,80.40772178294765,80.20666721517603,0.20267770416037664,464650413,primary,293464981,293464970,0,False
502,5,0.5442520389976534,219.55003015308398,0.012388327218593623,0.20267770416037667,1.0,True,439.7194826219355,89.12133521240253,80.16368716067669,79.9862881687966,0.20267770416037664,464650413,primary,293464989,293464981,0,False
503,1,0.8288691875874639,0.19701169865173127,0.996067518563235,0.15024466009246648,1.0,True,592.9542372542344,89.08820782665019,89.08820782665019,89.11314853051265,0.1502446600924665,26754165,primary,10578971222,10578971213,0,False
503,2,0.6531940358214595,44.52095544373072,0.4104836793432207,0.15024466009246648,1.0,True,592.9542372542344,89.08820782665019,95.81974142698189,95.86649000880422,0.1502446600924665,26754165,primary,10578971213,10578971202,0,False
503,3,0.6530688245022542,44.5718202425008,0.41006630827920315,0.15024466009246648,1.0,True,592.9542372542344,89.08820782665019,214.89208561368102,214.8728732693868,0.1502446600924665,26754165,primary,6985773024,10578971222,0,False
503,4,0.5481626617838418,140.3556136683379,0.060379099217828386,0.15024466009246648,1.0,True,592.9542372542344,89.08820782665019,92.23755962183581,92.29608311210261,0.1502446600924665,26754165,primary,10578971202,293464998,0,False
503,5,0.5329128538006126,232.57952683216467,0.009546405940397544,0.15024466009246648,1.0,True,592.9542372542344,89.08820782665019,100.7106938148192,100.80564233342811,0.1502446600924665,26754165,primary,293464998,293464993,0,False
504,1,0.8212591251192203,0.024860017537472325,0.9995029232328622,0.10704124074680815,1.0,True,831.7165889749187,89.02797563357834,89.02797563357834,88.62906193581644,0.10704124074680813,879562788,secondary,293463063,10110997385,0,False
504,2,0.6450851560812174,44.30549453402903,0.4122563597728524,0.10704124074680815,1.0,True,831.7165889749187,89.02797563357834,144.40599390338113,143.75630099285797,0.10704124074680813,746487578;746487579;879562788,secondary,10110997385,5338412716,0,False
504,3,0.6450555080182891,44.317482065750575,0.4121575328964253,0.10704124074680815,1.0,True,831.7165889749187,89.02797563357834,126.08480883515908,125.51614020434786,0.10704124074680813,879562788,secondary,293463078,293463063,0,False
504,4,0.5314564605549212,169.8193863032727,0.03349404135186519,0.10704124074680815,1.0,True,831.7165889749187,89.02797563357834,158.9703039004298,158.24526672103838,0.10704124074680813,879562788,secondary,293463119,293463078,0,False
504,5,0.5218342604623949,327.8534751976303,0.0014200410434443784,0.10704124074680815,1.0,True,831.7165889749187,89.02797563357834,212.10510682944545,211.13760692979736,0.10704124074680813,879562788,secondary,293465977,293463119,0,False
505,1,0.9352216770035047,8.50470410956597e-05,0.9999982990606247,0.6761109364265858,1.0,True,131.38247831704956,88.82913044498599,88.82913044498599,88.67053120213517,0.6761109364265858,1209009346,trunk,13108436166,3722327657,0,False
505,2,0.758825639483022,44.335199981025745,0.4120115073256826,0.6761109364265858,1.0,True,131.38247831704956,88.82913044498599,42.79102754883016,42.71194711491441,0.6761109364265858,874464057;1209009346;292410140,trunk,3722327661,13108436166,0,False
505,3,0.4359618440911485,13.995504226791912,0.7558517011569127,0.04603166872037355,1.0,False,1929.739523122488,88.82913044498599,1567.6704669611318,1567.0506046218045,0.04603166872037354,279958945;879568355;879568356;325359753;218505930;218505931;1210086508;26755786;1209009371,trunk,13519081481,8140380974,0,False
505,4,0.3371874864246775,44.33533089390908,0.41201042857480696,0.06792178926117697,1.0,False,1307.8149355491046,88.82913044498599,1308.4312809218004,1307.8149355491046,0.06792178926117695,879568354;879568357;573401034;325359754;874464058,trunk,3722327657,8182365087,0,False
505,5,0.3064535672716502,61.35551730655212,0.29313842357117254,0.09256020100149207,1.0,False,959.6903364930472,88.82913044498599,41.44032220905192,41.37448807941393,0.09256020100149205,874464056;1209009363;874464055,trunk,8140380974,11140281684,0,False
506,1,0.8399943428226717,0.14933862439857856,0.9970176834795516,0.2044451888940309,1.0,True,434.0788445460845,88.74533136812691,88.74533136812691,88.49058226392661,0.20444518889403088,272996689,secondary,2365788091,2896971932,0,True
506,2,0.8399943428226717,0.14933862439858056,0.9970176834795514,0.2044451888940309,1.0,True,434.0788445460845,88.74533136812691,88.74533136812691,88.49058226392663,0.20444518889403088,272996689,secondary,2896971932,2365788091,0,True
506,3,0.6646877733829681,44.25626638357075,0.41266245201387325,0.2044451888940309,1.0,True,434.0788445460845,88.74533136812691,346.958390847833,345.58826228215787,0.20444518889403088,272996689;286061181,secondary,2896971932,13875278624,0,True
506,4,0.6646877733829681,44.25626638357075,0.41266245201387325,0.2044451888940309,1.0,True,434.0788445460845,88.74533136812691,346.958390847833,345.5882622821579,0.20444518889403088,272996689;286061181,secondary,13875278624,2896971932,0,True
506,5,0.39679952758490133,44.226966820525774,0.4129043394695005,0.36464112872025595,1.0,False,243.37718479423154,88.74533136812691,78.24755192657219,78.06067484581312,0.364641128720256,1212991822,secondary,2365788091,4713176934,0,True
507,1,0.8399943428226717,0.14933862439857856,0.9970176834795516,0.2044451888940309,1.0,True,434.0788445460845,88.74533136812691,88.74533136812691,88.49058226392661,0.20444518889403088,272996689,secondary,2365788091,2896971932,0,True
507,2,0.8399943428226717,0.14933862439858056,0.9970176834795514,0.2044451888940309,1.0,True,434.0788445460845,88.74533136812691,88.74533136812691,88.49058226392663,0.20444518889403088,272996689,secondary,2896971932,2365788091,0,True
507,3,0.6646877733829681,44.25626638357075,0.41266245201387325,0.2044451888940309,1.0,True,434.0788445460845,88.74533136812691,346.958390847833,345.58826228215787,0.20444518889403088,272996689;286061181,secondary,2896971932,13875278624,0,True
507,4,0.6646877733829681,44.25626638357075,0.41266245201387325,0.2044451888940309,1.0,True,434.0788445460845,88.74533136812691,346.958390847833,345.5882622821579,0.20444518889403088,272996689;286061181,secondary,13875278624,2896971932,0,True
507,5,0.39679952758490133,44.226966820525774,0.4129043394695005,0.36464112872025595,1.0,False,243.37718479423154,88.74533136812691,78.24755192657219,78.06067484581312,0.364641128720256,1212991822,secondary,2365788091,4713176934,0,True
508,1,0.9985480092719154,0.20197364235876988,0.9959686748487753,0.9987870340864147,1.0,True,88.84881570294978,88.74104511803968,88.74104511803968,88.84881570294978,0.9987870340864147,1208785497,primary,8145903096,8138308753,0,False
508,2,0.6652500197939009,5.851773514746075,0.8895536398738576,0.9919196391587176,1.0,False,89.463946084689,88.74104511803968,89.35801788359413,89.463946084689,0.9919196391587176,1208491982,primary,3184375377,8145903096,0,False
508,3,0.3689831274759897,44.36589898873378,0.41175861807933234,0.22727771026095003,1.0,False,390.4520378005885,88.74104511803968,292.93183180917873,293.31224368842584,0.22727771026095006,874159869,primary,8138308753,9832455554,0,False
508,4,0.3664560326236098,45.45989775139436,0.40284719606540953,0.22800936901993477,1.0,False,389.19911712172274,88.74104511803968,292.15503222281444,292.5330167282787,0.22800936901993474,312566658,primary,9832455553,3184375377,0,False
508,5,0.25224584141084805,434.7930713166304,0.00016727666723200866,0.2609782920533922,1.0,False,340.0322855200716,88.74104511803968,106.12439266253057,106.25527619068511,0.2609782920533922,1352928435,primary,10116085882,8146129652,0,False
509,1,0.8153652444005532,2.3153670461877985e-05,0.999999536926698,0.07682691661271879,1.0,True,1154.8165883721804,88.72099773785389,88.72099773785389,88.34129374807254,0.07682691661271879,264753949,secondary,2703793345,3719506243,0,False
509,2,0.6393762992174927,44.170644075741144,0.4133697196498298,0.07682691661271879,1.0,True,1154.8165883721804,88.72099773785389,346.55664795501025,345.01530092157907,0.07682691661271879,264753949,secondary,2955625542,2703793345,0,False
509,3,0.6393762853366978,44.17064967234354,0.41336967338051317,0.07682691661271879,1.0,True,1154.8165883721804,88.72099773785389,85.06990995446638,84.71140649475949,0.07682691661271879,264753949,secondary,3719506243,8151533567,0,False
509,4,0.5381550955869323,128.87366284993882,0.07596570754796196,0.07682691661271879,1.0,True,1154.8165883721804,88.72099773785389,33.94650851944644,33.804885440903476,0.07682691661271879,264753949,secondary,8151533567,4714938952,0,False
509,5,0.5269582050379582,162.6698192863613,0.03864273905138153,0.07682691661271879,1.0,True,1154.8165883721804,88.72099773785389,103.93806754857442,103.5087184936515,0.07682691661271879,264753949,secondary,4714938952,2928864953,0,False
510,1,0.8078425929549744,0.1999694031653261,0.9960085988380136,0.04520006651785117,1.0,True,1962.4852799948158,88.70446519606946,88.70446519606946,88.39236349431634,0.045200066517851176,90617087,secondary,293464276,8099252001,0,False
510,2,0.6330565927163054,44.168360652373,0.41338859804245076,0.04520006651785117,1.0,True,1962.4852799948158,88.70446519606946,74.54337937283115,74.35057389029156,0.045200066517851176,90617087,secondary,6985772828,293464276,0,False
510,3,0.632973302889248,44.20195205152422,0.41311096528559266,0.04520006651785117,1.0,True,1962.4852799948158,88.70446519606946,147.77947755357297,147.22812855339492,0.045200066517851176,90617087,secondary,8099252001,3711678597,0,False
510,4,0.5155652927929028,191.4049344375297,0.02175093163110848,0.04520006651785117,1.0,True,1962.4852799948158,88.70446519606946,158.062135649042,157.35711141131176,0.045200066517851176,90617087,secondary,3711678597,3711673309,0,False
510,5,0.5093758835631458,339.74064002295506,0.0011195675319183856,0.04520006651785117,1.0,True,1962.4852799948158,88.70446519606946,95.37223235604064,94.94295151771928,0.045200066517851176,90617087,secondary,3711673309,3711679014,0,False
511,1,0.8106703675469109,0.002607674688888123,0.9999478478661921,0.05343006593526659,1.0,True,1659.2079422068919,88.65158975243222,88.65158975243222,88.5434805326441,0.05343006593526658,478254539,primary,4801496565,7128018274,0,False
511,2,0.6344485391127999,44.27089293638837,0.41254175308582175,0.05343006593526659,1.0,True,1659.2079422068919,88.65158975243222,134.4403488200718,134.28913796899633,0.05343006593526658,478254539,primary,7128018274,4801591614,0,False
511,3,0.6344444349498994,44.27255104368762,0.4125280725428204,0.05343006593526659,1.0,True,1659.2079422068919,88.65158975243222,47.652299059876995,47.589165175634115,0.05343006593526658,478254539,primary,8127692776,4801496565,0,False
511,4,0.5584666175815796,91.85813416544511,0.15926868131508734,0.05343006593526659,1.0,True,1659.2079422068919,88.65158975243222,270.7879475421756,270.2984737273016,0.05343006593526658,478254539,primary,5415640148,8127692776,0,False
511,5,0.5191311539926593,178.5095625642138,0.02815046935202011,0.05343006593526659,1.0,True,1659.2079422068919,88.65158975243222,45.43635494103481,45.38556964911845,0.05343006593526658,478254539,primary,4801591614,10635696781,0,False
512,1,0.8194950005729513,0.09623926525517765,0.9980770659062133,0.10035940400543625,1.0,True,882.6426791620468,88.5814932304645,88.5814932304645,88.1800838794346,0.10035940400543625,300173742,primary,3725790135,3725777494,0,False
512,2,0.6442925504843916,44.08614482163169,0.4140688989443479,0.10035940400543625,1.0,True,882.6426791620468,88.5814932304645,45.39827197145392,45.19465361295259,0.10035940400543625,300173742,primary,3725789996,3725790135,0,False
512,3,0.5703899907786324,89.27087115170481,0.1677270332584838,0.10035940400543625,1.0,True,882.6426791620468,88.5814932304645,71.8439994835778,71.52065455083088,0.10035940400543625,300173742,primary,6605237342,3725789996,0,False
512,4,0.5321085681253143,160.7911605908529,0.04012229108075671,0.10035940400543625,1.0,True,882.6426791620468,88.5814932304645,24.646539572476883,24.53561596512348,0.10035940400543625,300173742,primary,3725790040,6605237342,0,False
512,5,0.5274406318551842,185.32671231515195,0.0245625035136565,0.10035940400543625,1.0,True,882.6426791620468,88.5814932304645,131.97280249943776,131.37860221744427,0.10035940400543625,300173742,primary,3725789806,3725790040,0,False
513,1,0.815196264747692,2.4801213576677477e-05,0.9999995039758515,0.07598206777468337,1.0,True,1154.8165883721804,87.74535228502363,87.74535228502363,87.37513971039724,0.07598206777468336,264753949,secondary,2928864953,2928864946,0,False
513,2,0.640411273907278,43.68756650617867,0.4173828678411382,0.07598206777468337,1.0,True,1154.8165883721804,87.74535228502363,103.93806754857442,103.5087184936515,0.07598206777468336,264753949,secondary,4714938952,2928864953,0,False
513,3,0.6404112571333613,43.68757320423264,0.41738281192808246,0.07598206777468337,1.0,True,1154.8165883721804,87.74535228502363,61.61786616520726,61.36692464145598,0.07598206777468336,264753949,secondary,2928864946,2928864944,0,False
513,4,0.5519138860357164,105.02648717478651,0.12239157493593263,0.07598206777468337,1.0,True,1154.8165883721804,87.74535228502363,82.36634708568087,82.06072688340078,0.07598206777468336,264753949,secondary,2928864944,2928864940,0,False
513,5,0.5309980889192352,147.18332522647867,0.05267225121432836,0.07598206777468337,1.0,True,1154.8165883721804,87.74535228502363,33.94650851944644,33.804885440903476,0.07598206777468336,264753949,secondary,8151533567,4714938952,0,False
514,1,0.8196705053193487,0.22531033610576628,0.995503930994131,0.10509663010554635,1.0,True,834.8462163029267,87.73952398980363,87.73952398980363,87.33642354337067,0.10509663010554636,1069546778,secondary,10171484519,8166852641,0,False
514,2,0.6463175540881198,43.65428771892143,0.4176607602233683,0.10509663010554635,1.0,True,834.8462163029267,87.73952398980363,85.36493223265096,84.97293406071232,0.10509663010554636,1069546778,secondary,8157424469,10171484519,0,False
514,3,0.6462957163330039,43.66300278963069,0.41758796770631534,0.10509663010554635,1.0,True,834.8462163029267,87.73952398980363,70.70134577826715,70.38193186623319,0.10509663010554636,1069546778,secondary,8166852641,8166852655,0,False
514,4,0.5517732977834879,113.88816628701572,0.1025132392079287,0.10509663010554635,1.0,True,834.8462163029267,87.73952398980363,31.110341640968095,30.970285540075043,0.10509663010554636,1069546778,secondary,8166852655,9924376022,0,False
514,5,0.5439290011716786,128.61115788320566,0.0763655838352314,0.10509663010554635,1.0,True,834.8462163029267,87.73952398980363,10.920203742007219,10.870130938193594,0.10509663010554636,1069546778,secondary,8157424470,8157424469,0,False
515,1,0.817001009152388,4.647448702500781e-05,0.9999990705106915,0.08500643999590281,1.0,True,1031.6171596803688,87.69410218311297,87.69410218311297,87.41976789193873,0.08500643999590282,874459840,primary,2703784888,4720174504,0,False
515,2,0.642160303484009,43.7098710969641,0.4171967182827615,0.08500643999590281,1.0,True,1031.6171596803688,87.69410218311297,69.25517561463116,69.04175402178542,0.08500643999590282,874459840,primary,2703776376,2703784888,0,False
515,3,0.6421602391571479,43.70989679502405,0.41719650385989104,0.08500643999590281,1.0,True,1031.6171596803688,87.69410218311297,166.32513016888691,165.7979029597932,0.08500643999590282,874459840,primary,4720174504,3719620804,0,False
515,4,0.548463026815069,112.75051539320197,0.10487246271962825,0.08500643999590281,1.0,True,1031.6171596803688,87.69410218311297,28.209885181923216,28.12206014422701,0.08500643999590282,874459840,primary,4720174495,2703776376,0,False
515,5,0.5349287280830264,140.87249850119045,0.05975813361281939,0.08500643999590281,1.0,True,1031.6171596803688,87.69410218311297,52.88021154982387,52.705896632769864,0.08500643999590282,874459840,primary,4720174490,4720174495,0,False
516,1,0.8247556336910524,1.5518095708334984e-05,0.999999689638134,0.1237786339980607,1.0,True,708.4520429770272,87.69122613283182,87.69122613283182,87.2948333877865,0.1237786339980607,1069546779,secondary,293464760,293464758,0,True
516,2,0.8247556336910524,1.5518095708986153e-05,0.999999689638134,0.1237786339980607,1.0,True,708.4520429770272,87.69122613283182,87.69122613283182,87.2948333877865,0.1237786339980607,1069546779,secondary,293464758,293464760,0,True
516,3,0.6500711759777653,43.64741614217465,0.41771816392717737,0.1237786339980607,1.0,True,708.4520429770272,87.69122613283182,60.33266329020293,60.06079387707874,0.1237786339980607,1069546779,secondary,293464760,293464762,0,True
516,4,0.6500711759777653,43.64741614217465,0.41771816392717737,0.1237786339980607,1.0,True,708.4520429770272,87.69122613283182,60.33266329020293,60.06079387707874,0.1237786339980607,1069546779,secondary,293464762,293464760,0,True
516,5,0.6500711732121969,43.64741724561737,0.4177181547086161,0.1237786339980607,1.0,True,708.4520429770272,87.69122613283182,80.24271505310345,79.88306514372768,0.1237786339980607,1069546779,secondary,293464753,293464758,0,True
517,1,0.8247556336910524,1.5518095708334984e-05,0.999999689638134,0.1237786339980607,1.0,True,708.4520429770272,87.69122613283182,87.69122613283182,87.2948333877865,0.1237786339980607,1069546779,secondary,293464760,293464758,0,True
517,2,0.8247556336910524,1.5518095708986153e-05,0.999999689638134,0.1237786339980607,1.0,True,708.4520429770272,87.69122613283182,87.69122613283182,87.2948333877865,0.1237786339980607,1069546779,secondary,293464758,293464760,0,True
517,3,0.6500711759777653,43.64741614217465,0.41771816392717737,0.1237786339980607,1.0,True,708.4520429770272,87.69122613283182,60.33266329020293,60.06079387707874,0.1237786339980607,1069546779,secondary,293464760,293464762,0,True
517,4,0.6500711759777653,43.64741614217465,0.41771816392717737,0.1237786339980607,1.0,True,708.4520429770272,87.69122613283182,60.33266329020293,60.06079387707874,0.1237786339980607,1069546779,secondary,293464762,293464760,0,True
517,5,0.6500711732121969,43.64741724561737,0.4177181547086161,0.1237786339980607,1.0,True,708.4520429770272,87.69122613283182,80.24271505310345,79.88306514372768,0.1237786339980607,1069546779,secondary,293464753,293464758,0,True
518,1,0.8172531052344116,0.10301182740778277,0.9979418842824406,0.08935269974839714,1.0,True,976.0462090294071,87.21236385596588,87.21236385596588,87.05166290583661,0.08935269974839713,292410140,trunk,13108436171,13108436169,0,False
518,2,0.6435913794351396,43.485929266369844,0.4190694649515335,0.08935269974839714,1.0,True,976.0462090294071,87.21236385596588,786.6128867962552,785.2583866572334,0.08935269974839713,877786608;292410140;292410141,trunk,3725590874,13108436171,0,False
518,3,0.6434654279892593,43.53604608860995,0.41864962679859985,0.08935269974839714,1.0,True,976.0462090294071,87.21236385596588,61.13548247477992,61.024212351422754,0.08935269974839713,292410140,trunk,13108436169,3722327661,0,False
518,4,0.5549338944873041,104.55768707498234,0.12354451512541575,0.08935269974839714,1.0,True,976.0462090294071,87.21236385596588,42.79102754883016,42.71194711491441,0.08935269974839713,874464057;1209009346;292410140,trunk,3722327661,13108436166,0,False
518,5,0.45863316173618973,11.061840059149127,0.8015268553081629,0.09087552571870426,1.0,False,959.6903364930472,87.21236385596588,177.28954547579377,176.98406564346487,0.09087552571870428,874464056,trunk,11140281684,13519104254,0,False
519,1,0.9967158306607222,0.39605972131978173,0.9921100955616412,0.9954140099611497,1.0,True,86.76654900627443,87.16629275657961,87.16629275657961,86.76654900627443,1.0046071182371938,1209433713,primary,7214193059,4723475967,0,False
519,2,0.48766345457978566,9.768070256395147,0.8225373351214335,0.2045112702167781,1.0,False,426.2175510630049,87.16629275657961,89.28910762056677,88.87918684244198,0.2045112702167781,1141889032,primary,293463599,293463328,0,False
519,3,0.43252044904479703,43.3699267529306,0.42004285589767976,0.5325379613774652,1.0,False,163.68089991390445,87.16629275657961,164.43550182597903,163.68089991390445,0.5325379613774652,1141888415;1392897335,primary,4723475967,4723476603,0,False
519,4,0.38317436753649664,43.36753187605931,0.420062975397924,0.2857773745855972,1.0,False,305.0146740377139,87.16629275657961,56.46159090944553,56.20172917808056,0.2857773745855972,1141889033,primary,4721810600,7214193059,0,False
519,5,0.3686615762285123,46.121232269468216,0.3975539442106269,0.24697696482662107,1.0,False,352.93288512866263,87.16629275657961,64.306059850183,64.0114523934886,0.24697696482662107,1209433725;1249542286,primary,3714707013,293463599,0,False
520,1,0.8016258880397256,0.5098993554016419,0.9898538360489249,0.023348686125240683,1.0,True,3727.7442722503997,87.03793096793834,87.03793096793834,86.64335063656833,0.023348686125240683,865024248,primary,3724390734,3724390760,0,False
520,2,0.6308513473947681,43.303012745002235,0.4206053672324002,0.023348686125240683,1.0,True,3727.7442722503997,87.03793096793834,70.35092387073752,70.03449442321211,0.023348686125240683,865024248,primary,3724390516,3724390734,0,False
520,3,0.6308306519824836,43.3112140627694,0.4205363825247849,0.023348686125240683,1.0,True,3727.7442722503997,87.03793096793834,28.50376414898163,28.37355104500613,0.023348686125240683,865024248,primary,3724390760,3724390776,0,False
520,4,0.5762083065030608,71.67728699674174,0.23846189759337538,0.023348686125240683,1.0,True,3727.7442722503997,87.03793096793834,60.36897279670646,60.09280134023877,0.023348686125240683,865024248,primary,3724390776,11968828661,0,False
520,5,0.5357699987644962,113.32831229389097,0.10366753846482675,0.023348686125240683,1.0,True,3727.7442722503997,87.03793096793834,124.2944241184147,123.73921918270827,0.023348686125240683,865024248,primary,3724390537,3724390516,0,False
521,1,0.8468594795893147,0.1853932921619978,0.9962989998030627,0.23984889824198,1.0,True,362.41754440197116,86.92544872837664,86.92544872837664,86.53059823506788,0.23984889824197997,230574632,primary,8184439492,2534722967,0,False
521,2,0.6742708642748099,43.25569288186953,0.4210036154213797,0.23984889824198,1.0,True,362.41754440197116,86.92544872837664,81.15417079523998,80.78957841510564,0.23984889824197997,230574632,primary,2534722967,2443921877,0,False
521,3,0.5730778915872303,124.02957479586551,0.08369370646278097,0.23984889824198,1.0,True,362.41754440197116,86.92544872837664,79.79866303298277,79.43991275480602,0.23984889824197997,230574632,primary,2443921877,2390658877,0,False
521,4,0.5530963430547524,203.46734706263558,0.017088544687854545,0.23984889824198,1.0,True,362.41754440197116,86.92544872837664,80.44930316768992,80.08633883548184,0.23984889824197997,230574632,primary,2390658877,2443921783,0,False
521,5,0.5490030517847354,283.5525938242166,0.003444240454464589,0.23984889824198,1.0,True,362.41754440197116,86.92544872837664,35.73051856824703,35.57111616150976,0.23984889824197997,230574632,primary,2443921783,2390658890,0,False
522,1,0.820201896700772,0.10712855740410664,0.9978597225190727,0.10421989972525111,1.0,True,832.3105617306521,86.74332328383596,86.74332328383596,86.38768362554397,0.10421989972525109,1208988379,primary,8163267506,293461291,0,False
522,2,0.6473124850757734,43.18945843928779,0.4215616837690774,0.10421989972525111,1.0,True,832.3105617306521,86.74332328383596,113.00194714241655,112.54672756706233,0.10421989972525109,1208988379,primary,293461291,8156864966,0,False
522,3,0.6472926934830254,43.1972837636736,0.42149571179325074,0.10421989972525111,1.0,True,832.3105617306521,86.74332328383596,149.59088509342106,148.94681138488082,0.10421989972525109,1208988379,primary,4478448738,8163267506,0,False
522,4,0.534164133314203,155.72521477047928,0.0444005112305093,0.10421989972525111,1.0,True,832.3105617306521,86.74332328383596,9.038708160963349,9.003158433803662,0.10421989972525109,1208988379,primary,8156864966,6986305647,0,False
522,5,0.5319701622937199,164.72406868594794,0.03708727449556543,0.10421989972525111,1.0,True,832.3105617306521,86.74332328383596,122.22771719700162,121.77239500816975,0.10421989972525109,1208988379,primary,6986305647,293452701,0,False
523,1,0.8123026618176072,5.5178000286479214e-05,0.9999988964406032,0.06151496442713087,1.0,True,1410.0672749719495,86.74023825976083,86.74023825976083,86.85178587202283,0.061514964427130864,875119268,secondary,3184375374,8145903101,0,True
523,2,0.8123026618176072,5.5178000286479214e-05,0.9999988964406032,0.06151496442713087,1.0,True,1410.0672749719495,86.74023825976083,86.74023825976083,86.85178587202283,0.061514964427130864,875119268,secondary,8145903101,3184375374,0,True
523,3,0.638174881434189,43.42589212514113,0.41957296182920933,0.06151496442713087,1.0,True,1410.0672749719495,86.74023825976083,91.73461384815508,91.85261402090437,0.061514964427130864,875119268,secondary,6965369868,8145903101,0,True
523,4,0.638174881434189,43.42589212514113,0.41957296182920933,0.06151496442713087,1.0,True,1410.0672749719495,86.74023825976083,91.73461384815508,91.85261402090437,0.061514964427130864,875119268,secondary,8145903101,6965369868,0,True
523,5,0.6381748773513816,43.425893746951814,0.41957294821985125,0.06151496442713087,1.0,True,1410.0672749719495,86.74023825976083,191.59032172470353,191.83576556272936,0.061514964427130864,875119268,secondary,3184375374,10132690705,0,True
524,1,0.8123026618176072,5.5178000286479214e-05,0.9999988964406032,0.06151496442713087,1.0,True,1410.0672749719495,86.74023825976083,86.74023825976083,86.85178587202283,0.061514964427130864,875119268,secondary,3184375374,8145903101,0,True
524,2,0.8123026618176072,5.5178000286479214e-05,0.9999988964406032,0.06151496442713087,1.0,True,1410.0672749719495,86.74023825976083,86.74023825976083,86.85178587202283,0.061514964427130864,875119268,secondary,8145903101,3184375374,0,True
524,3,0.638174881434189,43.42589212514113,0.41957296182920933,0.06151496442713087,1.0,True,1410.0672749719495,86.74023825976083,91.73461384815508,91.85261402090437,0.061514964427130864,875119268,secondary,6965369868,8145903101,0,True
524,4,0.638174881434189,43.42589212514113,0.41957296182920933,0.06151496442713087,1.0,True,1410.0672749719495,86.74023825976083,91.73461384815508,91.85261402090437,0.061514964427130864,875119268,secondary,8145903101,6965369868,0,True
524,5,0.6381748773513816,43.425893746951814,0.41957294821985125,0.06151496442713087,1.0,True,1410.0672749719495,86.74023825976083,191.59032172470353,191.83576556272936,0.061514964427130864,875119268,secondary,3184375374,10132690705,0,True
525,1,0.8244484677399355,1.689236904235439e-05,0.9999996621526762,0.1222428454706637,1.0,True,708.4520429770272,86.60319361301676,86.60319361301676,86.21381552527471,0.12224284547066373,1069546779,secondary,293464723,293464729,0,True
525,2,0.8244484677399355,1.689236904235439e-05,0.9999996621526762,0.1222428454706637,1.0,True,708.4520429770272,86.60319361301676,86.60319361301676,86.21381552527471,0.12224284547066373,1069546779,secondary,293464729,293464723,0,True
525,3,0.651126048819219,43.106907399834455,0.42225826575028763,0.1222428454706637,1.0,True,708.4520429770272,86.60319361301676,70.02143194497546,69.70835728999225,0.12224284547066373,1069546779,secondary,293464729,293464736,0,True
525,4,0.651126048819219,43.106907399834455,0.42225826575028763,0.1222428454706637,1.0,True,708.4520429770272,86.60319361301676,70.02143194497546,69.70835728999225,0.12224284547066373,1069546779,secondary,293464736,293464729,0,True
525,5,0.651126046980844,43.106908125446864,0.4222582596223709,0.1222428454706637,1.0,True,708.4520429770272,86.60319361301676,92.40728972315024,91.99280858081252,0.12224284547066373,1069546779,secondary,293464723,8166899540,0,True
526,1,0.8244484677399355,1.689236904235439e-05,0.9999996621526762,0.1222428454706637,1.0,True,708.4520429770272,86.60319361301676,86.60319361301676,86.21381552527471,0.12224284547066373,1069546779,secondary,293464723,293464729,0,True
526,2,0.8244484677399355,1.689236904235439e-05,0.9999996621526762,0.1222428454706637,1.0,True,708.4520429770272,86.60319361301676,86.60319361301676,86.21381552527471,0.12224284547066373,1069546779,secondary,293464729,293464723,0,True
526,3,0.651126048819219,43.106907399834455,0.42225826575028763,0.1222428454706637,1.0,True,708.4520429770272,86.60319361301676,70.02143194497546,69.70835728999225,0.12224284547066373,1069546779,secondary,293464729,293464736,0,True
526,4,0.651126048819219,43.106907399834455,0.42225826575028763,0.1222428454706637,1.0,True,708.4520429770272,86.60319361301676,70.02143194497546,69.70835728999225,0.12224284547066373,1069546779,secondary,293464736,293464729,0,True
526,5,0.651126046980844,43.106908125446864,0.4222582596223709,0.1222428454706637,1.0,True,708.4520429770272,86.60319361301676,92.40728972315024,91.99280858081252,0.12224284547066373,1069546779,secondary,293464723,8166899540,0,True
527,1,0.8716164771083197,2.210037979847858e-06,0.9999999557992414,0.35808245184273607,1.0,True,241.6881809633085,86.5442964207524,86.5442964207524,86.14578608721106,0.3580824518427361,219116711,primary,12201173657,3714705892,0,False
527,2,0.6983801787995105,43.07289212527227,0.422545628103211,0.35808245184273607,1.0,True,241.6881809633085,86.5442964207524,156.26172229881945,155.54239487609743,0.3580824518427361,219116704;762822062;219116711,primary,3714706393,12201173657,0,False
527,3,0.5614110531225573,10.144474279495057,0.8163684569189018,0.5825025802344341,1.0,False,148.5732413166681,86.5442964207524,65.02905364273228,64.72976028859635,0.5825025802344341,478257595,primary,4715985581,7128063636,0,False
527,4,0.4817962858717121,24.59770337992978,0.6114304496562695,0.49183575487415604,1.0,False,175.96178310154806,86.5442964207524,84.23108841846901,83.84348102807174,0.49183575487415604,1210211832;762822066;478257595,primary,7128063636,8127682909,0,False
527,5,0.3622670816776822,43.52019530205309,0.4187823663552819,0.18316185885548808,1.0,False,472.50173677825876,86.5442964207524,288.84058233287084,287.5122765180908,0.18316185885548805,1105211172;1337725743;1337725745;1337725746;1337725749,primary,7128063639,4715985581,0,False
528,1,0.9521832059735287,0.09309854505061761,0.9981397614914175,0.7637063876305167,1.0,True,112.77919686672902,86.13019303896051,86.13019303896051,85.95780797547405,0.7637063876305167,1210207764,primary,4723479096,11012185762,0,False
528,2,0.7797620962457548,42.97157373528853,0.4234027290655049,0.7637063876305167,1.0,True,112.77919686672902,86.13019303896051,26.874408617790632,26.821388891254973,0.7637063876305167,1210207764,primary,11012185762,4716027734,0,False
528,3,0.6346955057477885,11.624256401371033,0.7925615362125649,0.9846352244200957,1.0,False,84.80682195226305,86.13019303896051,52.49488797103719,52.388960557525834,1.0156045357700396,1210205477,primary,4716027743,293460918,0,False
528,4,0.6164298116122002,15.620881876810863,0.7316758890939369,0.9846352244200957,1.0,False,84.80682195226305,86.13019303896051,32.47973803661301,32.41786139473722,1.0156045357700396,1210205477,primary,293460918,293465687,0,False
528,5,0.38645899746998214,43.534590855862845,0.41866181162884625,0.3043022699066412,1.0,False,26.20961324925287,86.13019303896051,26.261820800552655,26.20961324925287,3.286206180147116,1209433724,primary,3684490357,4716027743,0,False
529,1,0.8587985249913987,0.700755898272781,0.9860826365869391,0.3148686700765853,1.0,True,273.54126219873865,86.12957343958736,86.12957343958736,85.93664771721481,0.3148686700765853,478254536,primary,8124335699,4714962006,0,False
529,2,0.6903574796822554,42.82891623448412,0.42461248555646086,0.3148686700765853,1.0,True,273.54126219873865,86.12957343958736,187.94159050330452,187.60461448152387,0.3148686700765853,874644320;872816373;478254536,primary,2283167585,8124335699,0,False
529,3,0.4628422090665037,8.626443439228563,0.8415339943975062,0.051910053736258926,1.0,False,1659.2079422068919,86.12957343958736,359.10287530431435,358.3824285602907,0.05191005373625893,762822065;478254538;478254539,primary,11937077582,4714962031,0,False
529,4,0.3428994994973359,42.97936519368392,0.4233367557109648,0.07949236392023232,1.0,False,1083.4949319913956,86.12957343958736,25.920451361542135,25.815957893662933,0.0794923639202323,478257594,primary,4714962006,11937077581,0,False
529,5,0.29306919545792776,67.88811647653836,0.257235742246271,0.07949236392023232,1.0,False,1083.4949319913956,86.12957343958736,12.525842238223227,12.473889038330409,0.0794923639202323,478257594,primary,11937077581,293463605,0,False
530,1,0.8319797943685066,5.48823701059101e-05,0.9999989023532003,0.1599006183127322,1.0,True,536.0310683497349,85.71169926395703,85.71169926395703,85.80195127260522,0.1599006183127322,367932805,secondary,293463308,10718627259,0,True
530,2,0.8319797943685066,5.488237010723509e-05,0.9999989023532003,0.1599006183127322,1.0,True,536.0310683497349,85.71169926395703,85.71169926395703,85.80195127260522,0.1599006183127322,367932805,secondary,10718627259,293463308,0,True
530,3,0.6591804372734646,42.90096791292895,0.4240010453697272,0.1599006183127322,1.0,True,536.0310683497349,85.71169926395703,13.060105929569636,13.073850706475483,0.1599006183127322,367932805,secondary,10718627259,10718627261,0,True
530,4,0.6591804372734646,42.90096791292895,0.4240010453697272,0.1599006183127322,1.0,True,536.0310683497349,85.71169926395703,13.060105929569636,13.073850706475483,0.1599006183127322,367932805,secondary,10718627261,10718627259,0,True
530,5,0.6591803979766699,42.90098335974648,0.4240009143804118,0.1599006183127322,1.0,True,536.0310683497349,85.71169926395703,19.006142666087875,19.02497389255323,0.1599006183127322,367932805,secondary,293463308,3714709084,0,True
531,1,0.8319797943685066,5.48823701059101e-05,0.9999989023532003,0.1599006183127322,1.0,True,536.0310683497349,85.71169926395703,85.71169926395703,85.80195127260522,0.1599006183127322,367932805,secondary,293463308,10718627259,0,True
531,2,0.8319797943685066,5.488237010723509e-05,0.9999989023532003,0.1599006183127322,1.0,True,536.0310683497349,85.71169926395703,85.71169926395703,85.80195127260522,0.1599006183127322,367932805,secondary,10718627259,293463308,0,True
531,3,0.6591804372734646,42.90096791292895,0.4240010453697272,0.1599006183127322,1.0,True,536.0310683497349,85.71169926395703,13.060105929569636,13.073850706475483,0.1599006183127322,367932805,secondary,10718627259,10718627261,0,True
531,4,0.6591804372734646,42.90096791292895,0.4240010453697272,0.1599006183127322,1.0,True,536.0310683497349,85.71169926395703,13.060105929569636,13.073850706475483,0.1599006183127322,367932805,secondary,10718627261,10718627259,0,True
531,5,0.6591803979766699,42.90098335974648,0.4240009143804118,0.1599006183127322,1.0,True,536.0310683497349,85.71169926395703,19.006142666087875,19.02497389255323,0.1599006183127322,367932805,secondary,293463308,3714709084,0,True
532,1,0.8207245445185416,0.0042344401718035635,0.9999153147825595,0.10374975041886852,1.0,True,825.731541897677,85.66944138487148,85.66944138487148,85.27569717497525,0.10374975041886854,466839445,secondary,293464865,8153698620,0,False
532,2,0.6486215036594711,42.63781011286536,0.42623851191899115,0.10374975041886852,1.0,True,825.731541897677,85.66944138487148,39.599867396923614,39.41781757992716,0.10374975041886854,466839445,secondary,293464864,293464865,0,False
532,3,0.5788919177370557,82.04473683662204,0.1938065588442735,0.10374975041886852,1.0,True,825.731541897677,85.66944138487148,37.18108726611544,37.01035507075387,0.10374975041886854,466839445,secondary,293464863,293464864,0,False
532,4,0.5484940768952336,119.0379151648952,0.09248042270486619,0.10374975041886852,1.0,True,825.731541897677,85.66944138487148,37.75943136871177,37.58722519315556,0.10374975041886854,466839445,secondary,293464856,293464863,0,False
532,5,0.5338528449482218,156.54746434215429,0.04367631621482703,0.10374975041886852,1.0,True,825.731541897677,85.66944138487148,44.954322652876904,44.75035461269663,0.10374975041886854,466839445,secondary,293464846,293464856,0,False
533,1,0.8043102315368411,0.06285032457072705,0.9987437832103238,0.02343548286871994,1.0,True,3647.786873447907,85.4876467814299,85.4876467814299,85.2862409258465,0.02343548286871994,478811049,trunk,11936495262,8105566319,0,False
533,2,0.632564640219019,42.635467946404596,0.4262584788175835,0.02343548286871994,1.0,True,3647.786873447907,85.4876467814299,1080.1658401252282,1076.5569423782376,0.02343548286871994,478811049,trunk,8105566319,10603648617,0,False
533,3,0.6325289437865376,42.64942716654573,0.4261394907093116,0.02343548286871994,1.0,True,3647.786873447907,85.4876467814299,50.53626375033094,50.406386492973134,0.02343548286871994,478811049,trunk,8105597812,11936495262,0,False
533,4,0.5513601136337545,93.03081350578312,0.15557672353336835,0.02343548286871994,1.0,True,3647.786873447907,85.4876467814299,353.6750166874374,352.45124806240295,0.02343548286871994,478811049,trunk,8105607829,8105597812,0,False
533,5,0.5047291400254956,443.64170523174687,0.00014014483917197567,0.02343548286871994,1.0,True,3647.786873447907,85.4876467814299,1277.1611518246045,1271.804177031116,0.02343548286871994,478811049,trunk,4593969312,8105607829,0,False
534,1,0.8488168073879745,0.026605242559024453,0.9994680366914995,0.24488198190262273,1.0,True,348.8000379178088,85.41484457302298,85.41484457302298,85.43958124346477,0.2448819819026227,1238285689,secondary,3706277268,3706276768,0,False
534,2,0.6766305186315934,42.72290190507091,0.4255137408368962,0.24488198190262273,1.0,True,348.8000379178088,85.41484457302298,159.92789645403872,159.9981919214608,0.2448819819026227,1238285689,secondary,8124118501,3706277268,0,False
534,3,0.5542034781865351,202.49646621929136,0.01742360602003528,0.24488198190262273,1.0,True,348.8000379178088,85.41484457302298,103.30459683906756,103.36226475288323,0.2448819819026227,1238285688;1238285689,secondary,3718134122,8124118501,0,False
534,4,0.48904630075658423,6.132231486352488,0.8845779594225182,0.1183645646491437,1.0,False,721.6251318645043,85.41484457302298,356.6585202650833,356.8328341609024,0.11836456464914372,369195862,secondary,7243112626,1051626824,0,False
534,5,0.39075624475142123,283.3210798516527,0.0034602252286932106,0.9485908859140662,1.0,False,81.02374308373614,85.41484457302298,81.04911381090974,81.02374308373614,1.0541952435442132,369195863,secondary,1051626824,3730052120,0,False
535,1,0.8201635301917536,0.04784397762625421,0.9990435781107261,0.10225228379267878,1.0,True,834.8462163029267,85.36493223265096,85.36493223265096,84.97293406071232,0.10225228379267878,1069546778,secondary,8157424469,10171484519,0,False
535,2,0.6487145284624611,42.48456378679556,0.4275469056797514,0.10225228379267878,1.0,True,834.8462163029267,85.36493223265096,87.73952398980363,87.33642354337067,0.10225228379267878,1069546778,secondary,10171484519,8166852641,0,False
535,3,0.6487122155944257,42.48546539893756,0.4275391961196332,0.10225228379267878,1.0,True,834.8462163029267,85.36493223265096,10.920203742007219,10.870130938193594,0.10225228379267878,1069546778,secondary,8157424470,8157424469,0,False
535,4,0.5428324686547931,129.77624393752427,0.07460670632085767,0.10225228379267878,1.0,True,834.8462163029267,85.36493223265096,70.70134577826715,70.38193186623319,0.10225228379267878,1069546778,secondary,8166852641,8166852655,0,False
535,5,0.5259656035013797,199.81421071773894,0.018383822476146425,0.10225228379267878,1.0,True,834.8462163029267,85.36493223265096,31.110341640968095,30.970285540075043,0.10225228379267878,1069546778,secondary,8166852655,9924376022,0,False
536,1,0.8190735264082545,0.1838624773162462,0.9963295032560058,0.10087337715726392,1.0,True,844.2607294350785,85.16343097937141,85.16343097937141,84.78049802037891,0.10087337715726391,880027168;880027169;1069546779,secondary,293464703,8166852630,0,True
536,2,0.8190735264082545,0.18386247731624664,0.9963295032560058,0.10087337715726392,1.0,True,844.2607294350785,85.16343097937141,85.16343097937141,84.78049802037891,0.10087337715726391,880027168;880027169;1069546779,secondary,8166852630,293464703,0,True
536,3,0.7057486584426524,42.379393663826285,0.42844715535443606,0.38607255918160815,1.0,True,220.58918447843018,85.16343097937141,11.749603266894843,11.698807680133784,0.38607255918160815,880027169,secondary,293464690,8166852630,0,True
536,4,0.7057486584426524,42.379393663826285,0.42844715535443606,0.38607255918160815,1.0,True,220.58918447843018,85.16343097937141,11.749603266894843,11.698807680133784,0.38607255918160815,880027169,secondary,8166852630,293464690,0,True
536,5,0.6790287415370939,54.03162996788069,0.3393807656692409,0.38607255918160815,1.0,True,220.58918447843018,85.16343097937141,104.39855419484648,103.9290466341092,0.38607255918160815,880027169,secondary,293464690,8166899537,0,True
537,1,0.8190735264169446,0.18386247586255924,0.9963295032849728,0.10087337715726392,1.0,True,844.2607294350785,85.16343097937141,85.16343097937141,84.78049802037891,0.10087337715726391,880027168;880027169;1069546779,secondary,293464703,8166852630,0,True
537,2,0.8190735264169446,0.18386247586255924,0.9963295032849728,0.10087337715726392,1.0,True,844.2607294350785,85.16343097937141,85.16343097937141,84.78049802037891,0.10087337715726391,880027168;880027169;1069546779,secondary,8166852630,293464703,0,True
537,3,0.70574865844065,42.37939366460521,0.4284471553477615,0.38607255918160815,1.0,True,220.58918447843018,85.16343097937141,11.749603266894843,11.698807680133784,0.38607255918160815,880027169,secondary,293464690,8166852630,0,True
537,4,0.70574865844065,42.37939366460521,0.4284471553477615,0.38607255918160815,1.0,True,220.58918447843018,85.16343097937141,11.749603266894843,11.698807680133784,0.38607255918160815,880027169,secondary,8166852630,293464690,0,True
537,5,0.6790287415355718,54.031629968628216,0.339380765664167,0.38607255918160815,1.0,True,220.58918447843018,85.16343097937141,104.39855419484648,103.9290466341092,0.38607255918160815,880027169,secondary,293464690,8166899537,0,True
538,1,0.8146246632452026,0.01806937677863483,0.9996386777570372,0.07366529959045723,1.0,True,1154.8165883721804,85.06990995446638,85.06990995446638,84.71140649475949,0.07366529959045721,264753949,secondary,3719506243,8151533567,0,False
538,2,0.6433325995025484,42.35396215366335,0.42866513194818984,0.07366529959045723,1.0,True,1154.8165883721804,85.06990995446638,33.94650851944644,33.804885440903476,0.07366529959045721,264753949,secondary,8151533567,4714938952,0,False
538,3,0.6433244788980723,42.35711957588542,0.42863806326660264,0.07366529959045723,1.0,True,1154.8165883721804,85.06990995446638,88.72099773785389,88.34129374807254,0.07366529959045721,264753949,secondary,2703793345,3719506243,0,False
538,4,0.5801434040305564,76.15510309214224,0.21803448037488307,0.07366529959045723,1.0,True,1154.8165883721804,85.06990995446638,103.93806754857442,103.5087184936515,0.07366529959045721,264753949,secondary,4714938952,2928864953,0,False
538,5,0.5367091417540435,130.69139009958744,0.07325360611984003,0.07366529959045723,1.0,True,1154.8165883721804,85.06990995446638,346.55664795501025,345.01530092157907,0.07366529959045721,264753949,secondary,2955625542,2703793345,0,False
539,1,0.8140342756972792,6.613331661156765e-06,0.9999998677333756,0.07017157688633231,1.0,True,1210.5517918520952,84.94632813683664,84.94632813683664,84.55600727901778,0.0701715768863323,1141889036,primary,8145212885,293463370,0,False
539,2,0.6428293704182704,42.27800271308749,0.4293168501366797,0.07017157688633231,1.0,True,1210.5517918520952,84.94632813683664,67.53572053080278,67.22504337165755,0.0701715768863323,1141889036,primary,293463358,8145212885,0,False
539,3,0.642829365645528,42.278004565931326,0.42931683422753836,0.07017157688633231,1.0,True,1210.5517918520952,84.94632813683664,148.13991025918412,147.4838569968509,0.0701715768863323,1141889036,primary,293463370,293463385,0,False
539,4,0.5476100881639152,109.49888578917987,0.11191924262216253,0.07017157688633231,1.0,True,1210.5517918520952,84.94632813683664,82.33743447059629,81.95929055506704,0.0701715768863323,1141889036,primary,293463350,293463358,0,False
539,5,0.5209574619032985,188.4456054038914,0.02307715508677347,0.07017157688633231,1.0,True,1210.5517918520952,84.94632813683664,63.938236476486495,63.73931074934595,0.0701715768863323,1141889036,primary,293463385,9923995138,0,False
540,1,0.8099182700108232,0.1705948178734267,0.9965939175468826,0.05470047373379168,1.0,True,1547.913794265329,84.67161784538443,84.67161784538443,84.28615204481639,0.05470047373379167,464650412,primary,12525781148,6949998010,0,False
540,2,0.6402441942468822,42.080774202180415,0.4310136650004127,0.05470047373379168,1.0,True,1547.913794265329,84.67161784538443,127.211601170194,126.6347050751721,0.05470047373379167,464650412,primary,6949998010,4601752551,0,False
540,3,0.6401680747222769,42.11021717380669,0.4307599332517285,0.05470047373379168,1.0,True,1547.913794265329,84.67161784538443,216.19804967540165,215.20992432613005,0.05470047373379167,464650412,primary,3719506256,12525781148,0,False
540,4,0.521214825760247,168.70474466762346,0.034249103378295516,0.05470047373379168,1.0,True,1547.913794265329,84.67161784538443,1012.1732372373798,1007.7140584691377,0.05470047373379167,464650412,primary,4601752551,2277623696,0,False
540,5,0.5126947034301361,257.07683075173486,0.005848695611259483,0.05470047373379168,1.0,True,1547.913794265329,84.67161784538443,45.29360314478454,45.08668185349089,0.05470047373379167,464650412,primary,8153654914,3719506256,0,False
541,1,0.8551319887270386,0.039053490303005575,0.9992192351495585,0.2768310909108554,1.0,True,305.0146740377139,84.43754495767931,84.43754495767931,84.04954217891225,0.2768310909108554,1141889033,primary,4721810599,4721810602,0,False
541,2,0.6848278620221511,42.01989119761861,0.4315388127999336,0.2768310909108554,1.0,True,305.0146740377139,84.43754495767931,57.48961486459599,57.22496078373413,0.2768310909108554,1141889033,primary,4723477971,4721810599,0,False
541,3,0.6848172533556245,42.02398858928482,0.4315034505781779,0.2768310909108554,1.0,True,305.0146740377139,84.43754495767931,56.13566769763774,55.87779758251175,0.2768310909108554,1141889033,primary,4721810602,4721810601,0,False
541,4,0.5977077972041405,97.90064578931842,0.14113859673989804,0.2768310909108554,1.0,True,305.0146740377139,84.43754495767931,51.89901280093671,51.660644314475235,0.2768310909108554,1141889033,primary,4721810601,4721810600,0,False
541,5,0.5704355144880545,149.55615790695015,0.050230987686278164,0.2768310909108554,1.0,True,305.0146740377139,84.43754495767931,56.46159090944553,56.20172917808056,0.2768310909108554,1141889033,primary,4721810600,7214193059,0,False
542,1,0.8128885412319031,0.09898781829784553,0.9980222020590627,0.06740940307092166,1.0,True,1252.4763532371464,84.42868333216086,84.42868333216086,84.13574670156572,0.06740940307092166,466615091,primary,4720203899,4720203904,0,False
542,2,0.6428624852476568,42.05119953682272,0.4312686821115745,0.06740940307092166,1.0,True,1252.4763532371464,84.42868333216086,185.0299778788576,184.42512705922866,0.06740940307092166,466615091,primary,4720203904,12558344054,0,False
542,3,0.6428037730770924,42.073894397611205,0.4310729748763599,0.06740940307092166,1.0,True,1252.4763532371464,84.42868333216086,27.606383133795184,27.51828403742624,0.06740940307092166,466615091,primary,2283167624,4720203899,0,False
542,4,0.5167257360717723,226.350994812141,0.010812851525293357,0.06740940307092166,1.0,True,1252.4763532371464,84.42868333216086,148.55381567814263,148.08092182828761,0.06740940307092166,466615091,primary,12558344054,7127914070,0,False
542,5,0.5136499687006242,374.35247937989175,0.000560293621466358,0.06740940307092166,1.0,True,1252.4763532371464,84.42868333216086,258.3747870725,257.5489753051012,0.06740940307092166,466615091,primary,7127914070,8151563205,0,False
543,1,0.8697130884428219,0.046323336143058745,0.9990739623149265,0.3499544987417203,1.0,True,240.69154339014443,84.23108841846901,84.23108841846901,83.84348102807174,0.3499544987417203,1210211832;762822066;478257595,primary,7128063636,8127682909,0,False
543,2,0.7431029767271708,41.92161403752273,0.4323878551211311,0.5669331009541576,1.0,True,148.5732413166681,84.23108841846901,65.02905364273228,64.72976028859635,0.5669331009541576,478257595,primary,4715985581,7128063636,0,False
543,3,0.7254554113049463,41.92118226545768,0.4323915889971951,0.47868967302893833,1.0,True,175.96178310154806,84.23108841846901,20.150820718494145,20.058052872351887,0.47868967302893833,1210211832,primary,8127682909,7128063637,0,False
543,4,0.6825901482959448,61.97872468167508,0.2895073789671904,0.47868967302893833,1.0,True,175.96178310154806,84.23108841846901,72.39355995644307,72.06024920112446,0.47868967302893833,1210211832,primary,7128063637,7128134805,0,False
543,5,0.5066659536193194,11.793781424827369,0.7898789062511415,0.34851140871988445,1.0,False,241.6881809633085,84.23108841846901,156.26172229881945,155.54239487609743,0.3485114087198845,219116704;762822062;219116711,primary,3714706393,12201173657,0,False
544,1,0.8429479026112201,5.47806497294097e-05,0.9999989043876056,0.21474115647469216,1.0,True,391.6526074752279,84.10393386555911,84.10393386555911,84.15690955018228,0.2147411564746922,776295454,secondary,3706277440,3706277449,0,True
544,2,0.8429479026112201,5.47806497294097e-05,0.9999989043876056,0.21474115647469216,1.0,True,391.6526074752279,84.10393386555911,84.10393386555911,84.15690955018228,0.2147411564746922,776295454,secondary,3706277449,3706277440,0,True
544,3,0.67225836218329,42.07844200715004,0.431033769627839,0.21474115647469216,1.0,True,391.6526074752279,84.10393386555911,3.2128236294972847,3.2141069414986583,0.2147411564746922,776295454,secondary,2583312029,3706277449,0,True
544,4,0.67225836218329,42.07844200715004,0.431033769627839,0.21474115647469216,1.0,True,391.6526074752279,84.10393386555911,3.2128236294972847,3.2141069414986583,0.2147411564746922,776295454,secondary,3706277449,2583312029,0,True
544,5,0.6722582961421573,42.07846754310355,0.43103354949072914,0.21474115647469216,1.0,True,391.6526074752279,84.10393386555911,31.23123327794051,31.25066671064865,0.2147411564746922,776295454,secondary,1051626722,3706277440,0,True
545,1,0.8429479026112201,5.47806497294097e-05,0.9999989043876056,0.21474115647469216,1.0,True,391.6526074752279,84.10393386555911,84.10393386555911,84.15690955018228,0.2147411564746922,776295454,secondary,3706277440,3706277449,0,True
545,2,0.8429479026112201,5.47806497294097e-05,0.9999989043876056,0.21474115647469216,1.0,True,391.6526074752279,84.10393386555911,84.10393386555911,84.15690955018228,0.2147411564746922,776295454,secondary,3706277449,3706277440,0,True
545,3,0.67225836218329,42.07844200715004,0.431033769627839,0.21474115647469216,1.0,True,391.6526074752279,84.10393386555911,3.2128236294972847,3.2141069414986583,0.2147411564746922,776295454,secondary,2583312029,3706277449,0,True
545,4,0.67225836218329,42.07844200715004,0.431033769627839,0.21474115647469216,1.0,True,391.6526074752279,84.10393386555911,3.2128236294972847,3.2141069414986583,0.2147411564746922,776295454,secondary,3706277449,2583312029,0,True
545,5,0.6722582961421573,42.07846754310355,0.43103354949072914,0.21474115647469216,1.0,True,391.6526074752279,84.10393386555911,31.23123327794051,31.25066671064865,0.2147411564746922,776295454,secondary,1051626722,3706277440,0,True
546,1,0.8125010157563435,4.0325634975439387e-05,0.9999991934876257,0.06250628855027865,1.0,True,1343.3453532286426,83.96753227158553,83.96753227158553,83.68899069022477,0.06250628855027865,478371821,primary,4720132984,3719620476,0,False
546,2,0.6424178668634417,41.84448490400762,0.43305536384461985,0.06250628855027865,1.0,True,1343.3453532286426,83.96753227158553,150.40834068451002,149.8994257413289,0.06250628855027865,478371821,primary,3719620476,3719620498,0,False
546,3,0.6424178126044349,41.844505786256015,0.4330551829812641,0.06250628855027865,1.0,True,1343.3453532286426,83.96753227158553,98.05232146363187,97.71682722269598,0.06250628855027865,478371821,primary,4720133094,4720132984,0,False
546,4,0.5309075952368891,139.55437192688865,0.06135445842277792,0.06250628855027865,1.0,True,1343.3453532286426,83.96753227158553,266.18514162678645,265.2715671567347,0.06250628855027865,478371821,primary,7128301700,4720133094,0,False
546,5,0.5189828496565458,191.74081618547422,0.02160530648830048,0.06250628855027865,1.0,True,1343.3453532286426,83.96753227158553,121.44023393798912,120.99127150943823,0.06250628855027865,478371821,primary,3719620498,2283167617,0,False
547,1,0.8169601244108124,1.3300553504831918,0.973749585949431,0.12417624312991608,1.0,True,676.0280690530503,83.94662586537927,83.94662586537927,83.93282950266178,0.12417624312991608,196857002;1393752820,trunk,2277412721,2277412722,0,False
547,2,0.6545605436407127,41.91816876250994,0.43241765004909816,0.12417624312991608,1.0,True,676.0280690530503,83.94662586537927,593.829930247831,592.0952395503886,0.12417624312991608,1213505657;196857002;44947105;742084228,trunk,2277412722,569909654,0,False
547,3,0.43553323607525185,16.10029452491014,0.724693921509088,0.09062529811262725,1.0,False,926.304548659825,83.94662586537927,762.8027211582153,761.2978280729528,0.09062529811262726,842470001;196857001;1286989884,trunk,11936490107,2277412722,0,False
547,4,0.35934561019716976,36.450641438238904,0.48238495167235346,0.07315062347731861,1.0,False,1147.5859244235712,83.94662586537927,560.469059085779,558.6984762116481,0.07315062347731861,464264129;1210250340;1393752818;762847156;1393752821,trunk,12901379743,12901379734,0,False
547,5,0.29209775511700725,67.696114876311,0.2582254347384784,0.07315062347731861,1.0,False,1147.5859244235712,83.94662586537927,590.0031819087746,588.8874482119232,0.07315062347731861,877786609;1393752818;464264627,trunk,12901379734,8167025453,0,False
548,1,0.8168613587363671,1.749097960308874e-05,0.9999996501804691,0.08430731841113216,1.0,True,993.1015644652255,83.72572980996324,83.72572980996324,83.35143827404781,0.08430731841113215,746487577,secondary,2704039246,2704039245,0,False
548,2,0.6472173235966683,41.67571900277623,0.4345195330481397,0.08430731841113216,1.0,True,993.1015644652255,83.72572980996324,52.43746632909585,52.201616504108,0.08430731841113215,746487577,secondary,2704039245,2704039244,0,False
548,3,0.6472173228966505,41.675719271278915,0.43451953071474647,0.08430731841113216,1.0,True,993.1015644652255,83.72572980996324,122.46931259961792,121.91518949261406,0.08430731841113215,746487577,secondary,2704039247,2704039246,0,False
548,4,0.5627539119469386,93.87409484744123,0.15297482754904046,0.08430731841113216,1.0,True,993.1015644652255,83.72572980996324,225.7917915252612,224.77060623678193,0.08430731841113215,746487577,secondary,2704039244,2704039243,0,False
548,5,0.5282471982471029,163.57106284055465,0.03795244854958824,0.08430731841113216,1.0,True,993.1015644652255,83.72572980996324,81.88778201659792,81.51906020121501,0.08430731841113215,746487577,secondary,2704039248,2704039247,0,False
549,1,0.809736205679652,0.16712154662586842,0.9966631487714291,0.05368630524111663,1.0,True,1553.7387899964133,83.41449494471067,83.41449494471067,83.03055291868716,0.05368630524111664,1141889032;1141889036,primary,8145212878,293463346,0,False
549,2,0.669920635434146,41.5137220995574,0.43592963250692546,0.19570872841034193,1.0,True,426.2175510630049,83.41449494471067,45.25789915597326,45.04955463496749,0.19570872841034193,1141889032,primary,293463334,8145212878,0,False
549,3,0.6445645346476465,41.51203619990613,0.43594433142704153,0.06890617609767019,1.0,True,1210.5517918520952,83.41449494471067,36.90727356407877,36.73777549510901,0.06890617609767019,1141889036,primary,293463346,293463347,0,False
549,4,0.5922603143034024,86.56279579928007,0.17706189540444675,0.19570872841034193,1.0,True,426.2175510630049,83.41449494471067,45.96771580108275,45.75673791308661,0.19570872841034193,1141889032,primary,293460223,293463334,0,False
549,5,0.5765214806677594,78.23896798761842,0.20913415149408435,0.06890617609767019,1.0,True,1210.5517918520952,83.41449494471067,142.15806816515317,141.50369384080167,0.06890617609767019,1141889036,primary,293463347,293463349,0,False
550,1,0.8384661583677384,0.10071482883043248,0.997987730757295,0.19534919570274933,1.0,True,426.2175510630049,83.2612557945535,83.2612557945535,82.87829196697687,0.19534919570274933,1141889032,primary,293463328,10593858513,0,False
550,2,0.6700530842021413,41.43565299640925,0.43661081687197123,0.19534919570274933,1.0,True,426.2175510630049,83.2612557945535,80.9953282551709,80.62322678684478,0.19534919570274933,1141889032,primary,10593858513,293460223,0,False
550,3,0.6700446636657327,41.438867456045806,0.43658274841727573,0.19534919570274933,1.0,True,426.2175510630049,83.2612557945535,89.28910762056677,88.87918684244198,0.19534919570274933,1141889032,primary,293463599,293463328,0,False
550,4,0.5651881008883382,122.05738605844263,0.08706087249262784,0.19534919570274933,1.0,True,426.2175510630049,83.2612557945535,45.96771580108275,45.75673791308661,0.19534919570274933,1141889032,primary,293460223,293463334,0,False
550,5,0.5495297115697513,167.81181060774264,0.03486624143067118,0.19534919570274933,1.0,True,426.2175510630049,83.2612557945535,45.25789915597326,45.04955463496749,0.19534919570274933,1141889032,primary,293463334,8145212878,0,False
551,1,0.8044524670677642,3.7441881906242974e-06,0.999999925116239,0.022262447664462535,1.0,True,3727.7442722503997,82.9887117674745,82.9887117674745,82.6107414027799,0.022262447664462535,865024248,primary,3724390916,8062776435,0,False
551,2,0.6357774768328365,41.30537022616255,0.4377499576664799,0.022262447664462535,1.0,True,3727.7442722503997,82.9887117674745,139.57815266055462,138.94410732676502,0.022262447664462535,865024248,primary,3724390901,3724390916,0,False
551,3,0.6357774743364664,41.30537117661769,0.437749949345246,0.022262447664462535,1.0,True,3727.7442722503997,82.9887117674745,180.8273791077356,180.01021298189713,0.022262447664462535,865024248,primary,8062776435,8064752282,0,False
551,4,0.5126098641796057,180.24300459596205,0.027191248822377466,0.022262447664462535,1.0,True,3727.7442722503997,82.9887117674745,33.966046244900106,33.81204638520378,0.022262447664462535,865024248,primary,3724390894,3724390901,0,False
551,5,0.5086009027441617,214.05282861308285,0.013828044037563839,0.022262447664462535,1.0,True,3727.7442722503997,82.9887117674745,35.5729793122009,35.411688152367724,0.022262447664462535,865024248,primary,3724390889,3724390894,0,False
552,1,0.8115175381806101,0.20142688123087282,0.9959795660474442,0.06361834183188397,1.0,True,1298.633364364262,82.61690128841516,82.61690128841516,82.27689912563628,0.06361834183188399,1208791971,primary,3725763954,3726944828,0,False
552,2,0.6445346374519745,41.12068154093349,0.4393698969519921,0.06361834183188397,1.0,True,1298.633364364262,82.61690128841516,16.08064937044018,16.01183187676967,0.06361834183188399,1208791971,primary,293458410,3725763954,0,False
552,3,0.6444807436573963,41.14112931390111,0.4391902509700647,0.06361834183188397,1.0,True,1298.633364364262,82.61690128841516,40.734421765480924,40.57280156608767,0.06361834183188399,1208791971,primary,3726944828,11433519728,0,False
552,4,0.5712869118149773,81.68376098890239,0.19521081149533476,0.06361834183188397,1.0,True,1298.633364364262,82.61690128841516,36.046170113738455,35.900285664547795,0.06361834183188399,1208791971,primary,11433519728,3726944830,0,False
552,5,0.5412888118099253,117.57976304191564,0.09521714481182844,0.06361834183188397,1.0,True,1298.633364364262,82.61690128841516,54.313653197675016,54.09658884387275,0.06361834183188399,1208791971,primary,3726944830,3726939999,0,False
553,1,0.8142646375793448,3.3095221925271814e-05,0.9999993380957806,0.07132418075305254,1.0,True,1154.8165883721804,82.36634708568087,82.36634708568087,82.06072688340078,0.07132418075305255,264753949,secondary,2928864944,2928864940,0,False
553,2,0.6463141376073887,41.030356295868664,0.4401643381892602,0.07132418075305254,1.0,True,1154.8165883721804,82.36634708568087,61.61786616520726,61.36692464145598,0.07132418075305255,264753949,secondary,2928864946,2928864944,0,False
553,3,0.64631409986324,41.03037058755881,0.4401642123754315,0.07132418075305254,1.0,True,1154.8165883721804,82.36634708568087,69.92228678623202,69.65473994767741,0.07132418075305255,264753949,secondary,2928864940,2928864938,0,False
553,4,0.5530512719639638,102.28559407940025,0.12928811937784415,0.07132418075305254,1.0,True,1154.8165883721804,82.36634708568087,87.74535228502363,87.37513971039724,0.07132418075305255,264753949,secondary,2928864953,2928864946,0,False
553,5,0.5470601933699097,110.67477587385456,0.10931785739766404,0.07132418075305254,1.0,True,1154.8165883721804,82.36634708568087,68.21729022284364,67.95627574390093,0.07132418075305255,264753949,secondary,2928864938,1051669370,0,False
554,1,0.8128548093921608,0.12490261856847976,0.9975050651649922,0.06801644921331564,1.0,True,1210.5517918520952,82.33743447059629,82.33743447059629,81.95929055506704,0.06801644921331565,1141889036,primary,293463350,293463358,0,False
554,2,0.6457916015236176,40.977748252922034,0.4406277056031817,0.06801644921331564,1.0,True,1210.5517918520952,82.33743447059629,67.53572053080278,67.22504337165755,0.06801644921331565,1141889036,primary,293463358,8145212885,0,False
554,3,0.6457864513455025,40.97969633682598,0.4406105383427982,0.06801644921331564,1.0,True,1210.5517918520952,82.33743447059629,54.269146129659944,54.01938774651838,0.06801644921331565,1141889036,primary,11010006278,293463350,0,False
554,4,0.6223144374440926,11.995964214080981,0.7866913568619773,0.9315351519274971,1.0,False,76.70021452888726,82.33743447059629,77.05379378989358,76.70021452888726,1.0734967949742293,1141889037,primary,4723212636,4723476352,0,False
554,5,0.5584805196582283,94.99259697994468,0.14959076605188384,0.06801644921331564,1.0,True,1210.5517918520952,82.33743447059629,54.12460843619098,53.87551256286032,0.06801644921331565,1141889036,primary,293463349,11010006278,0,False
555,1,0.819744531356341,5.4750740025398405e-05,0.999998904985799,0.09872429930300665,1.0,True,831.7759311019269,82.11649597514368,82.11649597514368,82.06116114619014,0.09872429930300666,279088743,primary,293464902,293464897,0,False
555,2,0.651793612641921,41.03056405031801,0.44016250927106576,0.09872429930300665,1.0,True,831.7759311019269,82.11649597514368,49.21670179247403,49.18130058018282,0.09872429930300666,279088743,primary,293464897,293464896,0,False
555,3,0.6517935253692728,41.03059709594518,0.4401622183622384,0.09872429930300665,1.0,True,831.7759311019269,82.11649597514368,67.13933422814407,67.09060171426869,0.09872429930300666,279088743,primary,293464907,293464902,0,False
555,4,0.5691255790319043,90.21112134126584,0.16460239723767642,0.09872429930300665,1.0,True,831.7759311019269,82.11649597514368,154.94777140963538,154.8236770410672,0.09872429930300666,279088743,primary,293464896,293464894,0,False
555,5,0.5542593866193359,108.12010868857543,0.11504842252911524,0.09872429930300665,1.0,True,831.7759311019269,82.11649597514368,72.34256714637026,72.29315747930428,0.09872429930300666,279088743,primary,8153654900,293464907,0,False
556,1,0.8164912316729627,1.4840535667072113e-05,0.9999997031893307,0.08245660358081666,1.0,True,993.1015644652255,81.88778201659792,81.88778201659792,81.51906020121501,0.08245660358081665,746487577,secondary,2704039248,2704039247,0,False
556,2,0.6492578118795522,40.75952975151063,0.4425549705446298,0.08245660358081666,1.0,True,993.1015644652255,81.88778201659792,122.46931259961792,121.91518949261406,0.08245660358081665,746487577,secondary,2704039247,2704039246,0,False
556,3,0.6492578100256032,40.75953044970979,0.44255496436479963,0.08245660358081666,1.0,True,993.1015644652255,81.88778201659792,58.41335930886972,58.151151045806415,0.08245660358081665,746487577,secondary,2704039249,2704039248,0,False
556,4,0.5280838513404584,162.67107478213762,0.038641768747650414,0.08245660358081666,1.0,True,993.1015644652255,81.88778201659792,83.72572980996324,83.35143827404781,0.08245660358081665,746487577,secondary,2704039246,2704039245,0,False
556,5,0.5186813004869061,245.99450839871034,0.007299932569142605,0.08245660358081666,1.0,True,993.1015644652255,81.88778201659792,52.43746632909585,52.201616504108,0.08245660358081665,746487577,secondary,2704039245,2704039244,0,False
557,1,0.8155638292386755,0.6804817706000611,0.9864825569672284,0.09809531074253464,1.0,True,834.4919587693046,81.85974800762133,81.85974800762133,81.63355594930653,0.09809531074253464,364407163,secondary,8099441580,8105648113,0,True
557,2,0.8155638292386755,0.6804817706000625,0.9864825569672283,0.09809531074253464,1.0,True,834.4919587693046,81.85974800762133,81.85974800762133,81.63355594930653,0.09809531074253464,364407163,secondary,8105648113,8099441580,0,True
557,3,0.6523815548155012,40.76103561212791,0.4425416422233142,0.09809531074253464,1.0,True,834.4919587693046,81.85974800762133,35.76984205669821,35.67773236129642,0.09809531074253464,364407163,secondary,8105648113,12564786152,0,True
557,4,0.6523815548155012,40.76103561212791,0.4425416422233142,0.09809531074253464,1.0,True,834.4919587693046,81.85974800762133,35.76984205669821,35.67773236129642,0.09809531074253464,364407163,secondary,12564786152,8105648113,0,True
557,5,0.6521795889740085,40.83715636519629,0.4418684227516721,0.09809531074253464,1.0,True,834.4919587693046,81.85974800762133,26.54902785185582,26.464054554345992,0.09809531074253464,364407163,secondary,8099441580,8105648080,0,True
558,1,0.8155638292386755,0.6804817706000611,0.9864825569672284,0.09809531074253464,1.0,True,834.4919587693046,81.85974800762133,81.85974800762133,81.63355594930653,0.09809531074253464,364407163,secondary,8099441580,8105648113,0,True
558,2,0.8155638292386755,0.6804817706000625,0.9864825569672283,0.09809531074253464,1.0,True,834.4919587693046,81.85974800762133,81.85974800762133,81.63355594930653,0.09809531074253464,364407163,secondary,8105648113,8099441580,0,True
558,3,0.6523815548155012,40.76103561212791,0.4425416422233142,0.09809531074253464,1.0,True,834.4919587693046,81.85974800762133,35.76984205669821,35.67773236129642,0.09809531074253464,364407163,secondary,8105648113,12564786152,0,True
558,4,0.6523815548155012,40.76103561212791,0.4425416422233142,0.09809531074253464,1.0,True,834.4919587693046,81.85974800762133,35.76984205669821,35.67773236129642,0.09809531074253464,364407163,secondary,12564786152,8105648113,0,True
558,5,0.6521795889740085,40.83715636519629,0.4418684227516721,0.09809531074253464,1.0,True,834.4919587693046,81.85974800762133,26.54902785185582,26.464054554345992,0.09809531074253464,364407163,secondary,8099441580,8105648080,0,True
559,1,0.8140700547828861,0.167645168653418,0.996652711330507,0.07537120691866929,1.0,True,1083.4949319913956,81.664320714453,81.664320714453,81.28835155948339,0.0753712069186693,478257594,primary,3714913947,293464343,0,False
559,2,0.6481606168265694,40.63920589045753,0.44362125147611847,0.07537120691866929,1.0,True,1083.4949319913956,81.664320714453,7.93976773021785,7.903204028294181,0.0753712069186693,478257594,primary,293464343,8124335766,0,False
559,3,0.6481542277662469,40.641606291575044,0.4435999546083769,0.07537120691866929,1.0,True,1083.4949319913956,81.664320714453,226.56748301695535,225.52832671652646,0.0753712069186693,478257594,primary,293463605,3714913947,0,False
559,4,0.6287032116429199,48.542199049699676,0.37876323419728664,0.07537120691866929,1.0,True,1083.4949319913956,81.664320714453,171.1209286495828,170.3330930685504,0.0753712069186693,478257594,primary,8124335766,3714705527,0,False
559,5,0.5188418015033355,218.86774329196115,0.012558533732005458,0.07537120691866929,1.0,True,1083.4949319913956,81.664320714453,135.2725275408109,134.64956616499865,0.0753712069186693,478257594,primary,3714705527,3714704501,0,False
560,1,0.8558530832194902,0.4377930124960967,0.9912823606607715,0.2923418751062935,1.0,True,278.1274653535449,81.308304740016,81.308304740016,81.39702434579087,0.2923418751062935,875004049,secondary,8144958892,8144958896,0,False
560,2,0.6918334741984247,40.53460003815689,0.44455033059055343,0.2923418751062935,1.0,True,278.1274653535449,81.308304740016,71.91277080011815,72.00255948726407,0.2923418751062935,875004049,secondary,8144958896,8144958898,0,False
560,3,0.5901466331977345,112.40759455123465,0.10559419392158605,0.2923418751062935,1.0,True,278.1274653535449,81.308304740016,54.49683641266464,54.55855117158461,0.2923418751062935,875004049,secondary,8144958898,8144958900,0,False
560,4,0.5691555699529399,166.73680926024096,0.03562398310560402,0.2923418751062935,1.0,True,278.1274653535449,81.308304740016,32.036798819060714,32.07405488085571,0.2923418751062935,875004049,secondary,8144958900,8148598924,0,False
560,5,0.5641006706257554,198.763268529198,0.018774318681655636,0.2923418751062935,1.0,True,278.1274653535449,81.308304740016,38.05136784471101,38.095275468049635,0.2923418751062935,875004049;875004052;1210205481,secondary,8148598924,8144958902,0,False
561,1,0.8447848158317226,1.4338353418644423e-05,0.9999997132329728,0.22392450930915414,1.0,True,362.41754440197116,81.15417079523998,81.15417079523998,80.78957841510564,0.22392450930915414,230574632,primary,2534722967,2443921877,0,False
561,2,0.6785234416584587,40.394788815733904,0.44579513265542636,0.22392450930915414,1.0,True,362.41754440197116,81.15417079523998,86.92544872837664,86.53059823506788,0.22392450930915414,230574632,primary,8184439492,2534722967,0,False
561,3,0.6785234395623936,40.39478959937682,0.44579512566854246,0.22392450930915414,1.0,True,362.41754440197116,81.15417079523998,79.79866303298277,79.43991275480602,0.22392450930915414,230574632,primary,2443921877,2390658877,0,False
561,4,0.5720904461247163,119.8346353265996,0.09101848087628454,0.22392450930915414,1.0,True,362.41754440197116,81.15417079523998,80.44930316768992,80.08633883548184,0.22392450930915414,230574632,primary,2390658877,2443921783,0,False
561,5,0.5502887076662212,199.91713286400878,0.018346019347967774,0.22392450930915414,1.0,True,362.41754440197116,81.15417079523998,35.73051856824703,35.57111616150976,0.22392450930915414,230574632,primary,2443921783,2390658890,0,False
562,1,0.837993343775798,0.0022038175912366758,0.9999559246195234,0.19003283194970516,1.0,True,426.2175510630049,80.9953282551709,80.9953282551709,80.62322678684478,0.1900328319497052,1141889032,primary,10593858513,293460223,0,False
562,2,0.67196784039363,40.311585822314996,0.4465375800122965,0.19003283194970516,1.0,True,426.2175510630049,80.9953282551709,83.2612557945535,82.87829196697687,0.1900328319497052,1141889032,primary,293463328,10593858513,0,False
562,3,0.67196769880791,40.31163866810788,0.4465371080598965,0.19003283194970516,1.0,True,426.2175510630049,80.9953282551709,45.96771580108275,45.75673791308661,0.1900328319497052,1141889032,primary,293460223,293463334,0,False
562,4,0.5916538031303378,86.06762561053753,0.1788241224679892,0.19003283194970516,1.0,True,426.2175510630049,80.9953282551709,45.25789915597326,45.04955463496749,0.1900328319497052,1141889032,primary,293463334,8145212878,0,False
562,5,0.5635440591961605,123.18173981036433,0.08512497602073131,0.19003283194970516,1.0,True,426.2175510630049,80.9953282551709,89.28910762056677,88.87918684244198,0.1900328319497052,1141889032,primary,293463599,293463328,0,False
563,1,0.9973391292562801,0.360961471857217,0.9928067666049416,0.9974854963739884,1.0,True,81.02374308373614,80.82000858795905,81.04911381090974,81.02374308373614,0.9974854963739884,369195863,secondary,1051626824,3730052120,0,False
563,2,0.4343922770481782,40.43555603079467,0.44543180427349705,0.5038136788306454,1.0,False,40.71822584982401,80.82000858795905,40.88864750058118,40.71822584982401,1.9848607570977548,369195864,secondary,3730052120,3730052116,0,False
563,3,0.357521231428195,39.88029868323519,0.4504059581521841,0.11199721991269868,1.0,False,721.6251318645043,80.82000858795905,356.6585202650833,356.8328341609024,0.11199721991269866,369195862,secondary,7243112626,1051626824,0,False
563,4,0.34136586691238596,40.43555603079467,0.44543180427349705,0.03868162815168426,1.0,False,2089.364187852574,80.82000858795905,361.08216407624525,360.88831845110553,0.03868162815168426,741818619,secondary,3730052120,8124268942,0,False
563,5,0.3268752177891052,50.162803376611336,0.36668354887687477,0.0843507656302138,1.0,False,958.1419680559477,80.82000858795905,50.08342608023083,50.11856648865569,0.0843507656302138,1238285688,secondary,1051626896,3718134122,0,False
564,1,0.8764141973588893,0.0665231540577674,0.9986704215924644,0.3840653544057497,1.0,True,209.7599542171764,80.56153115655368,80.56153115655368,80.49484138256344,0.3840653544057497,466600302,primary,293458231,2833450839,0,False
564,2,0.7109564056056576,40.243679213149626,0.4471444490816925,0.3840653544057497,1.0,True,209.7599542171764,80.56153115655368,129.33721632578963,129.26511283461298,0.3840653544057497,466600302,primary,2833450825,293458231,0,False
564,3,0.4690644321244047,34.769159214759455,0.49888324712946,0.5969972899278335,1.0,False,48.09501577289927,80.56153115655368,48.202923158544564,48.09501577289927,1.6750494799078275,1420677033,primary,12555910130,2833450839,0,False
564,4,0.447235708535177,16.77043097822188,0.7150458449271372,0.16360977528517937,1.0,False,492.4004755591848,80.56153115655368,492.841002847525,492.4004755591848,0.16360977528517937,279088741;746487561;746487564;1317517914;1317517916,primary,2833450825,2999157394,0,False
564,5,0.4104315474699374,41.0385731791129,0.44009200855316116,0.39201972451994493,1.0,False,205.50376962589525,80.56153115655368,66.60370752964253,66.53743673117313,0.39201972451994493,279088746,primary,12555910130,1812432286,0,False
565,1,0.8443958440444788,1.2809023346828404e-05,0.9999997438195659,0.22197960449304438,1.0,True,362.41754440197116,80.44930316768992,80.44930316768992,80.08633883548184,0.2219796044930444,230574632,primary,2390658877,2443921783,0,False
565,2,0.6790782781027394,40.04316891291593,0.4489411906804351,0.22197960449304438,1.0,True,362.41754440197116,80.44930316768992,79.79866303298277,79.43991275480602,0.2219796044930444,230574632,primary,2443921877,2390658877,0,False
565,3,0.6790782753830875,40.04316992257001,0.4489411816149291,0.22197960449304438,1.0,True,362.41754440197116,80.44930316768992,35.73051856824703,35.57111616150976,0.2219796044930444,230574632,primary,2443921783,2390658890,0,False
565,4,0.5718951650215551,119.48119783998762,0.09166414707648755,0.22197960449304438,1.0,True,362.41754440197116,80.44930316768992,81.15417079523998,80.78957841510564,0.2219796044930444,230574632,primary,2534722967,2443921877,0,False
565,5,0.5498610384133711,200.26984250500993,0.01821705838254081,0.22197960449304438,1.0,True,362.41754440197116,80.44930316768992,86.92544872837664,86.53059823506788,0.2219796044930444,230574632,primary,8184439492,2534722967,0,False
566,1,0.8365715304578618,0.0001250438790100352,0.999997499125547,0.1828614036009886,1.0,True,439.7194826219355,80.40772178294765,80.40772178294765,80.20666721517603,0.1828614036009886,464650413,primary,293464981,293464970,0,False
566,2,0.6710926911306769,40.103326843171395,0.4484013680349307,0.1828614036009886,1.0,True,439.7194826219355,80.40772178294765,95.35748515725601,95.09498760776935,0.1828614036009886,464650413,primary,293464970,293464966,0,False
566,3,0.6710926547370546,40.10334037034809,0.44840124672285636,0.1828614036009886,1.0,True,439.7194826219355,80.40772178294765,80.16368716067669,79.9862881687966,0.1828614036009886,464650413,primary,293464989,293464981,0,False
566,4,0.5638406231662598,119.90280313510483,0.09089447482020704,0.1828614036009886,1.0,True,439.7194826219355,80.40772178294765,23.001098922022067,23.00438700257598,0.1828614036009886,464650413,primary,2833482031,293464989,0,False
566,5,0.556671787011104,135.1543611267159,0.06699835430302081,0.1828614036009886,1.0,True,439.7194826219355,80.40772178294765,89.12133521240253,88.85051197742007,0.1828614036009886,464650413,primary,293464966,293464962,0,False
567,1,0.8113270643317207,0.10694663883637615,0.9978633531099077,0.05984029199374249,1.0,True,1341.5532112198066,80.27893588453611,80.27893588453611,80.1231992675021,0.05984029199374248,880075594,primary,3719620255,4719689702,0,False
567,2,0.6466233520280509,40.05321710886461,0.448850978764341,0.05984029199374249,1.0,True,1341.5532112198066,80.27893588453611,31.498888360924013,31.43856149965127,0.05984029199374248,880075594,primary,4719689702,2283167588,0,False
567,3,0.6465817690640705,40.06866001675508,0.44871236888440685,0.05984029199374249,1.0,True,1341.5532112198066,80.27893588453611,41.27937230184729,41.18653989181096,0.05984029199374248,880075594,primary,2283167591,3719620255,0,False
567,4,0.5710650318383013,81.23013811960692,0.19698991146517597,0.05984029199374249,1.0,True,1341.5532112198066,80.27893588453611,243.22906750563075,242.4082752432934,0.05984029199374248,880075594,primary,8151182416,2283167591,0,False
567,5,0.5124540663142957,321.2656421368149,0.0016200263851573714,0.05984029199374249,1.0,True,1341.5532112198066,80.27893588453611,73.45842669377163,73.2067890495208,0.05984029199374248,880075594,primary,3719620306,8151182416,0,False
568,1,0.822345911529629,0.051202651567624824,0.998976471132014,0.11326485095012347,1.0,True,708.4520429770272,80.24271505310345,80.24271505310344,79.88306514372768,0.11326485095012347,1069546779,secondary,293464758,293464753,0,True
568,2,0.822345911529629,0.05120265156762531,0.998976471132014,0.11326485095012347,1.0,True,708.4520429770272,80.24271505310345,80.24271505310345,79.88306514372768,0.11326485095012347,1069546779,secondary,293464753,293464758,0,True
568,3,0.6576806669146515,39.915127816861684,0.45009232241542296,0.11326485095012347,1.0,True,708.4520429770272,80.24271505310345,87.69122613283182,87.2948333877865,0.11326485095012347,1069546779,secondary,293464758,293464760,0,True
568,4,0.6576806669146515,39.915127816861684,0.45009232241542296,0.11326485095012347,1.0,True,708.4520429770272,80.24271505310345,87.69122613283182,87.2948333877865,0.11326485095012347,1069546779,secondary,293464760,293464758,0,True
568,5,0.6576123108974259,39.94044607633678,0.449864469024671,0.11326485095012347,1.0,True,708.4520429770272,80.24271505310345,49.82546980238781,49.599701256316415,0.11326485095012347,1069546779,secondary,293464736,293464753,0,True
569,1,0.822345911529629,0.051202651567624824,0.998976471132014,0.11326485095012347,1.0,True,708.4520429770272,80.24271505310344,80.24271505310344,79.88306514372768,0.11326485095012345,1069546779,secondary,293464758,293464753,0,True
569,2,0.822345911529629,0.05120265156762531,0.998976471132014,0.11326485095012347,1.0,True,708.4520429770272,80.24271505310344,80.24271505310345,79.88306514372768,0.11326485095012345,1069546779,secondary,293464753,293464758,0,True
569,3,0.6576806669146515,39.915127816861684,0.45009232241542296,0.11326485095012347,1.0,True,708.4520429770272,80.24271505310344,87.69122613283182,87.2948333877865,0.11326485095012345,1069546779,secondary,293464758,293464760,0,True
569,4,0.6576806669146515,39.915127816861684,0.45009232241542296,0.11326485095012347,1.0,True,708.4520429770272,80.24271505310344,87.69122613283182,87.2948333877865,0.11326485095012345,1069546779,secondary,293464760,293464758,0,True
569,5,0.6576123108974259,39.94044607633678,0.449864469024671,0.11326485095012347,1.0,True,708.4520429770272,80.24271505310344,49.82546980238781,49.599701256316415,0.11326485095012345,1069546779,secondary,293464736,293464753,0,True
570,1,0.8336592294808571,0.46920392745198675,0.990659814510128,0.1823064256390938,1.0,True,439.7194826219355,80.16368716067669,80.16368716067669,79.9862881687966,0.1823064256390938,464650413,primary,293464989,293464981,0,False
570,2,0.671713998738762,39.83187467320098,0.4508423787031442,0.1823064256390938,1.0,True,439.7194826219355,80.16368716067669,23.001098922022067,23.00438700257598,0.1823064256390938,464650413,primary,2833482031,293464989,0,False
570,3,0.6711620558344815,40.03633348016118,0.4490025690222094,0.1823064256390938,1.0,True,439.7194826219355,80.16368716067669,80.40772178294765,80.20666721517603,0.1823064256390938,464650413,primary,293464981,293464970,0,False
570,4,0.5635475403657542,120.23780311126606,0.09028751745978496,0.1823064256390938,1.0,True,439.7194826219355,80.16368716067669,95.35748515725601,95.09498760776935,0.1823064256390938,464650413,primary,293464970,293464966,0,False
570,5,0.5405118730362004,215.24602207547292,0.013501959694605364,0.1823064256390938,1.0,True,439.7194826219355,80.16368716067669,89.12133521240253,88.85051197742007,0.1823064256390938,464650413,primary,293464966,293464962,0,False
571,1,0.8440367833788656,1.3663370285250666e-05,0.9999997267326316,0.22018432679538003,1.0,True,362.41754440197116,79.79866303298277,79.79866303298277,79.43991275480602,0.22018432679538005,230574632,primary,2443921877,2390658877,0,False
571,2,0.679592664194665,39.71995597889783,0.451852662785297,0.22018432679538003,1.0,True,362.41754440197116,79.79866303298277,81.15417079523998,80.78957841510564,0.22018432679538005,230574632,primary,2534722967,2443921877,0,False
571,3,0.6795926620338648,39.71995677591289,0.4518526555826295,0.22018432679538003,1.0,True,362.41754440197116,79.79866303298277,80.44930316768992,80.08633883548184,0.22018432679538005,230574632,primary,2390658877,2443921783,0,False
571,4,0.5713589172359712,119.8044168735123,0.09107350625631706,0.22018432679538003,1.0,True,362.41754440197116,79.79866303298277,35.73051856824703,35.57111616150976,0.22018432679538005,230574632,primary,2443921783,2390658890,0,False
571,5,0.5709763521260313,120.50946774111117,0.0897982892231842,0.22018432679538003,1.0,True,362.41754440197116,79.79866303298277,86.92544872837664,86.53059823506788,0.22018432679538005,230574632,primary,8184439492,2534722967,0,False
572,1,0.8057649302723997,0.8567588347746502,0.9830107955023851,0.054308458108420415,1.0,True,1465.9032218831344,79.61094371663874,79.61094371663874,79.33005315849796,0.05430845810842043,280421141,trunk,8182316403,12094771861,0,False
572,2,0.6465335144504849,39.67717862474159,0.45223940942933644,0.054308458108420415,1.0,True,1465.9032218831344,79.61094371663874,1392.1327722280041,1386.5731687246364,0.05430845810842043,1203900681;218526250;218526251;280421141,trunk,12094771861,12617765453,0,False
572,3,0.45168659200423267,11.24751529362856,0.7985559013120928,0.06059910805302414,1.0,False,1313.7312787999997,79.61094371663874,1222.1475264366486,1217.305702173846,0.060599108053024126,218526248;26755741;218526246,trunk,2277623507,2845389661,0,False
572,4,0.34133553628542296,39.56642848729174,0.4532422311808887,0.026814334655781695,1.0,False,2968.969573126181,79.61094371663874,2971.283590979436,2968.969573126181,0.0268143346557817,44948707;1317533101;1317533103,trunk,2845389637,8182316403,0,False
572,5,0.3297814922242774,39.56642848729174,0.4532422311808887,0.9690441143500538,0.0,False,82.15409653463969,79.61094371663874,82.35159468219071,82.15409653463969,0.9690441143500538,879827236,trunk_link,8182316398,8182316403,0,False
573,1,0.8263320335426814,0.24028362060339925,0.9952058563563764,0.1388513831788419,1.0,True,570.6262725591678,79.23224722302729,79.23224722302729,78.91340042292529,0.1388513831788419,219116706,primary,4714939533,4714938984,0,False
573,2,0.6640564873826607,39.45126547364799,0.4542873691563073,0.1388513831788419,1.0,True,570.6262725591678,79.23224722302729,95.15575359778543,94.85421691465413,0.1388513831788419,219116706,primary,4714938984,2283167579,0,False
573,3,0.5486420739643212,133.26918185381206,0.06957265776184253,0.1388513831788419,1.0,True,570.6262725591678,79.23224722302729,145.65401368646457,145.45185496668086,0.1388513831788419,219116706,primary,2283167579,8141472796,0,False
573,4,0.5290292371645464,273.6748035666999,0.0041965350959269326,0.1388513831788419,1.0,True,570.6262725591678,79.23224722302729,251.7025669308751,251.40680025490752,0.1388513831788419,874644320;874644321;219116706,primary,8141472796,11938897684,0,False
573,5,0.4904951367265171,39.44535605734165,0.45434106379302563,0.770964087943047,1.0,False,61.085217215979256,79.23224722302729,51.122765040177995,50.9887783047615,1.2970772771894303,478254540,primary,4714939529,4714939533,0,False
574,1,0.9752698869676109,0.5012664803236486,0.9900247564940904,0.8913123000969189,1.0,True,88.79425105057067,79.1434081392674,79.1434081392674,78.95102444175615,0.8913123000969189,1189548648,primary,8151238512,4715985518,0,False
574,2,0.8147109982423584,39.39174702362891,0.4548284607432488,0.8913123000969189,1.0,True,88.79425105057067,79.1434081392674,9.865077408759083,9.843226608814518,0.8913123000969189,1189548648,primary,2283167588,8151238512,0,False
574,3,0.47323757104533737,9.739131085610383,0.8230135438873663,0.13166753939563738,1.0,False,601.085191555495,79.1434081392674,67.7005083194458,67.54524427019679,0.13166753939563738,746487559,primary,4715979376,4715979375,0,False
574,4,0.42414687177415045,20.82292475427099,0.6593778796500767,0.13166753939563738,1.0,False,601.085191555495,79.1434081392674,42.20679921243523,42.09103919907723,0.13166753939563738,746487559,primary,293460997,4715979376,0,False
574,5,0.36703195538751265,39.50226275588506,0.4538242569474631,0.15442339151636855,1.0,False,512.5091954147268,79.1434081392674,114.1358823425619,113.78564409816697,0.15442339151636855,478372781,primary,4715985518,11209425689,0,False
575,1,0.9659243766368628,0.08333405923701633,0.9983347069570417,0.8321198227487513,1.0,True,94.47140356736985,78.61152759130555,78.61152759130555,78.26986054804564,0.8321198227487513,218508846;1069546782,secondary,9816859457,8166899548,0,False
575,2,0.80350928658391,39.1589477054944,0.4569510734471987,0.8321198227487513,1.0,True,94.47140356736985,78.61152759130555,16.27417142342669,16.201543019324205,0.8321198227487513,218508846,secondary,8166899548,2277448887,0,False
575,3,0.636338163318755,6.071338934523424,0.8856558998595472,0.8532069668044548,1.0,False,92.13652800531152,78.61152759130555,92.55526917903094,92.13652800531152,0.8532069668044548,1069546783,secondary,2841407758,9816859457,0,False
575,4,0.40966288378222826,38.68579009541566,0.4612957959662423,0.35637072496177796,1.0,False,220.58918447843018,78.61152759130555,20.27293301801993,20.180832143808292,0.35637072496177796,880027169,secondary,8166899537,9816859457,0,True
575,5,0.40966288378222826,38.68579009541566,0.4612957959662423,0.35637072496177796,1.0,False,220.58918447843018,78.61152759130555,20.27293301801993,20.180832143808292,0.35637072496177796,880027169,secondary,9816859457,8166899537,0,True
576,1,0.828036384538571,0.0005307778528171155,0.9999893844992885,0.14019784594392243,1.0,True,560.005325077379,78.51154029297457,78.51154029297457,78.53653386380681,0.14019784594392243,26755988,secondary,8186428309,1051669950,0,True
576,2,0.828036384538571,0.0005307778528181108,0.9999893844992884,0.14019784594392243,1.0,True,560.005325077379,78.51154029297457,78.51154029297457,78.53653386380681,0.14019784594392243,26755988,secondary,1051669950,8186428309,0,True
576,3,0.6648256296183561,39.26821860521503,0.45595353476523853,0.14019784594392243,1.0,True,560.005325077379,78.51154029297457,166.56924953562327,166.62479351112393,0.14019784594392243,26755988,secondary,293462600,1051669950,0,True
576,4,0.6648256296183561,39.26821860521503,0.45595353476523853,0.14019784594392243,1.0,True,560.005325077379,78.51154029297457,166.56924953562327,166.62479351112393,0.14019784594392243,26755988,secondary,1051669950,293462600,0,True
576,5,0.5329233813084702,205.89281938402522,0.01627937373228555,0.14019784594392243,1.0,True,560.005325077379,78.51154029297457,314.761614948291,314.84399770244823,0.14019784594392243,26755988,secondary,293462600,293462632,0,True
577,1,0.828036384538571,0.0005307778528171155,0.9999893844992885,0.14019784594392243,1.0,True,560.005325077379,78.51154029297457,78.51154029297457,78.53653386380681,0.14019784594392243,26755988,secondary,8186428309,1051669950,0,True
577,2,0.828036384538571,0.0005307778528181108,0.9999893844992884,0.14019784594392243,1.0,True,560.005325077379,78.51154029297457,78.51154029297457,78.53653386380681,0.14019784594392243,26755988,secondary,1051669950,8186428309,0,True
577,3,0.6648256296183561,39.26821860521503,0.45595353476523853,0.14019784594392243,1.0,True,560.005325077379,78.51154029297457,166.56924953562327,166.62479351112393,0.14019784594392243,26755988,secondary,293462600,1051669950,0,True
577,4,0.6648256296183561,39.26821860521503,0.45595353476523853,0.14019784594392243,1.0,True,560.005325077379,78.51154029297457,166.56924953562327,166.62479351112393,0.14019784594392243,26755988,secondary,1051669950,293462600,0,True
577,5,0.5329233813084702,205.89281938402522,0.01627937373228555,0.14019784594392243,1.0,True,560.005325077379,78.51154029297457,314.761614948291,314.84399770244823,0.14019784594392243,26755988,secondary,293462600,293462632,0,True
578,1,0.8611931018359926,0.5207636704092082,0.9896387777366578,0.32150734257497576,1.0,True,243.37718479423154,78.24755192657219,78.24755192657219,78.06067484581312,0.32150734257497576,1212991822,secondary,2365788091,4713176934,0,True
578,2,0.8611931018359926,0.5207636704092093,0.9896387777366578,0.32150734257497576,1.0,True,243.37718479423154,78.24755192657219,78.24755192657219,78.06067484581312,0.32150734257497576,1212991822,secondary,4713176934,2365788091,0,True
578,3,0.7022838521317134,38.83282262994504,0.4599412787223939,0.32150734257497576,1.0,True,243.37718479423154,78.24755192657219,26.667745541741624,26.637818186216254,0.32150734257497576,1212991822,secondary,4713176934,4713176935,0,True
578,4,0.7022838521317134,38.83282262994504,0.4599412787223939,0.32150734257497576,1.0,True,243.37718479423154,78.24755192657219,26.667745541741624,26.637818186216254,0.32150734257497576,1212991822,secondary,4713176935,4713176934,0,True
578,5,0.6459096318941975,65.09265881390779,0.2720272112640075,0.32150734257497576,1.0,True,243.37718479423154,78.24755192657219,30.974806841452278,30.953473856724866,0.32150734257497576,1212991822,secondary,4713176935,4713176938,0,True
579,1,0.8611931018359926,0.5207636704092082,0.9896387777366578,0.32150734257497576,1.0,True,243.37718479423154,78.24755192657219,78.24755192657219,78.06067484581312,0.32150734257497576,1212991822,secondary,2365788091,4713176934,0,True
579,2,0.8611931018359926,0.5207636704092093,0.9896387777366578,0.32150734257497576,1.0,True,243.37718479423154,78.24755192657219,78.24755192657219,78.06067484581312,0.32150734257497576,1212991822,secondary,4713176934,2365788091,0,True
579,3,0.7022838521317134,38.83282262994504,0.4599412787223939,0.32150734257497576,1.0,True,243.37718479423154,78.24755192657219,26.667745541741624,26.637818186216254,0.32150734257497576,1212991822,secondary,4713176934,4713176935,0,True
579,4,0.7022838521317134,38.83282262994504,0.4599412787223939,0.32150734257497576,1.0,True,243.37718479423154,78.24755192657219,26.667745541741624,26.637818186216254,0.32150734257497576,1212991822,secondary,4713176935,4713176934,0,True
579,5,0.6459096318941975,65.09265881390779,0.2720272112640075,0.32150734257497576,1.0,True,243.37718479423154,78.24755192657219,30.974806841452278,30.953473856724866,0.32150734257497576,1212991822,secondary,4713176935,4713176938,0,True
580,1,0.8199320500961045,0.6090005217192144,0.9878938656513525,0.11781945200349328,1.0,True,662.4877709322834,78.0539461302574,78.0539461302574,78.14297704541036,0.11781945200349325,368729170,primary,293458410,9756374292,0,False
580,2,0.6610239612406221,39.02244968067559,0.4582002361330781,0.11781945200349328,1.0,True,662.4877709322834,78.0539461302574,94.29668663291856,94.41350959622125,0.11781945200349325,368729170,primary,9756374292,6604385663,0,False
580,3,0.5443676083452466,133.43253782941485,0.06934572648182627,0.11781945200349328,1.0,True,662.4877709322834,78.0539461302574,76.51234521424433,76.60768250624534,0.11781945200349325,368729170,primary,6604385663,3725763961,0,False
580,4,0.528059487528152,210.0341986481453,0.014985323758177741,0.11781945200349328,1.0,True,662.4877709322834,78.0539461302574,139.00971035694363,139.183672841292,0.11781945200349325,368729170,primary,3725763961,3725763498,0,False
580,5,0.5238417930644337,349.21334158536365,0.0009263422124500425,0.11781945200349328,1.0,True,662.4877709322834,78.0539461302574,141.29533356121252,141.4618665148559,0.11781945200349325,368729170,primary,3725763498,3725764126,0,False
581,1,0.9720167511648095,0.23161122301725556,0.9953784877445516,0.86701602420722,1.0,True,90.0124386431606,78.04222668158944,78.04222668158944,78.0617037156953,0.86701602420722,876418712,secondary,8156864966,8156864967,0,False
581,2,0.8112020781836642,38.899364607310225,0.45932957780740075,0.86701602420722,1.0,True,90.0124386431606,78.04222668158944,11.944393248409492,11.950734927465302,0.86701602420722,876418712,secondary,8156864965,8156864966,0,False
581,3,0.6306067727549338,7.550597741532201,0.859837419387032,0.8632777346941207,1.0,False,90.40222346200277,78.04222668158944,77.45751585045306,77.51343194381553,0.8632777346941207,26764914,secondary,8156864967,6986305647,0,False
581,4,0.5085327944831017,39.601529404369984,0.45292415848092554,0.8632777346941207,1.0,False,90.40222346200277,78.04222668158944,12.879000705053661,12.88879151818723,0.8632777346941207,26764914,secondary,6986305647,293463029,0,False
581,5,0.3581263688556128,38.55896794375581,0.4624673316127847,0.09693084685888678,1.0,False,805.1330325753198,78.04222668158944,35.978128067324505,36.002878472623955,0.0969308468588868,876418713,secondary,293452702,8156864967,0,True
582,1,0.810592261462703,0.0695737792095206,0.9986094920690862,0.055047069209885904,1.0,True,1413.8082295902807,77.82599946376246,77.82599946376246,77.46768200164433,0.05504706920988592,762822065,primary,10635704868,7242936306,0,False
582,2,0.649267076419161,38.73317051383047,0.46085887525727975,0.055047069209885904,1.0,True,1413.8082295902807,77.82599946376246,73.22170644508729,72.88459129470776,0.05504706920988592,762822065,primary,4714962027,10635704868,0,False
582,3,0.6492657086464096,38.733665162550714,0.4608543160147749,0.055047069209885904,1.0,True,1413.8082295902807,77.82599946376246,13.433537137942997,13.371677406312617,0.05504706920988592,762822065,primary,7242936306,4714962014,0,False
582,4,0.616822690790116,52.10532360510684,0.35271092316046276,0.055047069209885904,1.0,True,1413.8082295902807,77.82599946376246,234.24087059904133,233.1720264329941,0.05504706920988592,762822065,primary,4714962014,11937077582,0,False
582,5,0.5431925179686405,111.61704381905007,0.10727701375554431,0.055047069209885904,1.0,True,1413.8082295902807,77.82599946376246,30.275862185222948,30.13652078011431,0.05504706920988592,762822065,primary,4714962026,4714962027,0,False
583,1,0.8157563358992941,0.2826263433586426,0.9943634186046033,0.08723655158956502,1.0,True,890.5508505122658,77.68858521384426,77.68858521384426,77.78261022713752,0.087236551589565,26754699,secondary,8151563183,293457075,0,False
583,2,0.6553035755995216,38.87854441128407,0.4595208842720287,0.08723655158956502,1.0,True,890.5508505122658,77.68858521384426,222.6986389103081,222.96937231672064,0.087236551589565,26754699,secondary,293457398,8151563183,0,False
583,3,0.6552697060677,38.89083028494047,0.4594079858326235,0.08723655158956502,1.0,True,890.5508505122658,77.68858521384426,163.5295448295978,163.7342954632144,0.087236551589565,26754699,secondary,293457075,293463159,0,False
583,4,0.5190425250302975,261.83870657821274,0.005317382374615001,0.08723655158956502,1.0,True,890.5508505122658,77.68858521384426,186.10219270450244,186.32887691342498,0.087236551589565,26754699,secondary,293457280,293457398,0,False
583,5,0.5174857278414449,448.15120280808634,0.00012805841177283364,0.08723655158956502,1.0,True,890.5508505122658,77.68858521384426,77.10456891854011,77.2023356564645,0.087236551589565,26754699,secondary,293457277,293457280,0,False
584,1,0.8387345477128723,0.5351759235957181,0.9893535603523256,0.2096423980358724,1.0,True,370.457965623108,77.66369628471914,77.66369628471914,77.68778687632187,0.2096423980358724,230574625,secondary,10115843783,3706277346,0,False
584,2,0.6800367799276921,38.78721561751924,0.46036100106839223,0.2096423980358724,1.0,True,370.457965623108,77.66369628471914,74.23970594770655,74.28395548498784,0.2096423980358724,230574625,secondary,3706277346,8128279464,0,False
584,3,0.6798866124243443,38.841611045623935,0.45986044272389964,0.2096423980358724,1.0,True,370.457965623108,77.66369628471914,187.14898865889165,187.15941492339095,0.2096423980358724,230574625,secondary,3706276768,10115843783,0,False
584,4,0.5732174585749554,113.02582743854072,0.10429659655926983,0.2096423980358724,1.0,True,370.457965623108,77.66369628471914,31.302272418700188,31.326808338407368,0.2096423980358724,230574625,secondary,8128279464,10706332785,0,False
584,5,0.48033063069665394,7.385193056019359,0.8626865521467446,0.10762332526315291,1.0,False,721.6251318645043,77.66369628471914,353.5344880213471,353.6425259529068,0.10762332526315288,369195862,secondary,4712962733,7243112626,0,False
585,1,0.9702132051087551,0.1918284469105532,0.9961707812895081,0.8568098536095129,1.0,True,90.40222346200277,77.45751585045306,77.45751585045306,77.51343194381553,0.8568098536095129,26764914,secondary,8156864967,6986305647,0,False
585,2,0.809549414557925,38.75857112358729,0.4606248127867408,0.8568098536095129,1.0,True,90.40222346200277,77.45751585045306,12.879000705053661,12.88879151818723,0.8568098536095129,26764914,secondary,6986305647,293463029,0,False
585,3,0.6298498631708774,7.590425319738657,0.8591527872543202,0.8605201349729069,1.0,False,90.0124386431606,77.45751585045306,78.04222668158944,78.0617037156953,0.8605201349729069,876418712,secondary,8156864966,8156864967,0,False
585,4,0.5075937785882731,39.74432355958678,0.4516325053123056,0.8605201349729069,1.0,False,90.0124386431606,77.45751585045306,11.944393248409492,11.950734927465302,0.8605201349729069,876418712,secondary,8156864965,8156864966,0,False
585,5,0.35823077420386495,38.46907807259372,0.4632995020026465,0.09620461801535506,1.0,False,805.1330325753198,77.45751585045306,35.978128067324505,36.002878472623955,0.09620461801535506,876418713,secondary,293452702,8156864967,0,True
586,1,0.8127324507866602,1.1598832982651835e-05,0.9999997680233672,0.06366260189825015,1.0,True,1215.2050234138255,77.36311363034815,77.36311363034815,77.01992099106099,0.06366260189825017,876451409,primary,3727013594,8145580981,0,False
586,2,0.6516087746426751,38.509959757012595,0.46292084754341667,0.06366260189825015,1.0,True,1215.2050234138255,77.36311363034815,137.46960957416178,136.86365179533993,0.06366260189825017,876451409,primary,8145580981,4594206614,0,False
586,3,0.6516087705401614,38.50996123405188,0.4629208338683713,0.06366260189825015,1.0,True,1215.2050234138255,77.36311363034815,271.2410224009768,270.0319867701183,0.06366260189825017,876451409,primary,6609242520,3727013594,0,False
586,4,0.5217356474743133,175.31052513529482,0.03001042364887747,0.06366260189825015,1.0,True,1215.2050234138255,77.36311363034815,66.29723424228578,66.05454174721905,0.06366260189825017,876451409,primary,4594206614,3727013893,0,False
586,5,0.5133593992079539,308.53922439876897,0.002089596094346463,0.06366260189825015,1.0,True,1215.2050234138255,77.36311363034815,99.73088648072945,99.28931295813626,0.06366260189825017,876451409,primary,3727013278,6609242520,0,False
587,1,0.8173158910414675,4.347299059348021e-05,0.9999991305405661,0.08658075939648784,1.0,True,890.5508505122658,77.10456891854011,77.10456891854011,77.2023356564645,0.08658075939648785,26754699,secondary,293457277,293457280,0,False
587,2,0.6559393073628217,38.60116674369191,0.46207718494508054,0.08658075939648784,1.0,True,890.5508505122658,77.10456891854011,162.33426427348215,162.53335993530382,0.08658075939648785,26754699,secondary,4613766153,293457277,0,False
587,3,0.65593930134899,38.601168912821535,0.46207716489897477,0.08658075939648784,1.0,True,890.5508505122658,77.10456891854011,186.10219270450244,186.32887691342498,0.08658075939648785,26754699,secondary,293457280,293457398,0,False
587,4,0.5206564702307017,224.8858178709041,0.011134394504680657,0.08658075939648784,1.0,True,890.5508505122658,77.10456891854011,222.6986389103081,222.96937231672064,0.08658075939648785,26754699,secondary,293457398,8151563183,0,False
587,5,0.5173548067159253,447.8432923647474,0.00012884945542576803,0.08658075939648784,1.0,True,890.5508505122658,77.10456891854011,77.68858521384426,77.78261022713752,0.08658075939648785,26754699,secondary,8151563183,293457075,0,False
588,1,0.997916563755004,0.19466005255280358,0.9961143676308367,0.9954112673287647,1.0,True,76.70021452888726,77.05379378989358,77.05379378989358,76.70021452888726,1.0046098862066826,1141889037,primary,4723212636,4723476352,0,False
588,2,0.4503298311523161,11.65980541316179,0.7919982408942982,0.06365179442013333,1.0,False,1210.5517918520952,77.05379378989358,67.53572053080278,67.22504337165755,0.06365179442013331,1141889036,primary,293463358,8145212885,0,False
588,3,0.4494555059414044,11.844136178537264,0.7890838235245924,0.06365179442013333,1.0,False,1210.5517918520952,77.05379378989358,82.33743447059629,81.95929055506704,0.06365179442013331,1141889036,primary,293463350,293463358,0,False
588,4,0.38155964309745805,38.33553214019893,0.4645385912988415,0.21099032853902797,1.0,False,365.20059627112505,77.05379378989358,154.33798610756168,153.62760624769624,0.21099032853902794,1141889035,primary,4723476352,4722179361,0,False
588,5,0.3625296282812184,38.34317518573244,0.46446758693376833,0.11594676100543932,1.0,False,664.5618482285919,77.05379378989358,261.33015913154424,260.14858246875895,0.11594676100543931,658700019,primary,4723483921,4723212636,0,False
589,1,0.8069435010774715,0.005484591522205347,0.9998903141854848,0.03488203410912973,1.0,True,2203.380084120088,76.85837924965404,76.85837924965404,76.89131976337319,0.034882034109129725,26754491,secondary,6944073198,9781361238,0,False
589,2,0.6460475716020284,38.439834785247214,0.46357054926734176,0.03488203410912973,1.0,True,2203.380084120088,76.85837924965404,301.84731400627015,302.05654035411743,0.034882034109129725,26754491,secondary,6944073197,6944073198,0,False
589,3,0.6460457111928983,38.44050365919277,0.4635643479035745,0.03488203410912973,1.0,True,2203.380084120088,76.85837924965404,131.27828741015398,131.29778474029504,0.034882034109129725,26754491;876134933,secondary,9781361238,8154498070,0,False
589,4,0.5073078265226691,340.40761015442735,0.0011047323361441893,0.03488203410912973,1.0,True,2203.380084120088,76.85837924965404,222.96057089947155,222.34493095566063,0.034882034109129725,26754491,secondary,10165916006,6944073197,0,False
589,5,0.5070007577103186,470.94847081856886,8.116962830879522e-05,0.03488203410912973,1.0,True,2203.380084120088,76.85837924965404,26.74505823085657,26.62469532319324,0.034882034109129725,26754491,secondary,9798857326,10165916006,0,False
590,1,0.8093801253800836,8.015699819326548e-06,0.9999998396860165,0.04690086737139391,1.0,True,1637.8707371475066,76.81755821444239,76.81755821444239,76.47108417418596,0.046900867371393914,746487581,secondary,6944073200,10991919752,0,False
590,2,0.6490207255632071,38.23554193841424,0.4654685069630945,0.04690086737139391,1.0,True,1637.8707371475066,76.81755821444239,62.91702297753602,62.684278487338936,0.046900867371393914,746487581,secondary,293466272,6944073200,0,False
590,3,0.6490207247327391,38.2355422357734,0.46546850419486796,0.04690086737139391,1.0,True,1637.8707371475066,76.81755821444239,57.20643712109246,56.94840495833178,0.046900867371393914,746487581,secondary,10991919752,9798857327,0,False
590,4,0.5540859862780322,95.18394705693832,0.14901937601251133,0.04690086737139391,1.0,True,1637.8707371475066,76.81755821444239,19.9693863339725,19.879323439267672,0.046900867371393914,746487581,secondary,9798857327,6944073199,0,False
590,5,0.5394197906362079,115.06326960590667,0.1001320572064307,0.04690086737139391,1.0,True,1637.8707371475066,76.81755821444239,363.1665570057236,361.51013364808847,0.046900867371393914,746487581,secondary,6944073199,12702159517,0,False
591,1,0.8180328098616525,4.0209822798268965e-05,0.9999991958038674,0.09016525560246086,1.0,True,850.2417522515343,76.66226491564379,76.66226491564379,76.47236871468175,0.09016525560246086,1209072902,secondary,293462770,293462769,0,False
591,2,0.6576718458558621,38.23617118421358,0.46546264911790014,0.09016525560246086,1.0,True,850.2417522515343,76.66226491564379,183.93236613042592,183.42643998316618,0.09016525560246086,1209072902,secondary,293462774,293462770,0,False
591,3,0.6576717722765788,38.23619753051045,0.46546240385362203,0.09016525560246086,1.0,True,850.2417522515343,76.66226491564379,56.50869282263908,56.36765421169537,0.09016525560246086,1209072902,secondary,293462769,293462767,0,False
591,4,0.5632606721519413,94.60372448438545,0.15075873677149693,0.09016525560246086,1.0,True,850.2417522515343,76.66226491564379,70.2197771050809,70.0286503886563,0.09016525560246086,1209072902,secondary,293462767,293462766,0,False
591,5,0.5291875366171281,164.5970385475929,0.03718161832212004,0.09016525560246086,1.0,True,850.2417522515343,76.66226491564379,73.7914078302696,73.60285320302523,0.09016525560246086,1209072902,secondary,293462766,293462759,0,False
592,1,0.8227077851456674,0.06516039174405394,0.9986976409716856,0.11549246427080856,1.0,True,662.4877709322834,76.51234521424433,76.51234521424433,76.60768250624534,0.11549246427080855,368729170,primary,6604385663,3725763961,0,False
592,2,0.6625591336390744,38.30000290580822,0.46486880261637575,0.11549246427080856,1.0,True,662.4877709322834,76.51234521424433,139.00971035694363,139.183672841292,0.11549246427080855,368729170,primary,3725763961,3725763498,0,False
592,3,0.6625451910603406,38.3050019061199,0.46482232735392964,0.11549246427080856,1.0,True,662.4877709322834,76.51234521424433,94.29668663291856,94.41350959622125,0.11549246427080855,368729170,primary,9756374292,6604385663,0,False
592,4,0.5442014451429076,132.7184762532003,0.07034317429581968,0.11549246427080856,1.0,True,662.4877709322834,76.51234521424433,78.0539461302574,78.14297704541036,0.11549246427080855,368729170,primary,293458410,9756374292,0,False
592,5,0.5317186992350769,177.48367240828415,0.028734021269717115,0.11549246427080856,1.0,True,662.4877709322834,76.51234521424433,141.29533356121252,141.4618665148559,0.11549246427080855,368729170,primary,3725763498,3725764126,0,False
593,1,0.8261698649552536,4.468155104628245e-05,0.9999991063693784,0.13085066522219954,1.0,True,582.4729071620802,76.21696737606669,76.21696737606669,76.2727022044529,0.13085066522219957,252236396,secondary,8124328157,3706277560,0,False
593,2,0.6660880085905357,38.13634137040325,0.4663929184869861,0.13085066522219954,1.0,True,582.4729071620802,76.21696737606669,19.590295445882393,19.60462251922569,0.13085066522219957,252236396,secondary,3706277560,2583312041,0,False
593,3,0.6660879541241587,38.13636083410199,0.4663927369323962,0.13085066522219954,1.0,True,582.4729071620802,76.21696737606669,239.42756232915917,239.5833565266379,0.13085066522219957,252236396,secondary,2583312044,8124328157,0,False
593,4,0.620704477033913,57.740963886029874,0.31511447996491043,0.13085066522219954,1.0,True,582.4729071620802,76.21696737606669,72.69361464489398,72.74650145921674,0.13085066522219957,252236396,secondary,2583312041,9979039297,0,False
593,5,0.5273318075571732,277.6959982494162,0.0038722483757776495,0.13085066522219954,1.0,True,582.4729071620802,76.21696737606669,55.796278333543576,55.832564011445825,0.13085066522219957,252236396,secondary,3706277462,2583312044,0,False
594,1,0.8142312458434198,0.03617445862885779,0.9992767724826089,0.07224107049318532,1.0,True,1052.2865127067323,76.0183041434752,76.0183041434752,75.74740493324049,0.07224107049318533,456959535,secondary,4531816332,8151182358,0,False
594,2,0.6551374959989307,37.86143452038323,0.468964273000979,0.07224107049318532,1.0,True,1052.2865127067323,76.0183041434752,24.389514741937283,24.301618113954248,0.07224107049318533,456959535,secondary,4531816313,4531816332,0,False
594,3,0.6550818246049066,37.88122366526035,0.4687787016875652,0.07224107049318532,1.0,True,1052.2865127067323,76.0183041434752,343.0272619789918,341.65719557230807,0.07224107049318533,456959535,secondary,8151182358,1051669905,0,False
594,4,0.5146016079922613,378.9264336190126,0.000511312978747285,0.07224107049318532,1.0,True,1052.2865127067323,76.0183041434752,124.15445111892798,123.62678312211759,0.07224107049318533,456959535,secondary,1051669905,10128190730,0,False
594,5,0.4728313291783409,49.833827802292035,0.36910410179430814,0.8105004932002424,1.0,False,93.79180491713052,76.0183041434752,24.104839068008708,24.125277217542823,0.8105004932002424,456959532,secondary,11176575743,4531816313,0,False
595,1,0.8145608819541648,0.005340043232162914,0.9998932048383661,0.07296460251327448,1.0,True,1031.6171596803688,75.27153600195132,75.27153600195132,75.01352231081796,0.07296460251327448,874459840,primary,8151416225,5662504046,0,False
595,2,0.6562890756985994,37.504873086834266,0.472320517319815,0.07296460251327448,1.0,True,1031.6171596803688,75.27153600195132,26.031794703144097,25.942733568916324,0.07296460251327448,874459840,primary,5662504046,12558344053,0,False
595,3,0.6562793450900124,37.508306822457044,0.47228808195785854,0.07296460251327448,1.0,True,1031.6171596803688,75.27153600195132,47.07817767190012,46.914746941371746,0.07296460251327448,874459840,primary,7127914069,8151416225,0,False
595,4,0.5989307371116603,63.447605731909995,0.28112605536335156,0.07296460251327448,1.0,True,1031.6171596803688,75.27153600195132,39.83231793989267,39.69617361302498,0.07296460251327448,874459840,primary,12558344053,8151533597,0,False
595,5,0.5700348283461929,84.42233538022144,0.1848063594784601,0.07296460251327448,1.0,True,1031.6171596803688,75.27153600195132,56.782542804829184,56.59103865341673,0.07296460251327448,874459840,primary,3719620804,7127914069,0,False
596,1,0.81099988137147,3.395339875657606e-06,0.9999999320932048,0.05499950871754261,1.0,True,1362.436793060552,74.93335427703464,74.93335427703464,74.58846950936442,0.05499950871754262,40016878,primary,3722327255,4719771206,0,False
596,2,0.6532942509784692,37.294234028700956,0.47431449744986914,0.05499950871754261,1.0,True,1362.436793060552,74.93335427703464,63.34287450597982,63.05196035069834,0.05499950871754262,40016878,primary,4719771206,4719769348,0,False
596,3,0.6532942468463472,37.29423548066376,0.4743144836761292,0.05499950871754261,1.0,True,1362.436793060552,74.93335427703464,279.66370485795244,278.38018849546665,0.05499950871754262,40016878,primary,8141615216,3722327255,0,False
596,4,0.5513277316425913,100.33703379103117,0.13442609966360922,0.05499950871754261,1.0,True,1362.436793060552,74.93335427703464,107.44946829037174,106.95515118137705,0.05499950871754262,40016878,primary,4719769348,9833884594,0,False
596,5,0.5157490958407779,207.29037673684667,0.01583064699089792,0.05499950871754261,1.0,True,1362.436793060552,74.93335427703464,35.64559662480792,35.48195441156096,0.05499950871754262,40016878,primary,9833884594,3722327154,0,False
597,1,0.8073426879986225,0.04237570162860472,0.9991528450060083,0.0379841724841004,1.0,True,1962.4852799948158,74.54337937283115,74.54337937283115,74.35057389029156,0.0379841724841004,90617087,secondary,6985772828,293464276,0,False
597,2,0.6501811935350055,37.19243284279752,0.47528119679395164,0.0379841724841004,1.0,True,1962.4852799948158,74.54337937283115,88.70446519606946,88.39236349431634,0.0379841724841004,90617087,secondary,293464276,8099252001,0,False
597,3,0.5321412355466139,125.16493547854408,0.08181467016597925,0.0379841724841004,1.0,True,1962.4852799948158,74.54337937283115,147.77947755357297,147.22812855339492,0.0379841724841004,90617087,secondary,8099252001,3711678597,0,False
597,4,0.50889721883611,272.05613041378143,0.004334614464299738,0.0379841724841004,1.0,True,1962.4852799948158,74.54337937283115,158.062135649042,157.35711141131176,0.0379841724841004,90617087,secondary,3711678597,3711673309,0,False
597,5,0.5076674290677156,417.7292255796887,0.00023531523631820445,0.0379841724841004,1.0,True,1962.4852799948158,74.54337937283115,95.37223235604064,94.94295151771928,0.0379841724841004,90617087,secondary,3711673309,3711679014,0,False
598,1,0.8517803537479549,0.25062634894164737,0.9950000147704879,0.26640174658404264,1.0,True,279.7543936933014,74.52705909445537,74.52705909445537,74.61565517173236,0.26640174658404264,875004054,secondary,8145297049,3714709080,0,False
598,2,0.6956686100680701,37.26124588105403,0.47462753583753864,0.26640174658404264,1.0,True,279.7543936933014,74.52705909445537,97.09064412203195,97.21446867810151,0.26640174658404264,875004054,secondary,3714709080,3717989214,0,False
598,3,0.6955432875429872,37.305272582374926,0.47420979408726244,0.26640174658404264,1.0,True,279.7543936933014,74.52705909445537,31.083502634775662,31.119444757169116,0.26640174658404264,875004054,secondary,293465572,8145297049,0,False
598,4,0.6296279039162482,68.424323616325,0.2544918486647993,0.26640174658404264,1.0,True,279.7543936933014,74.52705909445537,42.45865457896574,42.509327105821875,0.26640174658404264,367932817;1210205483;875004054,secondary,8144958903,293465572,0,False
598,5,0.5736948876335382,134.3767582522319,0.06804846105576544,0.26640174658404264,1.0,True,279.7543936933014,74.52705909445537,34.254386304345616,34.295497980476476,0.26640174658404264,875004054,secondary,3717989214,8144958892,0,False
599,1,0.8385758480626706,0.25131619981280906,0.9949862868326504,0.20039981006437754,1.0,True,370.457965623108,74.23970594770655,74.23970594770655,74.28395548498784,0.20039981006437754,230574625,secondary,3706277346,8128279464,0,False
599,2,0.6828783829130207,37.117424146704565,0.4759947363338172,0.20039981006437754,1.0,True,370.457965623108,74.23970594770655,31.302272418700188,31.326808338407368,0.20039981006437754,230574625,secondary,8128279464,10706332785,0,False
599,3,0.6827808501007571,37.151586336589865,0.4756696269596055,0.20039981006437754,1.0,True,370.457965623108,74.23970594770655,77.66369628471914,77.68778687632187,0.20039981006437754,230574625,secondary,10115843783,3706277346,0,False
599,4,0.570325726634202,114.72131562500752,0.10081921540442168,0.20039981006437754,1.0,True,370.457965623108,74.23970594770655,187.14898865889165,187.15941492339095,0.20039981006437754,230574625,secondary,3706276768,10115843783,0,False
599,5,0.47874482403985325,7.508378969879593,0.8605637515857594,0.10287849282062718,1.0,False,721.6251318645043,74.23970594770655,353.5344880213471,353.6425259529068,0.1028784928206272,369195862,secondary,4712962733,7243112626,0,False
600,1,0.8117440086672272,0.018711483275418984,0.9996258403496787,0.05928128281161827,1.0,True,1246.9065433299056,73.91821943479748,73.91821943479748,73.6190045579618,0.05928128281161826,1208795201,primary,4594197582,12535566548,0,False
600,2,0.6555388211978732,36.80880103133322,0.47894188211849875,0.05928128281161827,1.0,True,1246.9065433299056,73.91821943479748,38.26084818767998,38.10785399825447,0.05928128281161826,1208795201,primary,12535566548,4594197578,0,False
600,3,0.6555348792638749,36.81017280113805,0.4789287423385039,0.05928128281161827,1.0,True,1246.9065433299056,73.91821943479748,49.674943911174665,49.471428632331765,0.05928128281161826,1208795201,primary,6604492171,4594197582,0,False
600,4,0.5789150506950469,74.91063578478219,0.22352931377574398,0.05928128281161827,1.0,True,1246.9065433299056,73.91821943479748,209.4073351757516,208.57269906813605,0.05928128281161826,1208795201,primary,4594197578,4594197577,0,False
600,5,0.5128915158873454,283.45652618730696,0.0034508644167390496,0.05928128281161827,1.0,True,1246.9065433299056,73.91821943479748,38.20028906306621,38.04577171073511,0.05928128281161826,1208795201,primary,4594197577,4594197576,0,False
601,1,0.8173575264984092,3.681724693480938e-05,0.9999992636553324,0.08678873700904688,1.0,True,850.2417522515343,73.7914078302696,73.7914078302696,73.60285320302523,0.08678873700904688,1209072902,secondary,293462766,293462759,0,False
601,2,0.6610615392439865,36.801414735433056,0.47901263947392386,0.08678873700904688,1.0,True,850.2417522515343,73.7914078302696,70.2197771050809,70.0286503886563,0.08678873700904688,1209072902,secondary,293462767,293462766,0,False
601,3,0.6610614710358718,36.80143846762901,0.47901241211354134,0.08678873700904688,1.0,True,850.2417522515343,73.7914078302696,34.50764105455443,34.405653213629805,0.08678873700904688,1209072902,secondary,293462759,293462756,0,False
601,4,0.58964136661605,71.15924690231365,0.24094539738080248,0.08678873700904688,1.0,True,850.2417522515343,73.7914078302696,65.05062878754624,64.87844300464953,0.08678873700904688,1209072902,secondary,293462756,4714891319,0,False
601,5,0.5527820511540964,106.8192171703526,0.11808101250762366,0.08678873700904688,1.0,True,850.2417522515343,73.7914078302696,56.50869282263908,56.36765421169537,0.08678873700904688,1209072902,secondary,293462769,293462767,0,False
602,1,0.8107018891430395,0.04157751617006142,0.999168795318756,0.05475625273706407,1.0,True,1341.5532112198066,73.45842669377163,73.45842669377163,73.2067890495208,0.05475625273706407,880075594,primary,3719620306,8151182416,0,False
602,2,0.6552545769466962,36.59324785859912,0.4810110879976114,0.05475625273706407,1.0,True,1341.5532112198066,73.45842669377163,160.32290359860772,159.7710111534966,0.05475625273706407,880075594,primary,2283167601,3719620306,0,False
602,3,0.6552146215370249,36.60709401974249,0.4808779032987073,0.05475625273706407,1.0,True,1341.5532112198066,73.45842669377163,243.22906750563075,242.4082752432934,0.05475625273706407,880075594,primary,8151182416,2283167591,0,False
602,4,0.5168606452650406,196.3619532564086,0.019697982392092802,0.05475625273706407,1.0,True,1341.5532112198066,73.45842669377163,573.6074437863839,571.6423476916178,0.05475625273706407,880075594,primary,4719693651,2283167601,0,False
602,5,0.5120975613654083,278.36168366228765,0.0038210360599850173,0.05475625273706407,1.0,True,1341.5532112198066,73.45842669377163,41.27937230184729,41.18653989181096,0.05475625273706407,880075594,primary,2283167591,3719620255,0,False
603,1,0.8269378777757772,0.07640060993301903,0.9984731546176004,0.1369796569524855,1.0,True,536.0310683497349,73.42535185842101,73.42535185842101,73.492940625657,0.1369796569524855,367932805,secondary,293463307,10718627261,0,True
603,2,0.8269378777757772,0.07640060993301989,0.9984731546176004,0.1369796569524855,1.0,True,536.0310683497349,73.42535185842101,73.425351858421,73.492940625657,0.1369796569524855,367932805,secondary,10718627261,293463307,0,True
603,3,0.6723266374857101,36.376336772974895,0.48310235365071,0.1369796569524855,1.0,True,536.0310683497349,73.42535185842101,2.6252154860759713,2.615301608104304,0.1369796569524855,367932805,secondary,293463307,8148598918,0,True
603,4,0.6723266374857101,36.376336772974895,0.48310235365071,0.1369796569524855,1.0,True,536.0310683497349,73.42535185842101,2.6252154860759713,2.615301608104304,0.1369796569524855,367932805,secondary,8148598918,293463307,0,True
603,5,0.6714162829547463,36.691392737955034,0.4800678385474976,0.1369796569524855,1.0,True,536.0310683497349,73.42535185842101,13.060105929569636,13.073850706475483,0.1369796569524855,367932805,secondary,10718627259,10718627261,0,True
604,1,0.8269378777713543,0.07640061067129492,0.9984731546028575,0.13697965695248548,1.0,True,536.0310683497349,73.425351858421,73.42535185842101,73.492940625657,0.13697965695248548,367932805,secondary,293463307,10718627261,0,True
604,2,0.8269378777713543,0.07640061067129492,0.9984731546028575,0.13697965695248548,1.0,True,536.0310683497349,73.425351858421,73.425351858421,73.492940625657,0.13697965695248548,367932805,secondary,10718627261,293463307,0,True
604,3,0.6723266374823358,36.376336774139034,0.4831023536394621,0.13697965695248548,1.0,True,536.0310683497349,73.425351858421,2.6252154860759713,2.615301608104304,0.13697965695248548,367932805,secondary,293463307,8148598918,0,True
604,4,0.6723266374823358,36.376336774139034,0.4831023536394621,0.13697965695248548,1.0,True,536.0310683497349,73.425351858421,2.6252154860759713,2.615301608104304,0.13697965695248548,367932805,secondary,8148598918,293463307,0,True
604,5,0.6714162829582273,36.69139273674657,0.4800678385591005,0.13697965695248548,1.0,True,536.0310683497349,73.425351858421,13.060105929569636,13.073850706475483,0.13697965695248548,367932805,secondary,10718627259,10718627261,0,True
605,1,0.8421899372988728,4.511267194658609e-07,0.9999999909774656,0.21094970002816518,1.0,True,347.22893426059886,73.2478395233728,73.2478395233728,72.91187129764303,0.21094970002816515,1208785492,primary,4814206871,6947408065,0,False
605,2,0.686890101455286,36.455936263252326,0.48233387149884277,0.21094970002816518,1.0,True,347.22893426059886,73.2478395233728,140.1753053063159,139.53338621877887,0.21094970002816515,1208785492,primary,6947408065,3725790736,0,False
605,3,0.551072732864923,175.98332279595525,0.029609309530966216,0.21094970002816518,1.0,True,347.22893426059886,73.2478395233728,99.32186286954247,98.86637520669575,0.21094970002816515,1208785492,primary,3725790736,6604339619,0,False
605,4,0.5434198554595479,274.841852214448,0.004099718179716086,0.21094970002816518,1.0,True,347.22893426059886,73.2478395233728,36.082357528515814,35.91730153748124,0.21094970002816515,1208785492,primary,6604339619,6604381555,0,False
605,5,0.44855904153601467,12.206836672420073,0.7833805126205725,0.06772443874921473,1.0,False,1081.5569811454823,73.2478395233728,419.5135551577196,417.59094519520954,0.06772443874921473,1208986525,primary,3725790780,8156993031,0,False
606,1,0.8101872121908358,0.028486381086720528,0.9994304346422301,0.05179040899083379,1.0,True,1413.8082295902807,73.22170644508729,73.22170644508729,72.88459129470776,0.0517904089908338,762822065,primary,4714962027,10635704868,0,False
606,2,0.6550994303906659,36.44170639583685,0.48247116197499723,0.05179040899083379,1.0,True,1413.8082295902807,73.22170644508729,30.275862185222948,30.13652078011431,0.0517904089908338,762822065,primary,4714962026,4714962027,0,False
606,3,0.6550976137627699,36.44233394260007,0.482465106548677,0.05179040899083379,1.0,True,1413.8082295902807,73.22170644508729,77.82599946376246,77.46768200164433,0.0517904089908338,762822065,primary,10635704868,7242936306,0,False
606,4,0.5895775726354504,66.57800548411156,0.26406496945761215,0.05179040899083379,1.0,True,1413.8082295902807,73.22170644508729,201.6613876353403,200.73284922503623,0.0517904089908338,762822065,primary,4715979365,4714962026,0,False
606,5,0.5410992182843539,113.90903831528489,0.10247045495395732,0.05179040899083379,1.0,True,1413.8082295902807,73.22170644508729,13.433537137942997,13.371677406312617,0.0517904089908338,762822065,primary,7242936306,4714962014,0,False
607,1,0.8134830417061414,1.8890816587965206e-06,0.9999999622183675,0.06741526520315572,1.0,True,1083.4949319913956,73.0440981864751,73.0440981864751,72.70770905737226,0.06741526520315572,478257594,primary,10267000474,3714705622,0,False
607,2,0.6584789430650022,36.35385386484269,0.48331963341457035,0.06741526520315572,1.0,True,1083.4949319913956,73.0440981864751,159.30930714438122,158.57562353036303,0.06741526520315572,478257594,primary,3714704501,10267000474,0,False
607,3,0.6584789392148191,36.35385519252966,0.48331962058062694,0.06741526520315572,1.0,True,1083.4949319913956,73.0440981864751,195.11745418292566,194.219210933814,0.06741526520315572,478257594,primary,3714705622,3714706393,0,False
607,4,0.5195641975937956,194.92947737594994,0.020270481843881315,0.06741526520315572,1.0,True,1083.4949319913956,73.0440981864751,135.2725275408109,134.64956616499865,0.06741526520315572,478257594,primary,3714705527,3714704501,0,False
607,5,0.5138946267713806,329.5774786997703,0.0013719124358315183,0.06741526520315572,1.0,True,1083.4949319913956,73.0440981864751,171.1209286495828,170.3330930685504,0.06741526520315572,478257594,primary,8124335766,3714705527,0,False
608,1,0.8234196706228218,0.05361048505669216,0.9989283649103015,0.11870580574865737,1.0,True,614.4249257857429,72.93580588745561,72.93580588745561,72.98588766508342,0.11870580574865737,252236395,secondary,9979039300,2583312049,0,False
608,2,0.6683792310398702,36.47739611671852,0.4821268996337959,0.11870580574865737,1.0,True,614.4249257857429,72.93580588745561,147.49819235724036,147.6060416366936,0.11870580574865737,252236395,secondary,2583312049,2583312092,0,False
608,3,0.6683700996905556,36.48055283665255,0.48209646180274707,0.11870580574865737,1.0,True,614.4249257857429,72.93580588745561,31.420850811116406,31.43303906017253,0.11870580574865737,252236395,secondary,2583312073,9979039300,0,False
608,4,0.5312954418521962,184.0834045804525,0.02518093567488253,0.11870580574865737,1.0,True,614.4249257857429,72.93580588745561,187.7266712930368,187.84465712747397,0.11870580574865737,252236395,secondary,2583312092,2583312066,0,False
608,5,0.523917725214426,371.8926985175,0.0005885468823151746,0.11870580574865737,1.0,True,614.4249257857429,72.93580588745561,37.60835971051703,37.63280775747004,0.11870580574865737,252236395,secondary,2583312066,2751622292,0,False
609,1,0.8330254830751358,0.015031924294210523,0.999699406701337,0.16557830532367307,1.0,True,439.7194826219355,72.8080067503424,72.8080067503424,72.57664065019748,0.16557830532367307,464650413,primary,293464962,4597354892,0,False
609,2,0.6783341555181954,36.277150405382486,0.48406164817820296,0.16557830532367307,1.0,True,439.7194826219355,72.8080067503424,89.12133521240253,88.85051197742007,0.16557830532367307,464650413,primary,293464966,293464962,0,False
609,3,0.5576962068354399,125.0913583455938,0.08193515256901741,0.16557830532367307,1.0,True,439.7194826219355,72.8080067503424,95.35748515725601,95.09498760776935,0.16557830532367307,464650413,primary,293464970,293464966,0,False
609,4,0.5367933947468845,220.07428797145275,0.012259112273832844,0.16557830532367307,1.0,True,439.7194826219355,72.8080067503424,80.40772178294765,80.20666721517603,0.16557830532367307,464650413,primary,293464981,293464970,0,False
609,5,0.5338578807357357,300.0946250861904,0.002474065570003502,0.16557830532367307,1.0,True,439.7194826219355,72.8080067503424,80.16368716067669,79.9862881687966,0.16557830532367307,464650413,primary,293464989,293464981,0,False
610,1,0.8110770047593574,2.0882462988063213e-05,0.9999995823508274,0.055385650270546115,1.0,True,1313.7312787999997,72.76186115709407,72.76186115709407,72.46996594077498,0.0553856502705461,26755741,trunk,2392383587,2277623507,0,False
610,2,0.6564181565063756,36.23497935358314,0.48447008817422094,0.055385650270546115,1.0,True,1313.7312787999997,72.76186115709407,1222.1475264366486,1217.305702173846,0.0553856502705461,218526248;26755741;218526246,trunk,2277623507,2845389661,0,False
610,3,0.6564181354795398,36.23498658720388,0.4844700180847685,0.055385650270546115,1.0,True,1313.7312787999997,72.76186115709407,24.050684789926425,23.955610685378883,0.0553856502705461,26755741,trunk,2392383591,2392383587,0,False
610,4,0.45579971061416064,8.96438628381272,0.8358653648673507,0.025200505769777098,1.0,False,2887.3174936178143,72.76186115709407,1392.1327722280041,1386.5731687246364,0.025200505769777098,1203900681;218526250;218526251;280421141,trunk,12094771861,12617765453,0,False
610,5,0.29886275134678914,60.18864961517322,0.300059949595867,0.04422383234014508,1.0,False,1645.3088144295225,72.76186115709407,167.4211338703478,166.75764557876602,0.044223832340145076,1203900682,trunk,12617765452,2392383591,0,False
611,1,0.8249313872028712,0.004826021110398841,0.9999034842357382,0.12480170966074841,1.0,True,582.4729071620802,72.69361464489398,72.69361464489398,72.74650145921674,0.12480170966074838,252236396,secondary,2583312041,9979039297,0,False
611,2,0.6699033400723962,36.37209629001239,0.48314332713415514,0.12480170966074841,1.0,True,582.4729071620802,72.69361464489398,19.590295445882393,19.60462251922569,0.12480170966074838,252236396,secondary,3706277560,2583312041,0,False
611,3,0.6228898683477092,55.97671864418653,0.3264317547185318,0.12480170966074841,1.0,True,582.4729071620802,72.69361464489398,76.21696737606669,76.2727022044529,0.12480170966074838,252236396,secondary,8124328157,3706277560,0,False
611,4,0.546262194907612,132.2494205785717,0.07100617658487433,0.12480170966074841,1.0,True,582.4729071620802,72.69361464489398,239.42756232915917,239.5833565266379,0.12480170966074838,252236396,secondary,2583312044,8124328157,0,False
611,5,0.5251372451413313,371.7967505709128,0.0005896773639387401,0.12480170966074841,1.0,True,582.4729071620802,72.69361464489398,55.796278333543576,55.832564011445825,0.12480170966074838,252236396,secondary,3706277462,2583312044,0,False
612,1,0.882283258836722,2.886017686799596e-06,0.999999942279648,0.4114163807641375,1.0,True,175.96178310154806,72.39355995644307,72.39355995644307,72.06024920112446,0.4114163807641375,1210211832,primary,7128063637,7128134805,0,False
612,2,0.7282209981738008,36.03012527256421,0.4864590734032443,0.4114163807641375,1.0,True,175.96178310154806,72.39355995644307,20.150820718494145,20.058052872351887,0.4114163807641375,1210211832,primary,8127682909,7128063637,0,False
612,3,0.6799948296949776,56.088133365291206,0.32570517847383373,0.4114163807641375,1.0,True,175.96178310154806,72.39355995644307,84.23108841846901,83.84348102807174,0.4114163807641375,1210211832;762822066;478257595,primary,7128063636,8127682909,0,False
612,4,0.4955448124546638,12.074237640484606,0.7854607797676733,0.2995328926218092,1.0,False,241.6881809633085,72.39355995644307,156.26172229881945,155.54239487609743,0.2995328926218092,219116704;762822062;219116711,primary,3714706393,12201173657,0,False
612,5,0.38001770703412335,36.03012392856049,0.48645908647930053,0.170399905451666,1.0,False,12.335855771887411,72.39355995644307,12.319935000142637,12.335855771887411,5.868547857167975,762830433,primary,3714706393,7128134805,0,True
613,1,0.8173944698694156,4.249095193346144e-05,0.9999991501813225,0.086973624075094,1.0,True,831.7759311019269,72.34256714637026,72.34256714637026,72.29315747930428,0.08697362407509399,279088743,primary,8153654900,293464907,0,False
613,2,0.662992980623788,36.14656591503727,0.48532751936256363,0.086973624075094,1.0,True,831.7759311019269,72.34256714637026,67.13933422814407,67.09060171426869,0.08697362407509399,279088743,primary,293464907,293464902,0,False
613,3,0.6629929059339994,36.146591564316964,0.48532727039660173,0.086973624075094,1.0,True,831.7759311019269,72.34256714637026,9.956234438181479,9.949429571617266,0.08697362407509399,279088743,primary,8151548235,8153654900,0,False
613,4,0.6367210599947344,46.09602111943108,0.3977544505990522,0.086973624075094,1.0,True,831.7759311019269,72.34256714637026,36.23316852383645,36.20843263335972,0.08697362407509399,279088743,primary,2999157394,8151548235,0,False
613,5,0.57523546655483,82.30445364469742,0.19280247246603746,0.086973624075094,1.0,True,831.7759311019269,72.34256714637026,9.503939377200885,9.464696974081603,0.08697362407509399,279088743,primary,293464908,2999157394,0,False
614,1,0.8524822635247014,0.06267841167551237,0.9987472171549342,0.2642904918911056,1.0,True,273.67397644546,72.32942985256548,72.32942985256548,72.42262173796854,0.2642904918911056,1209433726,secondary,2408002052,8145212933,0,True
614,2,0.8524822635247014,0.06267841167551237,0.9987472171549342,0.2642904918911056,1.0,True,273.67397644546,72.32942985256548,72.32942985256548,72.42262173796854,0.2642904918911056,1209433726,secondary,8145212933,2408002052,0,True
614,3,0.6983966231418415,36.16708240418347,0.4851284158787348,0.2642904918911056,1.0,True,273.67397644546,72.32942985256548,67.6262946331855,67.70761210717329,0.2642904918911056,1209433726,secondary,8145212933,10618414232,0,True
614,4,0.6983966231418415,36.16708240418347,0.4851284158787348,0.2642904918911056,1.0,True,273.67397644546,72.32942985256548,67.6262946331855,67.70761210717329,0.2642904918911056,1209433726,secondary,10618414232,8145212933,0,True
614,5,0.6982889947572419,36.20407199198467,0.4847696545967364,0.2642904918911056,1.0,True,273.67397644546,72.32942985256548,6.928735890554024,6.937727046786815,0.2642904918911056,1209433726,secondary,2408002052,8144958892,0,True
615,1,0.8524822635247014,0.06267841167551237,0.9987472171549342,0.2642904918911056,1.0,True,273.67397644546,72.32942985256548,72.32942985256548,72.42262173796854,0.2642904918911056,1209433726,secondary,2408002052,8145212933,0,True
615,2,0.8524822635247014,0.06267841167551237,0.9987472171549342,0.2642904918911056,1.0,True,273.67397644546,72.32942985256548,72.32942985256548,72.42262173796854,0.2642904918911056,1209433726,secondary,8145212933,2408002052,0,True
615,3,0.6983966231418415,36.16708240418347,0.4851284158787348,0.2642904918911056,1.0,True,273.67397644546,72.32942985256548,67.6262946331855,67.70761210717329,0.2642904918911056,1209433726,secondary,8145212933,10618414232,0,True
615,4,0.6983966231418415,36.16708240418347,0.4851284158787348,0.2642904918911056,1.0,True,273.67397644546,72.32942985256548,67.6262946331855,67.70761210717329,0.2642904918911056,1209433726,secondary,10618414232,8145212933,0,True
615,5,0.6982889947572419,36.20407199198467,0.4847696545967364,0.2642904918911056,1.0,True,273.67397644546,72.32942985256548,6.928735890554024,6.937727046786815,0.2642904918911056,1209433726,secondary,2408002052,8144958892,0,True
616,1,0.8617286420366714,0.0876660760305189,0.9982482146496356,0.3112708882089032,1.0,True,232.08542353011805,72.24143592255933,72.24143592255933,71.91590618072328,0.3112708882089032,1138034029,primary,7127990460,8141910054,0,False
616,2,0.7084066747336302,35.95659487149968,0.4871749903061653,0.3112708882089032,1.0,True,232.08542353011805,72.24143592255933,160.90992781663525,160.16951734939477,0.3112708882089032,1138034029,primary,3722327215,7127990460,0,False
616,3,0.5002772459936216,35.933722387582286,0.4873978993297234,0.7702893809735223,1.0,False,93.78480050089453,72.24143592255933,94.20338760425746,93.78480050089453,0.7702893809735223,1209433720;44949028,primary,8141910054,2277422474,0,False
616,4,0.4652541224544146,8.194742208918193,0.8488312767376264,0.05302369716563331,1.0,False,1362.436793060552,72.24143592255933,177.4812021104335,176.7693232933594,0.053023697165633314,40016878,primary,8182365093,2283167672,0,False
616,5,0.36055556311257325,34.6737538224475,0.49983607893148857,0.05302369716563331,1.0,False,1362.436793060552,72.24143592255933,36.03919586368378,35.87328976444064,0.053023697165633314,40016878,primary,2283167672,8141615216,0,False
617,1,0.8591638803694723,3.7828223129160904e-05,0.9999992434358236,0.2958205366936268,1.0,True,243.68686829944778,72.08758016553178,72.08758016553178,72.1819153590384,0.29582053669362673,1208491977,primary,6604456763,3726939997,0,False
617,2,0.7049243738790438,36.090960626082335,0.485867555134395,0.2958205366936268,1.0,True,243.68686829944778,72.08758016553178,171.28074451744112,171.5049529404094,0.29582053669362673,1208491977,primary,3726939998,6604456763,0,False
617,3,0.496542466081048,9.519473770783069,0.8266371164039629,0.2427566557992957,1.0,False,296.95408320804904,72.08758016553178,67.3815774180633,67.46990534633385,0.2427566557992957,1208785499,primary,3725790551,6604456762,0,False
617,4,0.39150100037712565,37.064493493280416,0.4764988973908883,0.2427566557992957,1.0,False,296.95408320804904,72.08758016553178,229.18427401204093,229.48417786171518,0.2427566557992957,1208785499,primary,6604456762,6604456761,0,False
617,5,0.3766649750077578,33.0493988141542,0.5163409497968434,0.10881345034352376,1.0,False,662.4877709322834,72.08758016553178,132.51086982524495,132.6780624282585,0.10881345034352377,368729170,primary,3725764126,3725790551,0,False
618,1,0.8507869921981761,0.15442216659948568,0.9969163210030627,0.2585604794862867,1.0,True,278.1274653535449,71.91277080011815,71.91277080011815,72.00255948726407,0.2585604794862867,875004049,secondary,8144958896,8144958898,0,False
618,2,0.6977521476367923,35.995078179275765,0.4868001724651165,0.2585604794862867,1.0,True,278.1274653535449,71.91277080011815,54.49683641266464,54.55855117158461,0.2585604794862867,875004049,secondary,8144958898,8144958900,0,False
618,3,0.6977454381695212,35.99737536464421,0.4867778075742125,0.2585604794862867,1.0,True,278.1274653535449,71.91277080011815,81.308304740016,81.39702434579087,0.2585604794862867,875004049,secondary,8144958892,8144958896,0,False
618,4,0.6008363013479348,90.47152893147934,0.16374735150225836,0.2585604794862867,1.0,True,278.1274653535449,71.91277080011815,32.036798819060714,32.07405488085571,0.2585604794862867,875004049,secondary,8144958900,8148598924,0,False
618,5,0.5775793014117382,122.5403252303361,0.08622401838160283,0.2585604794862867,1.0,True,278.1274653535449,71.91277080011815,38.05136784471101,38.095275468049635,0.2585604794862867,875004049;875004052;1210205481,secondary,8148598924,8144958902,0,False
619,1,0.8162792511706385,7.180843563800738e-06,0.999999856383139,0.08139647127848412,1.0,True,882.6426791620468,71.8439994835778,71.8439994835778,71.52065455083088,0.08139647127848411,300173742,primary,6605237342,3725789996,0,False
619,2,0.6630066192633721,35.76032711573433,0.48909108335891754,0.08139647127848412,1.0,True,882.6426791620468,71.8439994835778,45.39827197145392,45.19465361295259,0.08139647127848411,300173742,primary,3725789996,3725790135,0,False
619,3,0.6630066183261845,35.76032743509799,0.4890910802349591,0.08139647127848412,1.0,True,882.6426791620468,71.8439994835778,24.646539572476883,24.53561596512348,0.08139647127848411,300173742,primary,3725790040,6605237342,0,False
619,4,0.6061043189113619,60.29594335855505,0.2994167488522167,0.08139647127848412,1.0,True,882.6426791620468,71.8439994835778,131.97280249943776,131.37860221744427,0.08139647127848411,300173742,primary,3725789806,3725790040,0,False
619,5,0.5757036767256514,80.9538926609508,0.19808127489984834,0.08139647127848412,1.0,True,882.6426791620468,71.8439994835778,88.5814932304645,88.1800838794346,0.08139647127848411,300173742,primary,3725790135,3725777494,0,False
620,1,0.8106155755475846,2.8787742758415165e-05,0.9999994242453106,0.05307874136995684,1.0,True,1343.3453532286426,71.30308057455646,71.30308057455646,71.064411698611,0.053078741369956856,478371821,primary,4719689709,3719620426,0,False
620,2,0.6580140569178854,35.532198478362325,0.49132769547964655,0.05307874136995684,1.0,True,1343.3453532286426,71.30308057455646,23.679760027402146,23.59943773563193,0.053078741369956856,478371821,primary,3719620426,7128301700,0,False
620,3,0.6580140134592407,35.53221322027199,0.4913275506174979,0.05307874136995684,1.0,True,1343.3453532286426,71.30308057455646,89.54616692556367,89.23492757452088,0.053078741369956856,478371821,primary,4719689711,4719689709,0,False
620,4,0.6025615679553011,59.12914937970512,0.3064860656043661,0.05307874136995684,1.0,True,1343.3453532286426,71.30308057455646,266.18514162678645,265.2715671567347,0.053078741369956856,478371821,primary,7128301700,4720133094,0,False
620,5,0.5353608519131089,124.75774189879569,0.0824836787970583,0.05307874136995684,1.0,True,1343.3453532286426,71.30308057455646,286.1263783647371,285.1324099942067,0.053078741369956856,478371821,primary,4719689717,4719689711,0,False
621,1,0.813782914751146,0.5285604017745167,0.9894844708138926,0.08468786753489094,1.0,True,834.8462163029267,70.70134577826715,70.70134577826715,70.38193186623319,0.08468786753489092,1069546778,secondary,8166852641,8166852655,0,False
621,2,0.6654184454805248,35.16631664844445,0.49493623991182173,0.08468786753489094,1.0,True,834.8462163029267,70.70134577826715,31.110341640968095,30.970285540075043,0.08468786753489092,1069546778,secondary,8166852655,9924376022,0,False
621,3,0.6653812406829258,35.178846699985556,0.4948122239198253,0.08468786753489094,1.0,True,834.8462163029267,70.70134577826715,87.73952398980363,87.33642354337067,0.08468786753489092,1069546778,secondary,10171484519,8166852641,0,False
621,4,0.596872627373739,66.12839981787661,0.2664501795558697,0.08468786753489094,1.0,True,834.8462163029267,70.70134577826715,29.045062259861165,28.911524392892918,0.08468786753489092,1069546778,secondary,9924376022,8166852625,0,False
621,5,0.5619013208466431,94.89629621209428,0.14987915779888317,0.08468786753489094,1.0,True,834.8462163029267,70.70134577826715,60.94294021137681,60.66911394816701,0.08468786753489092,1069546778,secondary,8166852625,8166852652,0,False
622,1,0.8108017263793401,0.010278671875847559,0.9997944476912543,0.054316960359819054,1.0,True,1296.169606714344,70.40399314750526,70.40399314750526,70.08527914847156,0.05431696035981905,746487579,secondary,293454248,293455281,0,False
622,2,0.6597127415847095,35.042387864482514,0.4961644983758189,0.054316960359819054,1.0,True,1296.169606714344,70.40399314750526,18.079211261517425,17.99658187354807,0.05431696035981905,746487579,secondary,293455281,2704039256,0,False
622,3,0.6597113330753918,35.04286099922798,0.4961598033447598,0.054316960359819054,1.0,True,1296.169606714344,70.40399314750526,102.70736918888564,102.24298499369513,0.05431696035981905,746487579,secondary,293455110,293454248,0,False
622,4,0.5301241844019638,137.2855465251553,0.06420264110000015,0.054316960359819054,1.0,True,1296.169606714344,70.40399314750526,118.04024145184802,117.50754035899003,0.05431696035981905,746487579,secondary,293463176,293455110,0,False
622,5,0.5127000670953984,254.79127951027337,0.006122250078115208,0.054316960359819054,1.0,True,1296.169606714344,70.40399314750526,399.9348179885905,398.1286396131627,0.05431696035981905,746487579,secondary,293463031,293463176,0,False
623,1,0.8032330611619405,0.09031300645569226,0.9981953701769798,0.018872250544232583,1.0,True,3727.7442722503997,70.35092387073752,70.35092387073752,70.03449442321211,0.018872250544232586,865024248,primary,3724390516,3724390734,0,False
623,2,0.6527134554729768,35.012280624684465,0.4964633512137673,0.018872250544232583,1.0,True,3727.7442722503997,70.35092387073752,124.2944241184147,123.73921918270827,0.018872250544232586,865024248,primary,3724390537,3724390516,0,False
623,3,0.6526934690426438,35.018990677371455,0.49639672977932453,0.018872250544232583,1.0,True,3727.7442722503997,70.35092387073752,87.03793096793834,86.64335063656833,0.018872250544232586,865024248,primary,3724390734,3724390760,0,False
623,4,0.5301258293907681,121.61309281869042,0.0878379309397386,0.018872250544232583,1.0,True,3727.7442722503997,70.35092387073752,28.50376414898163,28.37355104500613,0.018872250544232586,865024248,primary,3724390760,3724390776,0,False
623,5,0.5187234944191006,149.95675512991758,0.049830147700847136,0.018872250544232583,1.0,True,3727.7442722503997,70.35092387073752,60.36897279670646,60.09280134023877,0.018872250544232586,865024248,primary,3724390776,11968828661,0,False
624,1,0.8159371692258843,0.00019366295509011053,0.9999961267483992,0.07969165600682235,1.0,True,882.6426791620468,70.33925676472191,70.33925676472191,70.02431441763687,0.07969165600682236,300173742,primary,3725827504,293466245,0,False
624,2,0.6648777453390089,35.01214339637671,0.4964647137921482,0.07969165600682235,1.0,True,882.6426791620468,70.33925676472191,123.55193883655559,122.98987848226554,0.07969165600682236,300173742,primary,6604381555,3725827504,0,False
624,3,0.6648776666226697,35.01216982200771,0.49646445140435075,0.07969165600682235,1.0,True,882.6426791620468,70.33925676472191,6.304635454386111,6.2760976049606585,0.07969165600682236,300173742,primary,293466245,11189778457,0,False
624,4,0.6473168169831102,41.285005637177974,0.43792828593915234,0.07969165600682235,1.0,True,882.6426791620468,70.33925676472191,95.09779333517025,94.66841771359938,0.07969165600682236,300173742,primary,11189778457,3725789369,0,False
624,5,0.5357215927974841,135.94731342095594,0.06594420532039878,0.07969165600682235,1.0,True,882.6426791620468,70.33925676472191,89.45214074261825,89.04897226635336,0.07969165600682236,300173742,primary,3725789369,3725789405,0,False
625,1,0.8165174080563051,3.2432466576042833e-05,0.9999993513508788,0.0825880132552079,1.0,True,850.2417522515343,70.2197771050809,70.2197771050809,70.0286503886563,0.08258801325520788,1209072902,secondary,293462767,293462766,0,False
625,2,0.6654505477873609,35.01431513239879,0.4964431504543976,0.0825880132552079,1.0,True,850.2417522515343,70.2197771050809,56.50869282263908,56.36765421169537,0.08258801325520788,1209072902,secondary,293462769,293462767,0,False
625,3,0.6654504878451725,35.01433525628756,0.496442950647103,0.0825880132552079,1.0,True,850.2417522515343,70.2197771050809,73.7914078302696,73.60285320302523,0.08258801325520788,1209072902,secondary,293462766,293462759,0,False
625,4,0.5647725499224547,91.36420590024588,0.16084982423804386,0.0825880132552079,1.0,True,850.2417522515343,70.2197771050809,76.66226491564379,76.47236871468175,0.08258801325520788,1209072902,secondary,293462770,293462769,0,False
625,5,0.5506979929195588,108.60651894982878,0.11393463422839056,0.0825880132552079,1.0,True,850.2417522515343,70.2197771050809,34.50764105455443,34.405653213629805,0.08258801325520788,1209072902,secondary,293462759,293462756,0,False
626,1,0.8221130354320236,0.20869024686442295,0.9958348932807757,0.11681283723895432,1.0,True,601.085191555495,70.21446664791772,70.21446664791772,69.99539688026502,0.11681283723895432,746487559,primary,293460950,9923821126,0,False
626,2,0.6723873763690873,34.9834839871653,0.4967493630709883,0.11681283723895432,1.0,True,601.085191555495,70.21446664791772,138.9630034556413,138.65913686126368,0.11681283723895432,746487559,primary,293461082,293460950,0,False
626,3,0.6723165848641748,35.007241214185264,0.4965133913879462,0.11681283723895432,1.0,True,601.085191555495,70.21446664791772,31.649204336627484,31.553724614961403,0.11681283723895432,746487559,primary,9923821126,293461054,0,False
626,4,0.602618460424716,66.55503526665217,0.2641863099230838,0.11681283723895432,1.0,True,601.085191555495,70.21446664791772,28.172036679262668,28.087212238268446,0.11681283723895432,746487559,primary,293461054,8151183054,0,False
626,5,0.5685574148153918,94.63996953040508,0.15064949122533644,0.11681283723895432,1.0,True,601.085191555495,70.21446664791772,18.74228267940127,18.684268507543887,0.11681283723895432,746487559,primary,8151183054,293461034,0,False
627,1,0.8197673717996861,1.210461311190365e-05,0.9999997579077671,0.09883722213677916,1.0,True,708.4520429770272,70.02143194497546,70.02143194497546,69.70835728999225,0.09883722213677917,1069546779,secondary,293464736,293464729,0,True
627,2,0.8197673717996861,1.2104613112719097e-05,0.9999997579077671,0.09883722213677916,1.0,True,708.4520429770272,70.02143194497546,70.02143194497546,69.70835728999225,0.09883722213677917,1069546779,secondary,293464729,293464736,0,True
627,3,0.6691781465333453,34.85417853070857,0.4980356736866315,0.09883722213677916,1.0,True,708.4520429770272,70.02143194497546,49.82546980238781,49.599701256316415,0.09883722213677917,1069546779,secondary,293464736,293464753,0,True
627,4,0.6691781465333453,34.85417853070857,0.4980356736866315,0.09883722213677916,1.0,True,708.4520429770272,70.02143194497546,49.82546980238781,49.599701256316415,0.09883722213677917,1069546779,secondary,293464753,293464736,0,True
627,5,0.6691781458503014,34.85417875928789,0.4980356714098184,0.09883722213677916,1.0,True,708.4520429770272,70.02143194497546,86.60319361301676,86.21381552527471,0.09883722213677917,1069546779,secondary,293464723,293464729,0,True
628,1,0.8197673717996861,1.210461311190365e-05,0.9999997579077671,0.09883722213677916,1.0,True,708.4520429770272,70.02143194497546,70.02143194497546,69.70835728999225,0.09883722213677917,1069546779,secondary,293464736,293464729,0,True
628,2,0.8197673717996861,1.2104613112719097e-05,0.9999997579077671,0.09883722213677916,1.0,True,708.4520429770272,70.02143194497546,70.02143194497546,69.70835728999225,0.09883722213677917,1069546779,secondary,293464729,293464736,0,True
628,3,0.6691781465333453,34.85417853070857,0.4980356736866315,0.09883722213677916,1.0,True,708.4520429770272,70.02143194497546,49.82546980238781,49.599701256316415,0.09883722213677917,1069546779,secondary,293464736,293464753,0,True
628,4,0.6691781465333453,34.85417853070857,0.4980356736866315,0.09883722213677916,1.0,True,708.4520429770272,70.02143194497546,49.82546980238781,49.599701256316415,0.09883722213677917,1069546779,secondary,293464753,293464736,0,True
628,5,0.6691781458503014,34.85417875928789,0.4980356714098184,0.09883722213677916,1.0,True,708.4520429770272,70.02143194497546,86.60319361301676,86.21381552527471,0.09883722213677917,1069546779,secondary,293464723,293464729,0,True
629,1,0.8121095440815465,2.2366363714786837e-05,0.9999995526728258,0.060548391398493745,1.0,True,1154.8165883721804,69.92228678623202,69.92228678623202,69.65473994767741,0.060548391398493745,264753949,secondary,2928864940,2928864938,0,False
629,2,0.6616005250089287,34.82736547956398,0.49830282243076657,0.060548391398493745,1.0,True,1154.8165883721804,69.92228678623202,82.36634708568087,82.06072688340078,0.060548391398493745,264753949,secondary,2928864944,2928864940,0,False
629,3,0.6616004981347707,34.8273744681278,0.4983027328502402,0.060548391398493745,1.0,True,1154.8165883721804,69.92228678623202,68.21729022284364,67.95627574390093,0.060548391398493745,264753949,secondary,2928864938,1051669370,0,False
629,4,0.5505116755540264,102.78365020314168,0.12800665758109206,0.060548391398493745,1.0,True,1154.8165883721804,69.92228678623202,17.85164792378925,17.773858861920537,0.060548391398493745,264753949,secondary,1051669370,11176575743,0,False
629,5,0.541078390210354,116.87830630215363,0.0965623731021843,0.060548391398493745,1.0,True,1154.8165883721804,69.92228678623202,61.61786616520726,61.36692464145598,0.060548391398493745,264753949,secondary,2928864946,2928864944,0,False
630,1,0.8037358050229855,1.11471033698107e-05,0.9999997770579575,0.0186793595279912,1.0,True,3727.7442722503997,69.63187548977514,69.63187548977514,69.32017426880503,0.018679359527991202,865024248,primary,8133341959,8062776421,0,False
630,2,0.6537276884947547,34.66008690602357,0.4999727219638552,0.0186793595279912,1.0,True,3727.7442722503997,69.63187548977514,15.272347176432815,15.20324615479493,0.018679359527991202,865024248,primary,8133341960,8133341959,0,False
630,3,0.6537276871245452,34.66008736278505,0.49997271739648974,0.0186793595279912,1.0,True,3727.7442722503997,69.63187548977514,131.0218911495294,130.43726548983204,0.018679359527991202,865024248,primary,8062776421,3724390367,0,False
630,4,0.6144168326926956,49.85653195049539,0.36893653595699133,0.0186793595279912,1.0,True,3727.7442722503997,69.63187548977514,471.7401221958465,469.6288723809045,0.018679359527991202,865024248,primary,9896844093,8133341960,0,False
630,5,0.5147817720320872,165.0861572408923,0.03681966708829664,0.0186793595279912,1.0,True,3727.7442722503997,69.63187548977514,37.48393848360269,37.3151521465879,0.018679359527991202,865024248,primary,3724390367,11968762652,0,False
631,1,0.8332250790871845,3.435741504738522,0.9335928747126535,0.26573608336694166,1.0,True,262.0088890148198,69.62521597412191,69.62521597412191,69.66652769958769,0.26573608336694166,464097500;456959532,secondary,4531816313,1051669638,0,False
631,2,0.8013292262867993,33.712464871079554,0.5095387891498808,0.7423379477091743,1.0,True,93.79180491713052,69.62521597412191,24.104839068008708,24.125277217542823,0.7423379477091743,456959532,secondary,11176575743,4531816313,0,False
631,3,0.7120212236235985,33.50930329123087,0.5116133751653046,0.2926860553700359,1.0,True,237.8836117972769,69.62521597412191,46.0846399963745,46.104256787802896,0.2926860553700359,464097500,secondary,1051669638,1051669449,0,False
631,4,0.6211731111770704,78.3221938427402,0.20878633367687754,0.2926860553700359,1.0,True,237.8836117972769,69.62521597412191,122.09899259994765,122.11282730988634,0.2926860553700359,464097500,secondary,1051669449,4592522613,0,False
631,5,0.5808547111387112,22.52356815898213,0.6373276680128135,0.9482820536743357,1.0,False,66.0243427914595,69.62521597412191,66.24687750445808,66.0243427914595,1.0545385691158777,1208986537;1208986538,secondary,4531816328,4531816313,0,False
632,1,0.8618711066635782,5.496906269617799e-06,0.9999998900618806,0.30935569822507064,1.0,True,222.8021554588303,68.92511636801719,68.92511636801719,68.61270916634581,0.30935569822507064,1208988381,secondary,8157424473,8157424472,0,False
632,2,0.7129278578104146,34.306354568913584,0.5035223938846679,0.30935569822507064,1.0,True,222.8021554588303,68.92511636801719,51.661667103724014,51.42634201230217,0.30935569822507064,1249535163;1208988381,secondary,11613703506,8157424473,0,False
632,3,0.7129278577242533,34.306354597433106,0.5035223935974635,0.30935569822507064,1.0,True,222.8021554588303,68.92511636801719,103.2362101014179,102.76310428018232,0.30935569822507064,1208988381,secondary,8157424472,8157424470,0,False
632,4,0.5199515696109406,6.955326926670365,0.8701353205789382,0.2945548671862957,1.0,False,233.99754696439777,68.92511636801719,68.89941288296072,68.58616466734898,0.29455486718629575,876473604,secondary,293462958,293462956,0,False
632,5,0.40953548021642916,34.44962224558898,0.5020816892639001,0.2945548671862957,1.0,False,233.99754696439777,68.92511636801719,52.19860863269126,51.96150377351013,0.29455486718629575,876473604;879827231,secondary,293462956,4613766153,0,False
633,1,0.8588889762829504,4.688893515128713e-06,0.9999999062221341,0.2944450220815504,1.0,True,233.99754696439777,68.89941288296072,68.89941288296072,68.58616466734898,0.2944450220815504,876473604,secondary,293462958,293462956,0,False
633,2,0.7099858254667683,34.29308221559369,0.5036560701681939,0.2944450220815504,1.0,True,233.99754696439777,68.89941288296072,52.19860863269126,51.96150377351013,0.2944450220815504,876473604;879827231,secondary,293462956,4613766153,0,False
633,3,0.709985824753101,34.293082451755936,0.5036560677893029,0.2944450220815504,1.0,True,233.99754696439777,68.89941288296072,61.03508199396885,60.75547260023051,0.2944450220815504,876473604,secondary,8151376700,293462958,0,False
633,4,0.6037318011784589,95.03097531800395,0.14947598920716276,0.2944450220815504,1.0,True,233.99754696439777,68.89941288296072,41.758871459927576,41.568093574069195,0.2944450220815504,876473604,secondary,293464866,8151376700,0,False
633,5,0.5784161011866937,136.5989697844054,0.06509032256794581,0.2944450220815504,1.0,True,233.99754696439777,68.89941288296072,11.177680483467935,11.126312349238969,0.2944450220815504,876473604,secondary,8153698620,293464866,0,False
634,1,0.8164819110711528,9.373055430807474e-06,0.9999998125389089,0.0824098365474008,1.0,True,834.7453514916448,68.79122797512909,68.79122797512909,68.47978275291068,0.08240983654740082,879562787,secondary,11778195620,2703794064,0,False
634,2,0.667739614287042,34.23989102469775,0.5041921565918729,0.0824098365474008,1.0,True,834.7453514916448,68.79122797512909,114.74331746161297,114.21670990925156,0.08240983654740082,879562787,secondary,2703794064,2703794062,0,False
634,3,0.6677396121587933,34.239891728215504,0.5041921494977102,0.0824098365474008,1.0,True,834.7453514916448,68.79122797512909,56.87509756217459,56.61761045545719,0.08240983654740082,879562787,secondary,2703794066,11778195620,0,False
634,4,0.5652284205721725,90.85750167224074,0.16248817754230757,0.0824098365474008,1.0,True,834.7453514916448,68.79122797512909,154.07065549173444,153.377930406645,0.08240983654740082,879562787,secondary,5875519688,2703794066,0,False
634,5,0.5319614405576998,148.2133817483185,0.051598244160732123,0.0824098365474008,1.0,True,834.7453514916448,68.79122797512909,189.02364063471927,188.15842242253342,0.08240983654740082,879562787,secondary,2703794062,2703794060,0,False
635,1,0.8638339844947474,2.7348384237157486e-05,0.9999994530324648,0.319170742925039,1.0,True,215.27097476117055,68.70819694472011,68.70819694472011,68.48304800685129,0.31917074292503894,1210210285,primary,7242788582,8151563186,0,False
635,2,0.7150868773715382,34.24151681720799,0.5041757626217681,0.319170742925039,1.0,True,215.27097476117055,68.70819694472011,116.89041482028705,116.50471946282244,0.31917074292503894,1210210285,primary,2703786131,7242788582,0,False
635,3,0.7150868338940772,34.241531189665146,0.5041756176968979,0.319170742925039,1.0,True,215.27097476117055,68.70819694472011,30.388412171826378,30.28320729149683,0.31917074292503894,1210210285,primary,8151563186,4613798619,0,False
635,4,0.41221262248394563,19.963952421816092,0.6708034885693789,0.05485787956565976,1.0,False,1252.4763532371464,68.70819694472011,84.42868333216086,84.13574670156572,0.05485787956565976,466615091,primary,4720203899,4720203904,0,False
635,5,0.36766461151757135,58.037940153552604,0.3132483968328621,0.36845046233856366,1.0,False,25.31556693073121,68.70819694472011,11.90690806113482,11.866790105713662,2.7140690600657056,466615093,primary,2283167618,4613798619,0,False
636,1,0.8350202176202246,3.6026695600548404e-05,0.9999992794663476,0.17510216890160166,1.0,True,391.6526074752279,68.57922102488006,68.57922102488006,68.63284594435432,0.17510216890160166,776295454,secondary,3706277434,8128232265,0,True
636,2,0.8350202176202246,3.6026695602204855e-05,0.9999992794663476,0.17510216890160166,1.0,True,391.6526074752279,68.57922102488006,68.57922102488006,68.63284594435432,0.17510216890160166,776295454,secondary,8128232265,3706277434,0,True
636,3,0.6860467597462605,34.3164154446076,0.5034210865531338,0.17510216890160166,1.0,True,391.6526074752279,68.57922102488006,9.482404417380621,9.487067841287061,0.17510216890160166,776295454,secondary,1051626722,3706277434,0,True
636,4,0.6860467597462605,34.3164154446076,0.5034210865531338,0.17510216890160166,1.0,True,391.6526074752279,68.57922102488006,9.482404417380621,9.487067841287061,0.17510216890160166,776295454,secondary,3706277434,1051626722,0,True
636,5,0.6860467142717062,34.31643049978454,0.503420934971286,0.17510216890160166,1.0,True,391.6526074752279,68.57922102488006,157.41623411523904,157.52465869851733,0.17510216890160166,776295454,secondary,3706277194,8128232265,0,True
637,1,0.8350202176202246,3.6026695600548404e-05,0.9999992794663476,0.17510216890160166,1.0,True,391.6526074752279,68.57922102488006,68.57922102488006,68.63284594435432,0.17510216890160166,776295454,secondary,3706277434,8128232265,0,True
637,2,0.8350202176202246,3.6026695602204855e-05,0.9999992794663476,0.17510216890160166,1.0,True,391.6526074752279,68.57922102488006,68.57922102488006,68.63284594435432,0.17510216890160166,776295454,secondary,8128232265,3706277434,0,True
637,3,0.6860467597462605,34.3164154446076,0.5034210865531338,0.17510216890160166,1.0,True,391.6526074752279,68.57922102488006,9.482404417380621,9.487067841287061,0.17510216890160166,776295454,secondary,1051626722,3706277434,0,True
637,4,0.6860467597462605,34.3164154446076,0.5034210865531338,0.17510216890160166,1.0,True,391.6526074752279,68.57922102488006,9.482404417380621,9.487067841287061,0.17510216890160166,776295454,secondary,3706277434,1051626722,0,True
637,5,0.6860467142717062,34.31643049978454,0.503420934971286,0.17510216890160166,1.0,True,391.6526074752279,68.57922102488006,157.41623411523904,157.52465869851733,0.17510216890160166,776295454,secondary,3706277194,8128232265,0,True
638,1,0.8183988609499186,3.734372492019967e-05,0.9999992531257805,0.09199542506092252,1.0,True,744.9722300237528,68.53403695961849,68.53403695961849,68.5481131779614,0.09199542506092252,876134933,secondary,8154498070,8154498107,0,False
638,2,0.6695534424037533,34.27404627928992,0.503847857971896,0.09199542506092252,1.0,True,744.9722300237528,68.53403695961849,57.39240539706987,57.395985727290046,0.09199542506092252,876134933,secondary,8154498107,8154498069,0,False
638,3,0.6695533800694558,34.274066898712164,0.5038476501909043,0.09199542506092252,1.0,True,744.9722300237528,68.53403695961849,131.27828741015398,131.29778474029504,0.09199542506092252,26754491;876134933,secondary,9781361238,8154498070,0,False
638,4,0.5663692503118054,91.66016066261895,0.15990055099873626,0.09199542506092252,1.0,True,744.9722300237528,68.53403695961849,41.136916444285035,41.15801420417133,0.09199542506092252,876134933,secondary,8154498069,9726096124,0,False
638,5,0.5395859209196825,132.52012168028355,0.0706227863583264,0.09199542506092252,1.0,True,744.9722300237528,68.53403695961849,11.360649897321819,11.373989761742717,0.09199542506092252,876134933,secondary,9726096124,9726096123,0,False
639,1,0.8036735000626187,1.2082360425030244e-05,0.9999997583528207,0.018367862783862966,1.0,True,3727.7442722503997,68.47069528602644,68.47069528602644,68.16649672863586,0.018367862783862963,865024248,primary,2935256757,3724390537,0,False
639,2,0.6554058307900532,34.08324829972903,0.5057741941109356,0.018367862783862966,1.0,True,3727.7442722503997,68.47069528602644,32.83878789126218,32.69091703653837,0.018367862783862963,865024248,primary,11968762652,2935256757,0,False
639,3,0.6554058303980315,34.08324842891111,0.5057741928041963,0.018367862783862966,1.0,True,3727.7442722503997,68.47069528602644,124.2944241184147,123.73921918270827,0.018367862783862963,865024248,primary,3724390537,3724390516,0,False
639,4,0.5826026162487286,66.76166034550057,0.2630968123065197,0.018367862783862966,1.0,True,3727.7442722503997,68.47069528602644,37.48393848360269,37.3151521465879,0.018367862783862963,865024248,primary,3724390367,11968762652,0,False
639,5,0.5410985793573068,104.07216813197633,0.12475002266844712,0.018367862783862966,1.0,True,3727.7442722503997,68.47069528602644,131.0218911495294,130.43726548983204,0.018367862783862963,865024248,primary,8062776421,3724390367,0,False
640,1,0.809011802104374,3.718169982301366e-05,0.9999992563662801,0.04506012597244953,1.0,True,1517.5518854343366,68.3810791273995,68.3810791273995,68.26880462636707,0.04506012597244953,874644320,primary,5418127631,2283167585,0,False
640,2,0.6605891603908898,34.13439180328219,0.5052571173213328,0.04506012597244953,1.0,True,1517.5518854343366,68.3810791273995,187.94159050330452,187.60461448152387,0.04506012597244953,874644320;872816373;478254536,primary,2283167585,8124335699,0,False
640,3,0.6605890966683509,34.13441282312539,0.5052569049128699,0.04506012597244953,1.0,True,1517.5518854343366,68.3810791273995,174.76037906868515,174.37081026872877,0.04506012597244953,874644320,primary,3714912868,5418127631,0,False
640,4,0.5136755038101226,208.20104104789618,0.015544928718775728,0.04506012597244953,1.0,True,1517.5518854343366,68.3810791273995,27.90130211501045,27.830537113879522,0.04506012597244953,874644320,primary,3714912857,3714912868,0,False
640,5,0.5116880848904428,235.97185123671804,0.008920198986509711,0.04506012597244953,1.0,True,1517.5518854343366,68.3810791273995,59.63109226479955,59.4678828104159,0.04506012597244953,874644320,primary,10287153451,3714912857,0,False
641,1,0.8118142661615895,2.1287904656081632e-05,0.9999995742419975,0.05907196944495068,1.0,True,1154.8165883721804,68.21729022284364,68.21729022284364,67.95627574390093,0.059071969444950696,264753949,secondary,2928864938,1051669370,0,False
641,2,0.6638659734922596,33.978133593867774,0.5068385986775649,0.05907196944495068,1.0,True,1154.8165883721804,68.21729022284364,69.92228678623202,69.65473994767741,0.059071969444950696,264753949,secondary,2928864940,2928864938,0,False
641,3,0.663865947472652,33.97814215004651,0.5068385119455395,0.05907196944495068,1.0,True,1154.8165883721804,68.21729022284364,17.85164792378925,17.773858861920537,0.059071969444950696,264753949,secondary,1051669370,11176575743,0,False
641,4,0.6187271358337436,51.58847343676715,0.35637580648251177,0.05907196944495068,1.0,True,1154.8165883721804,68.21729022284364,113.67030006572054,113.24731748446149,0.059071969444950696,279088748;456959531;1208986540;264753949,secondary,11176575743,1051669679,0,False
641,5,0.5495696614500483,103.63287353272099,0.1258508918701937,0.05907196944495068,1.0,True,1154.8165883721804,68.21729022284364,82.36634708568087,82.06072688340078,0.059071969444950696,264753949,secondary,2928864944,2928864940,0,False
642,1,0.8044522418002962,0.017319890830606675,0.9996536621721847,0.02278071574320366,1.0,True,2993.152207872555,68.18614962368711,68.18614962368711,67.87602049278698,0.022780715743203662,742084228,trunk,11936417211,11936417209,0,False
642,2,0.6567385490417685,33.935131725516705,0.5072746863104263,0.02278071574320366,1.0,True,2993.152207872555,68.18614962368711,281.1371286412992,280.11157032567127,0.022780715743203662,742084228,trunk,569909654,11936417211,0,False
642,3,0.6567264795464234,33.93909735278877,0.5072344546592754,0.02278071574320366,1.0,True,2993.152207872555,68.18614962368711,1317.3339434844804,1311.4578019106236,0.022780715743203662,742084228,trunk,11936417209,2277412746,0,False
642,4,0.505205826631036,306.75262297542434,0.0021656116079842845,0.02278071574320366,1.0,True,2993.152207872555,68.18614962368711,593.829930247831,592.0952395503886,0.022780715743203662,1213505657;196857002;44947105;742084228,trunk,2277412722,569909654,0,False
642,5,0.4126660389166763,18.506244193696222,0.6906480744444079,0.027358082916769756,1.0,False,2492.358467920677,68.18614962368711,969.8600383768458,965.5691965246064,0.027358082916769756,742084229,trunk,3725628684,11936417213,0,False
643,1,0.8354461163092965,2.3762922210755105e-05,0.9999995247416688,0.1772312944339795,1.0,True,383.08767067498036,67.89512375542482,67.89512375542482,67.65095435112187,0.1772312944339795,874594465,trunk,8141628231,482157966,0,False
643,2,0.6879627641948789,33.82548264684654,0.5083883510269435,0.1772312944339795,1.0,True,383.08767067498036,67.89512375542482,316.55579626022336,315.4367163238585,0.1772312944339795,874594465;874594466;459228551,trunk,8141628301,8141628231,0,False
643,3,0.4702280205494999,12.143303911592675,0.7843765518326721,0.17457527499849143,1.0,False,388.9160349654985,67.89512375542482,139.0851430088607,138.59239444994776,0.17457527499849146,568707032;874594467;1210221828;374402719,trunk,4714939528,8141628265,0,False
643,4,0.381428988776886,33.82547170429202,0.5083884622883006,0.14456225045197899,1.0,False,469.66011903625116,67.89512375542482,51.66125951412517,51.49646767667098,0.144562250451979,464260872,trunk,482157966,4714939529,0,False
643,5,0.3463092575038435,84.89529659540597,0.1830664766157962,0.4569465725955231,1.0,False,148.58438125440054,67.89512375542482,10.025941339148446,9.99198680445277,0.4569465725955231,1210221828,trunk,4714939527,4714939528,0,False
644,1,0.8222821615252434,0.04067198804084158,0.999186890991617,0.11263047113879092,1.0,True,601.085191555495,67.7005083194458,67.7005083194458,67.54524427019679,0.11263047113879093,746487559,primary,4715979376,4715979375,0,False
644,2,0.6751957747253821,33.77529190770853,0.5088989349920795,0.11263047113879092,1.0,True,601.085191555495,67.7005083194458,42.20679921243523,42.09103919907723,0.11263047113879093,746487559,primary,293460997,4715979376,0,False
644,3,0.6028638522190053,9.041062599013323,0.8345845256950077,0.7624424725525144,1.0,False,88.79425105057067,67.7005083194458,79.1434081392674,78.95102444175615,0.7624424725525144,1189548648,primary,8151238512,4715985518,0,False
644,4,0.5884162380297578,75.78968036386257,0.21963381267333218,0.11263047113879092,1.0,True,601.085191555495,67.7005083194458,49.613360877630825,49.449516017091675,0.11263047113879093,746487559,primary,9923821130,293460997,0,False
644,5,0.547183136537016,124.93599614552834,0.08219014103085939,0.11263047113879092,1.0,True,601.085191555495,67.7005083194458,45.683185836602775,45.537379615079736,0.11263047113879093,746487559,primary,11209425690,9923821130,0,False
645,1,0.8494208641556868,3.3198746287173175e-05,0.9999993360252947,0.24710531674049252,1.0,True,273.67397644546,67.6262946331855,67.6262946331855,67.70761210717329,0.24710531674049255,1209433726,secondary,8145212933,10618414232,0,True
645,2,0.8494208641556868,3.3198746287173175e-05,0.9999993360252947,0.24710531674049252,1.0,True,273.67397644546,67.6262946331855,67.6262946331855,67.70761210717329,0.24710531674049255,1209433726,secondary,10618414232,8145212933,0,True
645,3,0.7018512153098362,33.853800172746546,0.5081005065391254,0.24710531674049252,1.0,True,273.67397644546,67.6262946331855,72.32942985256548,72.42262173796854,0.24710531674049255,1209433726,secondary,2408002052,8145212933,0,True
645,4,0.7018512153098362,33.853800172746546,0.5081005065391254,0.24710531674049252,1.0,True,273.67397644546,67.6262946331855,72.32942985256548,72.42262173796854,0.24710531674049255,1209433726,secondary,8145212933,2408002052,0,True
645,5,0.7018511794530471,33.85381193445931,0.5081003870164952,0.24710531674049252,1.0,True,273.67397644546,67.6262946331855,2.419608068679126,2.4225192444156716,0.24710531674049255,1209433726,secondary,3714709074,10618414232,0,True
646,1,0.8494208641556868,3.3198746287173175e-05,0.9999993360252947,0.24710531674049252,1.0,True,273.67397644546,67.6262946331855,67.6262946331855,67.70761210717329,0.24710531674049255,1209433726,secondary,8145212933,10618414232,0,True
646,2,0.8494208641556868,3.3198746287173175e-05,0.9999993360252947,0.24710531674049252,1.0,True,273.67397644546,67.6262946331855,67.6262946331855,67.70761210717329,0.24710531674049255,1209433726,secondary,10618414232,8145212933,0,True
646,3,0.7018512153098362,33.853800172746546,0.5081005065391254,0.24710531674049252,1.0,True,273.67397644546,67.6262946331855,72.32942985256548,72.42262173796854,0.24710531674049255,1209433726,secondary,2408002052,8145212933,0,True
646,4,0.7018512153098362,33.853800172746546,0.5081005065391254,0.24710531674049252,1.0,True,273.67397644546,67.6262946331855,72.32942985256548,72.42262173796854,0.24710531674049255,1209433726,secondary,8145212933,2408002052,0,True
646,5,0.7018511794530471,33.85381193445931,0.5081003870164952,0.24710531674049252,1.0,True,273.67397644546,67.6262946331855,2.419608068679126,2.4225192444156716,0.24710531674049255,1209433726,secondary,3714709074,10618414232,0,True
647,1,0.8107792164022585,0.06314391175668635,0.9987379188600046,0.05578920372128469,1.0,True,1210.5517918520952,67.53572053080278,67.53572053080278,67.22504337165755,0.0557892037212847,1141889036,primary,293463358,8145212885,0,False
647,2,0.6643278534651246,33.61169879645473,0.5105667090695588,0.05578920372128469,1.0,True,1210.5517918520952,67.53572053080278,84.94632813683664,84.55600727901778,0.0557892037212847,1141889036,primary,8145212885,293463370,0,False
647,3,0.6643254471030986,33.61248432257891,0.5105586878628054,0.05578920372128469,1.0,True,1210.5517918520952,67.53572053080278,82.33743447059629,81.95929055506704,0.0557892037212847,1141889036,primary,293463350,293463358,0,False
647,4,0.6188386315749717,10.59049469577313,0.8091185012967325,0.8805154059297592,1.0,False,76.70021452888726,67.53572053080278,77.05379378989358,76.70021452888726,0.8805154059297592,1141889037,primary,4723212636,4723476352,0,False
647,5,0.5408985891264187,115.5632184889672,0.09913582794053942,0.05578920372128469,1.0,True,1210.5517918520952,67.53572053080278,54.269146129659944,54.01938774651838,0.0557892037212847,1141889036,primary,11010006278,293463350,0,False
648,1,0.8140500350562976,0.121150365150124,0.99757992580973,0.07388028656689304,1.0,True,912.7934682412829,67.43744301005415,67.43744301005415,67.28851352792074,0.07388028656689304,279088748,secondary,2999157396,1812432271,0,False
648,2,0.6678933305636036,33.62891775185365,0.5103909108340832,0.07388028656689304,1.0,True,912.7934682412829,67.43744301005415,44.098630236986956,43.97477647584527,0.07388028656689304,279088748,secondary,2999157398,2999157396,0,False
648,3,0.5784542436736086,77.49702070248388,0.2122606212007667,0.07388028656689304,1.0,True,912.7934682412829,67.43744301005415,107.09038366155737,106.79349573065501,0.07388028656689304,279088748,secondary,2999157408,2999157398,0,False
648,4,0.5223042965326796,184.25606478031798,0.025094130731003268,0.07388028656689304,1.0,True,912.7934682412829,67.43744301005415,121.52665674273197,121.17144285194163,0.07388028656689304,279088748,secondary,2999157389,2999157408,0,False
648,5,0.5154441522371276,305.3553744388236,0.002226983079163359,0.07388028656689304,1.0,True,912.7934682412829,67.43744301005415,66.70520712362648,66.49893255187729,0.07388028656689304,279088748,secondary,8151238466,2999157389,0,False
649,1,0.8453816173635442,3.3060634457150295e-05,0.9999993387875294,0.22690907863642704,1.0,True,296.95408320804904,67.3815774180633,67.3815774180633,67.46990534633385,0.22690907863642704,1208785499,primary,3725790551,6604456762,0,False
649,2,0.6981747105325802,33.73495494851429,0.5093096493509828,0.22690907863642704,1.0,True,296.95408320804904,67.3815774180633,229.18427401204093,229.48417786171518,0.22690907863642704,1208785499,primary,6604456762,6604456761,0,False
649,3,0.5033882819480953,9.500247822982129,0.8269550351639466,0.2765088569945564,1.0,False,243.68686829944778,67.3815774180633,72.08758016553178,72.1819153590384,0.2765088569945564,1208491977,primary,6604456763,3726939997,0,False
649,4,0.40361172486584207,35.22390553289093,0.4943665115564359,0.2765088569945564,1.0,False,243.68686829944778,67.3815774180633,171.28074451744112,171.5049529404094,0.2765088569945564,1208491977,primary,3726939998,6604456763,0,False
649,5,0.38008925503619717,33.73495494851429,0.5093096493509828,0.13648180115451156,1.0,False,9.196359050649441,67.3815774180633,9.23860948085979,9.196359050649441,7.326984195262021,703274408,primary,6604456762,6604456763,0,True
650,1,0.8419081307796108,0.3283899232480232,0.9934537223827388,0.21936007032394628,1.0,True,306.7407125976789,67.28666428664424,67.28666428664424,66.98262706881772,0.21936007032394628,1014003072,secondary,2833045510,2704039251,0,False
650,2,0.6975137304043096,33.457955003231774,0.5121390544650679,0.21936007032394628,1.0,True,306.7407125976789,67.28666428664424,240.84454968800534,239.7580855288612,0.21936007032394628,1014003072,secondary,2704039251,2704039249,0,False
650,3,0.5512823692427347,33.36778300245965,0.5130634998697233,0.9868165964090878,1.0,False,66.39959703506719,67.28666428664424,32.26052008353749,32.112982907346215,1.0133595276355152,1209009340,secondary,2841407759,2833045510,0,False
650,4,0.5400584896609177,37.087505170324135,0.4762796470731644,0.9858729776948421,1.0,False,68.2508455034169,67.28666428664424,34.449166123428625,34.29154257363527,0.9858729776948421,1208986535,secondary,2704039256,2841407754,0,False
650,5,0.47854431027560973,65.35506779780862,0.27060330331264054,0.9868165964090878,1.0,False,66.39959703506719,67.28666428664424,34.44440362778735,34.28661412772098,1.0133595276355152,1209009340,secondary,2841407765,2841407759,0,False
651,1,0.8084255361483839,0.08155610067681736,0.9983702075429873,0.04457236942743856,1.0,True,1509.2102409497347,67.26907640328514,67.26907640328514,66.96735618809295,0.044572369427438564,870242503,trunk,3725561066,3725561095,0,False
651,2,0.6624839967502667,33.48145462396744,0.5118984095492631,0.04457236942743856,1.0,True,1509.2102409497347,67.26907640328514,567.271621111069,564.7950284291412,0.044572369427438564,877821610;870242500;870242503,trunk,3725561095,4593964324,0,False
651,3,0.6624733443363173,33.48492301509811,0.5118629015027656,0.04457236942743856,1.0,True,1509.2102409497347,67.26907640328514,330.8034176442437,329.28950314717866,0.044572369427438564,870242503,trunk,3725560939,3725561066,0,False
651,4,0.5091282118387706,362.33935031601953,0.0007124598442761269,0.04457236942743856,1.0,True,1509.2102409497347,67.26907640328514,143.9113100221158,143.25141437226273,0.044572369427438564,870242503,trunk,3725560916,3725560939,0,False
651,5,0.44533092362027316,12.12257511320132,0.784701802916772,0.04960191372620767,1.0,False,1356.1790533848468,67.26907640328514,407.7818079461824,405.9223566840172,0.049601913726207654,870242502,trunk,8141521597,8141521552,0,False
652,1,0.8112900135086565,0.29211414751865344,0.9941747499980853,0.06518794254615477,1.0,True,1031.6171596803688,67.24900013487127,69.25517561463116,69.04175402178542,0.06518794254615479,874459840,primary,2703776376,2703784888,0,False
652,2,0.6664906565745277,33.51938499407941,0.5115102268843221,0.06518794254615477,1.0,True,1031.6171596803688,67.24900013487127,87.69410218311297,87.41976789193873,0.06518794254615479,874459840,primary,2703784888,4720174504,0,False
652,3,0.6604575826623211,35.524842927831834,0.49139998051030076,0.06518794254615477,1.0,True,1031.6171596803688,67.24900013487127,28.209885181923216,28.12206014422701,0.06518794254615479,874459840,primary,4720174495,2703776376,0,False
652,4,0.5970426306981358,63.645282577799385,0.2800168072963496,0.06518794254615477,1.0,True,1031.6171596803688,67.24900013487127,52.88021154982387,52.705896632769864,0.06518794254615479,874459840,primary,4720174490,4720174495,0,False
652,5,0.5423305163886625,116.32181785350592,0.09764309293143818,0.06518794254615477,1.0,True,1031.6171596803688,67.24900013487127,190.9332157229613,190.27038912435157,0.06518794254615479,874459840,primary,2703756979,4720174490,0,False
653,1,0.8161355948418403,0.0013359990756762659,0.999973280375462,0.08071805364600856,1.0,True,831.7759311019269,67.13933422814407,67.13933422814407,67.09060171426869,0.08071805364600858,279088743,primary,293464907,293464902,0,False
653,2,0.669517741214745,33.54511204235535,0.5112471016184778,0.08071805364600856,1.0,True,831.7759311019269,67.13933422814407,72.34256714637026,72.29315747930428,0.08071805364600858,279088743,primary,8153654900,293464907,0,False
653,3,0.6695165879360353,33.54548801287987,0.511243257356112,0.08071805364600856,1.0,True,831.7759311019269,67.13933422814407,82.11649597514368,82.06116114619014,0.08071805364600858,279088743,primary,293464902,293464897,0,False
653,4,0.5522702395094161,105.83761209492171,0.1204220959340479,0.08071805364600856,1.0,True,831.7759311019269,67.13933422814407,9.956234438181479,9.949429571617266,0.08071805364600858,279088743,primary,8151548235,8153654900,0,False
653,5,0.5458591562902354,115.60560731101809,0.09905181853677893,0.08071805364600856,1.0,True,831.7759311019269,67.13933422814407,49.21670179247403,49.18130058018282,0.08071805364600858,279088743,primary,293464897,293464896,0,False
654,1,0.8113204729405419,7.66042848252038e-06,0.999999846791442,0.05660259451554666,1.0,True,1184.4455219686943,67.04268960574902,67.04268960574902,66.74328869472795,0.05660259451554666,874056882,primary,6609242521,4594197693,0,False
654,2,0.6652276837501483,33.371643984179904,0.5130238828234635,0.05660259451554666,1.0,True,1184.4455219686943,67.04268960574902,118.80951705861052,118.27951338279935,0.05660259451554666,874056882,primary,4594206590,6609242521,0,False
654,3,0.6652276815142777,33.37164471054981,0.5130238753705613,0.05660259451554666,1.0,True,1184.4455219686943,67.04268960574902,36.15729027038942,35.99596104360117,0.05660259451554666,874056882,primary,4594197693,8145581017,0,False
654,4,0.5862420594506345,69.36705173623234,0.24973846849175038,0.05660259451554666,1.0,True,1184.4455219686943,67.04268960574902,40.323555307052466,40.14450469705595,0.05660259451554666,874056882,primary,8145581017,4594197691,0,False
654,5,0.5448893180931602,109.50927173165832,0.11189599730016975,0.05660259451554666,1.0,True,1184.4455219686943,67.04268960574902,62.208475198467184,61.931924880223434,0.05660259451554666,874056882,primary,4594197691,4594197690,0,False
655,1,0.8133608612552374,0.2095648277930005,0.9958174746690025,0.0730780942726838,1.0,True,912.7934682412829,66.70520712362648,66.70520712362648,66.49893255187729,0.0730780942726838,279088748,secondary,8151238466,2999157389,0,False
655,2,0.6691249514360599,33.17639875421555,0.5150311086050771,0.0730780942726838,1.0,True,912.7934682412829,66.70520712362648,121.52665674273197,121.17144285194163,0.0730780942726838,279088748,secondary,2999157389,2999157408,0,False
655,3,0.6688274403549348,33.2727676519378,0.514039405001327,0.0730780942726838,1.0,True,912.7934682412829,66.70520712362648,29.784500105062495,29.690793168929357,0.0730780942726838,279088748,secondary,9771712113,8151238466,0,False
655,4,0.5997749684049297,62.962913631552645,0.28386449850130985,0.0730780942726838,1.0,True,912.7934682412829,66.70520712362648,25.283092191444847,25.20348587503242,0.0730780942726838,279088748,secondary,2999157391,9771712113,0,False
655,5,0.5660577675017537,88.1662312814976,0.17147382882405662,0.0730780942726838,1.0,True,912.7934682412829,66.70520712362648,113.01439981601987,112.64326812164893,0.0730780942726838,279088748,secondary,2999157392,2999157391,0,False
656,1,0.8165982878198486,6.282465550056815e-06,0.9999998743506969,0.08299162757319686,1.0,True,803.7239090702778,66.70235533323444,66.70235533323444,66.4023189780202,0.08299162757319686,1208795197,primary,4594183933,4594183932,0,False
656,2,0.6710311622124576,33.20115933819365,0.5147761223260607,0.08299162757319686,1.0,True,803.7239090702778,66.70235533323444,60.633722693884636,60.36090677241026,0.08299162757319686,1208795197,primary,10230224085,4594183933,0,False
656,3,0.6710311612808134,33.20115963982775,0.5147761192205801,0.08299162757319686,1.0,True,803.7239090702778,66.70235533323444,306.03649684091926,304.65841877119186,0.08299162757319686,1203852633;876451412;1208795197,primary,4594183932,4594183924,0,False
656,4,0.5627781449603181,93.56197902661195,0.15393273148559575,0.08299162757319686,1.0,True,803.7239090702778,66.70235533323444,48.32835253231166,48.110729693534836,0.08299162757319686,1208795197,primary,10113293654,10230224085,0,False
656,5,0.5342411816466727,141.67257624685715,0.05880952044011103,0.08299162757319686,1.0,True,803.7239090702778,66.70235533323444,40.868674370827016,40.68463869773061,0.08299162757319686,1208795197,primary,10230224084,10113293654,0,False
657,1,0.9786861834575316,0.4060147015073777,0.9919125864973772,0.9055620375415914,1.0,True,73.60820987830014,66.65680051718257,66.65680051718257,66.6972473414865,0.9055620375415914,880075598,secondary,8186428309,8186428311,0,False
657,2,0.8351748387812803,33.321227825885636,0.5135414375765398,0.9055620375415914,1.0,True,73.60820987830014,66.65680051718257,6.9074305727067,6.910962536813645,0.9055620375415914,880075598,secondary,8186428311,8186428312,0,False
657,3,0.6365429170143941,8.429481626275154,0.8448555334899027,0.9154312848371164,1.0,False,72.81464116560413,66.65680051718257,66.15076346765119,66.14461942134463,0.9154312848371164,880075597,secondary,2703797752,8186428309,0,False
657,4,0.5323747893221852,34.8950791236614,0.49762844118253957,0.9154312848371164,1.0,False,72.81464116560413,66.65680051718257,6.666326641483357,6.670021744259499,0.9154312848371164,880075597,secondary,293462799,2703797752,0,False
657,5,0.37926677210307125,32.86937946788002,0.5182033276301845,0.1190288690700794,1.0,False,560.005325077379,66.65680051718257,78.51154029297457,78.53653386380681,0.11902886907007937,26755988,secondary,1051669950,8186428309,0,True
658,1,0.8641481899796886,0.11208345548434612,0.9977608415541355,0.3240996875672391,1.0,True,205.50376962589525,66.60370752964253,66.60370752964253,66.53743673117313,0.3240996875672391,279088746,primary,12555910130,1812432286,0,False
658,2,0.7190708851867961,33.26008340700776,0.5141698255778275,0.3240996875672391,1.0,True,205.50376962589525,66.60370752964253,139.14366010321677,138.96633289472211,0.3240996875672391,279088746,primary,1812432286,2833450822,0,False
658,3,0.5194486614833146,26.942047233337718,0.5834240814298195,0.7221071852718437,1.0,False,48.09501577289927,66.60370752964253,48.202923158544564,48.09501577289927,1.384835963962249,1420677033,primary,12555910130,2833450839,0,False
658,4,0.46944395913136694,10.708332678869995,0.8072138487368974,0.13639902255148856,1.0,False,488.30047520685605,66.60370752964253,488.74421379732553,488.30047520685605,0.13639902255148856,279088738;746487562;746487563;1317517913;1317517915,primary,2999157393,2833450822,0,False
658,5,0.4245159512714047,64.9661884466622,0.2727161498260106,0.7135055316180073,1.0,False,47.52211374866788,66.60370752964253,47.59400664560551,47.52211374866788,1.4015308300866467,762826734,primary,2833450831,12555910131,0,False
659,1,0.8258380754723347,0.021355900504974806,0.9995729731918127,0.129830917573954,1.0,True,512.5091954147268,66.5395391057829,66.5395391057829,66.3438555009671,0.129830917573954,478372781,primary,4721825589,4719689700,0,False
659,2,0.6805326419239008,33.15791596458833,0.5152215280303669,0.129830917573954,1.0,True,512.5091954147268,66.5395391057829,155.1250841611919,154.79538167660206,0.129830917573954,478372781,primary,4719689700,10779362169,0,False
659,3,0.6804694136132812,33.178373587529975,0.5150107669949678,0.129830917573954,1.0,True,512.5091954147268,66.5395391057829,128.98100364169895,128.5746104719181,0.129830917573954,478372781,primary,4715985522,4721825589,0,False
659,4,0.5377855964940224,161.70195636295486,0.03939804326410522,0.129830917573954,1.0,True,512.5091954147268,66.5395391057829,26.35867440699307,26.270437967178722,0.129830917573954,478372781,primary,8145297050,4715985522,0,False
659,5,0.5329586371279208,187.9475481193792,0.023308178710433416,0.129830917573954,1.0,True,512.5091954147268,66.5395391057829,22.812624793078786,22.739265699893885,0.129830917573954,478372781,primary,11209425689,8145297050,0,False
660,1,0.809708854598364,0.20080755931820546,0.9959919027632445,0.05455641884695283,1.0,True,1215.2050234138255,66.29723424228578,66.29723424228578,66.05454174721905,0.05455641884695283,876451409,primary,4594206614,3727013893,0,False
660,2,0.6658185623848174,33.04778696062813,0.5163575953847562,0.05455641884695283,1.0,True,1215.2050234138255,66.29723424228578,137.46960957416178,136.86365179533993,0.05455641884695283,876451409,primary,8145580981,4594206614,0,False
660,3,0.5210770569282274,169.23779847945985,0.03388591052945608,0.05455641884695283,1.0,True,1215.2050234138255,66.29723424228578,77.36311363034815,77.01992099106099,0.05455641884695283,876451409,primary,3727013594,8145580981,0,False
660,4,0.5130930972761962,246.18130299114966,0.007272711689352206,0.05455641884695283,1.0,True,1215.2050234138255,66.29723424228578,271.2410224009768,270.0319867701183,0.05455641884695283,876451409,primary,6609242520,3727013594,0,False
660,5,0.3646982015822559,33.50293681876778,0.5116785227621151,0.055973223768106796,1.0,False,1184.4455219686943,66.29723424228578,32.02031287458114,31.886177002507928,0.055973223768106796,874056882,primary,4594174736,3727013860,0,False
661,1,0.8064826001707048,0.3770906657078124,0.9924865547994061,0.043683168654414614,1.0,True,1517.5518854343366,66.29147495325302,66.29147495325302,66.1275081482187,0.04368316865441462,874644320,primary,4714938986,5411536316,0,False
661,2,0.6637456318489108,33.01496535237773,0.5166966603934264,0.043683168654414614,1.0,True,1517.5518854343366,66.29147495325302,62.76526774094566,62.667680951822724,0.04368316865441462,874644320,primary,2283167581,4714938986,0,False
661,3,0.6635288607309113,33.08493639697046,0.5159740900000946,0.043683168654414614,1.0,True,1517.5518854343366,66.29147495325302,23.717847895690028,23.65901749199803,0.04368316865441462,874644320,primary,5411536316,9919058606,0,False
661,4,0.6051790290242671,56.74182922578941,0.3214746509779473,0.043683168654414614,1.0,True,1517.5518854343366,66.29147495325302,132.35946621924458,131.99400557709532,0.04368316865441462,874644320,primary,9919058606,3714913529,0,False
661,5,0.5531847796402194,95.47296126961008,0.14816048636445484,0.043683168654414614,1.0,True,1517.5518854343366,66.29147495325302,41.054990365642276,41.00497084794412,0.04368316865441462,874644320,primary,8127692843,2283167581,0,False
662,1,0.8085753891515532,9.542975757072692e-06,0.9999998091405031,0.042877232047011646,1.0,True,1544.979758064063,66.24445559444874,66.24445559444874,65.94614683964967,0.042877232047011646,464650415,primary,4601752550,8145147226,0,False
662,2,0.6637143722564285,32.973073169145394,0.5171297528234202,0.042877232047011646,1.0,True,1544.979758064063,66.24445559444874,168.96413026723744,168.19663906928685,0.042877232047011646,464650415,primary,8145147226,293462245,0,False
662,3,0.6637143707008143,32.973073670507034,0.5171297476380399,0.042877232047011646,1.0,True,1544.979758064063,66.24445559444874,216.94723502398884,215.97270933118028,0.042877232047011646,464650415,primary,3718108687,4601752550,0,False
662,4,0.5139773752622635,200.85131949453125,0.01800642950953713,0.042877232047011646,1.0,True,1544.979758064063,66.24445559444874,49.39521181636477,49.16916632973612,0.042877232047011646,464650415,primary,293462245,293462011,0,False
662,5,0.5106401026659892,248.94093619003837,0.006882187521956219,0.042877232047011646,1.0,True,1544.979758064063,66.24445559444874,813.4667803841377,809.9072058461466,0.042877232047011646,464650415,primary,2841381803,3718108687,0,False
663,1,0.9807592460834686,0.15642422132112105,0.9968764041816739,0.9084816241448321,1.0,True,72.81464116560413,66.15076346765119,66.15076346765119,66.14461942134463,0.9084816241448321,880075597,secondary,2703797752,8186428309,0,False
663,2,0.8366653445728316,33.0278625167187,0.5165633991462169,0.9084816241448321,1.0,True,72.81464116560413,66.15076346765119,6.666326641483357,6.670021744259499,0.9084816241448321,880075597,secondary,293462799,2703797752,0,False
663,3,0.6317230609450106,8.720526434270445,0.8399520024772091,0.8986873010092393,1.0,False,73.60820987830014,66.15076346765119,66.65680051718257,66.6972473414865,0.8986873010092393,880075598,secondary,8186428309,8186428311,0,False
663,4,0.5306514105260896,34.35363328393258,0.5030465010808056,0.8986873010092393,1.0,False,73.60820987830014,66.15076346765119,6.9074305727067,6.910962536813645,0.8986873010092393,880075598,secondary,8186428311,8186428312,0,False
663,5,0.378562772998268,33.037960638523295,0.5164590832780274,0.11812524007429892,1.0,False,560.005325077379,66.15076346765119,78.51154029297457,78.53653386380681,0.11812524007429889,26755988,secondary,1051669950,8186428309,0,True
664,1,0.8279103605028824,0.008812237020050602,0.9998237707897909,0.13981614632972564,1.0,True,472.50173677825876,66.06337197043854,66.06337197043854,65.75960678362247,0.13981614632972564,1105211172,primary,4715985573,7128063639,0,False
664,2,0.6833945308538207,32.878931554336276,0.5181043386262519,0.13981614632972564,1.0,True,472.50173677825876,66.06337197043854,288.84058233287084,287.5122765180908,0.13981614632972564,1105211172;1337725743;1337725745;1337725746;1337725749,primary,7128063639,4715985581,0,False
664,3,0.6833912170076899,32.87999758203583,0.5180932924724828,0.13981614632972564,1.0,True,472.50173677825876,66.06337197043854,119.78122001794884,119.22985347654551,0.13981614632972564,1105211172,primary,4723476603,4715985573,0,False
664,4,0.4715112870834585,9.448319676219725,0.8278143261492317,0.11583494619344499,1.0,False,570.3233276433896,66.06337197043854,290.25664515298575,288.92143273517405,0.115834946193445,1337725748;1209433725,primary,3714706485,3714707013,0,False
664,5,0.35960144998112575,39.39690582084374,0.4547815358081225,0.11583494619344499,1.0,False,570.3233276433896,66.06337197043854,282.7018044874525,281.40189490821547,0.115834946193445,1337725742;1337725744;1337725747;1337725748;1141888414,primary,3714705892,3714706485,0,False
665,1,0.8212634942415744,6.327638793390146e-06,0.9999998734472322,0.10631766103702386,1.0,True,619.2207575767993,65.83410261113927,65.83410261113927,65.53828042184523,0.10631766103702386,1203852633,primary,4594181070,4594181069,0,False
665,2,0.6770365095764738,32.769140031023696,0.5192432578968966,0.10631766103702386,1.0,True,619.2207575767993,65.83410261113927,97.47461625771064,97.03605209496033,0.10631766103702386,1203852633,primary,4594183924,4594181070,0,False
665,3,0.6770365084555343,32.769140390822756,0.5192432541604319,0.10631766103702386,1.0,True,619.2207575767993,65.83410261113927,61.51758168229616,61.24114370246834,0.10631766103702386,1203852633,primary,4594181069,4594181068,0,False
665,4,0.5670311495044016,94.01028397640044,0.15255872432332282,0.10631766103702386,1.0,True,619.2207575767993,65.83410261113927,91.15673836295593,90.74686258633363,0.10631766103702386,1203852633,primary,4594181068,6166520809,0,False
665,5,0.5436331500951744,129.80393903793598,0.07456539295923208,0.10631766103702386,1.0,True,619.2207575767993,65.83410261113927,306.03649684091926,304.65841877119186,0.10631766103702386,1203852633;876451412;1208795197,primary,4594183932,4594183924,0,False
666,1,0.8103442770792455,0.03506064207951875,0.99929903295068,0.05277283597020728,1.0,True,1246.9065433299056,65.80279448132725,65.80279448132725,65.53721580508164,0.05277283597020727,1208795201,primary,11433519729,4594188519,0,False
666,2,0.666346730263153,32.76298218549584,0.519307210230372,0.05277283597020728,1.0,True,1246.9065433299056,65.80279448132725,56.86243352147323,56.63660695755215,0.05277283597020727,1208795201,primary,4594188519,6604385664,0,False
666,3,0.6663173067908961,32.772426258464264,0.5192091319895152,0.05277283597020728,1.0,True,1246.9065433299056,65.80279448132725,375.65206509244547,374.1394329602307,0.05277283597020727,1208795201,primary,3726941481,11433519729,0,False
666,4,0.5106422192531042,406.9081325336606,0.00029217353020913203,0.05277283597020728,1.0,True,1246.9065433299056,65.80279448132725,163.06309145955152,162.40683323642784,0.05277283597020727,1208795201,primary,4594188520,3726941481,0,False
666,5,0.45090813076638075,10.996193190429224,0.802579901013342,0.05067080231189086,1.0,False,1298.633364364262,65.80279448132725,40.734421765480924,40.57280156608767,0.05067080231189086,1208791971,primary,3726944828,11433519728,0,False
667,1,0.8143730985307023,2.3080358801967124e-05,0.9999995383929305,0.07186618506411503,1.0,True,912.7934682412829,65.59898431394345,65.59898431394345,65.36964744705335,0.07186618506411503,279088748,secondary,7242312106,10287373214,0,False
667,2,0.6704091373749317,32.68481816781471,0.5201196678736955,0.07186618506411503,1.0,True,912.7934682412829,65.59898431394345,99.64477107292961,99.29211664568106,0.07186618506411503,279088748,secondary,1051669679,7242312106,0,False
667,3,0.6704091026992638,32.684829279254956,0.5201195522881361,0.07186618506411503,1.0,True,912.7934682412829,65.59898431394345,61.82178666660269,61.619678360236485,0.07186618506411503,279088748,secondary,10287373214,2999157392,0,False
667,4,0.5598953369429829,94.27922769343938,0.15174033310053267,0.07186618506411503,1.0,True,912.7934682412829,65.59898431394345,113.01439981601987,112.64326812164893,0.07186618506411503,279088748,secondary,2999157392,2999157391,0,False
667,5,0.5357953570372613,131.9679220235397,0.07140706674812773,0.07186618506411503,1.0,True,912.7934682412829,65.59898431394345,113.67030006572054,113.24731748446149,0.07186618506411503,279088748;456959531;1208986540;264753949,secondary,11176575743,1051669679,0,False
668,1,0.998916752200586,0.14597758606917507,0.9970847060251651,0.9989567019651823,1.0,True,65.44993624610402,65.51829135071483,65.51829135071483,65.44993624610402,1.0010443876423927,1209004191,primary,2833450822,4613676974,0,False
668,2,0.48406504428601643,27.233721504276275,0.5800305931133802,0.5502793317600115,1.0,False,119.06369650693831,65.51829135071483,3.749954015600823,3.747824861667869,0.5502793317600115,1209004194,primary,4613676969,2833450825,0,False
668,3,0.46611289653631277,13.07562051850544,0.7698863207908702,0.17573500149525856,1.0,False,372.82437074712493,65.51829135071483,115.37873694307146,115.31587164527045,0.17573500149525856,1209004194;466600301;170090974,primary,293460471,4613676969,0,False
668,4,0.42962488771274093,7.0998573014007516,0.8676237326562071,0.8466888395793941,0.0,False,77.38178217072291,65.51829135071483,77.62320809132844,77.38178217072291,0.8466888395793941,466600303,residential,1812432259,4613676974,0,True
668,5,0.42962488771274093,7.0998573014007516,0.8676237326562071,0.8466888395793941,0.0,False,77.38178217072291,65.51829135071483,77.62320809132845,77.38178217072291,0.8466888395793941,466600303,residential,4613676974,1812432259,0,True
669,1,0.8308358794002393,0.10889551131171928,0.997824459699435,0.15744270745204428,1.0,True,415.8455747799951,65.47185317531397,65.47185317531397,65.25351222713982,0.15744270745204428,368712589,secondary,8145278210,3725591126,0,True
669,2,0.8308358794002393,0.10889551131171983,0.997824459699435,0.15744270745204428,1.0,True,415.8455747799951,65.47185317531397,65.47185317531397,65.25351222713984,0.15744270745204428,368712589,secondary,3725591126,8145278210,0,True
669,3,0.6877558949172939,32.61070651372727,0.5208911780896169,0.15744270745204428,1.0,True,415.8455747799951,65.47185317531397,36.642409779385304,36.498908251621764,0.15744270745204428,368712589,secondary,3725591166,8145278210,0,True
669,4,0.6877558949172939,32.61070651372727,0.5208911780896169,0.15744270745204428,1.0,True,415.8455747799951,65.47185317531397,36.642409779385304,36.498908251621764,0.15744270745204428,368712589,secondary,8145278210,3725591166,0,True
669,5,0.6072788777679936,68.79058399385046,0.25263445425861575,0.15744270745204428,1.0,True,415.8455747799951,65.47185317531397,51.56363902753378,51.32681926616527,0.15744270745204428,368712589,secondary,3725591166,3725591172,0,True
670,1,0.8308358794002393,0.10889551131171928,0.997824459699435,0.15744270745204428,1.0,True,415.8455747799951,65.47185317531397,65.47185317531397,65.25351222713982,0.15744270745204428,368712589,secondary,8145278210,3725591126,0,True
670,2,0.8308358794002393,0.10889551131171983,0.997824459699435,0.15744270745204428,1.0,True,415.8455747799951,65.47185317531397,65.47185317531397,65.25351222713984,0.15744270745204428,368712589,secondary,3725591126,8145278210,0,True
670,3,0.6877558949172939,32.61070651372727,0.5208911780896169,0.15744270745204428,1.0,True,415.8455747799951,65.47185317531397,36.642409779385304,36.498908251621764,0.15744270745204428,368712589,secondary,3725591166,8145278210,0,True
670,4,0.6877558949172939,32.61070651372727,0.5208911780896169,0.15744270745204428,1.0,True,415.8455747799951,65.47185317531397,36.642409779385304,36.498908251621764,0.15744270745204428,368712589,secondary,8145278210,3725591166,0,True
670,5,0.6072788777679936,68.79058399385046,0.25263445425861575,0.15744270745204428,1.0,True,415.8455747799951,65.47185317531397,51.56363902753378,51.32681926616527,0.15744270745204428,368712589,secondary,3725591166,3725591172,0,True
671,1,0.8160478941527685,0.020257323884669026,0.9995949355830582,0.08084706738925483,1.0,True,809.2005440449952,65.42149091582739,65.42149091582739,65.12085420413752,0.08084706738925482,875007028,secondary,8144976336,9882823386,0,False
671,2,0.6726004843615312,32.558350166836355,0.5214369029456007,0.08084706738925483,1.0,True,809.2005440449952,65.42149091582739,255.99530457034086,254.82177618628165,0.08084706738925482,875007028,secondary,9882823386,9871576949,0,False
671,3,0.672593028085126,32.560733470252416,0.5214120486909167,0.08084706738925483,1.0,True,809.2005440449952,65.42149091582739,113.24174354350353,112.73082365070569,0.08084706738925482,875007028,secondary,8148598918,8144976336,0,False
671,4,0.5171268491130716,287.3639628272332,0.0031914521174022446,0.08084706738925483,1.0,True,809.2005440449952,65.42149091582739,64.0240951230932,63.731396701673404,0.08084706738925482,875007028,secondary,9871576949,8144976343,0,False
671,5,0.5164371028204192,351.0855307502782,0.0008922978085608295,0.08084706738925483,1.0,True,809.2005440449952,65.42149091582739,37.532413348430204,37.359997179271986,0.08084706738925482,875007028,secondary,8144976343,8144976345,0,False
672,1,0.8153015091338705,2.819187888251664e-05,0.9999994361625814,0.07650839142547985,1.0,True,850.2417522515343,65.05062878754624,65.05062878754624,64.87844300464953,0.07650839142547984,1209072902,secondary,293462756,4714891319,0,False
672,2,0.6721059299351059,32.43921259963213,0.5226808388333664,0.07650839142547985,1.0,True,850.2417522515343,65.05062878754624,34.50764105455443,34.405653213629805,0.07650839142547984,1209072902,secondary,293462759,293462756,0,False
672,3,0.6721058740958368,32.4392304050419,0.5226806527024692,0.07650839142547985,1.0,True,850.2417522515343,65.05062878754624,23.291958418133753,23.22883648973463,0.07650839142547984,1209072902,secondary,4714891319,293464921,0,False
672,4,0.5941421006073784,66.81783178426697,0.26280140774094113,0.07650839142547985,1.0,True,850.2417522515343,65.05062878754624,73.7914078302696,73.60285320302523,0.07650839142547984,1209072902,secondary,293462766,293462759,0,False
672,5,0.5334051119447417,140.3840424711664,0.060344778865485726,0.07650839142547985,1.0,True,850.2417522515343,65.05062878754624,70.2197771050809,70.0286503886563,0.07650839142547984,1209072902,secondary,293462767,293462766,0,False
673,1,0.8229595184678995,0.14250619151765356,0.9971539339166285,0.11906669146455505,1.0,True,546.2267127392241,65.03740747541934,65.03740747541934,65.11488114538913,0.11906669146455505,875004053,secondary,293465828,8144960927,0,False
673,2,0.680708290505389,32.41029937196731,0.5229831740415931,0.11906669146455505,1.0,True,546.2267127392241,65.03740747541934,177.71005433719856,177.33716410272964,0.11906669146455505,875004053,secondary,8144960927,8144960932,0,False
673,3,0.6803376215896961,32.528565593856186,0.5217476109892837,0.11906669146455505,1.0,True,546.2267127392241,65.03740747541934,8.387705410583392,8.39833821146286,0.11906669146455505,875004053,secondary,13232616586,293465828,0,False
673,4,0.6561375094959083,40.92638601379118,0.44108057067665796,0.11906669146455505,1.0,True,546.2267127392241,65.03740747541934,46.83245371783323,46.892814365086785,0.11906669146455505,875004053,secondary,8144958891,13232616586,0,False
673,5,0.5756425253019967,87.79145141492549,0.17276395669695221,0.11906669146455505,1.0,True,546.2267127392241,65.03740747541934,35.287256538416685,35.332851018425934,0.11906669146455505,875004053,secondary,8144960922,8144958891,0,False
674,1,0.8875380257480558,2.809720776916272e-06,0.999999943805586,0.4376902130318996,1.0,True,148.5732413166681,65.02905364273228,65.02905364273228,64.72976028859635,0.4376902130318996,478257595,primary,4715985581,7128063636,0,False
674,2,0.7445755822393874,32.36487959732205,0.5234584654433578,0.4376902130318996,1.0,True,148.5732413166681,65.02905364273228,84.23108841846901,83.84348102807174,0.4376902130318996,1210211832;762822066;478257595,primary,7128063636,8127682909,0,False
674,3,0.49998836595110935,9.886785594541802,0.8205866957883368,0.2690617860730416,1.0,False,241.6881809633085,65.02905364273228,86.5442964207524,86.14578608721106,0.2690617860730416,219116711,primary,12201173657,3714705892,0,False
674,4,0.3845629603728116,32.36488069127455,0.5234584539905841,0.13762712087818185,1.0,False,472.50173677825876,65.02905364273228,288.84058233287084,287.5122765180908,0.13762712087818185,1105211172;1337725743;1337725745;1337725746;1337725749,primary,7128063639,4715985581,0,False
674,5,0.37383305470468337,34.31560351802363,0.5034292614387698,0.11402138136526217,1.0,False,570.3233276433896,65.02905364273228,282.7018044874525,281.40189490821547,0.11402138136526214,1337725742;1337725744;1337725747;1337725748;1141888414,primary,3714705892,3714706485,0,False
675,1,0.8049594952825379,2.467829595116898,0.9518416501495217,0.09703500118840638,1.0,True,667.8378016720923,64.80364187891419,64.80364187891419,64.86829196727552,0.0970350011884064,368721302,primary,3725764130,3725764138,0,False
675,2,0.6783798016486198,31.752467368850787,0.5299093380364617,0.09703500118840638,1.0,True,667.8378016720923,64.80364187891419,171.424659809368,171.64865137670688,0.0970350011884064,368721302,primary,3725764138,8153479957,0,False
675,3,0.6778261040635645,31.92691987933424,0.528063679419611,0.09703500118840638,1.0,True,667.8378016720923,64.80364187891419,313.19068597157997,313.6022877787374,0.0970350011884064,368721302,primary,3725764133,3725764130,0,False
675,4,0.5245593455075506,203.21652357162446,0.01717448423289763,0.09703500118840638,1.0,True,667.8378016720923,64.80364187891419,22.064256709810756,22.093082678303606,0.0970350011884064,368721302,primary,8153479957,6950332807,0,False
675,5,0.5227193417107158,225.30635708430952,0.011041138243448274,0.09703500118840638,1.0,True,667.8378016720923,64.80364187891419,95.50028628527593,95.62548787106884,0.0970350011884064,368721302,primary,6950332807,6604456764,0,False
676,1,0.8364385635614724,0.0003988509554718658,0.9999920230127068,0.18220478328830153,1.0,True,352.93288512866263,64.306059850183,64.306059850183,64.0114523934886,0.18220478328830156,1209433725;1249542286,primary,3714707013,293463599,0,False
676,2,0.6946106067869879,32.005714133730166,0.5272321670977589,0.18220478328830153,1.0,True,352.93288512866263,64.306059850183,290.25664515298575,288.92143273517405,0.18220478328830156,1337725748;1209433725,primary,3714706485,3714707013,0,False
676,3,0.5268068144461338,9.470953330931328,0.8274396816788974,0.3928745497123229,1.0,False,163.68089991390445,64.306059850183,164.43550182597903,163.68089991390445,0.3928745497123229,1141888415;1392897335,primary,4723475967,4723476603,0,False
676,4,0.4970221706203699,35.060848773882036,0.4959813392337074,0.7411388442512884,1.0,False,86.76654900627443,64.306059850183,87.16629275657961,86.76654900627443,0.7411388442512884,1209433713,primary,7214193059,4723475967,0,False
676,5,0.3883448034355935,32.00573788589839,0.5272319166396758,0.15087614221845375,1.0,False,426.2175510630049,64.306059850183,89.28910762056677,88.87918684244198,0.15087614221845375,1141889032,primary,293463599,293463328,0,False
677,1,0.8158240201602098,2.739740772174008e-06,0.9999999452051861,0.07912018299326942,1.0,True,809.2005440449952,64.0240951230932,64.0240951230932,63.731396701673404,0.07912018299326944,875007028,secondary,9871576949,8144976343,0,False
677,2,0.6744372332000721,31.865698104921172,0.5287106553380604,0.07912018299326942,1.0,True,809.2005440449952,64.0240951230932,255.99530457034086,254.82177618628165,0.07912018299326944,875007028,secondary,9882823386,9871576949,0,False
677,3,0.6744372316398533,31.86569859675247,0.5287106501373314,0.07912018299326942,1.0,True,809.2005440449952,64.0240951230932,37.532413348430204,37.359997179271986,0.07912018299326944,875007028,secondary,8144976343,8144976345,0,False
677,4,0.5909859769920525,69.20687418040602,0.2505398013113288,0.07912018299326942,1.0,True,809.2005440449952,64.0240951230932,276.70778724563,275.4356961229249,0.07912018299326944,875007028,secondary,8144976345,10207387801,0,False
677,5,0.5167948211226453,286.67166107066976,0.0032359484133045887,0.07912018299326942,1.0,True,809.2005440449952,64.0240951230932,65.42149091582739,65.12085420413752,0.07912018299326944,875007028,secondary,8144976336,9882823386,0,False
678,1,0.8079769913591448,0.43295156571646115,0.9913783501238298,0.052817431609979766,1.0,True,1210.5517918520952,63.938236476486495,63.938236476486495,63.73931074934595,0.05281743160997976,1141889036,primary,293463385,9923995138,0,False
678,2,0.6692777654166522,31.833843788986083,0.5290475969821875,0.052817431609979766,1.0,True,1210.5517918520952,63.938236476486495,165.612525504467,164.96554902664965,0.05281743160997976,1141889036,primary,9923995138,293463471,0,False
678,3,0.6691227843002862,31.882691578367904,0.5285309932609673,0.052817431609979766,1.0,True,1210.5517918520952,63.938236476486495,148.13991025918412,147.4838569968509,0.05281743160997976,1141889036,primary,293463370,293463385,0,False
678,4,0.5194172185269442,176.14716932305922,0.029512440683160952,0.052817431609979766,1.0,True,1210.5517918520952,63.938236476486495,84.94632813683664,84.55600727901778,0.05281743160997976,1141889036,primary,8145212885,293463370,0,False
678,5,0.5167697189845513,193.91142096973607,0.020687442208517863,0.052817431609979766,1.0,True,1210.5517918520952,63.938236476486495,27.171986952400488,27.063937335103375,0.05281743160997976,1141889036,primary,293463471,9913774165,0,False
679,1,0.8072460460177,2.0038620939307363,0.9607152288371988,0.0951573868327017,1.0,True,668.0567334777996,63.57053301373808,63.57053301373808,63.63840416977509,0.0951573868327017,470103540,primary,4643407223,4643407218,0,False
679,2,0.6791902080641197,31.38085421678048,0.5338624356585977,0.0951573868327017,1.0,True,668.0567334777996,63.57053301373808,7.579810268132238,7.588672644746378,0.0951573868327017,470103540,primary,3725763520,4643407223,0,False
679,3,0.6791731619211621,31.386176140250445,0.5338056151820724,0.0951573868327017,1.0,True,668.0567334777996,63.57053301373808,186.88628704949122,187.13183670836122,0.0951573868327017,470103540,primary,4643407218,3725763514,0,False
679,4,0.6566372581038262,38.969476943363304,0.4586859357909532,0.0951573868327017,1.0,True,668.0567334777996,63.57053301373808,281.075554071599,281.44379134323253,0.0951573868327017,470103540,primary,6604456761,3725763520,0,False
679,5,0.522831476853626,218.4390771450661,0.01266666495695227,0.0951573868327017,1.0,True,668.0567334777996,63.57053301373808,128.08561489942574,128.25402861168442,0.0951573868327017,470103540,primary,3725763514,3725763504,0,False
680,1,0.8149627745416801,2.549430875980667e-05,0.9999994901139548,0.07481463753746831,1.0,True,847.7852558428252,63.42674662549082,63.42674662549082,63.24207290598799,0.07481463753746832,1209072881,secondary,4714891315,4594220613,0,False
680,2,0.6743541814503917,31.62102892098071,0.5313041798096602,0.07481463753746831,1.0,True,847.7852558428252,63.42674662549082,310.4664369263973,309.65443737353326,0.07481463753746832,1209072881,secondary,4594220613,9866097881,0,False
680,3,0.6743541334288516,31.621043985027836,0.5313040197378602,0.07481463753746831,1.0,True,847.7852558428252,63.42674662549082,20.69334983727517,20.638805074511502,0.07481463753746832,1209072881,secondary,3684490356,4714891315,0,False
680,4,0.5152889204013572,341.2331085236939,0.0010866429795450606,0.07481463753746831,1.0,True,847.7852558428252,63.42674662549082,384.4025540671986,383.39662299505574,0.07481463753746832,1209072881,secondary,9866097881,13539914722,0,False
680,5,0.4313038500382331,16.336358017194122,0.7212805101087972,0.07459848502796972,1.0,False,850.2417522515343,63.42674662549082,65.05062878754624,64.87844300464953,0.07459848502796972,1209072902,secondary,293462756,4714891319,0,False
681,1,0.9910055254373538,0.17949203598587193,0.9964165950550403,0.9604027346042079,1.0,True,66.0243427914595,63.40995936736333,66.24687750445808,66.0243427914595,0.9604027346042079,1208986537;1208986538,secondary,4531816328,4531816313,0,False
681,2,0.4946853185202065,31.596008956848802,0.5315701105703314,0.6760714267455351,1.0,False,93.79180491713052,63.40995936736333,24.104839068008708,24.125277217542823,0.6760714267455351,456959532,secondary,11176575743,4531816313,0,False
681,3,0.4716276430631668,15.891970722569859,0.7277196402896481,0.26655875488136166,1.0,False,237.8836117972769,63.40995936736333,69.62521597412191,69.66652769958769,0.26655875488136166,464097500;456959532,secondary,4531816313,1051669638,0,False
681,4,0.4087343148347401,31.372277075879268,0.5339540237806656,0.2427405385027019,1.0,False,261.2252562282979,63.40995936736333,119.23826066536982,119.30454083693355,0.24274053850270194,456959534,secondary,1051669812,4531816332,0,False
681,5,0.3893120745996024,26.00726498837921,0.5944341705482119,0.05490911717569409,1.0,False,1154.8165883721804,63.40995936736333,113.67030006572054,113.24731748446149,0.05490911717569408,279088748;456959531;1208986540;264753949,secondary,11176575743,1051669679,0,False
682,1,0.80920582289562,0.015443232837680785,0.9996911830370241,0.04649233992256449,1.0,True,1362.436793060552,63.34287450597982,63.34287450597982,63.05196035069834,0.046492339922564484,40016878,primary,4719771206,4719769348,0,False
682,2,0.6689934392182875,31.525845438074214,0.5323165707792484,0.04649233992256449,1.0,True,1362.436793060552,63.34287450597982,107.44946829037174,106.95515118137705,0.046492339922564484,40016878,primary,4719769348,9833884594,0,False
682,3,0.6689927055021542,31.526075162846727,0.5323141250588043,0.04649233992256449,1.0,True,1362.436793060552,63.34287450597982,74.93335427703464,74.58846950936442,0.046492339922564484,40016878,primary,3722327255,4719771206,0,False
682,4,0.545231465074298,106.10632311601637,0.11977665696595012,0.04649233992256449,1.0,True,1362.436793060552,63.34287450597982,279.66370485795244,278.38018849546665,0.046492339922564484,40016878,primary,8141615216,3722327255,0,False
682,5,0.5281059319170649,138.47643329610162,0.06269154644183988,0.04649233992256449,1.0,True,1362.436793060552,63.34287450597982,35.64559662480792,35.48195441156096,0.046492339922564484,40016878,primary,9833884594,3722327154,0,False
683,1,0.78464757032086,3.994604811946385,0.9232159594865357,0.03841391237449633,1.0,True,1637.8707371475066,62.91702297753602,62.91702297753602,62.684278487338936,0.038413912374496324,746487581,secondary,293466272,6944073200,0,False
683,2,0.6714953527472061,30.252978229627114,0.5460419009076894,0.03841391237449633,1.0,True,1637.8707371475066,62.91702297753602,76.81755821444239,76.47108417418596,0.038413912374496324,746487581,secondary,6944073200,10991919752,0,False
683,3,0.5432427097576535,106.62815544647543,0.11853309094251434,0.03841391237449633,1.0,True,1637.8707371475066,62.91702297753602,57.20643712109246,56.94840495833178,0.038413912374496324,746487581,secondary,10991919752,9798857327,0,False
683,4,0.5190702440336203,163.56347939096517,0.03795820519573703,0.03841391237449633,1.0,True,1637.8707371475066,62.91702297753602,19.9693863339725,19.879323439267672,0.038413912374496324,746487581,secondary,9798857327,6944073199,0,False
683,5,0.5153348954238558,183.44003312383305,0.02550704316318843,0.03841391237449633,1.0,True,1637.8707371475066,62.91702297753602,363.1665570057236,361.51013364808847,0.038413912374496324,746487581,secondary,6944073199,12702159517,0,False
684,1,0.8096853350095654,1.5513906943949875e-05,0.9999996897219092,0.04842714046496284,1.0,True,1298.633364364262,62.88910034855539,62.88910034855539,62.635719217432566,0.048427140464962846,1208791971,primary,3727012352,13022825217,0,False
684,2,0.6700460770982544,31.3178569856673,0.534535496684206,0.04842714046496284,1.0,True,1298.633364364262,62.88910034855539,20.090129092793,20.010221082072867,0.048427140464962846,1208791971,primary,13022825217,3184375367,0,False
684,3,0.670046060272877,31.31786223177295,0.5345354405996152,0.04842714046496284,1.0,True,1298.633364364262,62.88910034855539,308.0256074271481,306.7835074445994,0.048427140464962846,1208791971,primary,10629571056,3727012352,0,False
684,4,0.6171592424937729,51.32676218650472,0.3582460480026007,0.04842714046496284,1.0,True,1298.633364364262,62.88910034855539,8.745683386797769,8.710377885567885,0.048427140464962846,1208791971,primary,3184375367,13022825213,0,False
684,5,0.5999770311986783,60.03690037099154,0.300972010352286,0.04842714046496284,1.0,True,1298.633364364262,62.88910034855539,26.152415637533704,26.052386594996975,0.048427140464962846,1208791971,primary,13022825213,6809932317,0,False
685,1,0.8447559549892072,9.463107105527568e-06,0.9999998107378758,0.22378005883922245,1.0,True,280.9529065951497,62.871657968913176,62.871657968913176,62.590740883764965,0.22378005883922245,232511043,primary,2443921865,2443921759,0,False
685,2,0.7051887965867567,31.29537029882764,0.534775949396374,0.22378005883922245,1.0,True,280.9529065951497,62.871657968913176,42.574608064399335,42.38273926274923,0.22378005883922245,232511043,primary,2407964442,2443921865,0,False
685,3,0.70518879566872,31.295370584940184,0.5347759463362518,0.22378005883922245,1.0,True,280.9529065951497,62.871657968913176,37.52425417585683,37.35538051539116,0.22378005883922245,232511043,primary,2443921759,4599113414,0,False
685,4,0.6207646004157863,68.64680661146508,0.25336196215980616,0.22378005883922245,1.0,True,280.9529065951497,62.871657968913176,22.761245626840967,22.657058292452646,0.22378005883922245,232511043,primary,4599113414,2365467030,0,False
685,5,0.6134967721154714,73.67200710424699,0.2291358678254228,0.22378005883922245,1.0,True,280.9529065951497,62.871657968913176,116.48804031005898,115.96698764079171,0.22378005883922245,232511043,primary,2390658890,2407964442,0,False
686,1,0.8181647289688412,0.036124410027787636,0.9992777727312004,0.09190698574740529,1.0,True,683.3078157065394,62.80076167923156,62.800761679231556,62.8757942724004,0.0919069857474053,367555141,secondary,8144958887,8144958890,0,False
686,2,0.6785738268012638,31.370334837268647,0.5339747655059425,0.09190698574740529,1.0,True,683.3078157065394,62.80076167923156,148.5639441701936,148.22034924835322,0.0919069857474053,367555141,secondary,3716311233,8144958887,0,False
686,3,0.678399396785305,31.424808401293454,0.5333933321194131,0.09190698574740529,1.0,True,683.3078157065394,62.80076167923156,8.211099358098386,8.22173975955578,0.0919069857474053,367555141,secondary,8144958890,13232616587,0,False
686,4,0.6542156069340863,39.61736891311041,0.4527806992820175,0.09190698574740529,1.0,True,683.3078157065394,62.80076167923156,39.88712948811208,39.93881823423877,0.0919069857474053,367555141,secondary,13232616587,3714708555,0,False
686,5,0.5795581818366848,79.50073461400584,0.20392261562401273,0.09190698574740529,1.0,True,683.3078157065394,62.80076167923156,94.42543307527836,94.54704880409172,0.0919069857474053,367555141,secondary,3714708555,3714708563,0,False
687,1,0.8501347662735856,0.2974429120021617,0.9940688011819846,0.25957062959495086,1.0,True,241.9280235156244,62.7974093806127,62.7974093806127,62.676073172895705,0.25957062959495086,746487560,primary,4716027735,6167916393,0,False
687,2,0.7121804658366775,31.347270944427027,0.5342211330589576,0.25957062959495086,1.0,True,241.9280235156244,62.7974093806127,179.81871632556832,179.2519503427287,0.25957062959495086,746487560;658700019,primary,6167916393,4715985536,0,False
687,3,0.5171090746205151,16.430859218769722,0.7199185600758051,0.5056675329888684,1.0,False,31.754611079586446,62.7974093806127,17.886642716244413,17.84825040354493,1.9775839553891503,1209004196,primary,4716027736,293463405,0,False
687,4,0.4603285531606543,31.29631776048695,0.5347658158982178,0.4994940419559448,1.0,False,31.366931835884404,62.7974093806127,10.128974499284418,10.11277222354116,2.0020258821990105,1209004195,primary,4716027735,293463405,0,False
687,5,0.45897976359219733,9.395907873362498,0.8286825259341838,0.05187502905971104,1.0,False,1210.5517918520952,62.7974093806127,14.347555878582746,14.322850537630439,0.05187502905971103,1141889036,primary,293463399,4716027736,0,False
688,1,0.8082717219757589,3.143969137282829e-05,0.9999993712063703,0.041359553069239344,1.0,True,1517.5518854343366,62.76526774094566,62.76526774094566,62.667680951822724,0.04135955306923934,874644320,primary,2283167581,4714938986,0,False
688,2,0.6685813341771041,31.33383148619707,0.5343647452108542,0.041359553069239344,1.0,True,1517.5518854343366,62.76526774094566,66.29147495325302,66.1275081482187,0.04135955306923934,874644320,primary,4714938986,5411536316,0,False
688,3,0.6685812765315767,31.333849465657202,0.5343645530590961,0.041359553069239344,1.0,True,1517.5518854343366,62.76526774094566,41.054990365642276,41.00497084794412,0.04135955306923934,874644320,primary,8127692843,2283167581,0,False
688,4,0.5789112821329543,72.30974076774832,0.23546457173035482,0.041359553069239344,1.0,True,1517.5518854343366,62.76526774094566,140.61152864292586,140.44214976699354,0.04135955306923934,874644320,primary,5414086844,8127692843,0,False
688,5,0.5512471215751547,97.15795072342033,0.14325070320435576,0.041359553069239344,1.0,True,1517.5518854343366,62.76526774094566,23.717847895690028,23.65901749199803,0.04135955306923934,874644320,primary,5411536316,9919058606,0,False
689,1,0.8103783780869944,0.020980684620878983,0.9995804743330952,0.0525211789353292,1.0,True,1184.4455219686943,62.208475198467184,62.208475198467184,61.931924880223434,0.0525211789353292,874056882,primary,4594197691,4594197690,0,False
689,2,0.6720015137192901,30.964709352218158,0.538324259774081,0.0525211789353292,1.0,True,1184.4455219686943,62.208475198467184,40.323555307052466,40.14450469705595,0.0525211789353292,874056882,primary,8145581017,4594197691,0,False
689,3,0.6719950902831775,30.966698105199633,0.5383028483203723,0.0525211789353292,1.0,True,1184.4455219686943,62.208475198467184,36.67315668785484,36.50964005641286,0.0525211789353292,874056882,primary,4594197690,4594197587,0,False
689,4,0.5883135157831738,67.47608852147688,0.2593642666536933,0.0525211789353292,1.0,True,1184.4455219686943,62.208475198467184,42.43221625252315,42.24357323372158,0.0525211789353292,874056882,primary,4594197587,4594197689,0,False
689,5,0.5828602332600532,71.10920648707634,0.2411866582432914,0.0525211789353292,1.0,True,1184.4455219686943,62.208475198467184,36.15729027038942,35.99596104360117,0.0525211789353292,874056882,primary,4594197693,8145581017,0,False
690,1,0.8133128324703496,0.03881369009646992,0.9992240274206297,0.06772812122080286,1.0,True,912.7934682412829,61.82178666660269,61.82178666660269,61.619678360236485,0.06772812122080288,279088748,secondary,10287373214,2999157392,0,False
690,2,0.6755597583129085,30.804944794584742,0.5400471135624929,0.06772812122080286,1.0,True,912.7934682412829,61.82178666660269,65.59898431394345,65.36964744705335,0.06772812122080288,279088748,secondary,7242312106,10287373214,0,False
690,3,0.6755307956492614,30.813883907488645,0.5399505713503362,0.06772812122080286,1.0,True,912.7934682412829,61.82178666660269,113.01439981601987,112.64326812164893,0.06772812122080288,279088748,secondary,2999157392,2999157391,0,False
690,4,0.5573976767428543,96.14804748328098,0.14617350832897905,0.06772812122080286,1.0,True,912.7934682412829,61.82178666660269,99.64477107292961,99.29211664568106,0.06772812122080288,279088748,secondary,1051669679,7242312106,0,False
690,5,0.5305703022397619,143.45592682102796,0.0567489266520043,0.06772812122080286,1.0,True,912.7934682412829,61.82178666660269,25.283092191444847,25.20348587503242,0.06772812122080288,279088748,secondary,2999157391,9771712113,0,False
691,1,0.8106713683604083,1.4436610900889813e-05,0.9999997112678236,0.05335727490030542,1.0,True,1154.8165883721804,61.61786616520726,61.61786616520726,61.36692464145598,0.05335727490030541,264753949,secondary,2928864946,2928864944,0,False
691,2,0.6730797128581874,30.683459960907488,0.5413608595937541,0.05335727490030542,1.0,True,1154.8165883721804,61.61786616520726,87.74535228502363,87.37513971039724,0.05335727490030541,264753949,secondary,2928864953,2928864946,0,False
691,3,0.6730796975279925,30.683464680555286,0.5413608084931049,0.05335727490030542,1.0,True,1154.8165883721804,61.61786616520726,82.36634708568087,82.06072688340078,0.05335727490030541,264753949,secondary,2928864944,2928864940,0,False
691,4,0.5422010681202527,112.64276353764753,0.10509871046730522,0.05335727490030542,1.0,True,1154.8165883721804,61.61786616520726,69.92228678623202,69.65473994767741,0.05335727490030541,264753949,secondary,2928864940,2928864938,0,False
691,5,0.5389784507809678,118.03367495553915,0.09435665266968922,0.05335727490030542,1.0,True,1154.8165883721804,61.61786616520726,103.93806754857442,103.5087184936515,0.05335727490030541,264753949,secondary,4714938952,2928864953,0,False
692,1,0.8101303280569181,1.6092108948417292e-05,0.9999996781578728,0.050652123047780974,1.0,True,1215.2050234138255,61.552714374238654,61.552714374238654,61.31077219698056,0.050652123047780974,876451409,primary,3726941221,3726941630,0,False
692,2,0.6726299062901016,30.655383127483887,0.5416649389351514,0.050652123047780974,1.0,True,1215.2050234138255,61.552714374238654,52.51035961096552,52.3022598047412,0.050652123047780974,876451409,primary,3726941630,3726941648,0,False
692,3,0.6726298869785954,30.655389069505116,0.5416648745634639,0.050652123047780974,1.0,True,1215.2050234138255,61.552714374238654,28.73124489164915,28.61433265337744,0.050652123047780974,876451409,primary,6809932317,3726941221,0,False
692,4,0.5672213257720555,82.95688599299002,0.19030300387499804,0.050652123047780974,1.0,True,1215.2050234138255,61.552714374238654,45.428277457850236,45.24370624079075,0.050652123047780974,876451409,primary,3726941648,3726941413,0,False
692,5,0.5332359004670666,128.18564175558583,0.0770182528583679,0.050652123047780974,1.0,True,1215.2050234138255,61.552714374238654,27.361354530819366,27.251934484566746,0.050652123047780974,876451409,primary,3726941413,3727012631,0,False
693,1,0.8198693207269159,5.518603535691877e-06,0.9999998896279354,0.09934676919267586,1.0,True,619.2207575767993,61.51758168229616,61.51758168229616,61.24114370246834,0.09934676919267584,1203852633,primary,4594181069,4594181068,0,False
693,2,0.6824820117069792,30.620571695149394,0.5420421928948135,0.09934676919267586,1.0,True,619.2207575767993,61.51758168229616,65.83410261113927,65.53828042184523,0.09934676919267584,1203852633,primary,4594181070,4594181069,0,False
693,3,0.6824820106917215,30.620572007319943,0.5420421895106214,0.09934676919267586,1.0,True,619.2207575767993,61.51758168229616,91.15673836295593,90.74686258633363,0.09934676919267584,1203852633,primary,4594181068,6166520809,0,False
693,4,0.563711931353898,96.15885200274387,0.14614192505120932,0.09934676919267586,1.0,True,619.2207575767993,61.51758168229616,97.47461625771064,97.03605209496033,0.09934676919267584,1203852633,primary,4594183924,4594181070,0,False
693,5,0.5261653466156055,193.19345553834617,0.020986642590234507,0.09934676919267586,1.0,True,619.2207575767993,61.51758168229616,306.03649684091926,304.65841877119186,0.09934676919267584,1203852633;876451412;1208795197,primary,4594183932,4594183924,0,False
694,1,0.8124228663741697,0.017386910232532242,0.9996523222492713,0.06263584849694138,1.0,True,976.0462090294071,61.13548247477992,61.13548247477992,61.024212351422754,0.06263584849694137,292410140,trunk,13108436169,3722327661,0,False
694,2,0.6755092343929003,30.507115622930268,0.5432735489783734,0.06263584849694138,1.0,True,976.0462090294071,61.13548247477992,87.21236385596588,87.05166290583661,0.06263584849694137,292410140,trunk,13108436171,13108436169,0,False
694,3,0.675479681593468,30.516182718487467,0.5431750396469329,0.06263584849694138,1.0,True,976.0462090294071,61.13548247477992,42.79102754883016,42.71194711491441,0.06263584849694137,874464057;1209009346;292410140,trunk,3722327661,13108436166,0,False
694,4,0.5411227362554125,117.5265392185086,0.0953185551867473,0.06263584849694138,1.0,True,976.0462090294071,61.13548247477992,786.6128867962552,785.2583866572334,0.06263584849694137,877786608;292410140;292410141,trunk,3725590874,13108436171,0,False
694,5,0.44656828190363285,12.459916294653313,0.7794253778209207,0.06370334278678323,1.0,False,959.6903364930472,61.13548247477992,177.28954547579377,176.98406564346487,0.06370334278678322,874464056,trunk,11140281684,13519104254,0,False
695,1,0.8521672743747941,1.5408090918830138e-06,0.9999999691838186,0.26083641809824276,1.0,True,233.99754696439777,61.03508199396885,61.03508199396885,60.75547260023051,0.26083641809824276,876473604,secondary,8151376700,293462958,0,False
695,2,0.7155716256113356,30.377735990340316,0.54468113997229,0.26083641809824276,1.0,True,233.99754696439777,61.03508199396885,68.89941288296072,68.58616466734898,0.26083641809824276,876473604,secondary,293462958,293462956,0,False
695,3,0.7155716235865925,30.377736609890274,0.5446811332231465,0.26083641809824276,1.0,True,233.99754696439777,61.03508199396885,41.758871459927576,41.568093574069195,0.26083641809824276,876473604,secondary,293464866,8151376700,0,False
695,4,0.6233262969458222,71.94327387613998,0.2371967110872455,0.26083641809824276,1.0,True,233.99754696439777,61.03508199396885,11.177680483467935,11.126312349238969,0.26083641809824276,876473604,secondary,8153698620,293464866,0,False
695,5,0.5936319704369708,98.94701648610278,0.13821562272440752,0.26083641809824276,1.0,True,233.99754696439777,61.03508199396885,52.19860863269126,51.96150377351013,0.26083641809824276,876473604;879827231,secondary,293462956,4613766153,0,False
696,1,0.8052741895752347,0.8080935928181623,0.9839680304316913,0.050418902228636354,1.0,True,1210.5517918520952,61.034692436091326,165.612525504467,164.96554902664965,0.05041890222863635,1141889036,primary,9923995138,293463471,0,False
696,2,0.6735842213316825,30.348339388617184,0.5450014696198509,0.050418902228636354,1.0,True,1210.5517918520952,61.034692436091326,27.171986952400488,27.063937335103375,0.05041890222863635,1141889036,primary,293463471,9913774165,0,False
696,3,0.6078004439767368,56.085518600168164,0.3257222117700319,0.050418902228636354,1.0,True,1210.5517918520952,61.034692436091326,190.60445950539227,190.06902343679624,0.05041890222863635,1141889036,primary,9913774165,293463399,0,False
696,4,0.5308949588297187,133.4146105000649,0.06937059461330475,0.050418902228636354,1.0,True,1210.5517918520952,61.034692436091326,63.938236476486495,63.73931074934595,0.05041890222863635,1141889036,primary,293463385,9923995138,0,False
696,5,0.5159674970926804,196.57969148053505,0.019612388823177306,0.050418902228636354,1.0,True,1210.5517918520952,61.034692436091326,148.13991025918412,147.4838569968509,0.05041890222863635,1141889036,primary,293463370,293463385,0,False
697,1,0.8144806541041971,0.01986164423460754,0.9996028460018443,0.07299900151821907,1.0,True,834.8462163029267,60.94294021137681,60.94294021137681,60.66911394816701,0.07299900151821909,1069546778,secondary,8166852625,8166852652,0,False
697,2,0.6781526500324119,30.332314830918065,0.5451761657625602,0.07299900151821907,1.0,True,834.8462163029267,60.94294021137681,55.49339773929013,55.24409733953456,0.07299900151821909,1069546778,secondary,8166852652,8166852651,0,False
697,3,0.6781516267815403,30.332627651536665,0.5451727549263217,0.07299900151821907,1.0,True,834.8462163029267,60.94294021137681,29.045062259861165,28.911524392892918,0.07299900151821909,1069546778,secondary,9924376022,8166852625,0,False
697,4,0.6065348403769779,59.13501165814044,0.3064501335777803,0.07299900151821907,1.0,True,834.8462163029267,60.94294021137681,31.110341640968095,30.970285540075043,0.07299900151821909,1069546778,secondary,8166852655,9924376022,0,False
697,5,0.5687767921611679,85.57630804059278,0.18058997285841394,0.07299900151821907,1.0,True,834.8462163029267,60.94294021137681,194.1969920604718,193.33142584536674,0.07299900151821909,1069546778,secondary,8166852651,8166852648,0,False
698,1,0.8150433050835466,0.007482517957427259,0.9998503608379079,0.0754409841608716,1.0,True,803.7239090702778,60.63372269388464,60.633722693884636,60.36090677241026,0.07544098416087161,1208795197,primary,10230224085,4594183933,0,False
698,2,0.6791396380961994,30.18012148854595,0.5468381375467504,0.0754409841608716,1.0,True,803.7239090702778,60.63372269388464,66.70235533323444,66.4023189780202,0.07544098416087161,1208795197,primary,4594183933,4594183932,0,False
698,3,0.6791376665897038,30.180722372734177,0.5468315658584313,0.0754409841608716,1.0,True,803.7239090702778,60.63372269388464,48.32835253231166,48.110729693534836,0.07544098416087161,1208795197,primary,10113293654,10230224085,0,False
698,4,0.5777626595197964,78.29142018211286,0.20891487562540684,0.0754409841608716,1.0,True,803.7239090702778,60.63372269388464,40.868674370827016,40.68463869773061,0.07544098416087161,1208795197,primary,10230224084,10113293654,0,False
698,5,0.5585609194605429,96.58243996321004,0.14490907542789516,0.0754409841608716,1.0,True,803.7239090702778,60.63372269388464,306.03649684091926,304.65841877119186,0.07544098416087161,1203852633;876451412;1208795197,primary,4594183932,4594183924,0,False
699,1,0.8031987127823936,0.006698480840034625,0.9998660393567277,0.016194504876876202,1.0,True,3727.7442722503997,60.36897279670646,60.36897279670646,60.09280134023877,0.01619450487687621,865024248,primary,3724390776,11968828661,0,False
699,2,0.6677298854286422,30.046335585394036,0.5483032815108899,0.016194504876876202,1.0,True,3727.7442722503997,60.36897279670646,28.50376414898163,28.37355104500613,0.01619450487687621,865024248,primary,3724390760,3724390776,0,False
699,3,0.6677295752753618,30.04642986216363,0.5483022476666218,0.016194504876876202,1.0,True,3727.7442722503997,60.36897279670646,104.22244045695945,103.74543710055198,0.01619450487687621,865024248,primary,11968828661,3724390838,0,False
699,4,0.5965036219389259,58.41702815154338,0.3108824032118355,0.016194504876876202,1.0,True,3727.7442722503997,60.36897279670646,87.03793096793834,86.64335063656833,0.01619450487687621,865024248,primary,3724390734,3724390760,0,False
699,5,0.5239059459207042,133.76210373202463,0.06889014981776316,0.016194504876876202,1.0,True,3727.7442722503997,60.36897279670646,168.41358578498432,167.6471046674699,0.01619450487687621,865024248,primary,3724390838,11968828663,0,False
