od_id,timestamp,ist_timestamp,period,is_peak,source_node,destination_node,static_actual_time_s,persistence_actual_time_s,historical_actual_time_s,lightgbm_actual_time_s,oracle_actual_time_s,static_distance_m,persistence_distance_m,historical_distance_m,lightgbm_distance_m,oracle_distance_m,static_edge_count,persistence_edge_count,historical_edge_count,lightgbm_edge_count,oracle_edge_count,persistence_vs_static_saving_s,historical_vs_static_saving_s,lightgbm_vs_static_saving_s,oracle_vs_static_saving_s,persistence_vs_static_imp_pct,historical_vs_static_imp_pct,lightgbm_vs_static_imp_pct,oracle_vs_static_imp_pct,static_oracle_regret_s,persistence_oracle_regret_s,historical_oracle_regret_s,lightgbm_oracle_regret_s,oracle_regret_s,static_oracle_gap_pct,persistence_oracle_gap_pct,historical_oracle_gap_pct,lightgbm_oracle_gap_pct,persistence_static_overlap,historical_static_overlap,lightgbm_static_overlap,oracle_static_overlap,static_oracle_overlap,persistence_oracle_overlap,historical_oracle_overlap,lightgbm_oracle_overlap,oracle_oracle_overlap
0,2026-01-15 09:00:00+00:00,2026-01-15 14:30:00+05:30,Midday,0,3722327026,2443921849,1256.81,1256.81,1256.81,1256.81,1256.81,10984.73,10984.73,10984.73,10984.73,10984.73,46,46,46,46,46,0.0,0.0,0.0,0.0,0.0,0.0,0.0,0.0,0.0,0.0,0.0,0.0,0.0,0.0,0.0,0.0,0.0,1.0,1.0,1.0,1.0,1.0,1.0,1.0,1.0,1.0
1,2026-01-15 09:00:00+00:00,2026-01-15 14:30:00+05:30,Midday,0,2283167591,293464723,691.07,685.34,685.34,685.34,682.01,5493.14,5482.36,5482.36,5482.36,5472.2,66,61,61,61,56,5.73,5.73,5.73,9.06,0.8291,0.8291,0.8291,1.3112,9.06,3.33,3.33,3.33,0.0,1.3286,0.4885,0.4885,0.4885,0.233,0.233,0.233,0.0339,0.0339,0.3448,0.3448,0.3448,1.0
2,2026-01-15 09:00:00+00:00,2026-01-15 14:30:00+05:30,Midday,0,3727013594,2392383587,1481.61,1481.61,1481.61,1481.61,1481.61,14324.92,14324.92,14324.92,14324.92,14324.92,91,91,91,91,91,0.0,0.0,0.0,0.0,0.0,0.0,0.0,0.0,0.0,0.0,0.0,0.0,0.0,0.0,0.0,0.0,0.0,1.0,1.0,1.0,1.0,1.0,1.0,1.0,1.0,1.0
3,2026-01-15 09:00:00+00:00,2026-01-15 14:30:00+05:30,Midday,0,8144958910,5875519688,766.51,783.58,783.58,783.58,766.51,6210.28,6940.12,6940.12,6940.12,6210.28,75,89,89,89,75,-17.07,-17.07,-17.07,0.0,-2.2272,-2.2272,-2.2272,0.0,0.0,17.07,17.07,17.07,0.0,0.0,2.2272,2.2272,2.2272,0.3782,0.3782,0.3782,1.0,1.0,0.3782,0.3782,0.3782,1.0
4,2026-01-15 09:00:00+00:00,2026-01-15 14:30:00+05:30,Midday,0,8167025447,8166852655,636.71,638.06,636.71,636.71,636.71,6039.21,6286.44,6039.21,6039.21,6039.21,47,48,47,47,47,-1.35,0.0,0.0,0.0,-0.2126,0.0,0.0,0.0,0.0,1.35,0.0,0.0,0.0,0.0,0.2126,0.0,0.0,0.3014,1.0,1.0,1.0,1.0,0.3014,1.0,1.0,1.0
5,2026-01-15 09:00:00+00:00,2026-01-15 14:30:00+05:30,Midday,0,3725763498,293464962,980.62,972.48,962.56,962.56,962.56,9478.38,8961.94,9044.76,9044.76,9044.76,81,77,76,76,76,8.14,18.06,18.06,18.06,0.8297,1.8417,1.8417,1.8417,18.06,9.92,0.0,0.0,0.0,1.8763,1.031,0.0,0.0,0.6632,0.764,0.764,0.764,0.764,0.8659,1.0,1.0,1.0
6,2026-01-15 09:00:00+00:00,2026-01-15 14:30:00+05:30,Midday,0,2841381812,8182316367,433.37,433.37,433.37,433.37,433.37,3063.87,3063.87,3063.87,3063.87,3063.87,14,14,14,14,14,0.0,0.0,0.0,0.0,0.0,0.0,0.0,0.0,0.0,0.0,0.0,0.0,0.0,0.0,0.0,0.0,0.0,1.0,1.0,1.0,1.0,1.0,1.0,1.0,1.0,1.0
7,2026-01-15 09:00:00+00:00,2026-01-15 14:30:00+05:30,Midday,0,8124118501,293464897,880.12,880.12,880.12,880.12,880.12,6077.63,6077.63,6077.63,6077.63,6077.63,58,58,58,58,58,0.0,0.0,0.0,0.0,0.0,0.0,0.0,0.0,0.0,0.0,0.0,0.0,0.0,0.0,0.0,0.0,0.0,1.0,1.0,1.0,1.0,1.0,1.0,1.0,1.0,1.0
8,2026-01-15 09:00:00+00:00,2026-01-15 14:30:00+05:30,Midday,0,3725657841,6986305647,744.05,744.05,744.05,744.05,742.06,5781.75,5781.75,5781.75,5781.75,6566.48,39,39,39,39,49,0.0,0.0,0.0,1.99,0.0,0.0,0.0,0.2678,1.99,1.99,1.99,1.99,0.0,0.2685,0.2685,0.2685,0.2685,1.0,1.0,1.0,0.1579,0.1579,0.1579,0.1579,0.1579,1.0
9,2026-01-15 09:00:00+00:00,2026-01-15 14:30:00+05:30,Midday,0,3725560599,2443937252,1562.12,1562.12,1562.12,1562.12,1562.12,14314.96,14314.96,14314.96,14314.96,14314.96,65,65,65,65,65,0.0,0.0,0.0,0.0,0.0,0.0,0.0,0.0,0.0,0.0,0.0,0.0,0.0,0.0,0.0,0.0,0.0,1.0,1.0,1.0,1.0,1.0,1.0,1.0,1.0,1.0
10,2026-01-15 09:00:00+00:00,2026-01-15 14:30:00+05:30,Midday,0,3706277194,1812432274,692.46,692.46,692.46,692.46,692.46,4881.93,4881.93,4881.93,4881.93,4881.93,46,46,46,46,46,0.0,0.0,0.0,0.0,0.0,0.0,0.0,0.0,0.0,0.0,0.0,0.0,0.0,0.0,0.0,0.0,0.0,1.0,1.0,1.0,1.0,1.0,1.0,1.0,1.0,1.0
11,2026-01-15 09:00:00+00:00,2026-01-15 14:30:00+05:30,Midday,0,4620986372,12194086396,586.98,586.98,586.98,586.98,586.98,4864.5,4864.5,4864.5,4864.5,4864.5,34,34,34,34,34,0.0,0.0,0.0,0.0,0.0,0.0,0.0,0.0,0.0,0.0,0.0,0.0,0.0,0.0,0.0,0.0,0.0,1.0,1.0,1.0,1.0,1.0,1.0,1.0,1.0,1.0
12,2026-01-15 09:00:00+00:00,2026-01-15 14:30:00+05:30,Midday,0,8151182352,4963335999,519.42,519.42,519.42,519.42,519.42,4720.87,4720.87,4720.87,4720.87,4720.87,36,36,36,36,36,0.0,0.0,0.0,0.0,0.0,0.0,0.0,0.0,0.0,0.0,0.0,0.0,0.0,0.0,0.0,0.0,0.0,1.0,1.0,1.0,1.0,1.0,1.0,1.0,1.0,1.0
13,2026-01-15 09:00:00+00:00,2026-01-15 14:30:00+05:30,Midday,0,293458413,8154498107,418.36,418.36,418.36,418.36,418.36,3538.38,3538.38,3538.38,3538.38,3538.38,28,28,28,28,28,0.0,0.0,0.0,0.0,0.0,0.0,0.0,0.0,0.0,0.0,0.0,0.0,0.0,0.0,0.0,0.0,0.0,1.0,1.0,1.0,1.0,1.0,1.0,1.0,1.0,1.0
14,2026-01-15 09:00:00+00:00,2026-01-15 14:30:00+05:30,Midday,0,2962277961,6604456762,860.15,859.5,859.5,859.5,859.5,7941.95,7945.94,7945.94,7945.94,7945.94,70,70,70,70,70,0.65,0.65,0.65,0.65,0.0755,0.0755,0.0755,0.0755,0.65,0.0,0.0,0.0,0.0,0.0756,0.0,0.0,0.0,0.9718,0.9718,0.9718,0.9718,0.9718,1.0,1.0,1.0,1.0
15,2026-01-15 09:00:00+00:00,2026-01-15 14:30:00+05:30,Midday,0,2277412755,8146129661,1870.51,1912.76,1869.86,1869.86,1856.39,18194.35,18022.57,18198.35,18198.35,18361.61,106,113,106,106,126,-42.25,0.65,0.65,14.11,-2.2589,0.0347,0.0347,0.7546,14.11,56.37,13.46,13.46,0.0,0.7603,3.0364,0.7253,0.7253,0.7661,0.9813,0.9813,0.6,0.6,0.6149,0.6111,0.6111,1.0
16,2026-01-15 09:00:00+00:00,2026-01-15 14:30:00+05:30,Midday,0,8153425846,3722327558,763.63,761.01,761.01,761.01,761.01,6194.49,6199.69,6199.69,6199.69,6199.69,53,49,49,49,49,2.62,2.62,2.62,2.62,0.3428,0.3428,0.3428,0.3428,2.62,0.0,0.0,0.0,0.0,0.344,0.0,0.0,0.0,0.4571,0.4571,0.4571,0.4571,0.4571,1.0,1.0,1.0,1.0
17,2026-01-15 09:00:00+00:00,2026-01-15 14:30:00+05:30,Midday,0,4720174514,3725763954,1273.57,1253.17,1253.17,1253.17,1253.17,11155.8,11345.49,11345.49,11345.49,11345.49,100,98,98,98,98,20.4,20.4,20.4,20.4,1.6015,1.6015,1.6015,1.6015,20.4,0.0,0.0,0.0,0.0,1.6276,0.0,0.0,0.0,0.3289,0.3289,0.3289,0.3289,0.3289,1.0,1.0,1.0,1.0
18,2026-01-15 09:00:00+00:00,2026-01-15 14:30:00+05:30,Midday,0,13108436171,4714939571,1065.29,1065.29,1065.29,1065.29,1065.29,11544.53,11544.53,11544.53,11544.53,11544.53,106,106,106,106,106,0.0,0.0,0.0,0.0,0.0,0.0,0.0,0.0,0.0,0.0,0.0,0.0,0.0,0.0,0.0,0.0,0.0,1.0,1.0,1.0,1.0,1.0,1.0,1.0,1.0,1.0
19,2026-01-15 09:00:00+00:00,2026-01-15 14:30:00+05:30,Midday,0,3725764138,8166852625,990.84,997.2,990.84,990.84,990.84,8876.62,8878.94,8876.62,8876.62,8876.62,69,69,69,69,69,-6.36,0.0,0.0,0.0,-0.6421,0.0,0.0,0.0,0.0,6.36,0.0,0.0,0.0,0.0,0.6421,0.0,0.0,0.7468,1.0,1.0,1.0,1.0,0.7468,1.0,1.0,1.0
20,2026-01-15 09:00:00+00:00,2026-01-15 14:30:00+05:30,Midday,0,3719620426,8142092830,576.83,576.83,576.83,576.83,576.83,6520.7,6520.7,6520.7,6520.7,6520.7,70,70,70,70,70,0.0,0.0,0.0,0.0,0.0,0.0,0.0,0.0,0.0,0.0,0.0,0.0,0.0,0.0,0.0,0.0,0.0,1.0,1.0,1.0,1.0,1.0,1.0,1.0,1.0,1.0
21,2026-01-15 09:00:00+00:00,2026-01-15 14:30:00+05:30,Midday,0,8133384806,9833884593,575.55,575.55,575.55,575.55,575.55,5583.79,5583.79,5583.79,5583.79,5583.79,66,66,66,66,66,0.0,0.0,0.0,0.0,0.0,0.0,0.0,0.0,0.0,0.0,0.0,0.0,0.0,0.0,0.0,0.0,0.0,1.0,1.0,1.0,1.0,1.0,1.0,1.0,1.0,1.0
22,2026-01-15 09:00:00+00:00,2026-01-15 14:30:00+05:30,Midday,0,9919058606,8157084568,1342.66,1370.86,1342.66,1342.66,1342.66,13508.84,13521.54,13508.84,13508.84,13508.84,125,133,125,125,125,-28.2,0.0,0.0,0.0,-2.1001,0.0,0.0,0.0,0.0,28.2,0.0,0.0,0.0,0.0,2.1001,0.0,0.0,0.9254,1.0,1.0,1.0,1.0,0.9254,1.0,1.0,1.0
23,2026-01-15 09:00:00+00:00,2026-01-15 14:30:00+05:30,Midday,0,3714709032,10132690705,1596.38,1623.93,1595.73,1595.73,1595.73,15398.95,15415.64,15402.94,15402.94,15402.94,160,168,160,160,160,-27.55,0.65,0.65,0.65,-1.7256,0.0407,0.0407,0.0407,0.65,28.2,0.0,0.0,0.0,0.0407,1.767,0.0,0.0,0.9294,0.9876,0.9876,0.9876,0.9876,0.9408,1.0,1.0,1.0
24,2026-01-15 09:00:00+00:00,2026-01-15 14:30:00+05:30,Midday,0,3722532375,8127692776,1306.83,1301.39,1301.39,1301.39,1301.39,11360.31,11368.81,11368.81,11368.81,11368.81,98,108,108,108,108,5.44,5.44,5.44,5.44,0.4164,0.4164,0.4164,0.4164,5.44,0.0,0.0,0.0,0.0,0.4182,0.0,0.0,0.0,0.8899,0.8899,0.8899,0.8899,0.8899,1.0,1.0,1.0,1.0
25,2026-01-15 09:00:00+00:00,2026-01-15 14:30:00+05:30,Midday,0,10254604783,569909799,1566.89,1566.89,1566.89,1566.89,1566.89,15052.73,15052.73,15052.73,15052.73,15052.73,121,121,121,121,121,0.0,0.0,0.0,0.0,0.0,0.0,0.0,0.0,0.0,0.0,0.0,0.0,0.0,0.0,0.0,0.0,0.0,1.0,1.0,1.0,1.0,1.0,1.0,1.0,1.0,1.0
26,2026-01-15 09:00:00+00:00,2026-01-15 14:30:00+05:30,Midday,0,4713176922,4714939512,1262.59,1262.59,1262.59,1262.59,1262.59,9853.31,9853.31,9853.31,9853.31,9853.31,90,90,90,90,90,0.0,0.0,0.0,0.0,0.0,0.0,0.0,0.0,0.0,0.0,0.0,0.0,0.0,0.0,0.0,0.0,0.0,1.0,1.0,1.0,1.0,1.0,1.0,1.0,1.0,1.0
27,2026-01-15 09:00:00+00:00,2026-01-15 14:30:00+05:30,Midday,0,2365788091,10267000474,1181.76,1181.76,1181.76,1181.76,1181.76,8743.08,8743.08,8743.08,8743.08,8743.08,87,87,87,87,87,0.0,0.0,0.0,0.0,0.0,0.0,0.0,0.0,0.0,0.0,0.0,0.0,0.0,0.0,0.0,0.0,0.0,1.0,1.0,1.0,1.0,1.0,1.0,1.0,1.0,1.0
28,2026-01-15 09:00:00+00:00,2026-01-15 14:30:00+05:30,Midday,0,4478448738,6604714345,633.86,633.86,633.86,633.86,633.86,6530.06,6530.06,6530.06,6530.06,6530.06,53,53,53,53,53,0.0,0.0,0.0,0.0,0.0,0.0,0.0,0.0,0.0,0.0,0.0,0.0,0.0,0.0,0.0,0.0,0.0,1.0,1.0,1.0,1.0,1.0,1.0,1.0,1.0,1.0
29,2026-01-15 09:00:00+00:00,2026-01-15 14:30:00+05:30,Midday,0,4721825589,10132690705,1385.07,1412.61,1384.42,1384.42,1384.42,13336.4,13353.1,13340.4,13340.4,13340.4,133,141,133,133,133,-27.55,0.65,0.65,0.65,-1.9889,0.0469,0.0469,0.0469,0.65,28.2,0.0,0.0,0.0,0.0469,2.0368,0.0,0.0,0.9161,0.9851,0.9851,0.9851,0.9851,0.9296,1.0,1.0,1.0
30,2026-01-15 09:00:00+00:00,2026-01-15 14:30:00+05:30,Midday,0,8144960921,293466286,1162.04,1190.24,1162.04,1162.04,1162.04,9293.15,9305.85,9293.15,9293.15,9293.15,109,117,109,109,109,-28.2,0.0,0.0,0.0,-2.4265,0.0,0.0,0.0,0.0,28.2,0.0,0.0,0.0,0.0,2.4265,0.0,0.0,0.9153,1.0,1.0,1.0,1.0,0.9153,1.0,1.0,1.0
31,2026-01-15 09:00:00+00:00,2026-01-15 14:30:00+05:30,Midday,0,3714708555,4714694214,1009.52,1037.71,1009.52,1009.52,1009.52,8545.75,8558.45,8545.75,8545.75,8545.75,105,113,105,105,105,-28.2,0.0,0.0,0.0,-2.7932,0.0,0.0,0.0,0.0,28.2,0.0,0.0,0.0,0.0,2.7932,0.0,0.0,0.9123,1.0,1.0,1.0,1.0,0.9123,1.0,1.0,1.0
32,2026-01-15 09:00:00+00:00,2026-01-15 14:30:00+05:30,Midday,0,8156864973,2841381812,544.22,544.22,544.22,544.22,544.22,4756.18,4756.18,4756.18,4756.18,4756.18,48,48,48,48,48,0.0,0.0,0.0,0.0,0.0,0.0,0.0,0.0,0.0,0.0,0.0,0.0,0.0,0.0,0.0,0.0,0.0,1.0,1.0,1.0,1.0,1.0,1.0,1.0,1.0,1.0
33,2026-01-15 09:00:00+00:00,2026-01-15 14:30:00+05:30,Midday,0,293466245,3711673309,1656.25,1640.05,1640.05,1640.05,1640.05,14057.26,13357.42,13357.42,13357.42,13357.42,81,100,100,100,100,16.21,16.21,16.21,16.21,0.9785,0.9785,0.9785,0.9785,16.21,0.0,0.0,0.0,0.0,0.9882,0.0,0.0,0.0,0.5603,0.5603,0.5603,0.5603,0.5603,1.0,1.0,1.0,1.0
34,2026-01-15 09:00:00+00:00,2026-01-15 14:30:00+05:30,Midday,0,3717989697,3706277268,758.59,758.59,758.59,758.59,758.59,5247.29,5247.29,5247.29,5247.29,5247.29,49,49,49,49,49,0.0,0.0,0.0,0.0,0.0,0.0,0.0,0.0,0.0,0.0,0.0,0.0,0.0,0.0,0.0,0.0,0.0,1.0,1.0,1.0,1.0,1.0,1.0,1.0,1.0,1.0
35,2026-01-15 09:00:00+00:00,2026-01-15 14:30:00+05:30,Midday,0,4643407218,6010327769,1402.9,1402.9,1402.9,1402.9,1402.9,13994.27,13994.27,13994.27,13994.27,13994.27,87,87,87,87,87,0.0,0.0,0.0,0.0,0.0,0.0,0.0,0.0,0.0,0.0,0.0,0.0,0.0,0.0,0.0,0.0,0.0,1.0,1.0,1.0,1.0,1.0,1.0,1.0,1.0,1.0
36,2026-01-15 09:00:00+00:00,2026-01-15 14:30:00+05:30,Midday,0,2392383587,8151563209,875.39,875.39,875.39,875.39,875.39,10548.84,10548.84,10548.84,10548.84,10548.84,34,34,34,34,34,0.0,0.0,0.0,0.0,0.0,0.0,0.0,0.0,0.0,0.0,0.0,0.0,0.0,0.0,0.0,0.0,0.0,1.0,1.0,1.0,1.0,1.0,1.0,1.0,1.0,1.0
37,2026-01-15 09:00:00+00:00,2026-01-15 14:30:00+05:30,Midday,0,3725789278,1051669449,830.06,830.06,830.06,830.06,830.06,7204.89,7204.89,7204.89,7204.89,7204.89,51,51,51,51,51,0.0,0.0,0.0,0.0,0.0,0.0,0.0,0.0,0.0,0.0,0.0,0.0,0.0,0.0,0.0,0.0,0.0,1.0,1.0,1.0,1.0,1.0,1.0,1.0,1.0,1.0
38,2026-01-15 09:00:00+00:00,2026-01-15 14:30:00+05:30,Midday,0,9798857326,3714706440,1103.29,1097.85,1097.85,1097.85,1097.85,9239.2,9247.71,9247.71,9247.71,9247.71,89,99,99,99,99,5.44,5.44,5.44,5.44,0.4932,0.4932,0.4932,0.4932,5.44,0.0,0.0,0.0,0.0,0.4957,0.0,0.0,0.0,0.88,0.88,0.88,0.88,0.88,1.0,1.0,1.0,1.0
39,2026-01-15 09:00:00+00:00,2026-01-15 14:30:00+05:30,Midday,0,12194086396,3184375377,1053.19,1108.91,1052.54,1052.54,1052.54,9557.41,9222.37,9561.4,9561.4,9561.4,92,79,92,92,92,-55.72,0.65,0.65,0.65,-5.2904,0.0617,0.0617,0.0617,0.65,56.37,0.0,0.0,0.0,0.0617,5.3554,0.0,0.0,0.487,0.9785,0.9785,0.9785,0.9785,0.5,1.0,1.0,1.0
40,2026-01-15 09:00:00+00:00,2026-01-15 14:30:00+05:30,Midday,0,3724383608,6985772815,1438.09,1438.09,1438.09,1438.09,1438.09,9583.44,9583.44,9583.44,9583.44,9583.44,93,93,93,93,93,0.0,0.0,0.0,0.0,0.0,0.0,0.0,0.0,0.0,0.0,0.0,0.0,0.0,0.0,0.0,0.0,0.0,1.0,1.0,1.0,1.0,1.0,1.0,1.0,1.0,1.0
41,2026-01-15 09:00:00+00:00,2026-01-15 14:30:00+05:30,Midday,0,3724390367,569909799,1661.86,1661.86,1661.86,1661.86,1661.86,19733.88,19733.88,19733.88,19733.88,19733.88,49,49,49,49,49,0.0,0.0,0.0,0.0,0.0,0.0,0.0,0.0,0.0,0.0,0.0,0.0,0.0,0.0,0.0,0.0,0.0,1.0,1.0,1.0,1.0,1.0,1.0,1.0,1.0,1.0
42,2026-01-15 09:00:00+00:00,2026-01-15 14:30:00+05:30,Midday,0,9865971847,13108436169,1107.39,1107.39,1107.39,1107.39,1107.39,9746.17,9746.17,9746.17,9746.17,9746.17,64,64,64,64,64,0.0,0.0,0.0,0.0,0.0,0.0,0.0,0.0,0.0,0.0,0.0,0.0,0.0,0.0,0.0,0.0,0.0,1.0,1.0,1.0,1.0,1.0,1.0,1.0,1.0,1.0
43,2026-01-15 09:00:00+00:00,2026-01-15 14:30:00+05:30,Midday,0,3724390901,13957674836,1420.23,1419.58,1419.58,1419.58,1419.58,16038.72,16042.71,16042.71,16042.71,16042.71,83,83,83,83,83,0.65,0.65,0.65,0.65,0.0457,0.0457,0.0457,0.0457,0.65,0.0,0.0,0.0,0.0,0.0458,0.0,0.0,0.0,0.9762,0.9762,0.9762,0.9762,0.9762,1.0,1.0,1.0,1.0
44,2026-01-15 09:00:00+00:00,2026-01-15 14:30:00+05:30,Midday,0,6985772828,10091564873,763.43,763.43,763.43,763.43,763.43,5559.02,5559.02,5559.02,5559.02,5559.02,66,66,66,66,66,0.0,0.0,0.0,0.0,0.0,0.0,0.0,0.0,0.0,0.0,0.0,0.0,0.0,0.0,0.0,0.0,0.0,1.0,1.0,1.0,1.0,1.0,1.0,1.0,1.0,1.0
45,2026-01-15 09:00:00+00:00,2026-01-15 14:30:00+05:30,Midday,0,3716311743,6608882862,868.28,896.48,868.28,868.28,868.28,7544.65,7557.35,7544.65,7544.65,7544.65,77,85,77,77,77,-28.2,0.0,0.0,0.0,-3.2475,0.0,0.0,0.0,0.0,28.2,0.0,0.0,0.0,0.0,3.2475,0.0,0.0,0.8837,1.0,1.0,1.0,1.0,0.8837,1.0,1.0,1.0
46,2026-01-15 09:00:00+00:00,2026-01-15 14:30:00+05:30,Midday,0,3726941715,3724390734,1715.09,1715.09,1715.09,1715.09,1715.09,14335.44,14335.44,14335.44,14335.44,14335.44,131,131,131,131,131,0.0,0.0,0.0,0.0,0.0,0.0,0.0,0.0,0.0,0.0,0.0,0.0,0.0,0.0,0.0,0.0,0.0,1.0,1.0,1.0,1.0,1.0,1.0,1.0,1.0,1.0
47,2026-01-15 09:00:00+00:00,2026-01-15 14:30:00+05:30,Midday,0,2283167672,12201173657,640.18,640.18,640.18,640.18,640.18,6995.12,6995.12,6995.12,6995.12,6995.12,70,70,70,70,70,0.0,0.0,0.0,0.0,0.0,0.0,0.0,0.0,0.0,0.0,0.0,0.0,0.0,0.0,0.0,0.0,0.0,1.0,1.0,1.0,1.0,1.0,1.0,1.0,1.0,1.0
48,2026-01-15 09:00:00+00:00,2026-01-15 14:30:00+05:30,Midday,0,293453627,3706277194,440.4,440.4,440.4,440.4,440.4,2914.59,2914.59,2914.59,2914.59,2914.59,35,35,35,35,35,0.0,0.0,0.0,0.0,0.0,0.0,0.0,0.0,0.0,0.0,0.0,0.0,0.0,0.0,0.0,0.0,0.0,1.0,1.0,1.0,1.0,1.0,1.0,1.0,1.0,1.0
49,2026-01-15 09:00:00+00:00,2026-01-15 14:30:00+05:30,Midday,0,2443937217,4620986372,1040.4,1040.4,1040.4,1040.4,1040.4,10616.7,10616.7,10616.7,10616.7,10616.7,75,75,75,75,75,0.0,0.0,0.0,0.0,0.0,0.0,0.0,0.0,0.0,0.0,0.0,0.0,0.0,0.0,0.0,0.0,0.0,1.0,1.0,1.0,1.0,1.0,1.0,1.0,1.0,1.0
0,2026-01-15 11:00:00+00:00,2026-01-15 16:30:00+05:30,Midday,0,3722327026,2443921849,1245.98,1245.98,1330.89,1330.89,1245.98,10984.73,10984.73,10981.64,10981.64,10984.73,46,46,74,74,46,0.0,-84.9,-84.9,0.0,0.0,-6.8142,-6.8142,0.0,0.0,0.0,84.9,84.9,0.0,0.0,0.0,6.8142,6.8142,1.0,0.6,0.6,1.0,1.0,1.0,0.6,0.6,1.0
1,2026-01-15 11:00:00+00:00,2026-01-15 16:30:00+05:30,Midday,0,2283167591,293464723,681.69,681.46,685.61,685.61,666.31,5493.14,5482.36,5284.54,5284.54,5505.84,66,61,61,61,74,0.23,-3.92,-3.92,15.39,0.0338,-0.5745,-0.5745,2.2572,15.39,15.16,19.3,19.3,0.0,2.3093,2.2747,2.8971,2.8971,0.233,0.1759,0.1759,0.8667,0.8667,0.2162,0.1638,0.1638,1.0
2,2026-01-15 11:00:00+00:00,2026-01-15 16:30:00+05:30,Midday,0,3727013594,2392383587,1530.54,1530.54,1615.44,1615.44,1530.54,14324.92,14324.92,14321.82,14321.82,14324.92,91,91,119,119,91,0.0,-84.9,-84.9,0.0,0.0,-5.5473,-5.5473,0.0,0.0,0.0,84.9,84.9,0.0,0.0,0.0,5.5473,5.5473,1.0,0.75,0.75,1.0,1.0,1.0,0.75,0.75,1.0
3,2026-01-15 11:00:00+00:00,2026-01-15 16:30:00+05:30,Midday,0,8144958910,5875519688,841.32,833.57,825.83,825.83,825.83,6210.28,6940.12,6792.17,6792.17,6792.17,75,89,89,89,89,7.75,15.49,15.49,15.49,0.9208,1.8412,1.8412,1.8412,15.49,7.74,0.0,0.0,0.0,1.8758,0.9376,0.0,0.0,0.3782,0.2913,0.2913,0.2913,0.2913,0.78,1.0,1.0,1.0
4,2026-01-15 11:00:00+00:00,2026-01-15 16:30:00+05:30,Midday,0,8167025447,8166852655,661.47,634.62,634.62,634.62,634.62,6039.21,6286.44,6286.44,6286.44,6286.44,47,48,48,48,48,26.85,26.85,26.85,26.85,4.0591,4.0591,4.0591,4.0591,26.85,0.0,0.0,0.0,0.0,4.2308,0.0,0.0,0.0,0.3014,0.3014,0.3014,0.3014,0.3014,1.0,1.0,1.0,1.0
5,2026-01-15 11:00:00+00:00,2026-01-15 16:30:00+05:30,Midday,0,3725763498,293464962,1108.29,1082.15,1082.15,1082.15,1082.15,9478.38,9044.76,9044.76,9044.76,9044.76,81,76,76,76,76,26.14,26.14,26.14,26.14,2.3583,2.3583,2.3583,2.3583,26.14,0.0,0.0,0.0,0.0,2.4153,0.0,0.0,0.0,0.764,0.764,0.764,0.764,0.764,1.0,1.0,1.0,1.0
6,2026-01-15 11:00:00+00:00,2026-01-15 16:30:00+05:30,Midday,0,2841381812,8182316367,433.37,433.37,433.37,433.37,433.37,3063.87,3063.87,3063.87,3063.87,3063.87,14,14,14,14,14,0.0,0.0,0.0,0.0,0.0,0.0,0.0,0.0,0.0,0.0,0.0,0.0,0.0,0.0,0.0,0.0,0.0,1.0,1.0,1.0,1.0,1.0,1.0,1.0,1.0,1.0
7,2026-01-15 11:00:00+00:00,2026-01-15 16:30:00+05:30,Midday,0,8124118501,293464897,852.93,852.93,852.93,852.93,852.93,6077.63,6077.63,6077.63,6077.63,6077.63,58,58,58,58,58,0.0,0.0,0.0,0.0,0.0,0.0,0.0,0.0,0.0,0.0,0.0,0.0,0.0,0.0,0.0,0.0,0.0,1.0,1.0,1.0,1.0,1.0,1.0,1.0,1.0,1.0
8,2026-01-15 11:00:00+00:00,2026-01-15 16:30:00+05:30,Midday,0,3725657841,6986305647,793.4,793.4,793.4,793.4,793.4,5781.75,5781.75,5781.75,5781.75,5781.75,39,39,39,39,39,0.0,0.0,0.0,0.0,0.0,0.0,0.0,0.0,0.0,0.0,0.0,0.0,0.0,0.0,0.0,0.0,0.0,1.0,1.0,1.0,1.0,1.0,1.0,1.0,1.0,1.0
9,2026-01-15 11:00:00+00:00,2026-01-15 16:30:00+05:30,Midday,0,3725560599,2443937252,1527.07,1527.07,1611.97,1611.97,1527.07,14314.96,14314.96,14311.86,14311.86,14314.96,65,65,93,93,65,0.0,-84.9,-84.9,0.0,0.0,-5.5599,-5.5599,0.0,0.0,0.0,84.9,84.9,0.0,0.0,0.0,5.5599,5.5599,1.0,0.6809,0.6809,1.0,1.0,1.0,0.6809,0.6809,1.0
10,2026-01-15 11:00:00+00:00,2026-01-15 16:30:00+05:30,Midday,0,3706277194,1812432274,662.03,662.03,662.03,662.03,662.03,4881.93,4881.93,4881.93,4881.93,4881.93,46,46,46,46,46,0.0,0.0,0.0,0.0,0.0,0.0,0.0,0.0,0.0,0.0,0.0,0.0,0.0,0.0,0.0,0.0,0.0,1.0,1.0,1.0,1.0,1.0,1.0,1.0,1.0,1.0
11,2026-01-15 11:00:00+00:00,2026-01-15 16:30:00+05:30,Midday,0,4620986372,12194086396,609.27,609.27,609.27,609.27,609.27,4864.5,4864.5,4864.5,4864.5,4864.5,34,34,34,34,34,0.0,0.0,0.0,0.0,0.0,0.0,0.0,0.0,0.0,0.0,0.0,0.0,0.0,0.0,0.0,0.0,0.0,1.0,1.0,1.0,1.0,1.0,1.0,1.0,1.0,1.0
12,2026-01-15 11:00:00+00:00,2026-01-15 16:30:00+05:30,Midday,0,8151182352,4963335999,547.87,547.87,547.87,547.87,547.87,4720.87,4720.87,4720.87,4720.87,4720.87,36,36,36,36,36,0.0,0.0,0.0,0.0,0.0,0.0,0.0,0.0,0.0,0.0,0.0,0.0,0.0,0.0,0.0,0.0,0.0,1.0,1.0,1.0,1.0,1.0,1.0,1.0,1.0,1.0
13,2026-01-15 11:00:00+00:00,2026-01-15 16:30:00+05:30,Midday,0,293458413,8154498107,440.52,440.52,440.52,440.52,440.52,3538.38,3538.38,3538.38,3538.38,3538.38,28,28,28,28,28,0.0,0.0,0.0,0.0,0.0,0.0,0.0,0.0,0.0,0.0,0.0,0.0,0.0,0.0,0.0,0.0,0.0,1.0,1.0,1.0,1.0,1.0,1.0,1.0,1.0,1.0
14,2026-01-15 11:00:00+00:00,2026-01-15 16:30:00+05:30,Midday,0,2962277961,6604456762,886.56,885.91,885.91,885.91,885.91,7941.95,7945.94,7945.94,7945.94,7945.94,70,70,70,70,70,0.65,0.65,0.65,0.65,0.0733,0.0733,0.0733,0.0733,0.65,0.0,0.0,0.0,0.0,0.0733,0.0,0.0,0.0,0.9718,0.9718,0.9718,0.9718,0.9718,1.0,1.0,1.0,1.0
15,2026-01-15 11:00:00+00:00,2026-01-15 16:30:00+05:30,Midday,0,2277412755,8146129661,1978.68,1982.26,1974.67,1974.67,1974.67,18194.35,18361.61,18203.44,18203.44,18203.44,106,126,113,113,113,-3.59,4.01,4.01,4.01,-0.1812,0.2026,0.2026,0.2026,4.01,7.59,0.0,0.0,0.0,0.203,0.3846,0.0,0.0,0.6,0.9043,0.9043,0.9043,0.9043,0.5724,1.0,1.0,1.0
16,2026-01-15 11:00:00+00:00,2026-01-15 16:30:00+05:30,Midday,0,8153425846,3722327558,786.69,785.69,782.33,782.33,782.33,6194.49,6199.69,6204.78,6204.78,6204.78,53,49,56,56,56,1.0,4.36,4.36,4.36,0.1267,0.5536,0.5536,0.5536,4.36,3.36,0.0,0.0,0.0,0.5567,0.4293,0.0,0.0,0.4571,0.473,0.473,0.473,0.473,0.8421,1.0,1.0,1.0
17,2026-01-15 11:00:00+00:00,2026-01-15 16:30:00+05:30,Midday,0,4720174514,3725763954,1351.2,1318.72,1318.72,1318.72,1318.72,11155.8,11345.49,11345.49,11345.49,11345.49,100,98,98,98,98,32.49,32.49,32.49,32.49,2.4044,2.4044,2.4044,2.4044,32.49,0.0,0.0,0.0,0.0,2.4637,0.0,0.0,0.0,0.3289,0.3289,0.3289,0.3289,0.3289,1.0,1.0,1.0,1.0
18,2026-01-15 11:00:00+00:00,2026-01-15 16:30:00+05:30,Midday,0,13108436171,4714939571,1228.82,1228.82,1228.82,1228.82,1228.82,11544.53,11544.53,11544.53,11544.53,11544.53,106,106,106,106,106,0.0,0.0,0.0,0.0,0.0,0.0,0.0,0.0,0.0,0.0,0.0,0.0,0.0,0.0,0.0,0.0,0.0,1.0,1.0,1.0,1.0,1.0,1.0,1.0,1.0,1.0
19,2026-01-15 11:00:00+00:00,2026-01-15 16:30:00+05:30,Midday,0,3725764138,8166852625,1098.84,1100.83,1098.84,1098.84,1085.23,8876.62,8878.94,8876.62,8876.62,8979.76,69,69,69,69,84,-1.99,0.0,0.0,13.62,-0.1813,0.0,0.0,1.2392,13.62,15.61,13.62,13.62,0.0,1.2547,1.4383,1.2547,1.2547,0.7468,1.0,1.0,0.5455,0.5455,0.6452,0.5455,0.5455,1.0
20,2026-01-15 11:00:00+00:00,2026-01-15 16:30:00+05:30,Midday,0,3719620426,8142092830,680.14,680.14,680.14,680.14,680.14,6520.7,6520.7,6520.7,6520.7,6520.7,70,70,70,70,70,0.0,0.0,0.0,0.0,0.0,0.0,0.0,0.0,0.0,0.0,0.0,0.0,0.0,0.0,0.0,0.0,0.0,1.0,1.0,1.0,1.0,1.0,1.0,1.0,1.0,1.0
21,2026-01-15 11:00:00+00:00,2026-01-15 16:30:00+05:30,Midday,0,8133384806,9833884593,600.97,600.97,600.97,600.97,600.97,5583.79,5583.79,5583.79,5583.79,5583.79,66,66,66,66,66,0.0,0.0,0.0,0.0,0.0,0.0,0.0,0.0,0.0,0.0,0.0,0.0,0.0,0.0,0.0,0.0,0.0,1.0,1.0,1.0,1.0,1.0,1.0,1.0,1.0,1.0
22,2026-01-15 11:00:00+00:00,2026-01-15 16:30:00+05:30,Midday,0,9919058606,8157084568,1468.21,1468.21,1468.21,1468.21,1452.83,13508.84,13508.84,13508.84,13508.84,13521.54,125,125,125,125,133,0.0,0.0,0.0,15.39,0.0,0.0,0.0,1.048,15.39,15.39,15.39,15.39,0.0,1.0591,1.0591,1.0591,1.0591,1.0,1.0,1.0,0.9254,0.9254,0.9254,0.9254,0.9254,1.0
23,2026-01-15 11:00:00+00:00,2026-01-15 16:30:00+05:30,Midday,0,3714709032,10132690705,1741.44,1740.8,1740.8,1740.8,1725.41,15398.95,15402.94,15402.94,15402.94,15415.64,160,160,160,160,168,0.65,0.65,0.65,16.04,0.0373,0.0373,0.0373,0.9209,16.04,15.39,15.39,15.39,0.0,0.9294,0.8918,0.8918,0.8918,0.9876,0.9876,0.9876,0.9294,0.9294,0.9408,0.9408,0.9408,1.0
24,2026-01-15 11:00:00+00:00,2026-01-15 16:30:00+05:30,Midday,0,3722532375,8127692776,1403.74,1419.6,1400.01,1400.01,1400.01,11360.31,11292.57,11368.81,11368.81,11368.81,98,115,108,108,108,-15.86,3.73,3.73,3.73,-1.1296,0.2659,0.2659,0.2659,3.73,19.59,0.0,0.0,0.0,0.2666,1.3992,0.0,0.0,0.7603,0.8899,0.8899,0.8899,0.8899,0.8583,1.0,1.0,1.0
25,2026-01-15 11:00:00+00:00,2026-01-15 16:30:00+05:30,Midday,0,10254604783,569909799,1629.03,1629.03,1629.03,1629.03,1626.78,15052.73,15052.73,15052.73,15052.73,15080.94,121,121,121,121,124,0.0,0.0,0.0,2.25,0.0,0.0,0.0,0.1384,2.25,2.25,2.25,2.25,0.0,0.1386,0.1386,0.1386,0.1386,1.0,1.0,1.0,0.96,0.96,0.96,0.96,0.96,1.0
26,2026-01-15 11:00:00+00:00,2026-01-15 16:30:00+05:30,Midday,0,4713176922,4714939512,1303.24,1303.24,1303.24,1303.24,1303.24,9853.31,9853.31,9853.31,9853.31,9853.31,90,90,90,90,90,0.0,0.0,0.0,0.0,0.0,0.0,0.0,0.0,0.0,0.0,0.0,0.0,0.0,0.0,0.0,0.0,0.0,1.0,1.0,1.0,1.0,1.0,1.0,1.0,1.0,1.0
27,2026-01-15 11:00:00+00:00,2026-01-15 16:30:00+05:30,Midday,0,2365788091,10267000474,1196.82,1196.82,1196.82,1196.82,1196.82,8743.08,8743.08,8743.08,8743.08,8743.08,87,87,87,87,87,0.0,0.0,0.0,0.0,0.0,0.0,0.0,0.0,0.0,0.0,0.0,0.0,0.0,0.0,0.0,0.0,0.0,1.0,1.0,1.0,1.0,1.0,1.0,1.0,1.0,1.0
28,2026-01-15 11:00:00+00:00,2026-01-15 16:30:00+05:30,Midday,0,4478448738,6604714345,688.34,688.34,688.34,688.34,688.34,6530.06,6530.06,6530.06,6530.06,6530.06,53,53,53,53,53,0.0,0.0,0.0,0.0,0.0,0.0,0.0,0.0,0.0,0.0,0.0,0.0,0.0,0.0,0.0,0.0,0.0,1.0,1.0,1.0,1.0,1.0,1.0,1.0,1.0,1.0
29,2026-01-15 11:00:00+00:00,2026-01-15 16:30:00+05:30,Midday,0,4721825589,10132690705,1514.07,1513.42,1513.42,1513.42,1498.03,13336.4,13340.4,13340.4,13340.4,13353.1,133,133,133,133,141,0.65,0.65,0.65,16.04,0.0429,0.0429,0.0429,1.0592,16.04,15.39,15.39,15.39,0.0,1.0705,1.0272,1.0272,1.0272,0.9851,0.9851,0.9851,0.9161,0.9161,0.9296,0.9296,0.9296,1.0
30,2026-01-15 11:00:00+00:00,2026-01-15 16:30:00+05:30,Midday,0,8144960921,293466286,1122.37,1122.37,1122.37,1122.37,1106.99,9293.15,9293.15,9293.15,9293.15,9305.85,109,109,109,109,117,0.0,0.0,0.0,15.39,0.0,0.0,0.0,1.3709,15.39,15.39,15.39,15.39,0.0,1.39,1.39,1.39,1.39,1.0,1.0,1.0,0.9153,0.9153,0.9153,0.9153,0.9153,1.0
31,2026-01-15 11:00:00+00:00,2026-01-15 16:30:00+05:30,Midday,0,3714708555,4714694214,1084.33,1084.33,1084.33,1084.33,1068.94,8545.75,8545.75,8545.75,8545.75,8558.45,105,105,105,105,113,0.0,0.0,0.0,15.39,0.0,0.0,0.0,1.419,15.39,15.39,15.39,15.39,0.0,1.4395,1.4395,1.4395,1.4395,1.0,1.0,1.0,0.9123,0.9123,0.9123,0.9123,0.9123,1.0
32,2026-01-15 11:00:00+00:00,2026-01-15 16:30:00+05:30,Midday,0,8156864973,2841381812,597.27,597.27,597.27,597.27,597.27,4756.18,4756.18,4756.18,4756.18,4756.18,48,48,48,48,48,0.0,0.0,0.0,0.0,0.0,0.0,0.0,0.0,0.0,0.0,0.0,0.0,0.0,0.0,0.0,0.0,0.0,1.0,1.0,1.0,1.0,1.0,1.0,1.0,1.0,1.0
33,2026-01-15 11:00:00+00:00,2026-01-15 16:30:00+05:30,Midday,0,293466245,3711673309,1667.98,1645.91,1730.81,1730.81,1645.91,14057.26,13357.42,13354.32,13354.32,13357.42,81,100,128,128,100,22.08,-62.83,-62.83,22.08,1.3235,-3.7668,-3.7668,1.3235,22.08,0.0,84.9,84.9,0.0,1.3412,0.0,5.1585,5.1585,0.5603,0.4414,0.4414,0.5603,0.5603,1.0,0.7674,0.7674,1.0
34,2026-01-15 11:00:00+00:00,2026-01-15 16:30:00+05:30,Midday,0,3717989697,3706277268,771.31,771.31,771.31,771.31,771.31,5247.29,5247.29,5247.29,5247.29,5247.29,49,49,49,49,49,0.0,0.0,0.0,0.0,0.0,0.0,0.0,0.0,0.0,0.0,0.0,0.0,0.0,0.0,0.0,0.0,0.0,1.0,1.0,1.0,1.0,1.0,1.0,1.0,1.0,1.0
35,2026-01-15 11:00:00+00:00,2026-01-15 16:30:00+05:30,Midday,0,4643407218,6010327769,1498.81,1498.81,1498.81,1498.81,1498.81,13994.27,13994.27,13994.27,13994.27,13994.27,87,87,87,87,87,0.0,0.0,0.0,0.0,0.0,0.0,0.0,0.0,0.0,0.0,0.0,0.0,0.0,0.0,0.0,0.0,0.0,1.0,1.0,1.0,1.0,1.0,1.0,1.0,1.0,1.0
36,2026-01-15 11:00:00+00:00,2026-01-15 16:30:00+05:30,Midday,0,2392383587,8151563209,896.73,896.73,896.73,896.73,896.73,10548.84,10548.84,10548.84,10548.84,10548.84,34,34,34,34,34,0.0,0.0,0.0,0.0,0.0,0.0,0.0,0.0,0.0,0.0,0.0,0.0,0.0,0.0,0.0,0.0,0.0,1.0,1.0,1.0,1.0,1.0,1.0,1.0,1.0,1.0
37,2026-01-15 11:00:00+00:00,2026-01-15 16:30:00+05:30,Midday,0,3725789278,1051669449,971.56,971.56,971.56,971.56,971.56,7204.89,7204.89,7204.89,7204.89,7204.89,51,51,51,51,51,0.0,0.0,0.0,0.0,0.0,0.0,0.0,0.0,0.0,0.0,0.0,0.0,0.0,0.0,0.0,0.0,0.0,1.0,1.0,1.0,1.0,1.0,1.0,1.0,1.0,1.0
38,2026-01-15 11:00:00+00:00,2026-01-15 16:30:00+05:30,Midday,0,9798857326,3714706440,1179.69,1175.96,1175.96,1175.96,1175.96,9239.2,9247.71,9247.71,9247.71,9247.71,89,99,99,99,99,3.73,3.73,3.73,3.73,0.3164,0.3164,0.3164,0.3164,3.73,0.0,0.0,0.0,0.0,0.3174,0.0,0.0,0.0,0.88,0.88,0.88,0.88,0.88,1.0,1.0,1.0,1.0
39,2026-01-15 11:00:00+00:00,2026-01-15 16:30:00+05:30,Midday,0,12194086396,3184375377,1123.69,1123.04,1134.14,1134.14,1123.04,9557.41,9561.4,9222.37,9222.37,9561.4,92,92,79,79,92,0.65,-10.46,-10.46,0.65,0.0578,-0.9306,-0.9306,0.0578,0.65,0.0,11.11,11.11,0.0,0.0578,0.0,0.989,0.989,0.9785,0.487,0.487,0.9785,0.9785,1.0,0.5,0.5,1.0
40,2026-01-15 11:00:00+00:00,2026-01-15 16:30:00+05:30,Midday,0,3724383608,6985772815,1445.13,1445.13,1445.13,1445.13,1445.13,9583.44,9583.44,9583.44,9583.44,9583.44,93,93,93,93,93,0.0,0.0,0.0,0.0,0.0,0.0,0.0,0.0,0.0,0.0,0.0,0.0,0.0,0.0,0.0,0.0,0.0,1.0,1.0,1.0,1.0,1.0,1.0,1.0,1.0,1.0
41,2026-01-15 11:00:00+00:00,2026-01-15 16:30:00+05:30,Midday,0,3724390367,569909799,1652.07,1652.07,1652.07,1652.07,1649.82,19733.88,19733.88,19733.88,19733.88,19762.09,49,49,49,49,52,0.0,0.0,0.0,2.25,0.0,0.0,0.0,0.1365,2.25,2.25,2.25,2.25,0.0,0.1366,0.1366,0.1366,0.1366,1.0,1.0,1.0,0.9057,0.9057,0.9057,0.9057,0.9057,1.0
42,2026-01-15 11:00:00+00:00,2026-01-15 16:30:00+05:30,Midday,0,9865971847,13108436169,1158.25,1158.25,1158.25,1158.25,1158.25,9746.17,9746.17,9746.17,9746.17,9746.17,64,64,64,64,64,0.0,0.0,0.0,0.0,0.0,0.0,0.0,0.0,0.0,0.0,0.0,0.0,0.0,0.0,0.0,0.0,0.0,1.0,1.0,1.0,1.0,1.0,1.0,1.0,1.0,1.0
43,2026-01-15 11:00:00+00:00,2026-01-15 16:30:00+05:30,Midday,0,3724390901,13957674836,1447.26,1446.61,1446.61,1446.61,1446.61,16038.72,16042.71,16042.71,16042.71,16042.71,83,83,83,83,83,0.65,0.65,0.65,0.65,0.0449,0.0449,0.0449,0.0449,0.65,0.0,0.0,0.0,0.0,0.0449,0.0,0.0,0.0,0.9762,0.9762,0.9762,0.9762,0.9762,1.0,1.0,1.0,1.0
44,2026-01-15 11:00:00+00:00,2026-01-15 16:30:00+05:30,Midday,0,6985772828,10091564873,811.15,811.15,811.15,811.15,811.15,5559.02,5559.02,5559.02,5559.02,5559.02,66,66,66,66,66,0.0,0.0,0.0,0.0,0.0,0.0,0.0,0.0,0.0,0.0,0.0,0.0,0.0,0.0,0.0,0.0,0.0,1.0,1.0,1.0,1.0,1.0,1.0,1.0,1.0,1.0
45,2026-01-15 11:00:00+00:00,2026-01-15 16:30:00+05:30,Midday,0,3716311743,6608882862,940.03,940.03,940.03,940.03,924.64,7544.65,7544.65,7544.65,7544.65,7557.35,77,77,77,77,85,0.0,0.0,0.0,15.39,0.0,0.0,0.0,1.6369,15.39,15.39,15.39,15.39,0.0,1.6641,1.6641,1.6641,1.6641,1.0,1.0,1.0,0.8837,0.8837,0.8837,0.8837,0.8837,1.0
46,2026-01-15 11:00:00+00:00,2026-01-15 16:30:00+05:30,Midday,0,3726941715,3724390734,1810.9,1810.9,1806.57,1806.57,1806.57,14335.44,14335.44,13472.56,13472.56,13472.56,131,131,147,147,147,0.0,4.34,4.34,4.34,0.0,0.2395,0.2395,0.2395,4.34,4.34,0.0,0.0,0.0,0.24,0.24,0.0,0.0,1.0,0.5109,0.5109,0.5109,0.5109,0.5109,1.0,1.0,1.0
47,2026-01-15 11:00:00+00:00,2026-01-15 16:30:00+05:30,Midday,0,2283167672,12201173657,745.67,745.67,745.67,745.67,745.67,6995.12,6995.12,6995.12,6995.12,6995.12,70,70,70,70,70,0.0,0.0,0.0,0.0,0.0,0.0,0.0,0.0,0.0,0.0,0.0,0.0,0.0,0.0,0.0,0.0,0.0,1.0,1.0,1.0,1.0,1.0,1.0,1.0,1.0,1.0
48,2026-01-15 11:00:00+00:00,2026-01-15 16:30:00+05:30,Midday,0,293453627,3706277194,440.4,440.4,440.4,440.4,440.4,2914.59,2914.59,2914.59,2914.59,2914.59,35,35,35,35,35,0.0,0.0,0.0,0.0,0.0,0.0,0.0,0.0,0.0,0.0,0.0,0.0,0.0,0.0,0.0,0.0,0.0,1.0,1.0,1.0,1.0,1.0,1.0,1.0,1.0,1.0
49,2026-01-15 11:00:00+00:00,2026-01-15 16:30:00+05:30,Midday,0,2443937217,4620986372,1027.49,1027.49,1027.49,1027.49,1027.49,10616.7,10616.7,10616.7,10616.7,10616.7,75,75,75,75,75,0.0,0.0,0.0,0.0,0.0,0.0,0.0,0.0,0.0,0.0,0.0,0.0,0.0,0.0,0.0,0.0,0.0,1.0,1.0,1.0,1.0,1.0,1.0,1.0,1.0,1.0
0,2026-01-15 12:00:00+00:00,2026-01-15 17:30:00+05:30,Evening Peak,1,3722327026,2443921849,1378.4,1378.4,1369.7,1369.7,1366.76,10984.73,10984.73,10981.64,10981.64,11083.83,46,46,74,74,76,0.0,8.69,8.69,11.63,0.0,0.6305,0.6305,0.844,11.63,11.63,2.94,2.94,0.0,0.8512,0.8512,0.2153,0.2153,1.0,0.6,0.6,0.5062,0.5062,0.5062,0.875,0.875,1.0
1,2026-01-15 12:00:00+00:00,2026-01-15 17:30:00+05:30,Evening Peak,1,2283167591,293464723,791.91,794.18,746.24,746.24,746.24,5493.14,5505.84,5284.54,5284.54,5284.54,66,74,61,61,61,-2.27,45.67,45.67,45.67,-0.2871,5.7669,5.7669,5.7669,45.67,47.94,0.0,0.0,0.0,6.1198,6.4244,0.0,0.0,0.8667,0.1759,0.1759,0.1759,0.1759,0.1638,1.0,1.0,1.0
2,2026-01-15 12:00:00+00:00,2026-01-15 17:30:00+05:30,Evening Peak,1,3727013594,2392383587,1695.25,1695.25,1686.56,1686.56,1686.56,14324.92,14324.92,14321.82,14321.82,14321.82,91,91,119,119,119,0.0,8.69,8.69,8.69,0.0,0.5127,0.5127,0.5127,8.69,8.69,0.0,0.0,0.0,0.5153,0.5153,0.0,0.0,1.0,0.75,0.75,0.75,0.75,0.75,1.0,1.0,1.0
3,2026-01-15 12:00:00+00:00,2026-01-15 17:30:00+05:30,Evening Peak,1,8144958910,5875519688,940.48,866.98,866.98,866.98,866.98,6210.28,6792.17,6792.17,6792.17,6792.17,75,89,89,89,89,73.5,73.5,73.5,73.5,7.8147,7.8147,7.8147,7.8147,73.5,0.0,0.0,0.0,0.0,8.4772,0.0,0.0,0.0,0.2913,0.2913,0.2913,0.2913,0.2913,1.0,1.0,1.0,1.0
4,2026-01-15 12:00:00+00:00,2026-01-15 17:30:00+05:30,Evening Peak,1,8167025447,8166852655,667.55,667.0,662.45,667.0,662.45,6039.21,6286.44,5963.5,6286.44,5963.5,47,48,55,48,55,0.55,5.1,0.55,5.1,0.0818,0.7643,0.0818,0.7643,5.1,4.56,0.0,4.56,0.0,0.7702,0.6878,0.0,0.6878,0.3014,0.619,0.3014,0.619,0.619,0.2561,1.0,0.2561,1.0
5,2026-01-15 12:00:00+00:00,2026-01-15 17:30:00+05:30,Evening Peak,1,3725763498,293464962,1213.01,1176.51,1183.98,1176.51,1176.51,9478.38,9044.76,8961.94,9044.76,9044.76,81,76,77,76,76,36.51,29.03,36.51,36.51,3.0097,2.3934,3.0097,3.0097,36.51,0.0,7.48,0.0,0.0,3.1031,0.0,0.6354,0.0,0.764,0.6632,0.764,0.764,0.764,1.0,0.8659,1.0,1.0
6,2026-01-15 12:00:00+00:00,2026-01-15 17:30:00+05:30,Evening Peak,1,2841381812,8182316367,433.37,433.37,433.37,433.37,433.37,3063.87,3063.87,3063.87,3063.87,3063.87,14,14,14,14,14,0.0,0.0,0.0,0.0,0.0,0.0,0.0,0.0,0.0,0.0,0.0,0.0,0.0,0.0,0.0,0.0,0.0,1.0,1.0,1.0,1.0,1.0,1.0,1.0,1.0,1.0
7,2026-01-15 12:00:00+00:00,2026-01-15 17:30:00+05:30,Evening Peak,1,8124118501,293464897,909.94,909.94,909.94,909.94,909.94,6077.63,6077.63,6077.63,6077.63,6077.63,58,58,58,58,58,0.0,0.0,0.0,0.0,0.0,0.0,0.0,0.0,0.0,0.0,0.0,0.0,0.0,0.0,0.0,0.0,0.0,1.0,1.0,1.0,1.0,1.0,1.0,1.0,1.0,1.0
8,2026-01-15 12:00:00+00:00,2026-01-15 17:30:00+05:30,Evening Peak,1,3725657841,6986305647,849.2,849.2,849.2,849.2,849.2,5781.75,5781.75,5781.75,5781.75,5781.75,39,39,39,39,39,0.0,0.0,0.0,0.0,0.0,0.0,0.0,0.0,0.0,0.0,0.0,0.0,0.0,0.0,0.0,0.0,0.0,1.0,1.0,1.0,1.0,1.0,1.0,1.0,1.0,1.0
9,2026-01-15 12:00:00+00:00,2026-01-15 17:30:00+05:30,Evening Peak,1,3725560599,2443937252,1640.43,1640.43,1631.74,1631.74,1631.74,14314.96,14314.96,14311.86,14311.86,14311.86,65,65,93,93,93,0.0,8.69,8.69,8.69,0.0,0.5298,0.5298,0.5298,8.69,8.69,0.0,0.0,0.0,0.5326,0.5326,0.0,0.0,1.0,0.6809,0.6809,0.6809,0.6809,0.6809,1.0,1.0,1.0
10,2026-01-15 12:00:00+00:00,2026-01-15 17:30:00+05:30,Evening Peak,1,3706277194,1812432274,715.54,715.54,715.54,715.54,715.54,4881.93,4881.93,4881.93,4881.93,4881.93,46,46,46,46,46,0.0,0.0,0.0,0.0,0.0,0.0,0.0,0.0,0.0,0.0,0.0,0.0,0.0,0.0,0.0,0.0,0.0,1.0,1.0,1.0,1.0,1.0,1.0,1.0,1.0,1.0
11,2026-01-15 12:00:00+00:00,2026-01-15 17:30:00+05:30,Evening Peak,1,4620986372,12194086396,632.89,632.89,632.89,632.89,632.89,4864.5,4864.5,4864.5,4864.5,4864.5,34,34,34,34,34,0.0,0.0,0.0,0.0,0.0,0.0,0.0,0.0,0.0,0.0,0.0,0.0,0.0,0.0,0.0,0.0,0.0,1.0,1.0,1.0,1.0,1.0,1.0,1.0,1.0,1.0
12,2026-01-15 12:00:00+00:00,2026-01-15 17:30:00+05:30,Evening Peak,1,8151182352,4963335999,587.68,587.68,587.68,587.68,587.68,4720.87,4720.87,4720.87,4720.87,4720.87,36,36,36,36,36,0.0,0.0,0.0,0.0,0.0,0.0,0.0,0.0,0.0,0.0,0.0,0.0,0.0,0.0,0.0,0.0,0.0,1.0,1.0,1.0,1.0,1.0,1.0,1.0,1.0,1.0
13,2026-01-15 12:00:00+00:00,2026-01-15 17:30:00+05:30,Evening Peak,1,293458413,8154498107,470.41,470.41,470.41,470.41,470.41,3538.38,3538.38,3538.38,3538.38,3538.38,28,28,28,28,28,0.0,0.0,0.0,0.0,0.0,0.0,0.0,0.0,0.0,0.0,0.0,0.0,0.0,0.0,0.0,0.0,0.0,1.0,1.0,1.0,1.0,1.0,1.0,1.0,1.0,1.0
14,2026-01-15 12:00:00+00:00,2026-01-15 17:30:00+05:30,Evening Peak,1,2962277961,6604456762,927.17,924.08,924.08,924.08,924.08,7941.95,7945.94,7945.94,7945.94,7945.94,70,70,70,70,70,3.09,3.09,3.09,3.09,0.3328,0.3328,0.3328,0.3328,3.09,0.0,0.0,0.0,0.0,0.334,0.0,0.0,0.0,0.9718,0.9718,0.9718,0.9718,0.9718,1.0,1.0,1.0,1.0
15,2026-01-15 12:00:00+00:00,2026-01-15 17:30:00+05:30,Evening Peak,1,2277412755,8146129661,2003.61,1997.17,1997.17,1997.17,1997.17,18194.35,18203.44,18203.44,18203.44,18203.44,106,113,113,113,113,6.44,6.44,6.44,6.44,0.3217,0.3217,0.3217,0.3217,6.44,0.0,0.0,0.0,0.0,0.3227,0.0,0.0,0.0,0.9043,0.9043,0.9043,0.9043,0.9043,1.0,1.0,1.0,1.0
16,2026-01-15 12:00:00+00:00,2026-01-15 17:30:00+05:30,Evening Peak,1,8153425846,3722327558,787.08,782.49,782.49,782.49,782.49,6194.49,6204.78,6204.78,6204.78,6204.78,53,56,56,56,56,4.6,4.6,4.6,4.6,0.5841,0.5841,0.5841,0.5841,4.6,0.0,0.0,0.0,0.0,0.5876,0.0,0.0,0.0,0.473,0.473,0.473,0.473,0.473,1.0,1.0,1.0,1.0
17,2026-01-15 12:00:00+00:00,2026-01-15 17:30:00+05:30,Evening Peak,1,4720174514,3725763954,1433.75,1386.78,1386.78,1386.78,1383.84,11155.8,11345.49,11345.49,11345.49,11447.68,100,98,98,98,100,46.97,46.97,46.97,49.91,3.2761,3.2761,3.2761,3.4813,49.91,2.94,2.94,2.94,0.0,3.6069,0.2126,0.2126,0.2126,0.3289,0.3289,0.3289,0.3245,0.3245,0.9038,0.9038,0.9038,1.0
18,2026-01-15 12:00:00+00:00,2026-01-15 17:30:00+05:30,Evening Peak,1,13108436171,4714939571,1376.68,1376.68,1376.68,1376.68,1376.68,11544.53,11544.53,11544.53,11544.53,11544.53,106,106,106,106,106,0.0,0.0,0.0,0.0,0.0,0.0,0.0,0.0,0.0,0.0,0.0,0.0,0.0,0.0,0.0,0.0,0.0,1.0,1.0,1.0,1.0,1.0,1.0,1.0,1.0,1.0
19,2026-01-15 12:00:00+00:00,2026-01-15 17:30:00+05:30,Evening Peak,1,3725764138,8166852625,1162.63,1163.47,1158.16,1158.16,1158.16,8876.62,8979.76,8833.32,8833.32,8833.32,69,84,71,71,71,-0.84,4.47,4.47,4.47,-0.0721,0.3846,0.3846,0.3846,4.47,5.31,0.0,0.0,0.0,0.386,0.4585,0.0,0.0,0.5455,0.7073,0.7073,0.7073,0.7073,0.6316,1.0,1.0,1.0
20,2026-01-15 12:00:00+00:00,2026-01-15 17:30:00+05:30,Evening Peak,1,3719620426,8142092830,755.8,755.8,755.8,755.8,755.8,6520.7,6520.7,6520.7,6520.7,6520.7,70,70,70,70,70,0.0,0.0,0.0,0.0,0.0,0.0,0.0,0.0,0.0,0.0,0.0,0.0,0.0,0.0,0.0,0.0,0.0,1.0,1.0,1.0,1.0,1.0,1.0,1.0,1.0,1.0
21,2026-01-15 12:00:00+00:00,2026-01-15 17:30:00+05:30,Evening Peak,1,8133384806,9833884593,634.62,634.62,634.62,634.62,634.62,5583.79,5583.79,5583.79,5583.79,5583.79,66,66,66,66,66,0.0,0.0,0.0,0.0,0.0,0.0,0.0,0.0,0.0,0.0,0.0,0.0,0.0,0.0,0.0,0.0,0.0,1.0,1.0,1.0,1.0,1.0,1.0,1.0,1.0,1.0
22,2026-01-15 12:00:00+00:00,2026-01-15 17:30:00+05:30,Evening Peak,1,9919058606,8157084568,1616.71,1618.98,1602.71,1602.71,1602.71,13508.84,13521.54,13361.36,13361.36,13361.36,125,133,123,123,123,-2.27,14.0,14.0,14.0,-0.1406,0.866,0.866,0.866,14.0,16.27,0.0,0.0,0.0,0.8736,1.0154,0.0,0.0,0.9254,0.7842,0.7842,0.7842,0.7842,0.7297,1.0,1.0,1.0
23,2026-01-15 12:00:00+00:00,2026-01-15 17:30:00+05:30,Evening Peak,1,3714709032,10132690705,1929.25,1928.44,1912.17,1912.17,1912.17,15398.95,15415.64,15255.46,15255.46,15255.46,160,168,158,158,158,0.81,17.09,17.09,17.09,0.0421,0.8857,0.8857,0.8857,17.09,16.27,0.0,0.0,0.0,0.8936,0.8511,0.0,0.0,0.9294,0.8171,0.8171,0.8171,0.8171,0.7814,1.0,1.0,1.0
24,2026-01-15 12:00:00+00:00,2026-01-15 17:30:00+05:30,Evening Peak,1,3722532375,8127692776,1559.78,1549.09,1522.86,1522.86,1522.86,11360.31,11368.81,11292.57,11292.57,11292.57,98,108,115,115,115,10.69,36.92,36.92,36.92,0.6855,2.3667,2.3667,2.3667,36.92,26.22,0.0,0.0,0.0,2.4241,1.722,0.0,0.0,0.8899,0.7603,0.7603,0.7603,0.7603,0.8583,1.0,1.0,1.0
25,2026-01-15 12:00:00+00:00,2026-01-15 17:30:00+05:30,Evening Peak,1,10254604783,569909799,1768.47,1764.22,1764.22,1764.22,1764.22,15052.73,15080.94,15080.94,15080.94,15080.94,121,124,124,124,124,4.25,4.25,4.25,4.25,0.2406,0.2406,0.2406,0.2406,4.25,0.0,0.0,0.0,0.0,0.2412,0.0,0.0,0.0,0.96,0.96,0.96,0.96,0.96,1.0,1.0,1.0,1.0
26,2026-01-15 12:00:00+00:00,2026-01-15 17:30:00+05:30,Evening Peak,1,4713176922,4714939512,1374.74,1374.74,1374.74,1374.74,1374.74,9853.31,9853.31,9853.31,9853.31,9853.31,90,90,90,90,90,0.0,0.0,0.0,0.0,0.0,0.0,0.0,0.0,0.0,0.0,0.0,0.0,0.0,0.0,0.0,0.0,0.0,1.0,1.0,1.0,1.0,1.0,1.0,1.0,1.0,1.0
27,2026-01-15 12:00:00+00:00,2026-01-15 17:30:00+05:30,Evening Peak,1,2365788091,10267000474,1251.33,1251.33,1251.33,1251.33,1251.33,8743.08,8743.08,8743.08,8743.08,8743.08,87,87,87,87,87,0.0,0.0,0.0,0.0,0.0,0.0,0.0,0.0,0.0,0.0,0.0,0.0,0.0,0.0,0.0,0.0,0.0,1.0,1.0,1.0,1.0,1.0,1.0,1.0,1.0,1.0
28,2026-01-15 12:00:00+00:00,2026-01-15 17:30:00+05:30,Evening Peak,1,4478448738,6604714345,743.3,743.3,743.3,743.3,743.3,6530.06,6530.06,6530.06,6530.06,6530.06,53,53,53,53,53,0.0,0.0,0.0,0.0,0.0,0.0,0.0,0.0,0.0,0.0,0.0,0.0,0.0,0.0,0.0,0.0,0.0,1.0,1.0,1.0,1.0,1.0,1.0,1.0,1.0,1.0
29,2026-01-15 12:00:00+00:00,2026-01-15 17:30:00+05:30,Evening Peak,1,4721825589,10132690705,1678.87,1678.06,1661.78,1661.78,1661.78,13336.4,13353.1,13192.91,13192.91,13192.91,133,141,131,131,131,0.81,17.09,17.09,17.09,0.0484,1.0178,1.0178,1.0178,17.09,16.27,0.0,0.0,0.0,1.0282,0.9793,0.0,0.0,0.9161,0.7838,0.7838,0.7838,0.7838,0.7436,1.0,1.0,1.0
30,2026-01-15 12:00:00+00:00,2026-01-15 17:30:00+05:30,Evening Peak,1,8144960921,293466286,1321.91,1324.18,1298.24,1298.24,1298.24,9293.15,9305.85,8783.52,8783.52,8783.52,109,117,108,108,108,-2.27,23.66,23.66,23.66,-0.172,1.7901,1.7901,1.7901,23.66,25.94,0.0,0.0,0.0,1.8228,1.9979,0.0,0.0,0.9153,0.4,0.4,0.4,0.4,0.372,1.0,1.0,1.0
31,2026-01-15 12:00:00+00:00,2026-01-15 17:30:00+05:30,Evening Peak,1,3714708555,4714694214,1211.52,1213.8,1197.52,1197.52,1197.52,8545.75,8558.45,8398.26,8398.26,8398.26,105,113,103,103,103,-2.27,14.0,14.0,14.0,-0.1876,1.1557,1.1557,1.1557,14.0,16.27,0.0,0.0,0.0,1.1692,1.359,0.0,0.0,0.9123,0.7479,0.7479,0.7479,0.7479,0.6875,1.0,1.0,1.0
32,2026-01-15 12:00:00+00:00,2026-01-15 17:30:00+05:30,Evening Peak,1,8156864973,2841381812,639.71,639.71,639.71,639.71,639.71,4756.18,4756.18,4756.18,4756.18,4756.18,48,48,48,48,48,0.0,0.0,0.0,0.0,0.0,0.0,0.0,0.0,0.0,0.0,0.0,0.0,0.0,0.0,0.0,0.0,0.0,1.0,1.0,1.0,1.0,1.0,1.0,1.0,1.0,1.0
33,2026-01-15 12:00:00+00:00,2026-01-15 17:30:00+05:30,Evening Peak,1,293466245,3711673309,1845.39,1800.2,1791.51,1791.51,1791.51,14057.26,13357.42,13354.32,13354.32,13354.32,81,100,128,128,128,45.19,53.88,53.88,53.88,2.4487,2.9197,2.9197,2.9197,53.88,8.69,0.0,0.0,0.0,3.0075,0.4851,0.0,0.0,0.5603,0.4414,0.4414,0.4414,0.4414,0.7674,1.0,1.0,1.0
34,2026-01-15 12:00:00+00:00,2026-01-15 17:30:00+05:30,Evening Peak,1,3717989697,3706277268,794.43,794.43,794.43,794.43,794.43,5247.29,5247.29,5247.29,5247.29,5247.29,49,49,49,49,49,0.0,0.0,0.0,0.0,0.0,0.0,0.0,0.0,0.0,0.0,0.0,0.0,0.0,0.0,0.0,0.0,0.0,1.0,1.0,1.0,1.0,1.0,1.0,1.0,1.0,1.0
35,2026-01-15 12:00:00+00:00,2026-01-15 17:30:00+05:30,Evening Peak,1,4643407218,6010327769,1561.11,1561.11,1546.3,1546.15,1546.15,13994.27,13994.27,11881.61,11958.91,11958.91,87,87,91,91,91,0.0,14.8,14.96,14.96,0.0,0.9481,0.9581,0.9581,14.96,14.96,0.16,0.0,0.0,0.9674,0.9674,0.0101,0.0,1.0,0.3185,0.3284,0.3284,0.3284,0.3284,0.9158,1.0,1.0
36,2026-01-15 12:00:00+00:00,2026-01-15 17:30:00+05:30,Evening Peak,1,2392383587,8151563209,979.56,979.56,979.56,979.56,979.56,10548.84,10548.84,10548.84,10548.84,10548.84,34,34,34,34,34,0.0,0.0,0.0,0.0,0.0,0.0,0.0,0.0,0.0,0.0,0.0,0.0,0.0,0.0,0.0,0.0,0.0,1.0,1.0,1.0,1.0,1.0,1.0,1.0,1.0,1.0
37,2026-01-15 12:00:00+00:00,2026-01-15 17:30:00+05:30,Evening Peak,1,3725789278,1051669449,1020.22,1020.22,1019.99,1020.22,1019.99,7204.89,7204.89,7195.69,7204.89,7195.69,51,51,51,51,51,0.0,0.23,0.0,0.23,0.0,0.0224,0.0,0.0224,0.23,0.23,0.0,0.23,0.0,0.0225,0.0225,0.0,0.0225,1.0,0.8545,1.0,0.8545,0.8545,0.8545,1.0,0.8545,1.0
38,2026-01-15 12:00:00+00:00,2026-01-15 17:30:00+05:30,Evening Peak,1,9798857326,3714706440,1300.37,1289.68,1289.68,1289.68,1289.31,9239.2,9247.71,9247.71,9247.71,9082.49,89,99,99,99,97,10.69,10.69,10.69,11.06,0.8222,0.8222,0.8222,0.8505,11.06,0.37,0.37,0.37,0.0,0.8578,0.0285,0.0285,0.0285,0.88,0.88,0.88,0.7547,0.7547,0.8667,0.8667,0.8667,1.0
39,2026-01-15 12:00:00+00:00,2026-01-15 17:30:00+05:30,Evening Peak,1,12194086396,3184375377,1190.6,1187.52,1167.54,1167.54,1167.54,9557.41,9561.4,9222.37,9222.37,9222.37,92,92,79,79,79,3.09,23.06,23.06,23.06,0.2592,1.9368,1.9368,1.9368,23.06,19.97,0.0,0.0,0.0,1.9751,1.7107,0.0,0.0,0.9785,0.487,0.487,0.487,0.487,0.5,1.0,1.0,1.0
40,2026-01-15 12:00:00+00:00,2026-01-15 17:30:00+05:30,Evening Peak,1,3724383608,6985772815,1493.24,1493.24,1493.24,1493.24,1493.24,9583.44,9583.44,9583.44,9583.44,9583.44,93,93,93,93,93,0.0,0.0,0.0,0.0,0.0,0.0,0.0,0.0,0.0,0.0,0.0,0.0,0.0,0.0,0.0,0.0,0.0,1.0,1.0,1.0,1.0,1.0,1.0,1.0,1.0,1.0
41,2026-01-15 12:00:00+00:00,2026-01-15 17:30:00+05:30,Evening Peak,1,3724390367,569909799,1753.12,1748.86,1748.86,1748.86,1748.86,19733.88,19762.09,19762.09,19762.09,19762.09,49,52,52,52,52,4.25,4.25,4.25,4.25,0.2427,0.2427,0.2427,0.2427,4.25,0.0,0.0,0.0,0.0,0.2433,0.0,0.0,0.0,0.9057,0.9057,0.9057,0.9057,0.9057,1.0,1.0,1.0,1.0
42,2026-01-15 12:00:00+00:00,2026-01-15 17:30:00+05:30,Evening Peak,1,9865971847,13108436169,1206.95,1206.95,1206.95,1206.95,1206.95,9746.17,9746.17,9746.17,9746.17,9746.17,64,64,64,64,64,0.0,0.0,0.0,0.0,0.0,0.0,0.0,0.0,0.0,0.0,0.0,0.0,0.0,0.0,0.0,0.0,0.0,1.0,1.0,1.0,1.0,1.0,1.0,1.0,1.0,1.0
43,2026-01-15 12:00:00+00:00,2026-01-15 17:30:00+05:30,Evening Peak,1,3724390901,13957674836,1489.88,1486.8,1486.8,1486.8,1486.8,16038.72,16042.71,16042.71,16042.71,16042.71,83,83,83,83,83,3.09,3.09,3.09,3.09,0.2071,0.2071,0.2071,0.2071,3.09,0.0,0.0,0.0,0.0,0.2076,0.0,0.0,0.0,0.9762,0.9762,0.9762,0.9762,0.9762,1.0,1.0,1.0,1.0
44,2026-01-15 12:00:00+00:00,2026-01-15 17:30:00+05:30,Evening Peak,1,6985772828,10091564873,832.56,832.56,829.37,829.37,829.37,5559.02,5559.02,5311.55,5311.55,5311.55,66,66,78,78,78,0.0,3.19,3.19,3.19,0.0,0.3837,0.3837,0.3837,3.19,3.19,0.0,0.0,0.0,0.3851,0.3851,0.0,0.0,1.0,0.0141,0.0141,0.0141,0.0141,0.0141,1.0,1.0,1.0
45,2026-01-15 12:00:00+00:00,2026-01-15 17:30:00+05:30,Evening Peak,1,3716311743,6608882862,1039.23,1041.5,1025.23,1025.23,1025.23,7544.65,7557.35,7397.16,7397.16,7397.16,77,85,75,75,75,-2.27,14.0,14.0,14.0,-0.2188,1.3473,1.3473,1.3473,14.0,16.27,0.0,0.0,0.0,1.3657,1.5874,0.0,0.0,0.8837,0.6703,0.6703,0.6703,0.6703,0.6,1.0,1.0,1.0
46,2026-01-15 12:00:00+00:00,2026-01-15 17:30:00+05:30,Evening Peak,1,3726941715,3724390734,1873.79,1842.61,1842.61,1842.61,1842.61,14335.44,13472.56,13472.56,13472.56,13472.56,131,147,147,147,147,31.19,31.19,31.19,31.19,1.6643,1.6643,1.6643,1.6643,31.19,0.0,0.0,0.0,0.0,1.6925,0.0,0.0,0.0,0.5109,0.5109,0.5109,0.5109,0.5109,1.0,1.0,1.0,1.0
47,2026-01-15 12:00:00+00:00,2026-01-15 17:30:00+05:30,Evening Peak,1,2283167672,12201173657,849.85,849.85,849.85,849.85,849.85,6995.12,6995.12,6995.12,6995.12,6995.12,70,70,70,70,70,0.0,0.0,0.0,0.0,0.0,0.0,0.0,0.0,0.0,0.0,0.0,0.0,0.0,0.0,0.0,0.0,0.0,1.0,1.0,1.0,1.0,1.0,1.0,1.0,1.0,1.0
48,2026-01-15 12:00:00+00:00,2026-01-15 17:30:00+05:30,Evening Peak,1,293453627,3706277194,440.4,440.4,440.4,440.4,440.4,2914.59,2914.59,2914.59,2914.59,2914.59,35,35,35,35,35,0.0,0.0,0.0,0.0,0.0,0.0,0.0,0.0,0.0,0.0,0.0,0.0,0.0,0.0,0.0,0.0,0.0,1.0,1.0,1.0,1.0,1.0,1.0,1.0,1.0,1.0
49,2026-01-15 12:00:00+00:00,2026-01-15 17:30:00+05:30,Evening Peak,1,2443937217,4620986372,1065.68,1065.68,1065.68,1065.68,1065.68,10616.7,10616.7,10616.7,10616.7,10616.7,75,75,75,75,75,0.0,0.0,0.0,0.0,0.0,0.0,0.0,0.0,0.0,0.0,0.0,0.0,0.0,0.0,0.0,0.0,0.0,1.0,1.0,1.0,1.0,1.0,1.0,1.0,1.0,1.0
0,2026-01-15 13:00:00+00:00,2026-01-15 18:30:00+05:30,Evening Peak,1,3722327026,2443921849,1379.31,1360.14,1333.41,1333.41,1333.41,10984.73,11083.83,10981.64,10981.64,10981.64,46,76,74,74,74,19.17,45.9,45.9,45.9,1.3895,3.3275,3.3275,3.3275,45.9,26.73,0.0,0.0,0.0,3.4421,2.0048,0.0,0.0,0.5062,0.6,0.6,0.6,0.6,0.875,1.0,1.0,1.0
1,2026-01-15 13:00:00+00:00,2026-01-15 18:30:00+05:30,Evening Peak,1,2283167591,293464723,778.2,741.1,741.1,741.1,741.1,5493.14,5284.54,5284.54,5284.54,5284.54,66,61,61,61,61,37.11,37.11,37.11,37.11,4.7683,4.7683,4.7683,4.7683,37.11,0.0,0.0,0.0,0.0,5.007,0.0,0.0,0.0,0.1759,0.1759,0.1759,0.1759,0.1759,1.0,1.0,1.0,1.0
2,2026-01-15 13:00:00+00:00,2026-01-15 18:30:00+05:30,Evening Peak,1,3727013594,2392383587,1682.88,1636.98,1636.98,1636.98,1636.98,14324.92,14321.82,14321.82,14321.82,14321.82,91,119,119,119,119,45.9,45.9,45.9,45.9,2.7273,2.7273,2.7273,2.7273,45.9,0.0,0.0,0.0,0.0,2.8038,0.0,0.0,0.0,0.75,0.75,0.75,0.75,0.75,1.0,1.0,1.0,1.0
3,2026-01-15 13:00:00+00:00,2026-01-15 18:30:00+05:30,Evening Peak,1,8144958910,5875519688,898.52,849.07,849.07,849.07,849.07,6210.28,6792.17,6792.17,6792.17,6792.17,75,89,89,89,89,49.45,49.45,49.45,49.45,5.5034,5.5034,5.5034,5.5034,49.45,0.0,0.0,0.0,0.0,5.8239,0.0,0.0,0.0,0.2913,0.2913,0.2913,0.2913,0.2913,1.0,1.0,1.0,1.0
4,2026-01-15 13:00:00+00:00,2026-01-15 18:30:00+05:30,Evening Peak,1,8167025447,8166852655,649.16,649.06,656.88,656.88,649.06,6039.21,5963.5,6286.44,6286.44,5963.5,47,55,48,48,55,0.1,-7.72,-7.72,0.1,0.0155,-1.1889,-1.1889,0.0155,0.1,0.0,7.82,7.82,0.0,0.0155,0.0,1.2046,1.2046,0.619,0.3014,0.3014,0.619,0.619,1.0,0.2561,0.2561,1.0
5,2026-01-15 13:00:00+00:00,2026-01-15 18:30:00+05:30,Evening Peak,1,3725763498,293464962,1175.42,1140.29,1140.29,1140.29,1140.29,9478.38,9044.76,9044.76,9044.76,9044.76,81,76,76,76,76,35.13,35.13,35.13,35.13,2.9889,2.9889,2.9889,2.9889,35.13,0.0,0.0,0.0,0.0,3.081,0.0,0.0,0.0,0.764,0.764,0.764,0.764,0.764,1.0,1.0,1.0,1.0
6,2026-01-15 13:00:00+00:00,2026-01-15 18:30:00+05:30,Evening Peak,1,2841381812,8182316367,433.37,433.37,433.37,433.37,433.37,3063.87,3063.87,3063.87,3063.87,3063.87,14,14,14,14,14,0.0,0.0,0.0,0.0,0.0,0.0,0.0,0.0,0.0,0.0,0.0,0.0,0.0,0.0,0.0,0.0,0.0,1.0,1.0,1.0,1.0,1.0,1.0,1.0,1.0,1.0
7,2026-01-15 13:00:00+00:00,2026-01-15 18:30:00+05:30,Evening Peak,1,8124118501,293464897,893.53,893.53,893.53,893.53,893.53,6077.63,6077.63,6077.63,6077.63,6077.63,58,58,58,58,58,0.0,0.0,0.0,0.0,0.0,0.0,0.0,0.0,0.0,0.0,0.0,0.0,0.0,0.0,0.0,0.0,0.0,1.0,1.0,1.0,1.0,1.0,1.0,1.0,1.0,1.0
8,2026-01-15 13:00:00+00:00,2026-01-15 18:30:00+05:30,Evening Peak,1,3725657841,6986305647,852.68,852.68,852.68,852.68,852.68,5781.75,5781.75,5781.75,5781.75,5781.75,39,39,39,39,39,0.0,0.0,0.0,0.0,0.0,0.0,0.0,0.0,0.0,0.0,0.0,0.0,0.0,0.0,0.0,0.0,0.0,1.0,1.0,1.0,1.0,1.0,1.0,1.0,1.0,1.0
9,2026-01-15 13:00:00+00:00,2026-01-15 18:30:00+05:30,Evening Peak,1,3725560599,2443937252,1713.0,1667.1,1667.1,1667.1,1661.3,14314.96,14311.86,14311.86,14311.86,14070.46,65,93,93,93,99,45.9,45.9,45.9,51.7,2.6793,2.6793,2.6793,3.018,51.7,5.8,5.8,5.8,0.0,3.112,0.3492,0.3492,0.3492,0.6809,0.6809,0.6809,0.5185,0.5185,0.7944,0.7944,0.7944,1.0
10,2026-01-15 13:00:00+00:00,2026-01-15 18:30:00+05:30,Evening Peak,1,3706277194,1812432274,699.13,699.13,699.13,699.13,699.13,4881.93,4881.93,4881.93,4881.93,4881.93,46,46,46,46,46,0.0,0.0,0.0,0.0,0.0,0.0,0.0,0.0,0.0,0.0,0.0,0.0,0.0,0.0,0.0,0.0,0.0,1.0,1.0,1.0,1.0,1.0,1.0,1.0,1.0,1.0
11,2026-01-15 13:00:00+00:00,2026-01-15 18:30:00+05:30,Evening Peak,1,4620986372,12194086396,633.2,633.2,633.2,633.2,633.2,4864.5,4864.5,4864.5,4864.5,4864.5,34,34,34,34,34,0.0,0.0,0.0,0.0,0.0,0.0,0.0,0.0,0.0,0.0,0.0,0.0,0.0,0.0,0.0,0.0,0.0,1.0,1.0,1.0,1.0,1.0,1.0,1.0,1.0,1.0
12,2026-01-15 13:00:00+00:00,2026-01-15 18:30:00+05:30,Evening Peak,1,8151182352,4963335999,585.54,585.54,585.54,585.54,585.54,4720.87,4720.87,4720.87,4720.87,4720.87,36,36,36,36,36,0.0,0.0,0.0,0.0,0.0,0.0,0.0,0.0,0.0,0.0,0.0,0.0,0.0,0.0,0.0,0.0,0.0,1.0,1.0,1.0,1.0,1.0,1.0,1.0,1.0,1.0
13,2026-01-15 13:00:00+00:00,2026-01-15 18:30:00+05:30,Evening Peak,1,293458413,8154498107,450.16,450.16,450.16,450.16,450.16,3538.38,3538.38,3538.38,3538.38,3538.38,28,28,28,28,28,0.0,0.0,0.0,0.0,0.0,0.0,0.0,0.0,0.0,0.0,0.0,0.0,0.0,0.0,0.0,0.0,0.0,1.0,1.0,1.0,1.0,1.0,1.0,1.0,1.0,1.0
14,2026-01-15 13:00:00+00:00,2026-01-15 18:30:00+05:30,Evening Peak,1,2962277961,6604456762,917.76,914.67,914.67,914.67,914.67,7941.95,7945.94,7945.94,7945.94,7945.94,70,70,70,70,70,3.09,3.09,3.09,3.09,0.3363,0.3363,0.3363,0.3363,3.09,0.0,0.0,0.0,0.0,0.3374,0.0,0.0,0.0,0.9718,0.9718,0.9718,0.9718,0.9718,1.0,1.0,1.0,1.0
15,2026-01-15 13:00:00+00:00,2026-01-15 18:30:00+05:30,Evening Peak,1,2277412755,8146129661,1939.64,1940.1,1991.18,1940.1,1936.56,18194.35,18203.44,17996.92,18203.44,18198.35,106,113,121,113,106,-0.45,-51.54,-0.45,3.09,-0.0234,-2.6571,-0.0234,0.1591,3.09,3.54,54.62,3.54,0.0,0.1594,0.1828,2.8206,0.1828,0.9043,0.5874,0.9043,0.9813,0.9813,0.9211,0.5874,0.9211,1.0
16,2026-01-15 13:00:00+00:00,2026-01-15 18:30:00+05:30,Evening Peak,1,8153425846,3722327558,773.12,764.55,764.55,764.55,761.01,6194.49,6204.78,6204.78,6204.78,6199.69,53,56,56,56,49,8.57,8.57,8.57,12.11,1.1086,1.1086,1.1086,1.5665,12.11,3.54,3.54,3.54,0.0,1.5914,0.4651,0.4651,0.4651,0.473,0.473,0.473,0.4571,0.4571,0.8421,0.8421,0.8421,1.0
17,2026-01-15 13:00:00+00:00,2026-01-15 18:30:00+05:30,Evening Peak,1,4720174514,3725763954,1413.89,1367.25,1340.52,1340.52,1340.52,11155.8,11447.68,11345.49,11345.49,11345.49,100,100,98,98,98,46.64,73.37,73.37,73.37,3.2986,5.1893,5.1893,5.1893,73.37,26.73,0.0,0.0,0.0,5.4733,1.9941,0.0,0.0,0.3245,0.3289,0.3289,0.3289,0.3289,0.9038,1.0,1.0,1.0
18,2026-01-15 13:00:00+00:00,2026-01-15 18:30:00+05:30,Evening Peak,1,13108436171,4714939571,1322.05,1322.05,1322.05,1322.05,1322.05,11544.53,11544.53,11544.53,11544.53,11544.53,106,106,106,106,106,0.0,0.0,0.0,0.0,0.0,0.0,0.0,0.0,0.0,0.0,0.0,0.0,0.0,0.0,0.0,0.0,0.0,1.0,1.0,1.0,1.0,1.0,1.0,1.0,1.0,1.0
19,2026-01-15 13:00:00+00:00,2026-01-15 18:30:00+05:30,Evening Peak,1,3725764138,8166852625,1138.4,1135.61,1135.61,1135.61,1135.61,8876.62,8833.32,8833.32,8833.32,8833.32,69,71,71,71,71,2.79,2.79,2.79,2.79,0.2447,0.2447,0.2447,0.2447,2.79,0.0,0.0,0.0,0.0,0.2453,0.0,0.0,0.0,0.7073,0.7073,0.7073,0.7073,0.7073,1.0,1.0,1.0,1.0
20,2026-01-15 13:00:00+00:00,2026-01-15 18:30:00+05:30,Evening Peak,1,3719620426,8142092830,722.07,722.07,722.07,722.07,722.07,6520.7,6520.7,6520.7,6520.7,6520.7,70,70,70,70,70,0.0,0.0,0.0,0.0,0.0,0.0,0.0,0.0,0.0,0.0,0.0,0.0,0.0,0.0,0.0,0.0,0.0,1.0,1.0,1.0,1.0,1.0,1.0,1.0,1.0,1.0
21,2026-01-15 13:00:00+00:00,2026-01-15 18:30:00+05:30,Evening Peak,1,8133384806,9833884593,617.76,617.76,617.76,617.76,617.76,5583.79,5583.79,5583.79,5583.79,5583.79,66,66,66,66,66,0.0,0.0,0.0,0.0,0.0,0.0,0.0,0.0,0.0,0.0,0.0,0.0,0.0,0.0,0.0,0.0,0.0,1.0,1.0,1.0,1.0,1.0,1.0,1.0,1.0,1.0
22,2026-01-15 13:00:00+00:00,2026-01-15 18:30:00+05:30,Evening Peak,1,9919058606,8157084568,1558.84,1555.66,1555.66,1555.66,1555.66,13508.84,13361.36,13361.36,13361.36,13361.36,125,123,123,123,123,3.18,3.18,3.18,3.18,0.204,0.204,0.204,0.204,3.18,0.0,0.0,0.0,0.0,0.2044,0.0,0.0,0.0,0.7842,0.7842,0.7842,0.7842,0.7842,1.0,1.0,1.0,1.0
23,2026-01-15 13:00:00+00:00,2026-01-15 18:30:00+05:30,Evening Peak,1,3714709032,10132690705,1849.8,1843.54,1843.54,1843.54,1843.54,15398.95,15255.46,15255.46,15255.46,15255.46,160,158,158,158,158,6.27,6.27,6.27,6.27,0.3388,0.3388,0.3388,0.3388,6.27,0.0,0.0,0.0,0.0,0.3399,0.0,0.0,0.0,0.8171,0.8171,0.8171,0.8171,0.8171,1.0,1.0,1.0,1.0
24,2026-01-15 13:00:00+00:00,2026-01-15 18:30:00+05:30,Evening Peak,1,3722532375,8127692776,1502.04,1488.78,1488.78,1488.78,1488.5,11360.31,11292.57,11292.57,11292.57,11284.06,98,115,115,115,105,13.26,13.26,13.26,13.53,0.8827,0.8827,0.8827,0.9009,13.53,0.27,0.27,0.27,0.0,0.909,0.0183,0.0183,0.0183,0.7603,0.7603,0.7603,0.8455,0.8455,0.8966,0.8966,0.8966,1.0
25,2026-01-15 13:00:00+00:00,2026-01-15 18:30:00+05:30,Evening Peak,1,10254604783,569909799,1707.31,1700.86,1700.86,1700.86,1692.73,15052.73,15080.94,15080.94,15080.94,15102.01,121,124,124,124,130,6.45,6.45,6.45,14.58,0.3775,0.3775,0.3775,0.8542,14.58,8.14,8.14,8.14,0.0,0.8616,0.4808,0.4808,0.4808,0.96,0.96,0.96,0.9015,0.9015,0.9389,0.9389,0.9389,1.0
26,2026-01-15 13:00:00+00:00,2026-01-15 18:30:00+05:30,Evening Peak,1,4713176922,4714939512,1349.29,1349.29,1349.29,1349.29,1349.29,9853.31,9853.31,9853.31,9853.31,9853.31,90,90,90,90,90,0.0,0.0,0.0,0.0,0.0,0.0,0.0,0.0,0.0,0.0,0.0,0.0,0.0,0.0,0.0,0.0,0.0,1.0,1.0,1.0,1.0,1.0,1.0,1.0,1.0,1.0
27,2026-01-15 13:00:00+00:00,2026-01-15 18:30:00+05:30,Evening Peak,1,2365788091,10267000474,1232.91,1232.91,1232.91,1232.91,1232.91,8743.08,8743.08,8743.08,8743.08,8743.08,87,87,87,87,87,0.0,0.0,0.0,0.0,0.0,0.0,0.0,0.0,0.0,0.0,0.0,0.0,0.0,0.0,0.0,0.0,0.0,1.0,1.0,1.0,1.0,1.0,1.0,1.0,1.0,1.0
28,2026-01-15 13:00:00+00:00,2026-01-15 18:30:00+05:30,Evening Peak,1,4478448738,6604714345,735.1,735.1,735.1,735.1,735.1,6530.06,6530.06,6530.06,6530.06,6530.06,53,53,53,53,53,0.0,0.0,0.0,0.0,0.0,0.0,0.0,0.0,0.0,0.0,0.0,0.0,0.0,0.0,0.0,0.0,0.0,1.0,1.0,1.0,1.0,1.0,1.0,1.0,1.0,1.0
29,2026-01-15 13:00:00+00:00,2026-01-15 18:30:00+05:30,Evening Peak,1,4721825589,10132690705,1607.23,1600.97,1600.97,1600.97,1600.97,13336.4,13192.91,13192.91,13192.91,13192.91,133,131,131,131,131,6.27,6.27,6.27,6.27,0.3899,0.3899,0.3899,0.3899,6.27,0.0,0.0,0.0,0.0,0.3914,0.0,0.0,0.0,0.7838,0.7838,0.7838,0.7838,0.7838,1.0,1.0,1.0,1.0
30,2026-01-15 13:00:00+00:00,2026-01-15 18:30:00+05:30,Evening Peak,1,8144960921,293466286,1307.46,1296.19,1296.19,1296.19,1296.19,9293.15,8783.52,8783.52,8783.52,8783.52,109,108,108,108,108,11.27,11.27,11.27,11.27,0.8617,0.8617,0.8617,0.8617,11.27,0.0,0.0,0.0,0.0,0.8692,0.0,0.0,0.0,0.4,0.4,0.4,0.4,0.4,1.0,1.0,1.0,1.0
31,2026-01-15 13:00:00+00:00,2026-01-15 18:30:00+05:30,Evening Peak,1,3714708555,4714694214,1161.25,1158.07,1158.07,1158.07,1158.07,8545.75,8398.26,8398.26,8398.26,8398.26,105,103,103,103,103,3.18,3.18,3.18,3.18,0.2739,0.2739,0.2739,0.2739,3.18,0.0,0.0,0.0,0.0,0.2746,0.0,0.0,0.0,0.7479,0.7479,0.7479,0.7479,0.7479,1.0,1.0,1.0,1.0
32,2026-01-15 13:00:00+00:00,2026-01-15 18:30:00+05:30,Evening Peak,1,8156864973,2841381812,631.76,631.76,631.76,631.76,631.76,4756.18,4756.18,4756.18,4756.18,4756.18,48,48,48,48,48,0.0,0.0,0.0,0.0,0.0,0.0,0.0,0.0,0.0,0.0,0.0,0.0,0.0,0.0,0.0,0.0,0.0,1.0,1.0,1.0,1.0,1.0,1.0,1.0,1.0,1.0
33,2026-01-15 13:00:00+00:00,2026-01-15 18:30:00+05:30,Evening Peak,1,293466245,3711673309,1847.73,1763.66,1763.66,1763.66,1763.66,14057.26,13354.32,13354.32,13354.32,13354.32,81,128,128,128,128,84.08,84.08,84.08,84.08,4.5502,4.5502,4.5502,4.5502,84.08,0.0,0.0,0.0,0.0,4.7671,0.0,0.0,0.0,0.4414,0.4414,0.4414,0.4414,0.4414,1.0,1.0,1.0,1.0
34,2026-01-15 13:00:00+00:00,2026-01-15 18:30:00+05:30,Evening Peak,1,3717989697,3706277268,789.11,789.11,789.11,789.11,789.11,5247.29,5247.29,5247.29,5247.29,5247.29,49,49,49,49,49,0.0,0.0,0.0,0.0,0.0,0.0,0.0,0.0,0.0,0.0,0.0,0.0,0.0,0.0,0.0,0.0,0.0,1.0,1.0,1.0,1.0,1.0,1.0,1.0,1.0,1.0
35,2026-01-15 13:00:00+00:00,2026-01-15 18:30:00+05:30,Evening Peak,1,4643407218,6010327769,1520.0,1543.52,1520.0,1520.0,1520.0,13994.27,11958.91,13994.27,13994.27,13994.27,87,91,87,87,87,-23.52,0.0,0.0,0.0,-1.5471,0.0,0.0,0.0,0.0,23.52,0.0,0.0,0.0,0.0,1.5471,0.0,0.0,0.3284,1.0,1.0,1.0,1.0,0.3284,1.0,1.0,1.0
36,2026-01-15 13:00:00+00:00,2026-01-15 18:30:00+05:30,Evening Peak,1,2392383587,8151563209,931.81,931.81,931.81,931.81,931.81,10548.84,10548.84,10548.84,10548.84,10548.84,34,34,34,34,34,0.0,0.0,0.0,0.0,0.0,0.0,0.0,0.0,0.0,0.0,0.0,0.0,0.0,0.0,0.0,0.0,0.0,1.0,1.0,1.0,1.0,1.0,1.0,1.0,1.0,1.0
37,2026-01-15 13:00:00+00:00,2026-01-15 18:30:00+05:30,Evening Peak,1,3725789278,1051669449,1006.48,1011.4,1006.48,1006.48,1006.48,7204.89,7195.69,7204.89,7204.89,7204.89,51,51,51,51,51,-4.92,0.0,0.0,0.0,-0.489,0.0,0.0,0.0,0.0,4.92,0.0,0.0,0.0,0.0,0.489,0.0,0.0,0.8545,1.0,1.0,1.0,1.0,0.8545,1.0,1.0,1.0
38,2026-01-15 13:00:00+00:00,2026-01-15 18:30:00+05:30,Evening Peak,1,9798857326,3714706440,1281.91,1283.79,1282.18,1282.18,1281.91,9239.2,9082.49,9247.71,9247.71,9239.2,89,97,99,99,89,-1.88,-0.27,-0.27,0.0,-0.1469,-0.0212,-0.0212,0.0,0.0,1.88,0.27,0.27,0.0,0.0,0.1469,0.0212,0.0212,0.7547,0.88,0.88,1.0,1.0,0.7547,0.88,0.88,1.0
39,2026-01-15 13:00:00+00:00,2026-01-15 18:30:00+05:30,Evening Peak,1,12194086396,3184375377,1143.56,1158.13,1140.47,1140.47,1140.47,9557.41,9222.37,9561.4,9561.4,9561.4,92,79,92,92,92,-14.58,3.09,3.09,3.09,-1.2747,0.2699,0.2699,0.2699,3.09,17.66,0.0,0.0,0.0,0.2706,1.5488,0.0,0.0,0.487,0.9785,0.9785,0.9785,0.9785,0.5,1.0,1.0,1.0
40,2026-01-15 13:00:00+00:00,2026-01-15 18:30:00+05:30,Evening Peak,1,3724383608,6985772815,1477.22,1477.22,1477.22,1477.22,1477.22,9583.44,9583.44,9583.44,9583.44,9583.44,93,93,93,93,93,0.0,0.0,0.0,0.0,0.0,0.0,0.0,0.0,0.0,0.0,0.0,0.0,0.0,0.0,0.0,0.0,0.0,1.0,1.0,1.0,1.0,1.0,1.0,1.0,1.0,1.0
41,2026-01-15 13:00:00+00:00,2026-01-15 18:30:00+05:30,Evening Peak,1,3724390367,569909799,1712.73,1706.29,1706.29,1706.29,1698.15,19733.88,19762.09,19762.09,19762.09,19783.16,49,52,52,52,58,6.45,6.45,6.45,14.58,0.3763,0.3763,0.3763,0.8515,14.58,8.14,8.14,8.14,0.0,0.8588,0.4793,0.4793,0.4793,0.9057,0.9057,0.9057,0.7833,0.7833,0.8644,0.8644,0.8644,1.0
42,2026-01-15 13:00:00+00:00,2026-01-15 18:30:00+05:30,Evening Peak,1,9865971847,13108436169,1174.24,1174.24,1174.24,1174.24,1174.24,9746.17,9746.17,9746.17,9746.17,9746.17,64,64,64,64,64,0.0,0.0,0.0,0.0,0.0,0.0,0.0,0.0,0.0,0.0,0.0,0.0,0.0,0.0,0.0,0.0,0.0,1.0,1.0,1.0,1.0,1.0,1.0,1.0,1.0,1.0
43,2026-01-15 13:00:00+00:00,2026-01-15 18:30:00+05:30,Evening Peak,1,3724390901,13957674836,1483.55,1480.46,1480.46,1480.46,1480.46,16038.72,16042.71,16042.71,16042.71,16042.71,83,83,83,83,83,3.09,3.09,3.09,3.09,0.208,0.208,0.208,0.208,3.09,0.0,0.0,0.0,0.0,0.2085,0.0,0.0,0.0,0.9762,0.9762,0.9762,0.9762,0.9762,1.0,1.0,1.0,1.0
44,2026-01-15 13:00:00+00:00,2026-01-15 18:30:00+05:30,Evening Peak,1,6985772828,10091564873,818.3,823.67,818.3,818.3,818.3,5559.02,5311.55,5559.02,5559.02,5559.02,66,78,66,66,66,-5.36,0.0,0.0,0.0,-0.6555,0.0,0.0,0.0,0.0,5.36,0.0,0.0,0.0,0.0,0.6555,0.0,0.0,0.0141,1.0,1.0,1.0,1.0,0.0141,1.0,1.0,1.0
45,2026-01-15 13:00:00+00:00,2026-01-15 18:30:00+05:30,Evening Peak,1,3716311743,6608882862,1002.97,999.79,999.79,999.79,999.79,7544.65,7397.16,7397.16,7397.16,7397.16,77,75,75,75,75,3.18,3.18,3.18,3.18,0.3171,0.3171,0.3171,0.3171,3.18,0.0,0.0,0.0,0.0,0.3181,0.0,0.0,0.0,0.6703,0.6703,0.6703,0.6703,0.6703,1.0,1.0,1.0,1.0
46,2026-01-15 13:00:00+00:00,2026-01-15 18:30:00+05:30,Evening Peak,1,3726941715,3724390734,1817.35,1787.78,1787.78,1787.78,1787.78,14335.44,13472.56,13472.56,13472.56,13472.56,131,147,147,147,147,29.57,29.57,29.57,29.57,1.6269,1.6269,1.6269,1.6269,29.57,0.0,0.0,0.0,0.0,1.6538,0.0,0.0,0.0,0.5109,0.5109,0.5109,0.5109,0.5109,1.0,1.0,1.0,1.0
47,2026-01-15 13:00:00+00:00,2026-01-15 18:30:00+05:30,Evening Peak,1,2283167672,12201173657,817.48,817.48,817.48,817.48,817.48,6995.12,6995.12,6995.12,6995.12,6995.12,70,70,70,70,70,0.0,0.0,0.0,0.0,0.0,0.0,0.0,0.0,0.0,0.0,0.0,0.0,0.0,0.0,0.0,0.0,0.0,1.0,1.0,1.0,1.0,1.0,1.0,1.0,1.0,1.0
48,2026-01-15 13:00:00+00:00,2026-01-15 18:30:00+05:30,Evening Peak,1,293453627,3706277194,440.4,440.4,440.4,440.4,440.4,2914.59,2914.59,2914.59,2914.59,2914.59,35,35,35,35,35,0.0,0.0,0.0,0.0,0.0,0.0,0.0,0.0,0.0,0.0,0.0,0.0,0.0,0.0,0.0,0.0,0.0,1.0,1.0,1.0,1.0,1.0,1.0,1.0,1.0,1.0
49,2026-01-15 13:00:00+00:00,2026-01-15 18:30:00+05:30,Evening Peak,1,2443937217,4620986372,1063.75,1063.75,1063.75,1063.75,1063.75,10616.7,10616.7,10616.7,10616.7,10616.7,75,75,75,75,75,0.0,0.0,0.0,0.0,0.0,0.0,0.0,0.0,0.0,0.0,0.0,0.0,0.0,0.0,0.0,0.0,0.0,1.0,1.0,1.0,1.0,1.0,1.0,1.0,1.0,1.0
0,2026-01-15 14:00:00+00:00,2026-01-15 19:30:00+05:30,Evening Peak,1,3722327026,2443921849,1203.19,1288.09,1288.09,1288.09,1203.19,10984.73,10981.64,10981.64,10981.64,10984.73,46,74,74,74,46,-84.9,-84.9,-84.9,0.0,-7.0566,-7.0566,-7.0566,0.0,0.0,84.9,84.9,84.9,0.0,0.0,7.0566,7.0566,7.0566,0.6,0.6,0.6,1.0,1.0,0.6,0.6,0.6,1.0
1,2026-01-15 14:00:00+00:00,2026-01-15 19:30:00+05:30,Evening Peak,1,2283167591,293464723,722.9,702.94,702.94,698.75,698.75,5493.14,5284.54,5284.54,5482.36,5482.36,66,61,61,61,61,19.96,19.96,24.15,24.15,2.7612,2.7612,3.3411,3.3411,24.15,4.19,4.19,0.0,0.0,3.4566,0.6,0.6,0.0,0.1759,0.1759,0.233,0.233,0.233,0.5844,0.5844,1.0,1.0
2,2026-01-15 14:00:00+00:00,2026-01-15 19:30:00+05:30,Evening Peak,1,3727013594,2392383587,1479.6,1564.51,1564.51,1564.51,1479.6,14324.92,14321.82,14321.82,14321.82,14324.92,91,119,119,119,91,-84.9,-84.9,-84.9,0.0,-5.7383,-5.7383,-5.7383,0.0,0.0,84.9,84.9,84.9,0.0,0.0,5.7383,5.7383,5.7383,0.75,0.75,0.75,1.0,1.0,0.75,0.75,0.75,1.0
3,2026-01-15 14:00:00+00:00,2026-01-15 19:30:00+05:30,Evening Peak,1,8144958910,5875519688,852.71,822.46,822.46,822.46,822.46,6210.28,6792.17,6792.17,6792.17,6792.17,75,89,89,89,89,30.25,30.25,30.25,30.25,3.5473,3.5473,3.5473,3.5473,30.25,0.0,0.0,0.0,0.0,3.6778,0.0,0.0,0.0,0.2913,0.2913,0.2913,0.2913,0.2913,1.0,1.0,1.0,1.0
4,2026-01-15 14:00:00+00:00,2026-01-15 19:30:00+05:30,Evening Peak,1,8167025447,8166852655,637.23,646.82,631.41,631.41,631.41,6039.21,5963.5,6286.44,6286.44,6286.44,47,55,48,48,48,-9.59,5.83,5.83,5.83,-1.5045,0.9147,0.9147,0.9147,5.83,15.42,0.0,0.0,0.0,0.9231,2.4415,0.0,0.0,0.619,0.3014,0.3014,0.3014,0.3014,0.2561,1.0,1.0,1.0
5,2026-01-15 14:00:00+00:00,2026-01-15 19:30:00+05:30,Evening Peak,1,3725763498,293464962,1069.03,1047.34,1047.34,1047.34,1047.34,9478.38,9044.76,9044.76,9044.76,9044.76,81,76,76,76,76,21.69,21.69,21.69,21.69,2.0293,2.0293,2.0293,2.0293,21.69,0.0,0.0,0.0,0.0,2.0713,0.0,0.0,0.0,0.764,0.764,0.764,0.764,0.764,1.0,1.0,1.0,1.0
6,2026-01-15 14:00:00+00:00,2026-01-15 19:30:00+05:30,Evening Peak,1,2841381812,8182316367,433.37,433.37,433.37,433.37,433.37,3063.87,3063.87,3063.87,3063.87,3063.87,14,14,14,14,14,0.0,0.0,0.0,0.0,0.0,0.0,0.0,0.0,0.0,0.0,0.0,0.0,0.0,0.0,0.0,0.0,0.0,1.0,1.0,1.0,1.0,1.0,1.0,1.0,1.0,1.0
7,2026-01-15 14:00:00+00:00,2026-01-15 19:30:00+05:30,Evening Peak,1,8124118501,293464897,875.74,875.74,875.74,875.74,875.74,6077.63,6077.63,6077.63,6077.63,6077.63,58,58,58,58,58,0.0,0.0,0.0,0.0,0.0,0.0,0.0,0.0,0.0,0.0,0.0,0.0,0.0,0.0,0.0,0.0,0.0,1.0,1.0,1.0,1.0,1.0,1.0,1.0,1.0,1.0
8,2026-01-15 14:00:00+00:00,2026-01-15 19:30:00+05:30,Evening Peak,1,3725657841,6986305647,769.28,769.28,769.28,769.28,769.28,5781.75,5781.75,5781.75,5781.75,5781.75,39,39,39,39,39,0.0,0.0,0.0,0.0,0.0,0.0,0.0,0.0,0.0,0.0,0.0,0.0,0.0,0.0,0.0,0.0,0.0,1.0,1.0,1.0,1.0,1.0,1.0,1.0,1.0,1.0
9,2026-01-15 14:00:00+00:00,2026-01-15 19:30:00+05:30,Evening Peak,1,3725560599,2443937252,1514.36,1609.45,1599.27,1599.27,1514.36,14314.96,14070.46,14311.86,14311.86,14314.96,65,99,93,93,65,-95.08,-84.9,-84.9,0.0,-6.2788,-5.6066,-5.6066,0.0,0.0,95.08,84.9,84.9,0.0,0.0,6.2788,5.6066,5.6066,0.5185,0.6809,0.6809,1.0,1.0,0.5185,0.6809,0.6809,1.0
10,2026-01-15 14:00:00+00:00,2026-01-15 19:30:00+05:30,Evening Peak,1,3706277194,1812432274,686.14,686.14,686.14,686.14,686.14,4881.93,4881.93,4881.93,4881.93,4881.93,46,46,46,46,46,0.0,0.0,0.0,0.0,0.0,0.0,0.0,0.0,0.0,0.0,0.0,0.0,0.0,0.0,0.0,0.0,0.0,1.0,1.0,1.0,1.0,1.0,1.0,1.0,1.0,1.0
11,2026-01-15 14:00:00+00:00,2026-01-15 19:30:00+05:30,Evening Peak,1,4620986372,12194086396,585.38,585.38,585.38,585.38,585.38,4864.5,4864.5,4864.5,4864.5,4864.5,34,34,34,34,34,0.0,0.0,0.0,0.0,0.0,0.0,0.0,0.0,0.0,0.0,0.0,0.0,0.0,0.0,0.0,0.0,0.0,1.0,1.0,1.0,1.0,1.0,1.0,1.0,1.0,1.0
12,2026-01-15 14:00:00+00:00,2026-01-15 19:30:00+05:30,Evening Peak,1,8151182352,4963335999,524.97,524.97,524.97,524.97,524.97,4720.87,4720.87,4720.87,4720.87,4720.87,36,36,36,36,36,0.0,0.0,0.0,0.0,0.0,0.0,0.0,0.0,0.0,0.0,0.0,0.0,0.0,0.0,0.0,0.0,0.0,1.0,1.0,1.0,1.0,1.0,1.0,1.0,1.0,1.0
13,2026-01-15 14:00:00+00:00,2026-01-15 19:30:00+05:30,Evening Peak,1,293458413,8154498107,420.12,420.12,420.12,420.12,420.12,3538.38,3538.38,3538.38,3538.38,3538.38,28,28,28,28,28,0.0,0.0,0.0,0.0,0.0,0.0,0.0,0.0,0.0,0.0,0.0,0.0,0.0,0.0,0.0,0.0,0.0,1.0,1.0,1.0,1.0,1.0,1.0,1.0,1.0,1.0
14,2026-01-15 14:00:00+00:00,2026-01-15 19:30:00+05:30,Evening Peak,1,2962277961,6604456762,872.35,871.7,871.7,871.7,871.7,7941.95,7945.94,7945.94,7945.94,7945.94,70,70,70,70,70,0.65,0.65,0.65,0.65,0.0745,0.0745,0.0745,0.0745,0.65,0.0,0.0,0.0,0.0,0.0745,0.0,0.0,0.0,0.9718,0.9718,0.9718,0.9718,0.9718,1.0,1.0,1.0,1.0
15,2026-01-15 14:00:00+00:00,2026-01-15 19:30:00+05:30,Evening Peak,1,2277412755,8146129661,1899.18,1898.53,1898.53,1898.53,1888.68,18194.35,18198.35,18198.35,18198.35,18361.61,106,106,106,106,126,0.65,0.65,0.65,10.5,0.0342,0.0342,0.0342,0.5529,10.5,9.85,9.85,9.85,0.0,0.556,0.5216,0.5216,0.5216,0.9813,0.9813,0.9813,0.6,0.6,0.6111,0.6111,0.6111,1.0
16,2026-01-15 14:00:00+00:00,2026-01-15 19:30:00+05:30,Evening Peak,1,8153425846,3722327558,763.63,761.01,761.01,761.01,761.01,6194.49,6199.69,6199.69,6199.69,6199.69,53,49,49,49,49,2.62,2.62,2.62,2.62,0.3428,0.3428,0.3428,0.3428,2.62,0.0,0.0,0.0,0.0,0.344,0.0,0.0,0.0,0.4571,0.4571,0.4571,0.4571,0.4571,1.0,1.0,1.0,1.0
17,2026-01-15 14:00:00+00:00,2026-01-15 19:30:00+05:30,Evening Peak,1,4720174514,3725763954,1291.26,1251.53,1251.53,1251.53,1251.53,11155.8,11345.49,11345.49,11345.49,11345.49,100,98,98,98,98,39.73,39.73,39.73,39.73,3.0766,3.0766,3.0766,3.0766,39.73,0.0,0.0,0.0,0.0,3.1743,0.0,0.0,0.0,0.3289,0.3289,0.3289,0.3289,0.3289,1.0,1.0,1.0,1.0
18,2026-01-15 14:00:00+00:00,2026-01-15 19:30:00+05:30,Evening Peak,1,13108436171,4714939571,1213.0,1213.0,1213.0,1213.0,1213.0,11544.53,11544.53,11544.53,11544.53,11544.53,106,106,106,106,106,0.0,0.0,0.0,0.0,0.0,0.0,0.0,0.0,0.0,0.0,0.0,0.0,0.0,0.0,0.0,0.0,0.0,1.0,1.0,1.0,1.0,1.0,1.0,1.0,1.0,1.0
19,2026-01-15 14:00:00+00:00,2026-01-15 19:30:00+05:30,Evening Peak,1,3725764138,8166852625,1049.05,1047.45,1049.05,1049.05,1047.45,8876.62,8833.32,8876.62,8876.62,8833.32,69,71,69,69,71,1.6,0.0,0.0,1.6,0.1526,0.0,0.0,0.1526,1.6,0.0,1.6,1.6,0.0,0.1528,0.0,0.1528,0.1528,0.7073,1.0,1.0,0.7073,0.7073,1.0,0.7073,0.7073,1.0
20,2026-01-15 14:00:00+00:00,2026-01-15 19:30:00+05:30,Evening Peak,1,3719620426,8142092830,668.3,668.3,668.3,668.3,668.3,6520.7,6520.7,6520.7,6520.7,6520.7,70,70,70,70,70,0.0,0.0,0.0,0.0,0.0,0.0,0.0,0.0,0.0,0.0,0.0,0.0,0.0,0.0,0.0,0.0,0.0,1.0,1.0,1.0,1.0,1.0,1.0,1.0,1.0,1.0
21,2026-01-15 14:00:00+00:00,2026-01-15 19:30:00+05:30,Evening Peak,1,8133384806,9833884593,590.45,590.45,590.45,590.45,590.45,5583.79,5583.79,5583.79,5583.79,5583.79,66,66,66,66,66,0.0,0.0,0.0,0.0,0.0,0.0,0.0,0.0,0.0,0.0,0.0,0.0,0.0,0.0,0.0,0.0,0.0,1.0,1.0,1.0,1.0,1.0,1.0,1.0,1.0,1.0
22,2026-01-15 14:00:00+00:00,2026-01-15 19:30:00+05:30,Evening Peak,1,9919058606,8157084568,1429.48,1436.56,1429.48,1429.48,1429.48,13508.84,13361.36,13508.84,13508.84,13508.84,125,123,125,125,125,-7.08,0.0,0.0,0.0,-0.4952,0.0,0.0,0.0,0.0,7.08,0.0,0.0,0.0,0.0,0.4952,0.0,0.0,0.7842,1.0,1.0,1.0,1.0,0.7842,1.0,1.0,1.0
23,2026-01-15 14:00:00+00:00,2026-01-15 19:30:00+05:30,Evening Peak,1,3714709032,10132690705,1683.34,1689.77,1682.69,1682.69,1682.69,15398.95,15255.46,15402.94,15402.94,15402.94,160,158,160,160,160,-6.43,0.65,0.65,0.65,-0.3819,0.0386,0.0386,0.0386,0.65,7.08,0.0,0.0,0.0,0.0386,0.4207,0.0,0.0,0.8171,0.9876,0.9876,0.9876,0.9876,0.8276,1.0,1.0,1.0
24,2026-01-15 14:00:00+00:00,2026-01-15 19:30:00+05:30,Evening Peak,1,3722532375,8127692776,1420.94,1426.27,1411.9,1411.9,1411.9,11360.31,11284.06,11368.81,11368.81,11368.81,98,105,108,108,108,-5.33,9.04,9.04,9.04,-0.3748,0.6362,0.6362,0.6362,9.04,14.37,0.0,0.0,0.0,0.6403,1.0175,0.0,0.0,0.8455,0.8899,0.8899,0.8899,0.8899,0.7603,1.0,1.0,1.0
25,2026-01-15 14:00:00+00:00,2026-01-15 19:30:00+05:30,Evening Peak,1,10254604783,569909799,1571.31,1632.13,1571.31,1571.31,1571.31,15052.73,15102.01,15052.73,15052.73,15052.73,121,130,121,121,121,-60.81,0.0,0.0,0.0,-3.8702,0.0,0.0,0.0,0.0,60.81,0.0,0.0,0.0,0.0,3.8702,0.0,0.0,0.9015,1.0,1.0,1.0,1.0,0.9015,1.0,1.0,1.0
26,2026-01-15 14:00:00+00:00,2026-01-15 19:30:00+05:30,Evening Peak,1,4713176922,4714939512,1313.78,1313.78,1313.78,1313.78,1313.78,9853.31,9853.31,9853.31,9853.31,9853.31,90,90,90,90,90,0.0,0.0,0.0,0.0,0.0,0.0,0.0,0.0,0.0,0.0,0.0,0.0,0.0,0.0,0.0,0.0,0.0,1.0,1.0,1.0,1.0,1.0,1.0,1.0,1.0,1.0
27,2026-01-15 14:00:00+00:00,2026-01-15 19:30:00+05:30,Evening Peak,1,2365788091,10267000474,1206.92,1206.92,1206.92,1206.92,1206.92,8743.08,8743.08,8743.08,8743.08,8743.08,87,87,87,87,87,0.0,0.0,0.0,0.0,0.0,0.0,0.0,0.0,0.0,0.0,0.0,0.0,0.0,0.0,0.0,0.0,0.0,1.0,1.0,1.0,1.0,1.0,1.0,1.0,1.0,1.0
28,2026-01-15 14:00:00+00:00,2026-01-15 19:30:00+05:30,Evening Peak,1,4478448738,6604714345,645.56,645.56,645.56,645.56,645.56,6530.06,6530.06,6530.06,6530.06,6530.06,53,53,53,53,53,0.0,0.0,0.0,0.0,0.0,0.0,0.0,0.0,0.0,0.0,0.0,0.0,0.0,0.0,0.0,0.0,0.0,1.0,1.0,1.0,1.0,1.0,1.0,1.0,1.0,1.0
29,2026-01-15 14:00:00+00:00,2026-01-15 19:30:00+05:30,Evening Peak,1,4721825589,10132690705,1452.08,1458.51,1451.43,1451.43,1451.43,13336.4,13192.91,13340.4,13340.4,13340.4,133,131,133,133,133,-6.43,0.65,0.65,0.65,-0.4428,0.0447,0.0447,0.0447,0.65,7.08,0.0,0.0,0.0,0.0448,0.4877,0.0,0.0,0.7838,0.9851,0.9851,0.9851,0.9851,0.7959,1.0,1.0,1.0
30,2026-01-15 14:00:00+00:00,2026-01-15 19:30:00+05:30,Evening Peak,1,8144960921,293466286,1209.5,1211.94,1209.5,1209.5,1209.5,9293.15,8783.52,9293.15,9293.15,9293.15,109,108,109,109,109,-2.44,0.0,0.0,0.0,-0.2021,0.0,0.0,0.0,0.0,2.44,0.0,0.0,0.0,0.0,0.2021,0.0,0.0,0.4,1.0,1.0,1.0,1.0,0.4,1.0,1.0,1.0
31,2026-01-15 14:00:00+00:00,2026-01-15 19:30:00+05:30,Evening Peak,1,3714708555,4714694214,1101.58,1108.66,1101.58,1101.58,1101.58,8545.75,8398.26,8545.75,8545.75,8545.75,105,103,105,105,105,-7.08,0.0,0.0,0.0,-0.6426,0.0,0.0,0.0,0.0,7.08,0.0,0.0,0.0,0.0,0.6426,0.0,0.0,0.7479,1.0,1.0,1.0,1.0,0.7479,1.0,1.0,1.0
32,2026-01-15 14:00:00+00:00,2026-01-15 19:30:00+05:30,Evening Peak,1,8156864973,2841381812,562.54,562.54,562.54,562.54,562.54,4756.18,4756.18,4756.18,4756.18,4756.18,48,48,48,48,48,0.0,0.0,0.0,0.0,0.0,0.0,0.0,0.0,0.0,0.0,0.0,0.0,0.0,0.0,0.0,0.0,0.0,1.0,1.0,1.0,1.0,1.0,1.0,1.0,1.0,1.0
33,2026-01-15 14:00:00+00:00,2026-01-15 19:30:00+05:30,Evening Peak,1,293466245,3711673309,1659.29,1717.35,1717.35,1717.35,1632.45,14057.26,13354.32,13354.32,13354.32,13357.42,81,128,128,128,100,-58.06,-58.06,-58.06,26.85,-3.4989,-3.4989,-3.4989,1.618,26.85,84.9,84.9,84.9,0.0,1.6446,5.201,5.201,5.201,0.4414,0.4414,0.4414,0.5603,0.5603,0.7674,0.7674,0.7674,1.0
34,2026-01-15 14:00:00+00:00,2026-01-15 19:30:00+05:30,Evening Peak,1,3717989697,3706277268,771.65,771.65,771.65,771.65,771.65,5247.29,5247.29,5247.29,5247.29,5247.29,49,49,49,49,49,0.0,0.0,0.0,0.0,0.0,0.0,0.0,0.0,0.0,0.0,0.0,0.0,0.0,0.0,0.0,0.0,0.0,1.0,1.0,1.0,1.0,1.0,1.0,1.0,1.0,1.0
35,2026-01-15 14:00:00+00:00,2026-01-15 19:30:00+05:30,Evening Peak,1,4643407218,6010327769,1444.63,1444.63,1444.63,1444.63,1444.63,13994.27,13994.27,13994.27,13994.27,13994.27,87,87,87,87,87,0.0,0.0,0.0,0.0,0.0,0.0,0.0,0.0,0.0,0.0,0.0,0.0,0.0,0.0,0.0,0.0,0.0,1.0,1.0,1.0,1.0,1.0,1.0,1.0,1.0,1.0
36,2026-01-15 14:00:00+00:00,2026-01-15 19:30:00+05:30,Evening Peak,1,2392383587,8151563209,900.09,900.09,900.09,900.09,900.09,10548.84,10548.84,10548.84,10548.84,10548.84,34,34,34,34,34,0.0,0.0,0.0,0.0,0.0,0.0,0.0,0.0,0.0,0.0,0.0,0.0,0.0,0.0,0.0,0.0,0.0,1.0,1.0,1.0,1.0,1.0,1.0,1.0,1.0,1.0
37,2026-01-15 14:00:00+00:00,2026-01-15 19:30:00+05:30,Evening Peak,1,3725789278,1051669449,917.71,917.71,917.71,917.71,917.71,7204.89,7204.89,7204.89,7204.89,7204.89,51,51,51,51,51,0.0,0.0,0.0,0.0,0.0,0.0,0.0,0.0,0.0,0.0,0.0,0.0,0.0,0.0,0.0,0.0,0.0,1.0,1.0,1.0,1.0,1.0,1.0,1.0,1.0,1.0
38,2026-01-15 14:00:00+00:00,2026-01-15 19:30:00+05:30,Evening Peak,1,9798857326,3714706440,1168.85,1168.85,1159.81,1159.81,1159.81,9239.2,9239.2,9247.71,9247.71,9247.71,89,89,99,99,99,0.0,9.04,9.04,9.04,0.0,0.7734,0.7734,0.7734,9.04,9.04,0.0,0.0,0.0,0.7795,0.7795,0.0,0.0,1.0,0.88,0.88,0.88,0.88,0.88,1.0,1.0,1.0
39,2026-01-15 14:00:00+00:00,2026-01-15 19:30:00+05:30,Evening Peak,1,12194086396,3184375377,1069.28,1068.63,1068.63,1068.63,1068.63,9557.41,9561.4,9561.4,9561.4,9561.4,92,92,92,92,92,0.65,0.65,0.65,0.65,0.0608,0.0608,0.0608,0.0608,0.65,0.0,0.0,0.0,0.0,0.0608,0.0,0.0,0.0,0.9785,0.9785,0.9785,0.9785,0.9785,1.0,1.0,1.0,1.0
40,2026-01-15 14:00:00+00:00,2026-01-15 19:30:00+05:30,Evening Peak,1,3724383608,6985772815,1458.36,1458.36,1458.36,1458.36,1458.36,9583.44,9583.44,9583.44,9583.44,9583.44,93,93,93,93,93,0.0,0.0,0.0,0.0,0.0,0.0,0.0,0.0,0.0,0.0,0.0,0.0,0.0,0.0,0.0,0.0,0.0,1.0,1.0,1.0,1.0,1.0,1.0,1.0,1.0,1.0
41,2026-01-15 14:00:00+00:00,2026-01-15 19:30:00+05:30,Evening Peak,1,3724390367,569909799,1634.96,1695.78,1634.96,1634.96,1634.96,19733.88,19783.16,19733.88,19733.88,19733.88,49,58,49,49,49,-60.81,0.0,0.0,0.0,-3.7196,0.0,0.0,0.0,0.0,60.81,0.0,0.0,0.0,0.0,3.7196,0.0,0.0,0.7833,1.0,1.0,1.0,1.0,0.7833,1.0,1.0,1.0
42,2026-01-15 14:00:00+00:00,2026-01-15 19:30:00+05:30,Evening Peak,1,9865971847,13108436169,1141.61,1141.61,1141.61,1141.61,1141.61,9746.17,9746.17,9746.17,9746.17,9746.17,64,64,64,64,64,0.0,0.0,0.0,0.0,0.0,0.0,0.0,0.0,0.0,0.0,0.0,0.0,0.0,0.0,0.0,0.0,0.0,1.0,1.0,1.0,1.0,1.0,1.0,1.0,1.0,1.0
43,2026-01-15 14:00:00+00:00,2026-01-15 19:30:00+05:30,Evening Peak,1,3724390901,13957674836,1428.14,1427.49,1427.49,1427.49,1427.49,16038.72,16042.71,16042.71,16042.71,16042.71,83,83,83,83,83,0.65,0.65,0.65,0.65,0.0455,0.0455,0.0455,0.0455,0.65,0.0,0.0,0.0,0.0,0.0455,0.0,0.0,0.0,0.9762,0.9762,0.9762,0.9762,0.9762,1.0,1.0,1.0,1.0
44,2026-01-15 14:00:00+00:00,2026-01-15 19:30:00+05:30,Evening Peak,1,6985772828,10091564873,805.87,805.87,805.87,805.87,805.87,5559.02,5559.02,5559.02,5559.02,5559.02,66,66,66,66,66,0.0,0.0,0.0,0.0,0.0,0.0,0.0,0.0,0.0,0.0,0.0,0.0,0.0,0.0,0.0,0.0,0.0,1.0,1.0,1.0,1.0,1.0,1.0,1.0,1.0,1.0
45,2026-01-15 14:00:00+00:00,2026-01-15 19:30:00+05:30,Evening Peak,1,3716311743,6608882862,926.48,933.56,926.48,926.48,926.48,7544.65,7397.16,7544.65,7544.65,7544.65,77,75,77,77,77,-7.08,0.0,0.0,0.0,-0.7641,0.0,0.0,0.0,0.0,7.08,0.0,0.0,0.0,0.0,0.7641,0.0,0.0,0.6703,1.0,1.0,1.0,1.0,0.6703,1.0,1.0,1.0
46,2026-01-15 14:00:00+00:00,2026-01-15 19:30:00+05:30,Evening Peak,1,3726941715,3724390734,1763.1,1761.2,1761.2,1761.2,1761.2,14335.44,13472.56,13472.56,13472.56,13472.56,131,147,147,147,147,1.9,1.9,1.9,1.9,0.1077,0.1077,0.1077,0.1077,1.9,0.0,0.0,0.0,0.0,0.1078,0.0,0.0,0.0,0.5109,0.5109,0.5109,0.5109,0.5109,1.0,1.0,1.0,1.0
47,2026-01-15 14:00:00+00:00,2026-01-15 19:30:00+05:30,Evening Peak,1,2283167672,12201173657,737.95,737.95,737.95,737.95,737.95,6995.12,6995.12,6995.12,6995.12,6995.12,70,70,70,70,70,0.0,0.0,0.0,0.0,0.0,0.0,0.0,0.0,0.0,0.0,0.0,0.0,0.0,0.0,0.0,0.0,0.0,1.0,1.0,1.0,1.0,1.0,1.0,1.0,1.0,1.0
48,2026-01-15 14:00:00+00:00,2026-01-15 19:30:00+05:30,Evening Peak,1,293453627,3706277194,440.4,440.4,440.4,440.4,440.4,2914.59,2914.59,2914.59,2914.59,2914.59,35,35,35,35,35,0.0,0.0,0.0,0.0,0.0,0.0,0.0,0.0,0.0,0.0,0.0,0.0,0.0,0.0,0.0,0.0,0.0,1.0,1.0,1.0,1.0,1.0,1.0,1.0,1.0,1.0
49,2026-01-15 14:00:00+00:00,2026-01-15 19:30:00+05:30,Evening Peak,1,2443937217,4620986372,1033.74,1033.74,1033.74,1033.74,1033.74,10616.7,10616.7,10616.7,10616.7,10616.7,75,75,75,75,75,0.0,0.0,0.0,0.0,0.0,0.0,0.0,0.0,0.0,0.0,0.0,0.0,0.0,0.0,0.0,0.0,0.0,1.0,1.0,1.0,1.0,1.0,1.0,1.0,1.0,1.0
0,2026-01-15 17:00:00+00:00,2026-01-15 22:30:00+05:30,Off-Peak,0,3722327026,2443921849,1176.44,1176.44,1176.44,1176.44,1176.44,10984.73,10984.73,10984.73,10984.73,10984.73,46,46,46,46,46,0.0,0.0,0.0,0.0,0.0,0.0,0.0,0.0,0.0,0.0,0.0,0.0,0.0,0.0,0.0,0.0,0.0,1.0,1.0,1.0,1.0,1.0,1.0,1.0,1.0,1.0
1,2026-01-15 17:00:00+00:00,2026-01-15 22:30:00+05:30,Off-Peak,0,2283167591,293464723,640.27,620.12,620.12,620.12,620.12,5493.14,5482.36,5482.36,5482.36,5482.36,66,61,61,61,61,20.15,20.15,20.15,20.15,3.147,3.147,3.147,3.147,20.15,0.0,0.0,0.0,0.0,3.2493,0.0,0.0,0.0,0.233,0.233,0.233,0.233,0.233,1.0,1.0,1.0,1.0
2,2026-01-15 17:00:00+00:00,2026-01-15 22:30:00+05:30,Off-Peak,0,3727013594,2392383587,1425.26,1425.26,1425.26,1425.26,1425.26,14324.92,14324.92,14324.92,14324.92,14324.92,91,91,91,91,91,0.0,0.0,0.0,0.0,0.0,0.0,0.0,0.0,0.0,0.0,0.0,0.0,0.0,0.0,0.0,0.0,0.0,1.0,1.0,1.0,1.0,1.0,1.0,1.0,1.0,1.0
3,2026-01-15 17:00:00+00:00,2026-01-15 22:30:00+05:30,Off-Peak,0,8144958910,5875519688,710.52,710.52,710.52,710.52,710.52,6210.28,6210.28,6210.28,6210.28,6210.28,75,75,75,75,75,0.0,0.0,0.0,0.0,0.0,0.0,0.0,0.0,0.0,0.0,0.0,0.0,0.0,0.0,0.0,0.0,0.0,1.0,1.0,1.0,1.0,1.0,1.0,1.0,1.0,1.0
4,2026-01-15 17:00:00+00:00,2026-01-15 22:30:00+05:30,Off-Peak,0,8167025447,8166852655,608.01,605.86,605.86,605.86,605.86,6039.21,6286.44,6286.44,6286.44,6286.44,47,48,48,48,48,2.16,2.16,2.16,2.16,0.3546,0.3546,0.3546,0.3546,2.16,0.0,0.0,0.0,0.0,0.3558,0.0,0.0,0.0,0.3014,0.3014,0.3014,0.3014,0.3014,1.0,1.0,1.0,1.0
5,2026-01-15 17:00:00+00:00,2026-01-15 22:30:00+05:30,Off-Peak,0,3725763498,293464962,952.06,944.36,944.36,944.36,944.36,9478.38,9044.76,9044.76,9044.76,9044.76,81,76,76,76,76,7.7,7.7,7.7,7.7,0.8087,0.8087,0.8087,0.8087,7.7,0.0,0.0,0.0,0.0,0.8153,0.0,0.0,0.0,0.764,0.764,0.764,0.764,0.764,1.0,1.0,1.0,1.0
6,2026-01-15 17:00:00+00:00,2026-01-15 22:30:00+05:30,Off-Peak,0,2841381812,8182316367,433.37,433.37,433.37,433.37,433.37,3063.87,3063.87,3063.87,3063.87,3063.87,14,14,14,14,14,0.0,0.0,0.0,0.0,0.0,0.0,0.0,0.0,0.0,0.0,0.0,0.0,0.0,0.0,0.0,0.0,0.0,1.0,1.0,1.0,1.0,1.0,1.0,1.0,1.0,1.0
7,2026-01-15 17:00:00+00:00,2026-01-15 22:30:00+05:30,Off-Peak,0,8124118501,293464897,846.69,846.69,846.69,846.69,846.69,6077.63,6077.63,6077.63,6077.63,6077.63,58,58,58,58,58,0.0,0.0,0.0,0.0,0.0,0.0,0.0,0.0,0.0,0.0,0.0,0.0,0.0,0.0,0.0,0.0,0.0,1.0,1.0,1.0,1.0,1.0,1.0,1.0,1.0,1.0
8,2026-01-15 17:00:00+00:00,2026-01-15 22:30:00+05:30,Off-Peak,0,3725657841,6986305647,678.05,678.05,678.05,678.05,678.05,5781.75,5781.75,5781.75,5781.75,5781.75,39,39,39,39,39,0.0,0.0,0.0,0.0,0.0,0.0,0.0,0.0,0.0,0.0,0.0,0.0,0.0,0.0,0.0,0.0,0.0,1.0,1.0,1.0,1.0,1.0,1.0,1.0,1.0,1.0
9,2026-01-15 17:00:00+00:00,2026-01-15 22:30:00+05:30,Off-Peak,0,3725560599,2443937252,1496.22,1496.22,1496.22,1496.22,1496.22,14314.96,14314.96,14314.96,14314.96,14314.96,65,65,65,65,65,0.0,0.0,0.0,0.0,0.0,0.0,0.0,0.0,0.0,0.0,0.0,0.0,0.0,0.0,0.0,0.0,0.0,1.0,1.0,1.0,1.0,1.0,1.0,1.0,1.0,1.0
10,2026-01-15 17:00:00+00:00,2026-01-15 22:30:00+05:30,Off-Peak,0,3706277194,1812432274,662.03,662.03,662.03,662.03,662.03,4881.93,4881.93,4881.93,4881.93,4881.93,46,46,46,46,46,0.0,0.0,0.0,0.0,0.0,0.0,0.0,0.0,0.0,0.0,0.0,0.0,0.0,0.0,0.0,0.0,0.0,1.0,1.0,1.0,1.0,1.0,1.0,1.0,1.0,1.0
11,2026-01-15 17:00:00+00:00,2026-01-15 22:30:00+05:30,Off-Peak,0,4620986372,12194086396,577.16,577.16,577.16,577.16,577.16,4864.5,4864.5,4864.5,4864.5,4864.5,34,34,34,34,34,0.0,0.0,0.0,0.0,0.0,0.0,0.0,0.0,0.0,0.0,0.0,0.0,0.0,0.0,0.0,0.0,0.0,1.0,1.0,1.0,1.0,1.0,1.0,1.0,1.0,1.0
12,2026-01-15 17:00:00+00:00,2026-01-15 22:30:00+05:30,Off-Peak,0,8151182352,4963335999,504.81,504.81,504.81,504.81,504.81,4720.87,4720.87,4720.87,4720.87,4720.87,36,36,36,36,36,0.0,0.0,0.0,0.0,0.0,0.0,0.0,0.0,0.0,0.0,0.0,0.0,0.0,0.0,0.0,0.0,0.0,1.0,1.0,1.0,1.0,1.0,1.0,1.0,1.0,1.0
13,2026-01-15 17:00:00+00:00,2026-01-15 22:30:00+05:30,Off-Peak,0,293458413,8154498107,377.99,377.99,377.99,377.99,377.99,3538.38,3538.38,3538.38,3538.38,3538.38,28,28,28,28,28,0.0,0.0,0.0,0.0,0.0,0.0,0.0,0.0,0.0,0.0,0.0,0.0,0.0,0.0,0.0,0.0,0.0,1.0,1.0,1.0,1.0,1.0,1.0,1.0,1.0,1.0
14,2026-01-15 17:00:00+00:00,2026-01-15 22:30:00+05:30,Off-Peak,0,2962277961,6604456762,842.84,842.2,842.2,842.2,842.2,7941.95,7945.94,7945.94,7945.94,7945.94,70,70,70,70,70,0.65,0.65,0.65,0.65,0.0771,0.0771,0.0771,0.0771,0.65,0.0,0.0,0.0,0.0,0.0771,0.0,0.0,0.0,0.9718,0.9718,0.9718,0.9718,0.9718,1.0,1.0,1.0,1.0
15,2026-01-15 17:00:00+00:00,2026-01-15 22:30:00+05:30,Off-Peak,0,2277412755,8146129661,1832.43,1831.78,1831.78,1831.78,1831.78,18194.35,18198.35,18198.35,18198.35,18198.35,106,106,106,106,106,0.65,0.65,0.65,0.65,0.0355,0.0355,0.0355,0.0355,0.65,0.0,0.0,0.0,0.0,0.0355,0.0,0.0,0.0,0.9813,0.9813,0.9813,0.9813,0.9813,1.0,1.0,1.0,1.0
16,2026-01-15 17:00:00+00:00,2026-01-15 22:30:00+05:30,Off-Peak,0,8153425846,3722327558,763.63,761.01,761.01,761.01,761.01,6194.49,6199.69,6199.69,6199.69,6199.69,53,49,49,49,49,2.62,2.62,2.62,2.62,0.3428,0.3428,0.3428,0.3428,2.62,0.0,0.0,0.0,0.0,0.344,0.0,0.0,0.0,0.4571,0.4571,0.4571,0.4571,0.4571,1.0,1.0,1.0,1.0
17,2026-01-15 17:00:00+00:00,2026-01-15 22:30:00+05:30,Off-Peak,0,4720174514,3725763954,1241.42,1220.75,1220.75,1220.75,1220.75,11155.8,11345.49,11345.49,11345.49,11345.49,100,98,98,98,98,20.67,20.67,20.67,20.67,1.6648,1.6648,1.6648,1.6648,20.67,0.0,0.0,0.0,0.0,1.693,0.0,0.0,0.0,0.3289,0.3289,0.3289,0.3289,0.3289,1.0,1.0,1.0,1.0
18,2026-01-15 17:00:00+00:00,2026-01-15 22:30:00+05:30,Off-Peak,0,13108436171,4714939571,1056.76,1056.76,1056.76,1056.76,1056.76,11544.53,11544.53,11544.53,11544.53,11544.53,106,106,106,106,106,0.0,0.0,0.0,0.0,0.0,0.0,0.0,0.0,0.0,0.0,0.0,0.0,0.0,0.0,0.0,0.0,0.0,1.0,1.0,1.0,1.0,1.0,1.0,1.0,1.0,1.0
19,2026-01-15 17:00:00+00:00,2026-01-15 22:30:00+05:30,Off-Peak,0,3725764138,8166852625,980.83,962.81,962.81,962.81,962.81,8876.62,8991.66,8991.66,8991.66,8991.66,69,78,78,78,78,18.01,18.01,18.01,18.01,1.8366,1.8366,1.8366,1.8366,18.01,0.0,0.0,0.0,0.0,1.871,0.0,0.0,0.0,0.3611,0.3611,0.3611,0.3611,0.3611,1.0,1.0,1.0,1.0
20,2026-01-15 17:00:00+00:00,2026-01-15 22:30:00+05:30,Off-Peak,0,3719620426,8142092830,574.76,574.76,574.76,574.76,574.76,6520.7,6520.7,6520.7,6520.7,6520.7,70,70,70,70,70,0.0,0.0,0.0,0.0,0.0,0.0,0.0,0.0,0.0,0.0,0.0,0.0,0.0,0.0,0.0,0.0,0.0,1.0,1.0,1.0,1.0,1.0,1.0,1.0,1.0,1.0
21,2026-01-15 17:00:00+00:00,2026-01-15 22:30:00+05:30,Off-Peak,0,8133384806,9833884593,547.08,547.08,547.08,547.08,547.08,5583.79,5583.79,5583.79,5583.79,5583.79,66,66,66,66,66,0.0,0.0,0.0,0.0,0.0,0.0,0.0,0.0,0.0,0.0,0.0,0.0,0.0,0.0,0.0,0.0,0.0,1.0,1.0,1.0,1.0,1.0,1.0,1.0,1.0,1.0
22,2026-01-15 17:00:00+00:00,2026-01-15 22:30:00+05:30,Off-Peak,0,9919058606,8157084568,1299.61,1299.61,1299.61,1299.61,1299.61,13508.84,13508.84,13508.84,13508.84,13508.84,125,125,125,125,125,0.0,0.0,0.0,0.0,0.0,0.0,0.0,0.0,0.0,0.0,0.0,0.0,0.0,0.0,0.0,0.0,0.0,1.0,1.0,1.0,1.0,1.0,1.0,1.0,1.0,1.0
23,2026-01-15 17:00:00+00:00,2026-01-15 22:30:00+05:30,Off-Peak,0,3714709032,10132690705,1556.14,1555.49,1555.49,1555.49,1555.49,15398.95,15402.94,15402.94,15402.94,15402.94,160,160,160,160,160,0.65,0.65,0.65,0.65,0.0417,0.0417,0.0417,0.0417,0.65,0.0,0.0,0.0,0.0,0.0418,0.0,0.0,0.0,0.9876,0.9876,0.9876,0.9876,0.9876,1.0,1.0,1.0,1.0
24,2026-01-15 17:00:00+00:00,2026-01-15 22:30:00+05:30,Off-Peak,0,3722532375,8127692776,1266.1,1266.1,1260.66,1260.66,1260.66,11360.31,11360.31,11368.81,11368.81,11368.81,98,98,108,108,108,0.0,5.44,5.44,5.44,0.0,0.4298,0.4298,0.4298,5.44,5.44,0.0,0.0,0.0,0.4317,0.4317,0.0,0.0,1.0,0.8899,0.8899,0.8899,0.8899,0.8899,1.0,1.0,1.0
25,2026-01-15 17:00:00+00:00,2026-01-15 22:30:00+05:30,Off-Peak,0,10254604783,569909799,1492.44,1492.44,1492.44,1492.44,1492.44,15052.73,15052.73,15052.73,15052.73,15052.73,121,121,121,121,121,0.0,0.0,0.0,0.0,0.0,0.0,0.0,0.0,0.0,0.0,0.0,0.0,0.0,0.0,0.0,0.0,0.0,1.0,1.0,1.0,1.0,1.0,1.0,1.0,1.0,1.0
26,2026-01-15 17:00:00+00:00,2026-01-15 22:30:00+05:30,Off-Peak,0,4713176922,4714939512,1227.16,1227.16,1227.16,1227.16,1227.16,9853.31,9853.31,9853.31,9853.31,9853.31,90,90,90,90,90,0.0,0.0,0.0,0.0,0.0,0.0,0.0,0.0,0.0,0.0,0.0,0.0,0.0,0.0,0.0,0.0,0.0,1.0,1.0,1.0,1.0,1.0,1.0,1.0,1.0,1.0
27,2026-01-15 17:00:00+00:00,2026-01-15 22:30:00+05:30,Off-Peak,0,2365788091,10267000474,1143.81,1143.81,1143.81,1143.81,1143.81,8743.08,8743.08,8743.08,8743.08,8743.08,87,87,87,87,87,0.0,0.0,0.0,0.0,0.0,0.0,0.0,0.0,0.0,0.0,0.0,0.0,0.0,0.0,0.0,0.0,0.0,1.0,1.0,1.0,1.0,1.0,1.0,1.0,1.0,1.0
28,2026-01-15 17:00:00+00:00,2026-01-15 22:30:00+05:30,Off-Peak,0,4478448738,6604714345,629.23,629.23,629.23,629.23,629.23,6530.06,6530.06,6530.06,6530.06,6530.06,53,53,53,53,53,0.0,0.0,0.0,0.0,0.0,0.0,0.0,0.0,0.0,0.0,0.0,0.0,0.0,0.0,0.0,0.0,0.0,1.0,1.0,1.0,1.0,1.0,1.0,1.0,1.0,1.0
29,2026-01-15 17:00:00+00:00,2026-01-15 22:30:00+05:30,Off-Peak,0,4721825589,10132690705,1349.08,1348.43,1348.43,1348.43,1348.43,13336.4,13340.4,13340.4,13340.4,13340.4,133,133,133,133,133,0.65,0.65,0.65,0.65,0.0482,0.0482,0.0482,0.0482,0.65,0.0,0.0,0.0,0.0,0.0482,0.0,0.0,0.0,0.9851,0.9851,0.9851,0.9851,0.9851,1.0,1.0,1.0,1.0
30,2026-01-15 17:00:00+00:00,2026-01-15 22:30:00+05:30,Off-Peak,0,8144960921,293466286,1068.41,1068.41,1068.41,1068.41,1068.41,9293.15,9293.15,9293.15,9293.15,9293.15,109,109,109,109,109,0.0,0.0,0.0,0.0,0.0,0.0,0.0,0.0,0.0,0.0,0.0,0.0,0.0,0.0,0.0,0.0,0.0,1.0,1.0,1.0,1.0,1.0,1.0,1.0,1.0,1.0
31,2026-01-15 17:00:00+00:00,2026-01-15 22:30:00+05:30,Off-Peak,0,3714708555,4714694214,981.59,981.59,981.59,981.59,981.59,8545.75,8545.75,8545.75,8545.75,8545.75,105,105,105,105,105,0.0,0.0,0.0,0.0,0.0,0.0,0.0,0.0,0.0,0.0,0.0,0.0,0.0,0.0,0.0,0.0,0.0,1.0,1.0,1.0,1.0,1.0,1.0,1.0,1.0,1.0
32,2026-01-15 17:00:00+00:00,2026-01-15 22:30:00+05:30,Off-Peak,0,8156864973,2841381812,540.23,540.23,540.23,540.23,540.23,4756.18,4756.18,4756.18,4756.18,4756.18,48,48,48,48,48,0.0,0.0,0.0,0.0,0.0,0.0,0.0,0.0,0.0,0.0,0.0,0.0,0.0,0.0,0.0,0.0,0.0,1.0,1.0,1.0,1.0,1.0,1.0,1.0,1.0,1.0
33,2026-01-15 17:00:00+00:00,2026-01-15 22:30:00+05:30,Off-Peak,0,293466245,3711673309,1570.29,1573.05,1573.05,1570.29,1570.29,14057.26,13357.42,13357.42,14057.26,14057.26,81,100,100,81,81,-2.76,-2.76,0.0,0.0,-0.1759,-0.1759,0.0,0.0,0.0,2.76,2.76,0.0,0.0,0.0,0.1759,0.1759,0.0,0.5603,0.5603,1.0,1.0,1.0,0.5603,0.5603,1.0,1.0
34,2026-01-15 17:00:00+00:00,2026-01-15 22:30:00+05:30,Off-Peak,0,3717989697,3706277268,739.64,739.64,739.64,739.64,739.64,5247.29,5247.29,5247.29,5247.29,5247.29,49,49,49,49,49,0.0,0.0,0.0,0.0,0.0,0.0,0.0,0.0,0.0,0.0,0.0,0.0,0.0,0.0,0.0,0.0,0.0,1.0,1.0,1.0,1.0,1.0,1.0,1.0,1.0,1.0
35,2026-01-15 17:00:00+00:00,2026-01-15 22:30:00+05:30,Off-Peak,0,4643407218,6010327769,1394.31,1376.97,1376.97,1376.97,1376.97,13994.27,14006.17,14006.17,14006.17,14006.17,87,81,81,81,81,17.34,17.34,17.34,17.34,1.2437,1.2437,1.2437,1.2437,17.34,0.0,0.0,0.0,0.0,1.2593,0.0,0.0,0.0,0.6634,0.6634,0.6634,0.6634,0.6634,1.0,1.0,1.0,1.0
36,2026-01-15 17:00:00+00:00,2026-01-15 22:30:00+05:30,Off-Peak,0,2392383587,8151563209,874.67,874.67,874.67,874.67,874.67,10548.84,10548.84,10548.84,10548.84,10548.84,34,34,34,34,34,0.0,0.0,0.0,0.0,0.0,0.0,0.0,0.0,0.0,0.0,0.0,0.0,0.0,0.0,0.0,0.0,0.0,1.0,1.0,1.0,1.0,1.0,1.0,1.0,1.0,1.0
37,2026-01-15 17:00:00+00:00,2026-01-15 22:30:00+05:30,Off-Peak,0,3725789278,1051669449,808.61,808.61,808.61,808.61,808.61,7204.89,7204.89,7204.89,7204.89,7204.89,51,51,51,51,51,0.0,0.0,0.0,0.0,0.0,0.0,0.0,0.0,0.0,0.0,0.0,0.0,0.0,0.0,0.0,0.0,0.0,1.0,1.0,1.0,1.0,1.0,1.0,1.0,1.0,1.0
38,2026-01-15 17:00:00+00:00,2026-01-15 22:30:00+05:30,Off-Peak,0,9798857326,3714706440,1008.24,1008.24,1002.8,1002.8,1002.8,9239.2,9239.2,9247.71,9247.71,9247.71,89,89,99,99,99,0.0,5.44,5.44,5.44,0.0,0.5397,0.5397,0.5397,5.44,5.44,0.0,0.0,0.0,0.5427,0.5427,0.0,0.0,1.0,0.88,0.88,0.88,0.88,0.88,1.0,1.0,1.0
39,2026-01-15 17:00:00+00:00,2026-01-15 22:30:00+05:30,Off-Peak,0,12194086396,3184375377,1040.88,1040.23,1040.23,1040.23,1040.23,9557.41,9561.4,9561.4,9561.4,9561.4,92,92,92,92,92,0.65,0.65,0.65,0.65,0.0624,0.0624,0.0624,0.0624,0.65,0.0,0.0,0.0,0.0,0.0625,0.0,0.0,0.0,0.9785,0.9785,0.9785,0.9785,0.9785,1.0,1.0,1.0,1.0
40,2026-01-15 17:00:00+00:00,2026-01-15 22:30:00+05:30,Off-Peak,0,3724383608,6985772815,1402.66,1402.66,1402.66,1402.66,1402.66,9583.44,9583.44,9583.44,9583.44,9583.44,93,93,93,93,93,0.0,0.0,0.0,0.0,0.0,0.0,0.0,0.0,0.0,0.0,0.0,0.0,0.0,0.0,0.0,0.0,0.0,1.0,1.0,1.0,1.0,1.0,1.0,1.0,1.0,1.0
41,2026-01-15 17:00:00+00:00,2026-01-15 22:30:00+05:30,Off-Peak,0,3724390367,569909799,1631.98,1631.98,1631.98,1631.98,1631.98,19733.88,19733.88,19733.88,19733.88,19733.88,49,49,49,49,49,0.0,0.0,0.0,0.0,0.0,0.0,0.0,0.0,0.0,0.0,0.0,0.0,0.0,0.0,0.0,0.0,0.0,1.0,1.0,1.0,1.0,1.0,1.0,1.0,1.0,1.0
42,2026-01-15 17:00:00+00:00,2026-01-15 22:30:00+05:30,Off-Peak,0,9865971847,13108436169,1098.79,1081.45,1081.45,1081.45,1081.45,9746.17,9758.07,9758.07,9758.07,9758.07,64,58,58,58,58,17.34,17.34,17.34,17.34,1.5781,1.5781,1.5781,1.5781,17.34,0.0,0.0,0.0,0.0,1.6034,0.0,0.0,0.0,0.5641,0.5641,0.5641,0.5641,0.5641,1.0,1.0,1.0,1.0
43,2026-01-15 17:00:00+00:00,2026-01-15 22:30:00+05:30,Off-Peak,0,3724390901,13957674836,1401.2,1400.55,1400.55,1400.55,1400.55,16038.72,16042.71,16042.71,16042.71,16042.71,83,83,83,83,83,0.65,0.65,0.65,0.65,0.0464,0.0464,0.0464,0.0464,0.65,0.0,0.0,0.0,0.0,0.0464,0.0,0.0,0.0,0.9762,0.9762,0.9762,0.9762,0.9762,1.0,1.0,1.0,1.0
44,2026-01-15 17:00:00+00:00,2026-01-15 22:30:00+05:30,Off-Peak,0,6985772828,10091564873,761.79,761.79,761.79,761.79,761.79,5559.02,5559.02,5559.02,5559.02,5559.02,66,66,66,66,66,0.0,0.0,0.0,0.0,0.0,0.0,0.0,0.0,0.0,0.0,0.0,0.0,0.0,0.0,0.0,0.0,0.0,1.0,1.0,1.0,1.0,1.0,1.0,1.0,1.0,1.0
45,2026-01-15 17:00:00+00:00,2026-01-15 22:30:00+05:30,Off-Peak,0,3716311743,6608882862,845.31,845.31,845.31,845.31,845.31,7544.65,7544.65,7544.65,7544.65,7544.65,77,77,77,77,77,0.0,0.0,0.0,0.0,0.0,0.0,0.0,0.0,0.0,0.0,0.0,0.0,0.0,0.0,0.0,0.0,0.0,1.0,1.0,1.0,1.0,1.0,1.0,1.0,1.0,1.0
46,2026-01-15 17:00:00+00:00,2026-01-15 22:30:00+05:30,Off-Peak,0,3726941715,3724390734,1706.49,1706.49,1706.49,1706.49,1706.49,14335.44,14335.44,14335.44,14335.44,14335.44,131,131,131,131,131,0.0,0.0,0.0,0.0,0.0,0.0,0.0,0.0,0.0,0.0,0.0,0.0,0.0,0.0,0.0,0.0,0.0,1.0,1.0,1.0,1.0,1.0,1.0,1.0,1.0,1.0
47,2026-01-15 17:00:00+00:00,2026-01-15 22:30:00+05:30,Off-Peak,0,2283167672,12201173657,637.38,637.38,637.38,637.38,637.38,6995.12,6995.12,6995.12,6995.12,6995.12,70,70,70,70,70,0.0,0.0,0.0,0.0,0.0,0.0,0.0,0.0,0.0,0.0,0.0,0.0,0.0,0.0,0.0,0.0,0.0,1.0,1.0,1.0,1.0,1.0,1.0,1.0,1.0,1.0
48,2026-01-15 17:00:00+00:00,2026-01-15 22:30:00+05:30,Off-Peak,0,293453627,3706277194,440.4,440.4,440.4,440.4,440.4,2914.59,2914.59,2914.59,2914.59,2914.59,35,35,35,35,35,0.0,0.0,0.0,0.0,0.0,0.0,0.0,0.0,0.0,0.0,0.0,0.0,0.0,0.0,0.0,0.0,0.0,1.0,1.0,1.0,1.0,1.0,1.0,1.0,1.0,1.0
49,2026-01-15 17:00:00+00:00,2026-01-15 22:30:00+05:30,Off-Peak,0,2443937217,4620986372,995.88,995.88,995.88,995.88,995.88,10616.7,10616.7,10616.7,10616.7,10616.7,75,75,75,75,75,0.0,0.0,0.0,0.0,0.0,0.0,0.0,0.0,0.0,0.0,0.0,0.0,0.0,0.0,0.0,0.0,0.0,1.0,1.0,1.0,1.0,1.0,1.0,1.0,1.0,1.0
0,2026-01-15 21:00:00+00:00,2026-01-16 02:30:00+05:30,Off-Peak,0,3722327026,2443921849,1176.44,1176.44,1176.44,1176.44,1176.44,10984.73,10984.73,10984.73,10984.73,10984.73,46,46,46,46,46,0.0,0.0,0.0,0.0,0.0,0.0,0.0,0.0,0.0,0.0,0.0,0.0,0.0,0.0,0.0,0.0,0.0,1.0,1.0,1.0,1.0,1.0,1.0,1.0,1.0,1.0
1,2026-01-15 21:00:00+00:00,2026-01-16 02:30:00+05:30,Off-Peak,0,2283167591,293464723,640.27,620.12,620.12,620.12,620.12,5493.14,5482.36,5482.36,5482.36,5482.36,66,61,61,61,61,20.15,20.15,20.15,20.15,3.147,3.147,3.147,3.147,20.15,0.0,0.0,0.0,0.0,3.2493,0.0,0.0,0.0,0.233,0.233,0.233,0.233,0.233,1.0,1.0,1.0,1.0
2,2026-01-15 21:00:00+00:00,2026-01-16 02:30:00+05:30,Off-Peak,0,3727013594,2392383587,1425.26,1425.26,1425.26,1425.26,1425.26,14324.92,14324.92,14324.92,14324.92,14324.92,91,91,91,91,91,0.0,0.0,0.0,0.0,0.0,0.0,0.0,0.0,0.0,0.0,0.0,0.0,0.0,0.0,0.0,0.0,0.0,1.0,1.0,1.0,1.0,1.0,1.0,1.0,1.0,1.0
3,2026-01-15 21:00:00+00:00,2026-01-16 02:30:00+05:30,Off-Peak,0,8144958910,5875519688,710.52,710.52,710.52,710.52,710.52,6210.28,6210.28,6210.28,6210.28,6210.28,75,75,75,75,75,0.0,0.0,0.0,0.0,0.0,0.0,0.0,0.0,0.0,0.0,0.0,0.0,0.0,0.0,0.0,0.0,0.0,1.0,1.0,1.0,1.0,1.0,1.0,1.0,1.0,1.0
4,2026-01-15 21:00:00+00:00,2026-01-16 02:30:00+05:30,Off-Peak,0,8167025447,8166852655,608.01,605.86,605.86,605.86,605.86,6039.21,6286.44,6286.44,6286.44,6286.44,47,48,48,48,48,2.16,2.16,2.16,2.16,0.3546,0.3546,0.3546,0.3546,2.16,0.0,0.0,0.0,0.0,0.3558,0.0,0.0,0.0,0.3014,0.3014,0.3014,0.3014,0.3014,1.0,1.0,1.0,1.0
5,2026-01-15 21:00:00+00:00,2026-01-16 02:30:00+05:30,Off-Peak,0,3725763498,293464962,952.06,944.36,944.36,944.36,944.36,9478.38,9044.76,9044.76,9044.76,9044.76,81,76,76,76,76,7.7,7.7,7.7,7.7,0.8087,0.8087,0.8087,0.8087,7.7,0.0,0.0,0.0,0.0,0.8153,0.0,0.0,0.0,0.764,0.764,0.764,0.764,0.764,1.0,1.0,1.0,1.0
6,2026-01-15 21:00:00+00:00,2026-01-16 02:30:00+05:30,Off-Peak,0,2841381812,8182316367,433.37,433.37,433.37,433.37,433.37,3063.87,3063.87,3063.87,3063.87,3063.87,14,14,14,14,14,0.0,0.0,0.0,0.0,0.0,0.0,0.0,0.0,0.0,0.0,0.0,0.0,0.0,0.0,0.0,0.0,0.0,1.0,1.0,1.0,1.0,1.0,1.0,1.0,1.0,1.0
7,2026-01-15 21:00:00+00:00,2026-01-16 02:30:00+05:30,Off-Peak,0,8124118501,293464897,846.69,846.69,846.69,846.69,846.69,6077.63,6077.63,6077.63,6077.63,6077.63,58,58,58,58,58,0.0,0.0,0.0,0.0,0.0,0.0,0.0,0.0,0.0,0.0,0.0,0.0,0.0,0.0,0.0,0.0,0.0,1.0,1.0,1.0,1.0,1.0,1.0,1.0,1.0,1.0
8,2026-01-15 21:00:00+00:00,2026-01-16 02:30:00+05:30,Off-Peak,0,3725657841,6986305647,678.05,678.05,678.05,678.05,678.05,5781.75,5781.75,5781.75,5781.75,5781.75,39,39,39,39,39,0.0,0.0,0.0,0.0,0.0,0.0,0.0,0.0,0.0,0.0,0.0,0.0,0.0,0.0,0.0,0.0,0.0,1.0,1.0,1.0,1.0,1.0,1.0,1.0,1.0,1.0
9,2026-01-15 21:00:00+00:00,2026-01-16 02:30:00+05:30,Off-Peak,0,3725560599,2443937252,1496.22,1496.22,1496.22,1496.22,1496.22,14314.96,14314.96,14314.96,14314.96,14314.96,65,65,65,65,65,0.0,0.0,0.0,0.0,0.0,0.0,0.0,0.0,0.0,0.0,0.0,0.0,0.0,0.0,0.0,0.0,0.0,1.0,1.0,1.0,1.0,1.0,1.0,1.0,1.0,1.0
10,2026-01-15 21:00:00+00:00,2026-01-16 02:30:00+05:30,Off-Peak,0,3706277194,1812432274,662.03,662.03,662.03,662.03,662.03,4881.93,4881.93,4881.93,4881.93,4881.93,46,46,46,46,46,0.0,0.0,0.0,0.0,0.0,0.0,0.0,0.0,0.0,0.0,0.0,0.0,0.0,0.0,0.0,0.0,0.0,1.0,1.0,1.0,1.0,1.0,1.0,1.0,1.0,1.0
11,2026-01-15 21:00:00+00:00,2026-01-16 02:30:00+05:30,Off-Peak,0,4620986372,12194086396,577.16,577.16,577.16,577.16,577.16,4864.5,4864.5,4864.5,4864.5,4864.5,34,34,34,34,34,0.0,0.0,0.0,0.0,0.0,0.0,0.0,0.0,0.0,0.0,0.0,0.0,0.0,0.0,0.0,0.0,0.0,1.0,1.0,1.0,1.0,1.0,1.0,1.0,1.0,1.0
12,2026-01-15 21:00:00+00:00,2026-01-16 02:30:00+05:30,Off-Peak,0,8151182352,4963335999,504.81,504.81,504.81,504.81,504.81,4720.87,4720.87,4720.87,4720.87,4720.87,36,36,36,36,36,0.0,0.0,0.0,0.0,0.0,0.0,0.0,0.0,0.0,0.0,0.0,0.0,0.0,0.0,0.0,0.0,0.0,1.0,1.0,1.0,1.0,1.0,1.0,1.0,1.0,1.0
13,2026-01-15 21:00:00+00:00,2026-01-16 02:30:00+05:30,Off-Peak,0,293458413,8154498107,377.99,377.99,377.99,377.99,377.99,3538.38,3538.38,3538.38,3538.38,3538.38,28,28,28,28,28,0.0,0.0,0.0,0.0,0.0,0.0,0.0,0.0,0.0,0.0,0.0,0.0,0.0,0.0,0.0,0.0,0.0,1.0,1.0,1.0,1.0,1.0,1.0,1.0,1.0,1.0
14,2026-01-15 21:00:00+00:00,2026-01-16 02:30:00+05:30,Off-Peak,0,2962277961,6604456762,842.84,842.2,842.2,842.2,842.2,7941.95,7945.94,7945.94,7945.94,7945.94,70,70,70,70,70,0.65,0.65,0.65,0.65,0.0771,0.0771,0.0771,0.0771,0.65,0.0,0.0,0.0,0.0,0.0771,0.0,0.0,0.0,0.9718,0.9718,0.9718,0.9718,0.9718,1.0,1.0,1.0,1.0
15,2026-01-15 21:00:00+00:00,2026-01-16 02:30:00+05:30,Off-Peak,0,2277412755,8146129661,1832.43,1831.78,1831.78,1831.78,1831.78,18194.35,18198.35,18198.35,18198.35,18198.35,106,106,106,106,106,0.65,0.65,0.65,0.65,0.0355,0.0355,0.0355,0.0355,0.65,0.0,0.0,0.0,0.0,0.0355,0.0,0.0,0.0,0.9813,0.9813,0.9813,0.9813,0.9813,1.0,1.0,1.0,1.0
16,2026-01-15 21:00:00+00:00,2026-01-16 02:30:00+05:30,Off-Peak,0,8153425846,3722327558,763.63,761.01,761.01,761.01,761.01,6194.49,6199.69,6199.69,6199.69,6199.69,53,49,49,49,49,2.62,2.62,2.62,2.62,0.3428,0.3428,0.3428,0.3428,2.62,0.0,0.0,0.0,0.0,0.344,0.0,0.0,0.0,0.4571,0.4571,0.4571,0.4571,0.4571,1.0,1.0,1.0,1.0
17,2026-01-15 21:00:00+00:00,2026-01-16 02:30:00+05:30,Off-Peak,0,4720174514,3725763954,1241.42,1220.75,1220.75,1220.75,1220.75,11155.8,11345.49,11345.49,11345.49,11345.49,100,98,98,98,98,20.67,20.67,20.67,20.67,1.6648,1.6648,1.6648,1.6648,20.67,0.0,0.0,0.0,0.0,1.693,0.0,0.0,0.0,0.3289,0.3289,0.3289,0.3289,0.3289,1.0,1.0,1.0,1.0
18,2026-01-15 21:00:00+00:00,2026-01-16 02:30:00+05:30,Off-Peak,0,13108436171,4714939571,1056.76,1056.76,1056.76,1056.76,1056.76,11544.53,11544.53,11544.53,11544.53,11544.53,106,106,106,106,106,0.0,0.0,0.0,0.0,0.0,0.0,0.0,0.0,0.0,0.0,0.0,0.0,0.0,0.0,0.0,0.0,0.0,1.0,1.0,1.0,1.0,1.0,1.0,1.0,1.0,1.0
19,2026-01-15 21:00:00+00:00,2026-01-16 02:30:00+05:30,Off-Peak,0,3725764138,8166852625,980.83,962.81,962.81,962.81,962.81,8876.62,8991.66,8991.66,8991.66,8991.66,69,78,78,78,78,18.01,18.01,18.01,18.01,1.8366,1.8366,1.8366,1.8366,18.01,0.0,0.0,0.0,0.0,1.871,0.0,0.0,0.0,0.3611,0.3611,0.3611,0.3611,0.3611,1.0,1.0,1.0,1.0
20,2026-01-15 21:00:00+00:00,2026-01-16 02:30:00+05:30,Off-Peak,0,3719620426,8142092830,574.76,574.76,574.76,574.76,574.76,6520.7,6520.7,6520.7,6520.7,6520.7,70,70,70,70,70,0.0,0.0,0.0,0.0,0.0,0.0,0.0,0.0,0.0,0.0,0.0,0.0,0.0,0.0,0.0,0.0,0.0,1.0,1.0,1.0,1.0,1.0,1.0,1.0,1.0,1.0
21,2026-01-15 21:00:00+00:00,2026-01-16 02:30:00+05:30,Off-Peak,0,8133384806,9833884593,547.08,547.08,547.08,547.08,547.08,5583.79,5583.79,5583.79,5583.79,5583.79,66,66,66,66,66,0.0,0.0,0.0,0.0,0.0,0.0,0.0,0.0,0.0,0.0,0.0,0.0,0.0,0.0,0.0,0.0,0.0,1.0,1.0,1.0,1.0,1.0,1.0,1.0,1.0,1.0
22,2026-01-15 21:00:00+00:00,2026-01-16 02:30:00+05:30,Off-Peak,0,9919058606,8157084568,1299.61,1299.61,1299.61,1299.61,1299.61,13508.84,13508.84,13508.84,13508.84,13508.84,125,125,125,125,125,0.0,0.0,0.0,0.0,0.0,0.0,0.0,0.0,0.0,0.0,0.0,0.0,0.0,0.0,0.0,0.0,0.0,1.0,1.0,1.0,1.0,1.0,1.0,1.0,1.0,1.0
23,2026-01-15 21:00:00+00:00,2026-01-16 02:30:00+05:30,Off-Peak,0,3714709032,10132690705,1556.14,1555.49,1555.49,1555.49,1555.49,15398.95,15402.94,15402.94,15402.94,15402.94,160,160,160,160,160,0.65,0.65,0.65,0.65,0.0417,0.0417,0.0417,0.0417,0.65,0.0,0.0,0.0,0.0,0.0418,0.0,0.0,0.0,0.9876,0.9876,0.9876,0.9876,0.9876,1.0,1.0,1.0,1.0
24,2026-01-15 21:00:00+00:00,2026-01-16 02:30:00+05:30,Off-Peak,0,3722532375,8127692776,1266.1,1260.66,1260.66,1260.66,1260.66,11360.31,11368.81,11368.81,11368.81,11368.81,98,108,108,108,108,5.44,5.44,5.44,5.44,0.4298,0.4298,0.4298,0.4298,5.44,0.0,0.0,0.0,0.0,0.4317,0.0,0.0,0.0,0.8899,0.8899,0.8899,0.8899,0.8899,1.0,1.0,1.0,1.0
25,2026-01-15 21:00:00+00:00,2026-01-16 02:30:00+05:30,Off-Peak,0,10254604783,569909799,1492.44,1492.44,1492.44,1492.44,1492.44,15052.73,15052.73,15052.73,15052.73,15052.73,121,121,121,121,121,0.0,0.0,0.0,0.0,0.0,0.0,0.0,0.0,0.0,0.0,0.0,0.0,0.0,0.0,0.0,0.0,0.0,1.0,1.0,1.0,1.0,1.0,1.0,1.0,1.0,1.0
26,2026-01-15 21:00:00+00:00,2026-01-16 02:30:00+05:30,Off-Peak,0,4713176922,4714939512,1227.16,1227.16,1227.16,1227.16,1227.16,9853.31,9853.31,9853.31,9853.31,9853.31,90,90,90,90,90,0.0,0.0,0.0,0.0,0.0,0.0,0.0,0.0,0.0,0.0,0.0,0.0,0.0,0.0,0.0,0.0,0.0,1.0,1.0,1.0,1.0,1.0,1.0,1.0,1.0,1.0
27,2026-01-15 21:00:00+00:00,2026-01-16 02:30:00+05:30,Off-Peak,0,2365788091,10267000474,1143.81,1143.81,1143.81,1143.81,1143.81,8743.08,8743.08,8743.08,8743.08,8743.08,87,87,87,87,87,0.0,0.0,0.0,0.0,0.0,0.0,0.0,0.0,0.0,0.0,0.0,0.0,0.0,0.0,0.0,0.0,0.0,1.0,1.0,1.0,1.0,1.0,1.0,1.0,1.0,1.0
28,2026-01-15 21:00:00+00:00,2026-01-16 02:30:00+05:30,Off-Peak,0,4478448738,6604714345,629.23,629.23,629.23,629.23,629.23,6530.06,6530.06,6530.06,6530.06,6530.06,53,53,53,53,53,0.0,0.0,0.0,0.0,0.0,0.0,0.0,0.0,0.0,0.0,0.0,0.0,0.0,0.0,0.0,0.0,0.0,1.0,1.0,1.0,1.0,1.0,1.0,1.0,1.0,1.0
29,2026-01-15 21:00:00+00:00,2026-01-16 02:30:00+05:30,Off-Peak,0,4721825589,10132690705,1349.08,1348.43,1348.43,1348.43,1348.43,13336.4,13340.4,13340.4,13340.4,13340.4,133,133,133,133,133,0.65,0.65,0.65,0.65,0.0482,0.0482,0.0482,0.0482,0.65,0.0,0.0,0.0,0.0,0.0482,0.0,0.0,0.0,0.9851,0.9851,0.9851,0.9851,0.9851,1.0,1.0,1.0,1.0
30,2026-01-15 21:00:00+00:00,2026-01-16 02:30:00+05:30,Off-Peak,0,8144960921,293466286,1068.41,1068.41,1068.41,1068.41,1068.41,9293.15,9293.15,9293.15,9293.15,9293.15,109,109,109,109,109,0.0,0.0,0.0,0.0,0.0,0.0,0.0,0.0,0.0,0.0,0.0,0.0,0.0,0.0,0.0,0.0,0.0,1.0,1.0,1.0,1.0,1.0,1.0,1.0,1.0,1.0
31,2026-01-15 21:00:00+00:00,2026-01-16 02:30:00+05:30,Off-Peak,0,3714708555,4714694214,981.59,981.59,981.59,981.59,981.59,8545.75,8545.75,8545.75,8545.75,8545.75,105,105,105,105,105,0.0,0.0,0.0,0.0,0.0,0.0,0.0,0.0,0.0,0.0,0.0,0.0,0.0,0.0,0.0,0.0,0.0,1.0,1.0,1.0,1.0,1.0,1.0,1.0,1.0,1.0
32,2026-01-15 21:00:00+00:00,2026-01-16 02:30:00+05:30,Off-Peak,0,8156864973,2841381812,540.23,540.23,540.23,540.23,540.23,4756.18,4756.18,4756.18,4756.18,4756.18,48,48,48,48,48,0.0,0.0,0.0,0.0,0.0,0.0,0.0,0.0,0.0,0.0,0.0,0.0,0.0,0.0,0.0,0.0,0.0,1.0,1.0,1.0,1.0,1.0,1.0,1.0,1.0,1.0
33,2026-01-15 21:00:00+00:00,2026-01-16 02:30:00+05:30,Off-Peak,0,293466245,3711673309,1570.29,1570.29,1570.29,1570.29,1570.29,14057.26,14057.26,14057.26,14057.26,14057.26,81,81,81,81,81,0.0,0.0,0.0,0.0,0.0,0.0,0.0,0.0,0.0,0.0,0.0,0.0,0.0,0.0,0.0,0.0,0.0,1.0,1.0,1.0,1.0,1.0,1.0,1.0,1.0,1.0
34,2026-01-15 21:00:00+00:00,2026-01-16 02:30:00+05:30,Off-Peak,0,3717989697,3706277268,739.64,739.64,739.64,739.64,739.64,5247.29,5247.29,5247.29,5247.29,5247.29,49,49,49,49,49,0.0,0.0,0.0,0.0,0.0,0.0,0.0,0.0,0.0,0.0,0.0,0.0,0.0,0.0,0.0,0.0,0.0,1.0,1.0,1.0,1.0,1.0,1.0,1.0,1.0,1.0
35,2026-01-15 21:00:00+00:00,2026-01-16 02:30:00+05:30,Off-Peak,0,4643407218,6010327769,1394.31,1376.97,1376.97,1376.97,1376.97,13994.27,14006.17,14006.17,14006.17,14006.17,87,81,81,81,81,17.34,17.34,17.34,17.34,1.2437,1.2437,1.2437,1.2437,17.34,0.0,0.0,0.0,0.0,1.2593,0.0,0.0,0.0,0.6634,0.6634,0.6634,0.6634,0.6634,1.0,1.0,1.0,1.0
36,2026-01-15 21:00:00+00:00,2026-01-16 02:30:00+05:30,Off-Peak,0,2392383587,8151563209,874.67,874.67,874.67,874.67,874.67,10548.84,10548.84,10548.84,10548.84,10548.84,34,34,34,34,34,0.0,0.0,0.0,0.0,0.0,0.0,0.0,0.0,0.0,0.0,0.0,0.0,0.0,0.0,0.0,0.0,0.0,1.0,1.0,1.0,1.0,1.0,1.0,1.0,1.0,1.0
37,2026-01-15 21:00:00+00:00,2026-01-16 02:30:00+05:30,Off-Peak,0,3725789278,1051669449,808.61,808.61,808.61,808.61,808.61,7204.89,7204.89,7204.89,7204.89,7204.89,51,51,51,51,51,0.0,0.0,0.0,0.0,0.0,0.0,0.0,0.0,0.0,0.0,0.0,0.0,0.0,0.0,0.0,0.0,0.0,1.0,1.0,1.0,1.0,1.0,1.0,1.0,1.0,1.0
38,2026-01-15 21:00:00+00:00,2026-01-16 02:30:00+05:30,Off-Peak,0,9798857326,3714706440,1008.24,1002.8,1002.8,1002.8,1002.8,9239.2,9247.71,9247.71,9247.71,9247.71,89,99,99,99,99,5.44,5.44,5.44,5.44,0.5397,0.5397,0.5397,0.5397,5.44,0.0,0.0,0.0,0.0,0.5427,0.0,0.0,0.0,0.88,0.88,0.88,0.88,0.88,1.0,1.0,1.0,1.0
39,2026-01-15 21:00:00+00:00,2026-01-16 02:30:00+05:30,Off-Peak,0,12194086396,3184375377,1040.88,1040.23,1040.23,1040.23,1040.23,9557.41,9561.4,9561.4,9561.4,9561.4,92,92,92,92,92,0.65,0.65,0.65,0.65,0.0624,0.0624,0.0624,0.0624,0.65,0.0,0.0,0.0,0.0,0.0625,0.0,0.0,0.0,0.9785,0.9785,0.9785,0.9785,0.9785,1.0,1.0,1.0,1.0
40,2026-01-15 21:00:00+00:00,2026-01-16 02:30:00+05:30,Off-Peak,0,3724383608,6985772815,1402.66,1402.66,1402.66,1402.66,1402.66,9583.44,9583.44,9583.44,9583.44,9583.44,93,93,93,93,93,0.0,0.0,0.0,0.0,0.0,0.0,0.0,0.0,0.0,0.0,0.0,0.0,0.0,0.0,0.0,0.0,0.0,1.0,1.0,1.0,1.0,1.0,1.0,1.0,1.0,1.0
41,2026-01-15 21:00:00+00:00,2026-01-16 02:30:00+05:30,Off-Peak,0,3724390367,569909799,1631.98,1631.98,1631.98,1631.98,1631.98,19733.88,19733.88,19733.88,19733.88,19733.88,49,49,49,49,49,0.0,0.0,0.0,0.0,0.0,0.0,0.0,0.0,0.0,0.0,0.0,0.0,0.0,0.0,0.0,0.0,0.0,1.0,1.0,1.0,1.0,1.0,1.0,1.0,1.0,1.0
42,2026-01-15 21:00:00+00:00,2026-01-16 02:30:00+05:30,Off-Peak,0,9865971847,13108436169,1098.79,1081.45,1081.45,1081.45,1081.45,9746.17,9758.07,9758.07,9758.07,9758.07,64,58,58,58,58,17.34,17.34,17.34,17.34,1.5781,1.5781,1.5781,1.5781,17.34,0.0,0.0,0.0,0.0,1.6034,0.0,0.0,0.0,0.5641,0.5641,0.5641,0.5641,0.5641,1.0,1.0,1.0,1.0
43,2026-01-15 21:00:00+00:00,2026-01-16 02:30:00+05:30,Off-Peak,0,3724390901,13957674836,1401.2,1400.55,1400.55,1400.55,1400.55,16038.72,16042.71,16042.71,16042.71,16042.71,83,83,83,83,83,0.65,0.65,0.65,0.65,0.0464,0.0464,0.0464,0.0464,0.65,0.0,0.0,0.0,0.0,0.0464,0.0,0.0,0.0,0.9762,0.9762,0.9762,0.9762,0.9762,1.0,1.0,1.0,1.0
44,2026-01-15 21:00:00+00:00,2026-01-16 02:30:00+05:30,Off-Peak,0,6985772828,10091564873,761.79,761.79,761.79,761.79,761.79,5559.02,5559.02,5559.02,5559.02,5559.02,66,66,66,66,66,0.0,0.0,0.0,0.0,0.0,0.0,0.0,0.0,0.0,0.0,0.0,0.0,0.0,0.0,0.0,0.0,0.0,1.0,1.0,1.0,1.0,1.0,1.0,1.0,1.0,1.0
45,2026-01-15 21:00:00+00:00,2026-01-16 02:30:00+05:30,Off-Peak,0,3716311743,6608882862,845.31,845.31,845.31,845.31,845.31,7544.65,7544.65,7544.65,7544.65,7544.65,77,77,77,77,77,0.0,0.0,0.0,0.0,0.0,0.0,0.0,0.0,0.0,0.0,0.0,0.0,0.0,0.0,0.0,0.0,0.0,1.0,1.0,1.0,1.0,1.0,1.0,1.0,1.0,1.0
46,2026-01-15 21:00:00+00:00,2026-01-16 02:30:00+05:30,Off-Peak,0,3726941715,3724390734,1706.49,1706.49,1706.49,1706.49,1706.49,14335.44,14335.44,14335.44,14335.44,14335.44,131,131,131,131,131,0.0,0.0,0.0,0.0,0.0,0.0,0.0,0.0,0.0,0.0,0.0,0.0,0.0,0.0,0.0,0.0,0.0,1.0,1.0,1.0,1.0,1.0,1.0,1.0,1.0,1.0
47,2026-01-15 21:00:00+00:00,2026-01-16 02:30:00+05:30,Off-Peak,0,2283167672,12201173657,637.38,637.38,637.38,637.38,637.38,6995.12,6995.12,6995.12,6995.12,6995.12,70,70,70,70,70,0.0,0.0,0.0,0.0,0.0,0.0,0.0,0.0,0.0,0.0,0.0,0.0,0.0,0.0,0.0,0.0,0.0,1.0,1.0,1.0,1.0,1.0,1.0,1.0,1.0,1.0
48,2026-01-15 21:00:00+00:00,2026-01-16 02:30:00+05:30,Off-Peak,0,293453627,3706277194,440.4,440.4,440.4,440.4,440.4,2914.59,2914.59,2914.59,2914.59,2914.59,35,35,35,35,35,0.0,0.0,0.0,0.0,0.0,0.0,0.0,0.0,0.0,0.0,0.0,0.0,0.0,0.0,0.0,0.0,0.0,1.0,1.0,1.0,1.0,1.0,1.0,1.0,1.0,1.0
49,2026-01-15 21:00:00+00:00,2026-01-16 02:30:00+05:30,Off-Peak,0,2443937217,4620986372,995.88,995.88,995.88,995.88,995.88,10616.7,10616.7,10616.7,10616.7,10616.7,75,75,75,75,75,0.0,0.0,0.0,0.0,0.0,0.0,0.0,0.0,0.0,0.0,0.0,0.0,0.0,0.0,0.0,0.0,0.0,1.0,1.0,1.0,1.0,1.0,1.0,1.0,1.0,1.0
0,2026-01-16 01:00:00+00:00,2026-01-16 06:30:00+05:30,Off-Peak,0,3722327026,2443921849,1176.44,1176.44,1176.44,1176.44,1176.44,10984.73,10984.73,10984.73,10984.73,10984.73,46,46,46,46,46,0.0,0.0,0.0,0.0,0.0,0.0,0.0,0.0,0.0,0.0,0.0,0.0,0.0,0.0,0.0,0.0,0.0,1.0,1.0,1.0,1.0,1.0,1.0,1.0,1.0,1.0
1,2026-01-16 01:00:00+00:00,2026-01-16 06:30:00+05:30,Off-Peak,0,2283167591,293464723,640.27,620.12,620.12,620.12,620.12,5493.14,5482.36,5482.36,5482.36,5482.36,66,61,61,61,61,20.15,20.15,20.15,20.15,3.147,3.147,3.147,3.147,20.15,0.0,0.0,0.0,0.0,3.2493,0.0,0.0,0.0,0.233,0.233,0.233,0.233,0.233,1.0,1.0,1.0,1.0
2,2026-01-16 01:00:00+00:00,2026-01-16 06:30:00+05:30,Off-Peak,0,3727013594,2392383587,1425.26,1425.26,1425.26,1425.26,1425.26,14324.92,14324.92,14324.92,14324.92,14324.92,91,91,91,91,91,0.0,0.0,0.0,0.0,0.0,0.0,0.0,0.0,0.0,0.0,0.0,0.0,0.0,0.0,0.0,0.0,0.0,1.0,1.0,1.0,1.0,1.0,1.0,1.0,1.0,1.0
3,2026-01-16 01:00:00+00:00,2026-01-16 06:30:00+05:30,Off-Peak,0,8144958910,5875519688,710.52,710.52,710.52,710.52,710.52,6210.28,6210.28,6210.28,6210.28,6210.28,75,75,75,75,75,0.0,0.0,0.0,0.0,0.0,0.0,0.0,0.0,0.0,0.0,0.0,0.0,0.0,0.0,0.0,0.0,0.0,1.0,1.0,1.0,1.0,1.0,1.0,1.0,1.0,1.0
4,2026-01-16 01:00:00+00:00,2026-01-16 06:30:00+05:30,Off-Peak,0,8167025447,8166852655,609.9,605.86,605.86,605.86,605.86,6039.21,6286.44,6286.44,6286.44,6286.44,47,48,48,48,48,4.05,4.05,4.05,4.05,0.6633,0.6633,0.6633,0.6633,4.05,0.0,0.0,0.0,0.0,0.6677,0.0,0.0,0.0,0.3014,0.3014,0.3014,0.3014,0.3014,1.0,1.0,1.0,1.0
5,2026-01-16 01:00:00+00:00,2026-01-16 06:30:00+05:30,Off-Peak,0,3725763498,293464962,952.06,944.36,944.36,944.36,944.36,9478.38,9044.76,9044.76,9044.76,9044.76,81,76,76,76,76,7.7,7.7,7.7,7.7,0.8087,0.8087,0.8087,0.8087,7.7,0.0,0.0,0.0,0.0,0.8153,0.0,0.0,0.0,0.764,0.764,0.764,0.764,0.764,1.0,1.0,1.0,1.0
6,2026-01-16 01:00:00+00:00,2026-01-16 06:30:00+05:30,Off-Peak,0,2841381812,8182316367,433.37,433.37,433.37,433.37,433.37,3063.87,3063.87,3063.87,3063.87,3063.87,14,14,14,14,14,0.0,0.0,0.0,0.0,0.0,0.0,0.0,0.0,0.0,0.0,0.0,0.0,0.0,0.0,0.0,0.0,0.0,1.0,1.0,1.0,1.0,1.0,1.0,1.0,1.0,1.0
7,2026-01-16 01:00:00+00:00,2026-01-16 06:30:00+05:30,Off-Peak,0,8124118501,293464897,846.69,846.69,846.69,846.69,846.69,6077.63,6077.63,6077.63,6077.63,6077.63,58,58,58,58,58,0.0,0.0,0.0,0.0,0.0,0.0,0.0,0.0,0.0,0.0,0.0,0.0,0.0,0.0,0.0,0.0,0.0,1.0,1.0,1.0,1.0,1.0,1.0,1.0,1.0,1.0
8,2026-01-16 01:00:00+00:00,2026-01-16 06:30:00+05:30,Off-Peak,0,3725657841,6986305647,678.05,678.05,678.05,678.05,678.05,5781.75,5781.75,5781.75,5781.75,5781.75,39,39,39,39,39,0.0,0.0,0.0,0.0,0.0,0.0,0.0,0.0,0.0,0.0,0.0,0.0,0.0,0.0,0.0,0.0,0.0,1.0,1.0,1.0,1.0,1.0,1.0,1.0,1.0,1.0
9,2026-01-16 01:00:00+00:00,2026-01-16 06:30:00+05:30,Off-Peak,0,3725560599,2443937252,1496.22,1496.22,1496.22,1496.22,1496.22,14314.96,14314.96,14314.96,14314.96,14314.96,65,65,65,65,65,0.0,0.0,0.0,0.0,0.0,0.0,0.0,0.0,0.0,0.0,0.0,0.0,0.0,0.0,0.0,0.0,0.0,1.0,1.0,1.0,1.0,1.0,1.0,1.0,1.0,1.0
10,2026-01-16 01:00:00+00:00,2026-01-16 06:30:00+05:30,Off-Peak,0,3706277194,1812432274,662.03,662.03,662.03,662.03,662.03,4881.93,4881.93,4881.93,4881.93,4881.93,46,46,46,46,46,0.0,0.0,0.0,0.0,0.0,0.0,0.0,0.0,0.0,0.0,0.0,0.0,0.0,0.0,0.0,0.0,0.0,1.0,1.0,1.0,1.0,1.0,1.0,1.0,1.0,1.0
11,2026-01-16 01:00:00+00:00,2026-01-16 06:30:00+05:30,Off-Peak,0,4620986372,12194086396,577.16,577.16,577.16,577.16,577.16,4864.5,4864.5,4864.5,4864.5,4864.5,34,34,34,34,34,0.0,0.0,0.0,0.0,0.0,0.0,0.0,0.0,0.0,0.0,0.0,0.0,0.0,0.0,0.0,0.0,0.0,1.0,1.0,1.0,1.0,1.0,1.0,1.0,1.0,1.0
12,2026-01-16 01:00:00+00:00,2026-01-16 06:30:00+05:30,Off-Peak,0,8151182352,4963335999,504.81,504.81,504.81,504.81,504.81,4720.87,4720.87,4720.87,4720.87,4720.87,36,36,36,36,36,0.0,0.0,0.0,0.0,0.0,0.0,0.0,0.0,0.0,0.0,0.0,0.0,0.0,0.0,0.0,0.0,0.0,1.0,1.0,1.0,1.0,1.0,1.0,1.0,1.0,1.0
13,2026-01-16 01:00:00+00:00,2026-01-16 06:30:00+05:30,Off-Peak,0,293458413,8154498107,377.99,377.99,377.99,377.99,377.99,3538.38,3538.38,3538.38,3538.38,3538.38,28,28,28,28,28,0.0,0.0,0.0,0.0,0.0,0.0,0.0,0.0,0.0,0.0,0.0,0.0,0.0,0.0,0.0,0.0,0.0,1.0,1.0,1.0,1.0,1.0,1.0,1.0,1.0,1.0
14,2026-01-16 01:00:00+00:00,2026-01-16 06:30:00+05:30,Off-Peak,0,2962277961,6604456762,842.84,842.2,842.2,842.2,842.2,7941.95,7945.94,7945.94,7945.94,7945.94,70,70,70,70,70,0.65,0.65,0.65,0.65,0.0771,0.0771,0.0771,0.0771,0.65,0.0,0.0,0.0,0.0,0.0771,0.0,0.0,0.0,0.9718,0.9718,0.9718,0.9718,0.9718,1.0,1.0,1.0,1.0
15,2026-01-16 01:00:00+00:00,2026-01-16 06:30:00+05:30,Off-Peak,0,2277412755,8146129661,1832.43,1831.78,1831.78,1831.78,1831.78,18194.35,18198.35,18198.35,18198.35,18198.35,106,106,106,106,106,0.65,0.65,0.65,0.65,0.0355,0.0355,0.0355,0.0355,0.65,0.0,0.0,0.0,0.0,0.0355,0.0,0.0,0.0,0.9813,0.9813,0.9813,0.9813,0.9813,1.0,1.0,1.0,1.0
16,2026-01-16 01:00:00+00:00,2026-01-16 06:30:00+05:30,Off-Peak,0,8153425846,3722327558,763.63,761.01,761.01,761.01,761.01,6194.49,6199.69,6199.69,6199.69,6199.69,53,49,49,49,49,2.62,2.62,2.62,2.62,0.3428,0.3428,0.3428,0.3428,2.62,0.0,0.0,0.0,0.0,0.344,0.0,0.0,0.0,0.4571,0.4571,0.4571,0.4571,0.4571,1.0,1.0,1.0,1.0
17,2026-01-16 01:00:00+00:00,2026-01-16 06:30:00+05:30,Off-Peak,0,4720174514,3725763954,1241.42,1220.75,1220.75,1220.75,1220.75,11155.8,11345.49,11345.49,11345.49,11345.49,100,98,98,98,98,20.67,20.67,20.67,20.67,1.6648,1.6648,1.6648,1.6648,20.67,0.0,0.0,0.0,0.0,1.693,0.0,0.0,0.0,0.3289,0.3289,0.3289,0.3289,0.3289,1.0,1.0,1.0,1.0
18,2026-01-16 01:00:00+00:00,2026-01-16 06:30:00+05:30,Off-Peak,0,13108436171,4714939571,1056.76,1056.76,1056.76,1056.76,1056.76,11544.53,11544.53,11544.53,11544.53,11544.53,106,106,106,106,106,0.0,0.0,0.0,0.0,0.0,0.0,0.0,0.0,0.0,0.0,0.0,0.0,0.0,0.0,0.0,0.0,0.0,1.0,1.0,1.0,1.0,1.0,1.0,1.0,1.0,1.0
19,2026-01-16 01:00:00+00:00,2026-01-16 06:30:00+05:30,Off-Peak,0,3725764138,8166852625,980.83,962.81,962.81,962.81,962.81,8876.62,8991.66,8991.66,8991.66,8991.66,69,78,78,78,78,18.01,18.01,18.01,18.01,1.8366,1.8366,1.8366,1.8366,18.01,0.0,0.0,0.0,0.0,1.871,0.0,0.0,0.0,0.3611,0.3611,0.3611,0.3611,0.3611,1.0,1.0,1.0,1.0
20,2026-01-16 01:00:00+00:00,2026-01-16 06:30:00+05:30,Off-Peak,0,3719620426,8142092830,574.76,574.76,574.76,574.76,574.76,6520.7,6520.7,6520.7,6520.7,6520.7,70,70,70,70,70,0.0,0.0,0.0,0.0,0.0,0.0,0.0,0.0,0.0,0.0,0.0,0.0,0.0,0.0,0.0,0.0,0.0,1.0,1.0,1.0,1.0,1.0,1.0,1.0,1.0,1.0
21,2026-01-16 01:00:00+00:00,2026-01-16 06:30:00+05:30,Off-Peak,0,8133384806,9833884593,547.08,547.08,547.08,547.08,547.08,5583.79,5583.79,5583.79,5583.79,5583.79,66,66,66,66,66,0.0,0.0,0.0,0.0,0.0,0.0,0.0,0.0,0.0,0.0,0.0,0.0,0.0,0.0,0.0,0.0,0.0,1.0,1.0,1.0,1.0,1.0,1.0,1.0,1.0,1.0
22,2026-01-16 01:00:00+00:00,2026-01-16 06:30:00+05:30,Off-Peak,0,9919058606,8157084568,1299.61,1299.61,1299.61,1299.61,1299.61,13508.84,13508.84,13508.84,13508.84,13508.84,125,125,125,125,125,0.0,0.0,0.0,0.0,0.0,0.0,0.0,0.0,0.0,0.0,0.0,0.0,0.0,0.0,0.0,0.0,0.0,1.0,1.0,1.0,1.0,1.0,1.0,1.0,1.0,1.0
23,2026-01-16 01:00:00+00:00,2026-01-16 06:30:00+05:30,Off-Peak,0,3714709032,10132690705,1556.14,1555.49,1555.49,1555.49,1555.49,15398.95,15402.94,15402.94,15402.94,15402.94,160,160,160,160,160,0.65,0.65,0.65,0.65,0.0417,0.0417,0.0417,0.0417,0.65,0.0,0.0,0.0,0.0,0.0418,0.0,0.0,0.0,0.9876,0.9876,0.9876,0.9876,0.9876,1.0,1.0,1.0,1.0
24,2026-01-16 01:00:00+00:00,2026-01-16 06:30:00+05:30,Off-Peak,0,3722532375,8127692776,1266.1,1260.66,1260.66,1260.66,1260.66,11360.31,11368.81,11368.81,11368.81,11368.81,98,108,108,108,108,5.44,5.44,5.44,5.44,0.4298,0.4298,0.4298,0.4298,5.44,0.0,0.0,0.0,0.0,0.4317,0.0,0.0,0.0,0.8899,0.8899,0.8899,0.8899,0.8899,1.0,1.0,1.0,1.0
25,2026-01-16 01:00:00+00:00,2026-01-16 06:30:00+05:30,Off-Peak,0,10254604783,569909799,1492.44,1492.44,1492.44,1492.44,1492.44,15052.73,15052.73,15052.73,15052.73,15052.73,121,121,121,121,121,0.0,0.0,0.0,0.0,0.0,0.0,0.0,0.0,0.0,0.0,0.0,0.0,0.0,0.0,0.0,0.0,0.0,1.0,1.0,1.0,1.0,1.0,1.0,1.0,1.0,1.0
26,2026-01-16 01:00:00+00:00,2026-01-16 06:30:00+05:30,Off-Peak,0,4713176922,4714939512,1227.16,1227.16,1227.16,1227.16,1227.16,9853.31,9853.31,9853.31,9853.31,9853.31,90,90,90,90,90,0.0,0.0,0.0,0.0,0.0,0.0,0.0,0.0,0.0,0.0,0.0,0.0,0.0,0.0,0.0,0.0,0.0,1.0,1.0,1.0,1.0,1.0,1.0,1.0,1.0,1.0
27,2026-01-16 01:00:00+00:00,2026-01-16 06:30:00+05:30,Off-Peak,0,2365788091,10267000474,1143.81,1143.81,1143.81,1143.81,1143.81,8743.08,8743.08,8743.08,8743.08,8743.08,87,87,87,87,87,0.0,0.0,0.0,0.0,0.0,0.0,0.0,0.0,0.0,0.0,0.0,0.0,0.0,0.0,0.0,0.0,0.0,1.0,1.0,1.0,1.0,1.0,1.0,1.0,1.0,1.0
28,2026-01-16 01:00:00+00:00,2026-01-16 06:30:00+05:30,Off-Peak,0,4478448738,6604714345,629.23,629.23,629.23,629.23,629.23,6530.06,6530.06,6530.06,6530.06,6530.06,53,53,53,53,53,0.0,0.0,0.0,0.0,0.0,0.0,0.0,0.0,0.0,0.0,0.0,0.0,0.0,0.0,0.0,0.0,0.0,1.0,1.0,1.0,1.0,1.0,1.0,1.0,1.0,1.0
29,2026-01-16 01:00:00+00:00,2026-01-16 06:30:00+05:30,Off-Peak,0,4721825589,10132690705,1349.08,1348.43,1348.43,1348.43,1348.43,13336.4,13340.4,13340.4,13340.4,13340.4,133,133,133,133,133,0.65,0.65,0.65,0.65,0.0482,0.0482,0.0482,0.0482,0.65,0.0,0.0,0.0,0.0,0.0482,0.0,0.0,0.0,0.9851,0.9851,0.9851,0.9851,0.9851,1.0,1.0,1.0,1.0
30,2026-01-16 01:00:00+00:00,2026-01-16 06:30:00+05:30,Off-Peak,0,8144960921,293466286,1068.41,1068.41,1068.41,1068.41,1068.41,9293.15,9293.15,9293.15,9293.15,9293.15,109,109,109,109,109,0.0,0.0,0.0,0.0,0.0,0.0,0.0,0.0,0.0,0.0,0.0,0.0,0.0,0.0,0.0,0.0,0.0,1.0,1.0,1.0,1.0,1.0,1.0,1.0,1.0,1.0
31,2026-01-16 01:00:00+00:00,2026-01-16 06:30:00+05:30,Off-Peak,0,3714708555,4714694214,981.59,981.59,981.59,981.59,981.59,8545.75,8545.75,8545.75,8545.75,8545.75,105,105,105,105,105,0.0,0.0,0.0,0.0,0.0,0.0,0.0,0.0,0.0,0.0,0.0,0.0,0.0,0.0,0.0,0.0,0.0,1.0,1.0,1.0,1.0,1.0,1.0,1.0,1.0,1.0
32,2026-01-16 01:00:00+00:00,2026-01-16 06:30:00+05:30,Off-Peak,0,8156864973,2841381812,540.23,540.23,540.23,540.23,540.23,4756.18,4756.18,4756.18,4756.18,4756.18,48,48,48,48,48,0.0,0.0,0.0,0.0,0.0,0.0,0.0,0.0,0.0,0.0,0.0,0.0,0.0,0.0,0.0,0.0,0.0,1.0,1.0,1.0,1.0,1.0,1.0,1.0,1.0,1.0
33,2026-01-16 01:00:00+00:00,2026-01-16 06:30:00+05:30,Off-Peak,0,293466245,3711673309,1571.05,1573.05,1573.05,1573.05,1571.05,14057.26,13357.42,13357.42,13357.42,14057.26,81,100,100,100,81,-2.0,-2.0,-2.0,0.0,-0.1276,-0.1276,-0.1276,0.0,0.0,2.0,2.0,2.0,0.0,0.0,0.1276,0.1276,0.1276,0.5603,0.5603,0.5603,1.0,1.0,0.5603,0.5603,0.5603,1.0
34,2026-01-16 01:00:00+00:00,2026-01-16 06:30:00+05:30,Off-Peak,0,3717989697,3706277268,740.39,740.39,740.39,740.39,740.39,5247.29,5247.29,5247.29,5247.29,5247.29,49,49,49,49,49,0.0,0.0,0.0,0.0,0.0,0.0,0.0,0.0,0.0,0.0,0.0,0.0,0.0,0.0,0.0,0.0,0.0,1.0,1.0,1.0,1.0,1.0,1.0,1.0,1.0,1.0
35,2026-01-16 01:00:00+00:00,2026-01-16 06:30:00+05:30,Off-Peak,0,4643407218,6010327769,1394.31,1376.97,1376.97,1376.97,1376.97,13994.27,14006.17,14006.17,14006.17,14006.17,87,81,81,81,81,17.34,17.34,17.34,17.34,1.2437,1.2437,1.2437,1.2437,17.34,0.0,0.0,0.0,0.0,1.2593,0.0,0.0,0.0,0.6634,0.6634,0.6634,0.6634,0.6634,1.0,1.0,1.0,1.0
36,2026-01-16 01:00:00+00:00,2026-01-16 06:30:00+05:30,Off-Peak,0,2392383587,8151563209,874.67,874.67,874.67,874.67,874.67,10548.84,10548.84,10548.84,10548.84,10548.84,34,34,34,34,34,0.0,0.0,0.0,0.0,0.0,0.0,0.0,0.0,0.0,0.0,0.0,0.0,0.0,0.0,0.0,0.0,0.0,1.0,1.0,1.0,1.0,1.0,1.0,1.0,1.0,1.0
37,2026-01-16 01:00:00+00:00,2026-01-16 06:30:00+05:30,Off-Peak,0,3725789278,1051669449,808.61,808.61,808.61,808.61,808.61,7204.89,7204.89,7204.89,7204.89,7204.89,51,51,51,51,51,0.0,0.0,0.0,0.0,0.0,0.0,0.0,0.0,0.0,0.0,0.0,0.0,0.0,0.0,0.0,0.0,0.0,1.0,1.0,1.0,1.0,1.0,1.0,1.0,1.0,1.0
38,2026-01-16 01:00:00+00:00,2026-01-16 06:30:00+05:30,Off-Peak,0,9798857326,3714706440,1008.24,1002.8,1002.8,1002.8,1002.8,9239.2,9247.71,9247.71,9247.71,9247.71,89,99,99,99,99,5.44,5.44,5.44,5.44,0.5397,0.5397,0.5397,0.5397,5.44,0.0,0.0,0.0,0.0,0.5427,0.0,0.0,0.0,0.88,0.88,0.88,0.88,0.88,1.0,1.0,1.0,1.0
39,2026-01-16 01:00:00+00:00,2026-01-16 06:30:00+05:30,Off-Peak,0,12194086396,3184375377,1040.88,1040.23,1040.23,1040.23,1040.23,9557.41,9561.4,9561.4,9561.4,9561.4,92,92,92,92,92,0.65,0.65,0.65,0.65,0.0624,0.0624,0.0624,0.0624,0.65,0.0,0.0,0.0,0.0,0.0625,0.0,0.0,0.0,0.9785,0.9785,0.9785,0.9785,0.9785,1.0,1.0,1.0,1.0
40,2026-01-16 01:00:00+00:00,2026-01-16 06:30:00+05:30,Off-Peak,0,3724383608,6985772815,1402.66,1402.66,1402.66,1402.66,1402.66,9583.44,9583.44,9583.44,9583.44,9583.44,93,93,93,93,93,0.0,0.0,0.0,0.0,0.0,0.0,0.0,0.0,0.0,0.0,0.0,0.0,0.0,0.0,0.0,0.0,0.0,1.0,1.0,1.0,1.0,1.0,1.0,1.0,1.0,1.0
41,2026-01-16 01:00:00+00:00,2026-01-16 06:30:00+05:30,Off-Peak,0,3724390367,569909799,1631.98,1631.98,1631.98,1631.98,1631.98,19733.88,19733.88,19733.88,19733.88,19733.88,49,49,49,49,49,0.0,0.0,0.0,0.0,0.0,0.0,0.0,0.0,0.0,0.0,0.0,0.0,0.0,0.0,0.0,0.0,0.0,1.0,1.0,1.0,1.0,1.0,1.0,1.0,1.0,1.0
42,2026-01-16 01:00:00+00:00,2026-01-16 06:30:00+05:30,Off-Peak,0,9865971847,13108436169,1098.79,1081.45,1081.45,1081.45,1081.45,9746.17,9758.07,9758.07,9758.07,9758.07,64,58,58,58,58,17.34,17.34,17.34,17.34,1.5781,1.5781,1.5781,1.5781,17.34,0.0,0.0,0.0,0.0,1.6034,0.0,0.0,0.0,0.5641,0.5641,0.5641,0.5641,0.5641,1.0,1.0,1.0,1.0
43,2026-01-16 01:00:00+00:00,2026-01-16 06:30:00+05:30,Off-Peak,0,3724390901,13957674836,1401.2,1400.55,1400.55,1400.55,1400.55,16038.72,16042.71,16042.71,16042.71,16042.71,83,83,83,83,83,0.65,0.65,0.65,0.65,0.0464,0.0464,0.0464,0.0464,0.65,0.0,0.0,0.0,0.0,0.0464,0.0,0.0,0.0,0.9762,0.9762,0.9762,0.9762,0.9762,1.0,1.0,1.0,1.0
44,2026-01-16 01:00:00+00:00,2026-01-16 06:30:00+05:30,Off-Peak,0,6985772828,10091564873,761.79,761.79,761.79,761.79,761.79,5559.02,5559.02,5559.02,5559.02,5559.02,66,66,66,66,66,0.0,0.0,0.0,0.0,0.0,0.0,0.0,0.0,0.0,0.0,0.0,0.0,0.0,0.0,0.0,0.0,0.0,1.0,1.0,1.0,1.0,1.0,1.0,1.0,1.0,1.0
45,2026-01-16 01:00:00+00:00,2026-01-16 06:30:00+05:30,Off-Peak,0,3716311743,6608882862,845.31,845.31,845.31,845.31,845.31,7544.65,7544.65,7544.65,7544.65,7544.65,77,77,77,77,77,0.0,0.0,0.0,0.0,0.0,0.0,0.0,0.0,0.0,0.0,0.0,0.0,0.0,0.0,0.0,0.0,0.0,1.0,1.0,1.0,1.0,1.0,1.0,1.0,1.0,1.0
46,2026-01-16 01:00:00+00:00,2026-01-16 06:30:00+05:30,Off-Peak,0,3726941715,3724390734,1706.49,1706.49,1706.49,1706.49,1706.49,14335.44,14335.44,14335.44,14335.44,14335.44,131,131,131,131,131,0.0,0.0,0.0,0.0,0.0,0.0,0.0,0.0,0.0,0.0,0.0,0.0,0.0,0.0,0.0,0.0,0.0,1.0,1.0,1.0,1.0,1.0,1.0,1.0,1.0,1.0
47,2026-01-16 01:00:00+00:00,2026-01-16 06:30:00+05:30,Off-Peak,0,2283167672,12201173657,637.38,637.38,637.38,637.38,637.38,6995.12,6995.12,6995.12,6995.12,6995.12,70,70,70,70,70,0.0,0.0,0.0,0.0,0.0,0.0,0.0,0.0,0.0,0.0,0.0,0.0,0.0,0.0,0.0,0.0,0.0,1.0,1.0,1.0,1.0,1.0,1.0,1.0,1.0,1.0
48,2026-01-16 01:00:00+00:00,2026-01-16 06:30:00+05:30,Off-Peak,0,293453627,3706277194,440.4,440.4,440.4,440.4,440.4,2914.59,2914.59,2914.59,2914.59,2914.59,35,35,35,35,35,0.0,0.0,0.0,0.0,0.0,0.0,0.0,0.0,0.0,0.0,0.0,0.0,0.0,0.0,0.0,0.0,0.0,1.0,1.0,1.0,1.0,1.0,1.0,1.0,1.0,1.0
49,2026-01-16 01:00:00+00:00,2026-01-16 06:30:00+05:30,Off-Peak,0,2443937217,4620986372,995.88,995.88,995.88,995.88,995.88,10616.7,10616.7,10616.7,10616.7,10616.7,75,75,75,75,75,0.0,0.0,0.0,0.0,0.0,0.0,0.0,0.0,0.0,0.0,0.0,0.0,0.0,0.0,0.0,0.0,0.0,1.0,1.0,1.0,1.0,1.0,1.0,1.0,1.0,1.0
0,2026-01-16 04:00:00+00:00,2026-01-16 09:30:00+05:30,Morning Peak,1,3722327026,2443921849,1275.82,1275.82,1275.82,1275.82,1275.82,10984.73,10984.73,10984.73,10984.73,10984.73,46,46,46,46,46,0.0,0.0,0.0,0.0,0.0,0.0,0.0,0.0,0.0,0.0,0.0,0.0,0.0,0.0,0.0,0.0,0.0,1.0,1.0,1.0,1.0,1.0,1.0,1.0,1.0,1.0
1,2026-01-16 04:00:00+00:00,2026-01-16 09:30:00+05:30,Morning Peak,1,2283167591,293464723,701.72,701.72,701.87,701.87,701.72,5493.14,5493.14,5505.84,5505.84,5493.14,66,66,74,74,66,0.0,-0.16,-0.16,0.0,0.0,-0.0223,-0.0223,0.0,0.0,0.0,0.16,0.16,0.0,0.0,0.0,0.0223,0.0223,1.0,0.8667,0.8667,1.0,1.0,1.0,0.8667,0.8667,1.0
2,2026-01-16 04:00:00+00:00,2026-01-16 09:30:00+05:30,Morning Peak,1,3727013594,2392383587,1579.37,1579.37,1579.37,1579.37,1579.37,14324.92,14324.92,14324.92,14324.92,14324.92,91,91,91,91,91,0.0,0.0,0.0,0.0,0.0,0.0,0.0,0.0,0.0,0.0,0.0,0.0,0.0,0.0,0.0,0.0,0.0,1.0,1.0,1.0,1.0,1.0,1.0,1.0,1.0,1.0
3,2026-01-16 04:00:00+00:00,2026-01-16 09:30:00+05:30,Morning Peak,1,8144958910,5875519688,845.9,845.9,845.9,845.9,845.9,6210.28,6210.28,6210.28,6210.28,6210.28,75,75,75,75,75,0.0,0.0,0.0,0.0,0.0,0.0,0.0,0.0,0.0,0.0,0.0,0.0,0.0,0.0,0.0,0.0,0.0,1.0,1.0,1.0,1.0,1.0,1.0,1.0,1.0,1.0
4,2026-01-16 04:00:00+00:00,2026-01-16 09:30:00+05:30,Morning Peak,1,8167025447,8166852655,643.71,643.71,643.71,643.71,643.71,6039.21,6039.21,6039.21,6039.21,6039.21,47,47,47,47,47,0.0,0.0,0.0,0.0,0.0,0.0,0.0,0.0,0.0,0.0,0.0,0.0,0.0,0.0,0.0,0.0,0.0,1.0,1.0,1.0,1.0,1.0,1.0,1.0,1.0,1.0
5,2026-01-16 04:00:00+00:00,2026-01-16 09:30:00+05:30,Morning Peak,1,3725763498,293464962,1093.86,1073.37,1073.37,1073.37,1069.55,9478.38,9044.76,9044.76,9044.76,8961.94,81,76,76,76,77,20.49,20.49,20.49,24.31,1.8731,1.8731,1.8731,2.2225,24.31,3.82,3.82,3.82,0.0,2.273,0.3573,0.3573,0.3573,0.764,0.764,0.764,0.6632,0.6632,0.8659,0.8659,0.8659,1.0
6,2026-01-16 04:00:00+00:00,2026-01-16 09:30:00+05:30,Morning Peak,1,2841381812,8182316367,433.37,433.37,433.37,433.37,433.37,3063.87,3063.87,3063.87,3063.87,3063.87,14,14,14,14,14,0.0,0.0,0.0,0.0,0.0,0.0,0.0,0.0,0.0,0.0,0.0,0.0,0.0,0.0,0.0,0.0,0.0,1.0,1.0,1.0,1.0,1.0,1.0,1.0,1.0,1.0
7,2026-01-16 04:00:00+00:00,2026-01-16 09:30:00+05:30,Morning Peak,1,8124118501,293464897,860.78,860.78,860.78,860.78,860.78,6077.63,6077.63,6077.63,6077.63,6077.63,58,58,58,58,58,0.0,0.0,0.0,0.0,0.0,0.0,0.0,0.0,0.0,0.0,0.0,0.0,0.0,0.0,0.0,0.0,0.0,1.0,1.0,1.0,1.0,1.0,1.0,1.0,1.0,1.0
8,2026-01-16 04:00:00+00:00,2026-01-16 09:30:00+05:30,Morning Peak,1,3725657841,6986305647,766.13,766.13,766.13,766.13,766.13,5781.75,5781.75,5781.75,5781.75,5781.75,39,39,39,39,39,0.0,0.0,0.0,0.0,0.0,0.0,0.0,0.0,0.0,0.0,0.0,0.0,0.0,0.0,0.0,0.0,0.0,1.0,1.0,1.0,1.0,1.0,1.0,1.0,1.0,1.0
9,2026-01-16 04:00:00+00:00,2026-01-16 09:30:00+05:30,Morning Peak,1,3725560599,2443937252,1580.29,1580.29,1580.29,1580.29,1580.29,14314.96,14314.96,14314.96,14314.96,14314.96,65,65,65,65,65,0.0,0.0,0.0,0.0,0.0,0.0,0.0,0.0,0.0,0.0,0.0,0.0,0.0,0.0,0.0,0.0,0.0,1.0,1.0,1.0,1.0,1.0,1.0,1.0,1.0,1.0
10,2026-01-16 04:00:00+00:00,2026-01-16 09:30:00+05:30,Morning Peak,1,3706277194,1812432274,669.88,669.88,669.88,669.88,669.88,4881.93,4881.93,4881.93,4881.93,4881.93,46,46,46,46,46,0.0,0.0,0.0,0.0,0.0,0.0,0.0,0.0,0.0,0.0,0.0,0.0,0.0,0.0,0.0,0.0,0.0,1.0,1.0,1.0,1.0,1.0,1.0,1.0,1.0,1.0
11,2026-01-16 04:00:00+00:00,2026-01-16 09:30:00+05:30,Morning Peak,1,4620986372,12194086396,587.22,587.22,587.22,587.22,587.22,4864.5,4864.5,4864.5,4864.5,4864.5,34,34,34,34,34,0.0,0.0,0.0,0.0,0.0,0.0,0.0,0.0,0.0,0.0,0.0,0.0,0.0,0.0,0.0,0.0,0.0,1.0,1.0,1.0,1.0,1.0,1.0,1.0,1.0,1.0
12,2026-01-16 04:00:00+00:00,2026-01-16 09:30:00+05:30,Morning Peak,1,8151182352,4963335999,528.97,528.97,528.97,528.97,528.97,4720.87,4720.87,4720.87,4720.87,4720.87,36,36,36,36,36,0.0,0.0,0.0,0.0,0.0,0.0,0.0,0.0,0.0,0.0,0.0,0.0,0.0,0.0,0.0,0.0,0.0,1.0,1.0,1.0,1.0,1.0,1.0,1.0,1.0,1.0
13,2026-01-16 04:00:00+00:00,2026-01-16 09:30:00+05:30,Morning Peak,1,293458413,8154498107,438.99,438.99,438.99,438.99,438.99,3538.38,3538.38,3538.38,3538.38,3538.38,28,28,28,28,28,0.0,0.0,0.0,0.0,0.0,0.0,0.0,0.0,0.0,0.0,0.0,0.0,0.0,0.0,0.0,0.0,0.0,1.0,1.0,1.0,1.0,1.0,1.0,1.0,1.0,1.0
14,2026-01-16 04:00:00+00:00,2026-01-16 09:30:00+05:30,Morning Peak,1,2962277961,6604456762,854.45,853.8,853.8,853.8,853.8,7941.95,7945.94,7945.94,7945.94,7945.94,70,70,70,70,70,0.65,0.65,0.65,0.65,0.076,0.076,0.076,0.076,0.65,0.0,0.0,0.0,0.0,0.0761,0.0,0.0,0.0,0.9718,0.9718,0.9718,0.9718,0.9718,1.0,1.0,1.0,1.0
15,2026-01-16 04:00:00+00:00,2026-01-16 09:30:00+05:30,Morning Peak,1,2277412755,8146129661,1938.29,1917.96,1935.27,1935.27,1915.59,18194.35,18361.61,18203.44,18203.44,18366.7,106,126,113,113,133,20.33,3.02,3.02,22.7,1.0487,0.1557,0.1557,1.1709,22.7,2.37,19.68,19.68,0.0,1.1848,0.1236,1.0273,1.0273,0.6,0.9043,0.9043,0.5621,0.5621,0.9328,0.6291,0.6291,1.0
16,2026-01-16 04:00:00+00:00,2026-01-16 09:30:00+05:30,Morning Peak,1,8153425846,3722327558,782.35,781.82,779.45,779.45,779.45,6194.49,6199.69,6204.78,6204.78,6204.78,53,49,56,56,56,0.53,2.9,2.9,2.9,0.0677,0.3703,0.3703,0.3703,2.9,2.37,0.0,0.0,0.0,0.3717,0.3038,0.0,0.0,0.4571,0.473,0.473,0.473,0.473,0.8421,1.0,1.0,1.0
17,2026-01-16 04:00:00+00:00,2026-01-16 09:30:00+05:30,Morning Peak,1,4720174514,3725763954,1295.48,1276.28,1276.28,1276.28,1276.28,11155.8,11345.49,11345.49,11345.49,11345.49,100,98,98,98,98,19.2,19.2,19.2,19.2,1.4821,1.4821,1.4821,1.4821,19.2,0.0,0.0,0.0,0.0,1.5044,0.0,0.0,0.0,0.3289,0.3289,0.3289,0.3289,0.3289,1.0,1.0,1.0,1.0
18,2026-01-16 04:00:00+00:00,2026-01-16 09:30:00+05:30,Morning Peak,1,13108436171,4714939571,1169.11,1169.11,1169.11,1169.11,1169.11,11544.53,11544.53,11544.53,11544.53,11544.53,106,106,106,106,106,0.0,0.0,0.0,0.0,0.0,0.0,0.0,0.0,0.0,0.0,0.0,0.0,0.0,0.0,0.0,0.0,0.0,1.0,1.0,1.0,1.0,1.0,1.0,1.0,1.0,1.0
19,2026-01-16 04:00:00+00:00,2026-01-16 09:30:00+05:30,Morning Peak,1,3725764138,8166852625,1091.41,1145.5,1091.41,1091.41,1090.81,8876.62,8991.66,8876.62,8876.62,8878.94,69,78,69,69,69,-54.09,0.0,0.0,0.6,-4.9561,0.0,0.0,0.0552,0.6,54.69,0.6,0.6,0.0,0.0552,5.014,0.0552,0.0552,0.3611,1.0,1.0,0.7468,0.7468,0.4412,0.7468,0.7468,1.0
20,2026-01-16 04:00:00+00:00,2026-01-16 09:30:00+05:30,Morning Peak,1,3719620426,8142092830,644.21,644.21,644.21,644.21,644.21,6520.7,6520.7,6520.7,6520.7,6520.7,70,70,70,70,70,0.0,0.0,0.0,0.0,0.0,0.0,0.0,0.0,0.0,0.0,0.0,0.0,0.0,0.0,0.0,0.0,0.0,1.0,1.0,1.0,1.0,1.0,1.0,1.0,1.0,1.0
21,2026-01-16 04:00:00+00:00,2026-01-16 09:30:00+05:30,Morning Peak,1,8133384806,9833884593,643.72,643.72,643.72,643.72,643.72,5583.79,5583.79,5583.79,5583.79,5583.79,66,66,66,66,66,0.0,0.0,0.0,0.0,0.0,0.0,0.0,0.0,0.0,0.0,0.0,0.0,0.0,0.0,0.0,0.0,0.0,1.0,1.0,1.0,1.0,1.0,1.0,1.0,1.0,1.0
22,2026-01-16 04:00:00+00:00,2026-01-16 09:30:00+05:30,Morning Peak,1,9919058606,8157084568,1441.22,1441.22,1441.37,1441.37,1441.22,13508.84,13508.84,13521.54,13521.54,13508.84,125,125,133,133,125,0.0,-0.16,-0.16,0.0,0.0,-0.0109,-0.0109,0.0,0.0,0.0,0.16,0.16,0.0,0.0,0.0,0.0109,0.0109,1.0,0.9254,0.9254,1.0,1.0,1.0,0.9254,0.9254,1.0
23,2026-01-16 04:00:00+00:00,2026-01-16 09:30:00+05:30,Morning Peak,1,3714709032,10132690705,1649.15,1648.5,1648.66,1648.66,1648.5,15398.95,15402.94,15415.64,15415.64,15402.94,160,160,168,168,160,0.65,0.49,0.49,0.65,0.0394,0.0299,0.0299,0.0394,0.65,0.0,0.16,0.16,0.0,0.0394,0.0,0.0095,0.0095,0.9876,0.9294,0.9294,0.9876,0.9876,1.0,0.9408,0.9408,1.0
24,2026-01-16 04:00:00+00:00,2026-01-16 09:30:00+05:30,Morning Peak,1,3722532375,8127692776,1361.42,1350.69,1350.69,1350.69,1350.69,11360.31,11368.81,11368.81,11368.81,11368.81,98,108,108,108,108,10.73,10.73,10.73,10.73,0.7882,0.7882,0.7882,0.7882,10.73,0.0,0.0,0.0,0.0,0.7945,0.0,0.0,0.0,0.8899,0.8899,0.8899,0.8899,0.8899,1.0,1.0,1.0,1.0
25,2026-01-16 04:00:00+00:00,2026-01-16 09:30:00+05:30,Morning Peak,1,10254604783,569909799,1650.43,1650.43,1650.43,1650.43,1650.43,15052.73,15052.73,15052.73,15052.73,15052.73,121,121,121,121,121,0.0,0.0,0.0,0.0,0.0,0.0,0.0,0.0,0.0,0.0,0.0,0.0,0.0,0.0,0.0,0.0,0.0,1.0,1.0,1.0,1.0,1.0,1.0,1.0,1.0,1.0
26,2026-01-16 04:00:00+00:00,2026-01-16 09:30:00+05:30,Morning Peak,1,4713176922,4714939512,1284.34,1284.34,1284.34,1284.34,1284.34,9853.31,9853.31,9853.31,9853.31,9853.31,90,90,90,90,90,0.0,0.0,0.0,0.0,0.0,0.0,0.0,0.0,0.0,0.0,0.0,0.0,0.0,0.0,0.0,0.0,0.0,1.0,1.0,1.0,1.0,1.0,1.0,1.0,1.0,1.0
27,2026-01-16 04:00:00+00:00,2026-01-16 09:30:00+05:30,Morning Peak,1,2365788091,10267000474,1196.86,1196.86,1196.86,1196.86,1196.86,8743.08,8743.08,8743.08,8743.08,8743.08,87,87,87,87,87,0.0,0.0,0.0,0.0,0.0,0.0,0.0,0.0,0.0,0.0,0.0,0.0,0.0,0.0,0.0,0.0,0.0,1.0,1.0,1.0,1.0,1.0,1.0,1.0,1.0,1.0
28,2026-01-16 04:00:00+00:00,2026-01-16 09:30:00+05:30,Morning Peak,1,4478448738,6604714345,642.69,642.69,642.69,642.69,642.69,6530.06,6530.06,6530.06,6530.06,6530.06,53,53,53,53,53,0.0,0.0,0.0,0.0,0.0,0.0,0.0,0.0,0.0,0.0,0.0,0.0,0.0,0.0,0.0,0.0,0.0,1.0,1.0,1.0,1.0,1.0,1.0,1.0,1.0,1.0
29,2026-01-16 04:00:00+00:00,2026-01-16 09:30:00+05:30,Morning Peak,1,4721825589,10132690705,1418.13,1417.48,1417.63,1417.63,1417.48,13336.4,13340.4,13353.1,13353.1,13340.4,133,133,141,141,133,0.65,0.49,0.49,0.65,0.0458,0.0348,0.0348,0.0458,0.65,0.0,0.16,0.16,0.0,0.0458,0.0,0.011,0.011,0.9851,0.9161,0.9161,0.9851,0.9851,1.0,0.9296,0.9296,1.0
30,2026-01-16 04:00:00+00:00,2026-01-16 09:30:00+05:30,Morning Peak,1,8144960921,293466286,1180.51,1180.51,1180.67,1180.67,1180.51,9293.15,9293.15,9305.85,9305.85,9293.15,109,109,117,117,109,0.0,-0.16,-0.16,0.0,0.0,-0.0133,-0.0133,0.0,0.0,0.0,0.16,0.16,0.0,0.0,0.0,0.0133,0.0133,1.0,0.9153,0.9153,1.0,1.0,1.0,0.9153,0.9153,1.0
31,2026-01-16 04:00:00+00:00,2026-01-16 09:30:00+05:30,Morning Peak,1,3714708555,4714694214,1042.02,1042.02,1042.18,1042.18,1042.02,8545.75,8545.75,8558.45,8558.45,8545.75,105,105,113,113,105,0.0,-0.16,-0.16,0.0,0.0,-0.015,-0.015,0.0,0.0,0.0,0.16,0.16,0.0,0.0,0.0,0.015,0.015,1.0,0.9123,0.9123,1.0,1.0,1.0,0.9123,0.9123,1.0
32,2026-01-16 04:00:00+00:00,2026-01-16 09:30:00+05:30,Morning Peak,1,8156864973,2841381812,559.3,559.3,559.3,559.3,559.3,4756.18,4756.18,4756.18,4756.18,4756.18,48,48,48,48,48,0.0,0.0,0.0,0.0,0.0,0.0,0.0,0.0,0.0,0.0,0.0,0.0,0.0,0.0,0.0,0.0,0.0,1.0,1.0,1.0,1.0,1.0,1.0,1.0,1.0,1.0
33,2026-01-16 04:00:00+00:00,2026-01-16 09:30:00+05:30,Morning Peak,1,293466245,3711673309,1714.16,1697.25,1697.25,1697.25,1697.25,14057.26,13357.42,13357.42,13357.42,13357.42,81,100,100,100,100,16.91,16.91,16.91,16.91,0.9864,0.9864,0.9864,0.9864,16.91,0.0,0.0,0.0,0.0,0.9962,0.0,0.0,0.0,0.5603,0.5603,0.5603,0.5603,0.5603,1.0,1.0,1.0,1.0
34,2026-01-16 04:00:00+00:00,2026-01-16 09:30:00+05:30,Morning Peak,1,3717989697,3706277268,771.31,771.31,771.31,771.31,771.31,5247.29,5247.29,5247.29,5247.29,5247.29,49,49,49,49,49,0.0,0.0,0.0,0.0,0.0,0.0,0.0,0.0,0.0,0.0,0.0,0.0,0.0,0.0,0.0,0.0,0.0,1.0,1.0,1.0,1.0,1.0,1.0,1.0,1.0,1.0
35,2026-01-16 04:00:00+00:00,2026-01-16 09:30:00+05:30,Morning Peak,1,4643407218,6010327769,1506.6,1547.45,1506.6,1506.6,1506.6,13994.27,14006.17,13994.27,13994.27,13994.27,87,81,87,87,87,-40.85,0.0,0.0,0.0,-2.7116,0.0,0.0,0.0,0.0,40.85,0.0,0.0,0.0,0.0,2.7116,0.0,0.0,0.6634,1.0,1.0,1.0,1.0,0.6634,1.0,1.0,1.0
36,2026-01-16 04:00:00+00:00,2026-01-16 09:30:00+05:30,Morning Peak,1,2392383587,8151563209,880.32,880.32,880.32,880.32,880.32,10548.84,10548.84,10548.84,10548.84,10548.84,34,34,34,34,34,0.0,0.0,0.0,0.0,0.0,0.0,0.0,0.0,0.0,0.0,0.0,0.0,0.0,0.0,0.0,0.0,0.0,1.0,1.0,1.0,1.0,1.0,1.0,1.0,1.0,1.0
37,2026-01-16 04:00:00+00:00,2026-01-16 09:30:00+05:30,Morning Peak,1,3725789278,1051669449,911.42,911.42,911.42,911.42,911.42,7204.89,7204.89,7204.89,7204.89,7204.89,51,51,51,51,51,0.0,0.0,0.0,0.0,0.0,0.0,0.0,0.0,0.0,0.0,0.0,0.0,0.0,0.0,0.0,0.0,0.0,1.0,1.0,1.0,1.0,1.0,1.0,1.0,1.0,1.0
38,2026-01-16 04:00:00+00:00,2026-01-16 09:30:00+05:30,Morning Peak,1,9798857326,3714706440,1145.05,1134.32,1134.32,1134.32,1134.32,9239.2,9247.71,9247.71,9247.71,9247.71,89,99,99,99,99,10.73,10.73,10.73,10.73,0.9372,0.9372,0.9372,0.9372,10.73,0.0,0.0,0.0,0.0,0.946,0.0,0.0,0.0,0.88,0.88,0.88,0.88,0.88,1.0,1.0,1.0,1.0
39,2026-01-16 04:00:00+00:00,2026-01-16 09:30:00+05:30,Morning Peak,1,12194086396,3184375377,1078.87,1078.22,1078.22,1078.22,1078.22,9557.41,9561.4,9561.4,9561.4,9561.4,92,92,92,92,92,0.65,0.65,0.65,0.65,0.0602,0.0602,0.0602,0.0602,0.65,0.0,0.0,0.0,0.0,0.0603,0.0,0.0,0.0,0.9785,0.9785,0.9785,0.9785,0.9785,1.0,1.0,1.0,1.0
40,2026-01-16 04:00:00+00:00,2026-01-16 09:30:00+05:30,Morning Peak,1,3724383608,6985772815,1437.31,1437.31,1437.31,1437.31,1437.31,9583.44,9583.44,9583.44,9583.44,9583.44,93,93,93,93,93,0.0,0.0,0.0,0.0,0.0,0.0,0.0,0.0,0.0,0.0,0.0,0.0,0.0,0.0,0.0,0.0,0.0,1.0,1.0,1.0,1.0,1.0,1.0,1.0,1.0,1.0
41,2026-01-16 04:00:00+00:00,2026-01-16 09:30:00+05:30,Morning Peak,1,3724390367,569909799,1660.49,1660.49,1660.49,1660.49,1660.49,19733.88,19733.88,19733.88,19733.88,19733.88,49,49,49,49,49,0.0,0.0,0.0,0.0,0.0,0.0,0.0,0.0,0.0,0.0,0.0,0.0,0.0,0.0,0.0,0.0,0.0,1.0,1.0,1.0,1.0,1.0,1.0,1.0,1.0,1.0
42,2026-01-16 04:00:00+00:00,2026-01-16 09:30:00+05:30,Morning Peak,1,9865971847,13108436169,1150.06,1190.92,1150.06,1150.06,1150.06,9746.17,9758.07,9746.17,9746.17,9746.17,64,58,64,64,64,-40.85,0.0,0.0,0.0,-3.5522,0.0,0.0,0.0,0.0,40.85,0.0,0.0,0.0,0.0,3.5522,0.0,0.0,0.5641,1.0,1.0,1.0,1.0,0.5641,1.0,1.0,1.0
43,2026-01-16 04:00:00+00:00,2026-01-16 09:30:00+05:30,Morning Peak,1,3724390901,13957674836,1421.35,1420.7,1420.7,1420.7,1420.7,16038.72,16042.71,16042.71,16042.71,16042.71,83,83,83,83,83,0.65,0.65,0.65,0.65,0.0457,0.0457,0.0457,0.0457,0.65,0.0,0.0,0.0,0.0,0.0457,0.0,0.0,0.0,0.9762,0.9762,0.9762,0.9762,0.9762,1.0,1.0,1.0,1.0
44,2026-01-16 04:00:00+00:00,2026-01-16 09:30:00+05:30,Morning Peak,1,6985772828,10091564873,801.54,801.54,801.54,801.54,801.54,5559.02,5559.02,5559.02,5559.02,5559.02,66,66,66,66,66,0.0,0.0,0.0,0.0,0.0,0.0,0.0,0.0,0.0,0.0,0.0,0.0,0.0,0.0,0.0,0.0,0.0,1.0,1.0,1.0,1.0,1.0,1.0,1.0,1.0,1.0
45,2026-01-16 04:00:00+00:00,2026-01-16 09:30:00+05:30,Morning Peak,1,3716311743,6608882862,878.91,878.91,879.07,879.07,878.91,7544.65,7544.65,7557.35,7557.35,7544.65,77,77,85,85,77,0.0,-0.16,-0.16,0.0,0.0,-0.0178,-0.0178,0.0,0.0,0.0,0.16,0.16,0.0,0.0,0.0,0.0178,0.0178,1.0,0.8837,0.8837,1.0,1.0,1.0,0.8837,0.8837,1.0
46,2026-01-16 04:00:00+00:00,2026-01-16 09:30:00+05:30,Morning Peak,1,3726941715,3724390734,1796.79,1796.79,1796.79,1796.79,1796.79,14335.44,14335.44,14335.44,14335.44,14335.44,131,131,131,131,131,0.0,0.0,0.0,0.0,0.0,0.0,0.0,0.0,0.0,0.0,0.0,0.0,0.0,0.0,0.0,0.0,0.0,1.0,1.0,1.0,1.0,1.0,1.0,1.0,1.0,1.0
47,2026-01-16 04:00:00+00:00,2026-01-16 09:30:00+05:30,Morning Peak,1,2283167672,12201173657,704.47,704.47,704.47,704.47,704.47,6995.12,6995.12,6995.12,6995.12,6995.12,70,70,70,70,70,0.0,0.0,0.0,0.0,0.0,0.0,0.0,0.0,0.0,0.0,0.0,0.0,0.0,0.0,0.0,0.0,0.0,1.0,1.0,1.0,1.0,1.0,1.0,1.0,1.0,1.0
48,2026-01-16 04:00:00+00:00,2026-01-16 09:30:00+05:30,Morning Peak,1,293453627,3706277194,440.4,440.4,440.4,440.4,440.4,2914.59,2914.59,2914.59,2914.59,2914.59,35,35,35,35,35,0.0,0.0,0.0,0.0,0.0,0.0,0.0,0.0,0.0,0.0,0.0,0.0,0.0,0.0,0.0,0.0,0.0,1.0,1.0,1.0,1.0,1.0,1.0,1.0,1.0,1.0
49,2026-01-16 04:00:00+00:00,2026-01-16 09:30:00+05:30,Morning Peak,1,2443937217,4620986372,1039.07,1039.07,1039.07,1039.07,1039.07,10616.7,10616.7,10616.7,10616.7,10616.7,75,75,75,75,75,0.0,0.0,0.0,0.0,0.0,0.0,0.0,0.0,0.0,0.0,0.0,0.0,0.0,0.0,0.0,0.0,0.0,1.0,1.0,1.0,1.0,1.0,1.0,1.0,1.0,1.0
0,2026-01-16 05:00:00+00:00,2026-01-16 10:30:00+05:30,Morning Peak,1,3722327026,2443921849,1309.1,1309.1,1300.41,1300.41,1300.41,10984.73,10984.73,10981.64,10981.64,10981.64,46,46,74,74,74,0.0,8.69,8.69,8.69,0.0,0.6639,0.6639,0.6639,8.69,8.69,0.0,0.0,0.0,0.6684,0.6684,0.0,0.0,1.0,0.6,0.6,0.6,0.6,0.6,1.0,1.0,1.0
1,2026-01-16 05:00:00+00:00,2026-01-16 10:30:00+05:30,Morning Peak,1,2283167591,293464723,723.24,723.24,711.61,711.61,704.15,5493.14,5493.14,5505.84,5505.84,5482.36,66,66,74,74,61,0.0,11.63,11.63,19.09,0.0,1.6084,1.6084,2.6389,19.09,19.09,7.45,7.45,0.0,2.7105,2.7105,1.0585,1.0585,1.0,0.8667,0.8667,0.233,0.233,0.233,0.2162,0.2162,1.0
2,2026-01-16 05:00:00+00:00,2026-01-16 10:30:00+05:30,Morning Peak,1,3727013594,2392383587,1604.59,1604.59,1595.9,1595.9,1595.9,14324.92,14324.92,14321.82,14321.82,14321.82,91,91,119,119,119,0.0,8.69,8.69,8.69,0.0,0.5416,0.5416,0.5416,8.69,8.69,0.0,0.0,0.0,0.5446,0.5446,0.0,0.0,1.0,0.75,0.75,0.75,0.75,0.75,1.0,1.0,1.0
3,2026-01-16 05:00:00+00:00,2026-01-16 10:30:00+05:30,Morning Peak,1,8144958910,5875519688,843.46,843.46,843.46,843.46,825.42,6210.28,6210.28,6210.28,6210.28,6792.17,75,75,75,75,89,0.0,0.0,0.0,18.04,0.0,0.0,0.0,2.1386,18.04,18.04,18.04,18.04,0.0,2.1853,2.1853,2.1853,2.1853,1.0,1.0,1.0,0.2913,0.2913,0.2913,0.2913,0.2913,1.0
4,2026-01-16 05:00:00+00:00,2026-01-16 10:30:00+05:30,Morning Peak,1,8167025447,8166852655,648.98,648.98,644.36,644.36,644.36,6039.21,6039.21,6286.44,6286.44,6286.44,47,47,48,48,48,0.0,4.62,4.62,4.62,0.0,0.7115,0.7115,0.7115,4.62,4.62,0.0,0.0,0.0,0.7166,0.7166,0.0,0.0,1.0,0.3014,0.3014,0.3014,0.3014,0.3014,1.0,1.0,1.0
5,2026-01-16 05:00:00+00:00,2026-01-16 10:30:00+05:30,Morning Peak,1,3725763498,293464962,1063.94,1050.94,1043.47,1043.47,1043.47,9478.38,8961.94,9044.76,9044.76,9044.76,81,77,76,76,76,13.0,20.48,20.48,20.48,1.2222,1.9248,1.9248,1.9248,20.48,7.48,0.0,0.0,0.0,1.9626,0.7164,0.0,0.0,0.6632,0.764,0.764,0.764,0.764,0.8659,1.0,1.0,1.0
6,2026-01-16 05:00:00+00:00,2026-01-16 10:30:00+05:30,Morning Peak,1,2841381812,8182316367,433.37,433.37,433.37,433.37,433.37,3063.87,3063.87,3063.87,3063.87,3063.87,14,14,14,14,14,0.0,0.0,0.0,0.0,0.0,0.0,0.0,0.0,0.0,0.0,0.0,0.0,0.0,0.0,0.0,0.0,0.0,1.0,1.0,1.0,1.0,1.0,1.0,1.0,1.0,1.0
7,2026-01-16 05:00:00+00:00,2026-01-16 10:30:00+05:30,Morning Peak,1,8124118501,293464897,869.6,869.6,869.6,869.6,869.6,6077.63,6077.63,6077.63,6077.63,6077.63,58,58,58,58,58,0.0,0.0,0.0,0.0,0.0,0.0,0.0,0.0,0.0,0.0,0.0,0.0,0.0,0.0,0.0,0.0,0.0,1.0,1.0,1.0,1.0,1.0,1.0,1.0,1.0,1.0
8,2026-01-16 05:00:00+00:00,2026-01-16 10:30:00+05:30,Morning Peak,1,3725657841,6986305647,770.48,770.48,770.48,770.48,770.48,5781.75,5781.75,5781.75,5781.75,5781.75,39,39,39,39,39,0.0,0.0,0.0,0.0,0.0,0.0,0.0,0.0,0.0,0.0,0.0,0.0,0.0,0.0,0.0,0.0,0.0,1.0,1.0,1.0,1.0,1.0,1.0,1.0,1.0,1.0
9,2026-01-16 05:00:00+00:00,2026-01-16 10:30:00+05:30,Morning Peak,1,3725560599,2443937252,1620.52,1620.52,1611.82,1611.82,1611.82,14314.96,14314.96,14311.86,14311.86,14311.86,65,65,93,93,93,0.0,8.69,8.69,8.69,0.0,0.5363,0.5363,0.5363,8.69,8.69,0.0,0.0,0.0,0.5392,0.5392,0.0,0.0,1.0,0.6809,0.6809,0.6809,0.6809,0.6809,1.0,1.0,1.0
10,2026-01-16 05:00:00+00:00,2026-01-16 10:30:00+05:30,Morning Peak,1,3706277194,1812432274,681.94,681.94,681.94,681.94,681.94,4881.93,4881.93,4881.93,4881.93,4881.93,46,46,46,46,46,0.0,0.0,0.0,0.0,0.0,0.0,0.0,0.0,0.0,0.0,0.0,0.0,0.0,0.0,0.0,0.0,0.0,1.0,1.0,1.0,1.0,1.0,1.0,1.0,1.0,1.0
11,2026-01-16 05:00:00+00:00,2026-01-16 10:30:00+05:30,Morning Peak,1,4620986372,12194086396,585.52,585.52,585.52,585.52,585.52,4864.5,4864.5,4864.5,4864.5,4864.5,34,34,34,34,34,0.0,0.0,0.0,0.0,0.0,0.0,0.0,0.0,0.0,0.0,0.0,0.0,0.0,0.0,0.0,0.0,0.0,1.0,1.0,1.0,1.0,1.0,1.0,1.0,1.0,1.0
12,2026-01-16 05:00:00+00:00,2026-01-16 10:30:00+05:30,Morning Peak,1,8151182352,4963335999,522.43,522.43,522.43,522.43,522.43,4720.87,4720.87,4720.87,4720.87,4720.87,36,36,36,36,36,0.0,0.0,0.0,0.0,0.0,0.0,0.0,0.0,0.0,0.0,0.0,0.0,0.0,0.0,0.0,0.0,0.0,1.0,1.0,1.0,1.0,1.0,1.0,1.0,1.0,1.0
13,2026-01-16 05:00:00+00:00,2026-01-16 10:30:00+05:30,Morning Peak,1,293458413,8154498107,429.07,429.07,429.07,429.07,429.07,3538.38,3538.38,3538.38,3538.38,3538.38,28,28,28,28,28,0.0,0.0,0.0,0.0,0.0,0.0,0.0,0.0,0.0,0.0,0.0,0.0,0.0,0.0,0.0,0.0,0.0,1.0,1.0,1.0,1.0,1.0,1.0,1.0,1.0,1.0
14,2026-01-16 05:00:00+00:00,2026-01-16 10:30:00+05:30,Morning Peak,1,2962277961,6604456762,842.84,842.2,842.2,842.2,842.2,7941.95,7945.94,7945.94,7945.94,7945.94,70,70,70,70,70,0.65,0.65,0.65,0.65,0.0771,0.0771,0.0771,0.0771,0.65,0.0,0.0,0.0,0.0,0.0771,0.0,0.0,0.0,0.9718,0.9718,0.9718,0.9718,0.9718,1.0,1.0,1.0,1.0
15,2026-01-16 05:00:00+00:00,2026-01-16 10:30:00+05:30,Morning Peak,1,2277412755,8146129661,1874.88,1886.08,1870.87,1870.87,1870.87,18194.35,18366.7,18203.44,18203.44,18203.44,106,133,113,113,113,-11.19,4.01,4.01,4.01,-0.597,0.2138,0.2138,0.2138,4.01,15.2,0.0,0.0,0.0,0.2142,0.8126,0.0,0.0,0.5621,0.9043,0.9043,0.9043,0.9043,0.6291,1.0,1.0,1.0
16,2026-01-16 05:00:00+00:00,2026-01-16 10:30:00+05:30,Morning Peak,1,8153425846,3722327558,785.86,782.08,782.08,782.08,782.08,6194.49,6204.78,6204.78,6204.78,6204.78,53,56,56,56,56,3.78,3.78,3.78,3.78,0.4811,0.4811,0.4811,0.4811,3.78,0.0,0.0,0.0,0.0,0.4834,0.0,0.0,0.0,0.473,0.473,0.473,0.473,0.473,1.0,1.0,1.0,1.0
17,2026-01-16 05:00:00+00:00,2026-01-16 10:30:00+05:30,Morning Peak,1,4720174514,3725763954,1280.05,1248.67,1248.67,1248.67,1248.67,11155.8,11345.49,11345.49,11345.49,11345.49,100,98,98,98,98,31.39,31.39,31.39,31.39,2.452,2.452,2.452,2.452,31.39,0.0,0.0,0.0,0.0,2.5137,0.0,0.0,0.0,0.3289,0.3289,0.3289,0.3289,0.3289,1.0,1.0,1.0,1.0
18,2026-01-16 05:00:00+00:00,2026-01-16 10:30:00+05:30,Morning Peak,1,13108436171,4714939571,1212.02,1212.02,1212.02,1212.02,1212.02,11544.53,11544.53,11544.53,11544.53,11544.53,106,106,106,106,106,0.0,0.0,0.0,0.0,0.0,0.0,0.0,0.0,0.0,0.0,0.0,0.0,0.0,0.0,0.0,0.0,0.0,1.0,1.0,1.0,1.0,1.0,1.0,1.0,1.0,1.0
19,2026-01-16 05:00:00+00:00,2026-01-16 10:30:00+05:30,Morning Peak,1,3725764138,8166852625,1054.72,1055.14,1054.72,1054.72,1054.72,8876.62,8878.94,8876.62,8876.62,8876.62,69,69,69,69,69,-0.42,0.0,0.0,0.0,-0.0394,0.0,0.0,0.0,0.0,0.42,0.0,0.0,0.0,0.0,0.0394,0.0,0.0,0.7468,1.0,1.0,1.0,1.0,0.7468,1.0,1.0,1.0
20,2026-01-16 05:00:00+00:00,2026-01-16 10:30:00+05:30,Morning Peak,1,3719620426,8142092830,673.39,673.39,673.39,673.39,673.39,6520.7,6520.7,6520.7,6520.7,6520.7,70,70,70,70,70,0.0,0.0,0.0,0.0,0.0,0.0,0.0,0.0,0.0,0.0,0.0,0.0,0.0,0.0,0.0,0.0,0.0,1.0,1.0,1.0,1.0,1.0,1.0,1.0,1.0,1.0
21,2026-01-16 05:00:00+00:00,2026-01-16 10:30:00+05:30,Morning Peak,1,8133384806,9833884593,609.71,609.71,609.71,609.71,609.71,5583.79,5583.79,5583.79,5583.79,5583.79,66,66,66,66,66,0.0,0.0,0.0,0.0,0.0,0.0,0.0,0.0,0.0,0.0,0.0,0.0,0.0,0.0,0.0,0.0,0.0,1.0,1.0,1.0,1.0,1.0,1.0,1.0,1.0,1.0
22,2026-01-16 05:00:00+00:00,2026-01-16 10:30:00+05:30,Morning Peak,1,9919058606,8157084568,1437.64,1437.64,1426.01,1426.01,1426.01,13508.84,13508.84,13521.54,13521.54,13521.54,125,125,133,133,133,0.0,11.63,11.63,11.63,0.0,0.8091,0.8091,0.8091,11.63,11.63,0.0,0.0,0.0,0.8157,0.8157,0.0,0.0,1.0,0.9254,0.9254,0.9254,0.9254,0.9254,1.0,1.0,1.0
23,2026-01-16 05:00:00+00:00,2026-01-16 10:30:00+05:30,Morning Peak,1,3714709032,10132690705,1644.43,1643.78,1632.15,1632.15,1632.15,15398.95,15402.94,15415.64,15415.64,15415.64,160,160,168,168,168,0.65,12.28,12.28,12.28,0.0395,0.7469,0.7469,0.7469,12.28,11.63,0.0,0.0,0.0,0.7525,0.7127,0.0,0.0,0.9876,0.9294,0.9294,0.9294,0.9294,0.9408,1.0,1.0,1.0
24,2026-01-16 05:00:00+00:00,2026-01-16 10:30:00+05:30,Morning Peak,1,3722532375,8127692776,1416.56,1396.23,1396.23,1396.23,1396.23,11360.31,11368.81,11368.81,11368.81,11368.81,98,108,108,108,108,20.33,20.33,20.33,20.33,1.4353,1.4353,1.4353,1.4353,20.33,0.0,0.0,0.0,0.0,1.4562,0.0,0.0,0.0,0.8899,0.8899,0.8899,0.8899,0.8899,1.0,1.0,1.0,1.0
25,2026-01-16 05:00:00+00:00,2026-01-16 10:30:00+05:30,Morning Peak,1,10254604783,569909799,1605.61,1605.61,1605.61,1605.61,1605.61,15052.73,15052.73,15052.73,15052.73,15052.73,121,121,121,121,121,0.0,0.0,0.0,0.0,0.0,0.0,0.0,0.0,0.0,0.0,0.0,0.0,0.0,0.0,0.0,0.0,0.0,1.0,1.0,1.0,1.0,1.0,1.0,1.0,1.0,1.0
26,2026-01-16 05:00:00+00:00,2026-01-16 10:30:00+05:30,Morning Peak,1,4713176922,4714939512,1280.35,1280.35,1280.35,1280.35,1280.35,9853.31,9853.31,9853.31,9853.31,9853.31,90,90,90,90,90,0.0,0.0,0.0,0.0,0.0,0.0,0.0,0.0,0.0,0.0,0.0,0.0,0.0,0.0,0.0,0.0,0.0,1.0,1.0,1.0,1.0,1.0,1.0,1.0,1.0,1.0
27,2026-01-16 05:00:00+00:00,2026-01-16 10:30:00+05:30,Morning Peak,1,2365788091,10267000474,1178.83,1178.83,1178.83,1178.83,1178.83,8743.08,8743.08,8743.08,8743.08,8743.08,87,87,87,87,87,0.0,0.0,0.0,0.0,0.0,0.0,0.0,0.0,0.0,0.0,0.0,0.0,0.0,0.0,0.0,0.0,0.0,1.0,1.0,1.0,1.0,1.0,1.0,1.0,1.0,1.0
28,2026-01-16 05:00:00+00:00,2026-01-16 10:30:00+05:30,Morning Peak,1,4478448738,6604714345,638.42,638.42,638.42,638.42,638.42,6530.06,6530.06,6530.06,6530.06,6530.06,53,53,53,53,53,0.0,0.0,0.0,0.0,0.0,0.0,0.0,0.0,0.0,0.0,0.0,0.0,0.0,0.0,0.0,0.0,0.0,1.0,1.0,1.0,1.0,1.0,1.0,1.0,1.0,1.0
29,2026-01-16 05:00:00+00:00,2026-01-16 10:30:00+05:30,Morning Peak,1,4721825589,10132690705,1420.88,1420.23,1408.59,1408.59,1408.59,13336.4,13340.4,13353.1,13353.1,13353.1,133,133,141,141,141,0.65,12.28,12.28,12.28,0.0457,0.8644,0.8644,0.8644,12.28,11.63,0.0,0.0,0.0,0.8719,0.8258,0.0,0.0,0.9851,0.9161,0.9161,0.9161,0.9161,0.9296,1.0,1.0,1.0
30,2026-01-16 05:00:00+00:00,2026-01-16 10:30:00+05:30,Morning Peak,1,8144960921,293466286,1196.59,1196.59,1184.96,1184.96,1184.96,9293.15,9293.15,9305.85,9305.85,9305.85,109,109,117,117,117,0.0,11.63,11.63,11.63,0.0,0.9721,0.9721,0.9721,11.63,11.63,0.0,0.0,0.0,0.9817,0.9817,0.0,0.0,1.0,0.9153,0.9153,0.9153,0.9153,0.9153,1.0,1.0,1.0
31,2026-01-16 05:00:00+00:00,2026-01-16 10:30:00+05:30,Morning Peak,1,3714708555,4714694214,1066.97,1066.97,1055.34,1055.34,1055.34,8545.75,8545.75,8558.45,8558.45,8558.45,105,105,113,113,113,0.0,11.63,11.63,11.63,0.0,1.0902,1.0902,1.0902,11.63,11.63,0.0,0.0,0.0,1.1022,1.1022,0.0,0.0,1.0,0.9123,0.9123,0.9123,0.9123,0.9123,1.0,1.0,1.0
32,2026-01-16 05:00:00+00:00,2026-01-16 10:30:00+05:30,Morning Peak,1,8156864973,2841381812,550.8,550.8,550.8,550.8,550.8,4756.18,4756.18,4756.18,4756.18,4756.18,48,48,48,48,48,0.0,0.0,0.0,0.0,0.0,0.0,0.0,0.0,0.0,0.0,0.0,0.0,0.0,0.0,0.0,0.0,0.0,1.0,1.0,1.0,1.0,1.0,1.0,1.0,1.0,1.0
33,2026-01-16 05:00:00+00:00,2026-01-16 10:30:00+05:30,Morning Peak,1,293466245,3711673309,1725.88,1716.69,1708.0,1708.0,1708.0,14057.26,13357.42,13354.32,13354.32,13354.32,81,100,128,128,128,9.19,17.88,17.88,17.88,0.5324,1.036,1.036,1.036,17.88,8.69,0.0,0.0,0.0,1.0468,0.5089,0.0,0.0,0.5603,0.4414,0.4414,0.4414,0.4414,0.7674,1.0,1.0,1.0
34,2026-01-16 05:00:00+00:00,2026-01-16 10:30:00+05:30,Morning Peak,1,3717989697,3706277268,754.87,754.87,754.87,754.87,754.87,5247.29,5247.29,5247.29,5247.29,5247.29,49,49,49,49,49,0.0,0.0,0.0,0.0,0.0,0.0,0.0,0.0,0.0,0.0,0.0,0.0,0.0,0.0,0.0,0.0,0.0,1.0,1.0,1.0,1.0,1.0,1.0,1.0,1.0,1.0
35,2026-01-16 05:00:00+00:00,2026-01-16 10:30:00+05:30,Morning Peak,1,4643407218,6010327769,1471.66,1471.66,1471.66,1471.66,1471.66,13994.27,13994.27,13994.27,13994.27,13994.27,87,87,87,87,87,0.0,0.0,0.0,0.0,0.0,0.0,0.0,0.0,0.0,0.0,0.0,0.0,0.0,0.0,0.0,0.0,0.0,1.0,1.0,1.0,1.0,1.0,1.0,1.0,1.0,1.0
36,2026-01-16 05:00:00+00:00,2026-01-16 10:30:00+05:30,Morning Peak,1,2392383587,8151563209,887.38,887.38,887.38,887.38,887.38,10548.84,10548.84,10548.84,10548.84,10548.84,34,34,34,34,34,0.0,0.0,0.0,0.0,0.0,0.0,0.0,0.0,0.0,0.0,0.0,0.0,0.0,0.0,0.0,0.0,0.0,1.0,1.0,1.0,1.0,1.0,1.0,1.0,1.0,1.0
37,2026-01-16 05:00:00+00:00,2026-01-16 10:30:00+05:30,Morning Peak,1,3725789278,1051669449,906.62,906.62,906.62,906.62,906.62,7204.89,7204.89,7204.89,7204.89,7204.89,51,51,51,51,51,0.0,0.0,0.0,0.0,0.0,0.0,0.0,0.0,0.0,0.0,0.0,0.0,0.0,0.0,0.0,0.0,0.0,1.0,1.0,1.0,1.0,1.0,1.0,1.0,1.0,1.0
38,2026-01-16 05:00:00+00:00,2026-01-16 10:30:00+05:30,Morning Peak,1,9798857326,3714706440,1182.95,1162.61,1162.61,1162.61,1162.61,9239.2,9247.71,9247.71,9247.71,9247.71,89,99,99,99,99,20.33,20.33,20.33,20.33,1.7187,1.7187,1.7187,1.7187,20.33,0.0,0.0,0.0,0.0,1.7488,0.0,0.0,0.0,0.88,0.88,0.88,0.88,0.88,1.0,1.0,1.0,1.0
39,2026-01-16 05:00:00+00:00,2026-01-16 10:30:00+05:30,Morning Peak,1,12194086396,3184375377,1043.79,1043.14,1043.14,1043.14,1043.14,9557.41,9561.4,9561.4,9561.4,9561.4,92,92,92,92,92,0.65,0.65,0.65,0.65,0.0622,0.0622,0.0622,0.0622,0.65,0.0,0.0,0.0,0.0,0.0623,0.0,0.0,0.0,0.9785,0.9785,0.9785,0.9785,0.9785,1.0,1.0,1.0,1.0
40,2026-01-16 05:00:00+00:00,2026-01-16 10:30:00+05:30,Morning Peak,1,3724383608,6985772815,1424.13,1424.13,1424.13,1424.13,1424.13,9583.44,9583.44,9583.44,9583.44,9583.44,93,93,93,93,93,0.0,0.0,0.0,0.0,0.0,0.0,0.0,0.0,0.0,0.0,0.0,0.0,0.0,0.0,0.0,0.0,0.0,1.0,1.0,1.0,1.0,1.0,1.0,1.0,1.0,1.0
41,2026-01-16 05:00:00+00:00,2026-01-16 10:30:00+05:30,Morning Peak,1,3724390367,569909799,1659.23,1659.23,1659.23,1659.23,1659.23,19733.88,19733.88,19733.88,19733.88,19733.88,49,49,49,49,49,0.0,0.0,0.0,0.0,0.0,0.0,0.0,0.0,0.0,0.0,0.0,0.0,0.0,0.0,0.0,0.0,0.0,1.0,1.0,1.0,1.0,1.0,1.0,1.0,1.0,1.0
42,2026-01-16 05:00:00+00:00,2026-01-16 10:30:00+05:30,Morning Peak,1,9865971847,13108436169,1141.74,1141.74,1141.74,1141.74,1141.74,9746.17,9746.17,9746.17,9746.17,9746.17,64,64,64,64,64,0.0,0.0,0.0,0.0,0.0,0.0,0.0,0.0,0.0,0.0,0.0,0.0,0.0,0.0,0.0,0.0,0.0,1.0,1.0,1.0,1.0,1.0,1.0,1.0,1.0,1.0
43,2026-01-16 05:00:00+00:00,2026-01-16 10:30:00+05:30,Morning Peak,1,3724390901,13957674836,1402.33,1401.68,1401.68,1401.68,1401.68,16038.72,16042.71,16042.71,16042.71,16042.71,83,83,83,83,83,0.65,0.65,0.65,0.65,0.0463,0.0463,0.0463,0.0463,0.65,0.0,0.0,0.0,0.0,0.0463,0.0,0.0,0.0,0.9762,0.9762,0.9762,0.9762,0.9762,1.0,1.0,1.0,1.0
44,2026-01-16 05:00:00+00:00,2026-01-16 10:30:00+05:30,Morning Peak,1,6985772828,10091564873,799.26,799.26,799.26,799.26,799.26,5559.02,5559.02,5559.02,5559.02,5559.02,66,66,66,66,66,0.0,0.0,0.0,0.0,0.0,0.0,0.0,0.0,0.0,0.0,0.0,0.0,0.0,0.0,0.0,0.0,0.0,1.0,1.0,1.0,1.0,1.0,1.0,1.0,1.0,1.0
45,2026-01-16 05:00:00+00:00,2026-01-16 10:30:00+05:30,Morning Peak,1,3716311743,6608882862,910.17,910.17,898.54,898.54,898.54,7544.65,7544.65,7557.35,7557.35,7557.35,77,77,85,85,85,0.0,11.63,11.63,11.63,0.0,1.2781,1.2781,1.2781,11.63,11.63,0.0,0.0,0.0,1.2946,1.2946,0.0,0.0,1.0,0.8837,0.8837,0.8837,0.8837,0.8837,1.0,1.0,1.0
46,2026-01-16 05:00:00+00:00,2026-01-16 10:30:00+05:30,Morning Peak,1,3726941715,3724390734,1781.0,1781.0,1781.0,1781.0,1781.0,14335.44,14335.44,14335.44,14335.44,14335.44,131,131,131,131,131,0.0,0.0,0.0,0.0,0.0,0.0,0.0,0.0,0.0,0.0,0.0,0.0,0.0,0.0,0.0,0.0,0.0,1.0,1.0,1.0,1.0,1.0,1.0,1.0,1.0,1.0
47,2026-01-16 05:00:00+00:00,2026-01-16 10:30:00+05:30,Morning Peak,1,2283167672,12201173657,734.07,734.07,734.07,734.07,734.07,6995.12,6995.12,6995.12,6995.12,6995.12,70,70,70,70,70,0.0,0.0,0.0,0.0,0.0,0.0,0.0,0.0,0.0,0.0,0.0,0.0,0.0,0.0,0.0,0.0,0.0,1.0,1.0,1.0,1.0,1.0,1.0,1.0,1.0,1.0
48,2026-01-16 05:00:00+00:00,2026-01-16 10:30:00+05:30,Morning Peak,1,293453627,3706277194,440.4,440.4,440.4,440.4,440.4,2914.59,2914.59,2914.59,2914.59,2914.59,35,35,35,35,35,0.0,0.0,0.0,0.0,0.0,0.0,0.0,0.0,0.0,0.0,0.0,0.0,0.0,0.0,0.0,0.0,0.0,1.0,1.0,1.0,1.0,1.0,1.0,1.0,1.0,1.0
49,2026-01-16 05:00:00+00:00,2026-01-16 10:30:00+05:30,Morning Peak,1,2443937217,4620986372,1035.12,1035.12,1035.12,1035.12,1035.12,10616.7,10616.7,10616.7,10616.7,10616.7,75,75,75,75,75,0.0,0.0,0.0,0.0,0.0,0.0,0.0,0.0,0.0,0.0,0.0,0.0,0.0,0.0,0.0,0.0,0.0,1.0,1.0,1.0,1.0,1.0,1.0,1.0,1.0,1.0
0,2026-01-16 06:00:00+00:00,2026-01-16 11:30:00+05:30,Morning Peak,1,3722327026,2443921849,1221.08,1305.98,1305.98,1305.98,1221.08,10984.73,10981.64,10981.64,10981.64,10984.73,46,74,74,74,46,-84.9,-84.9,-84.9,0.0,-6.9532,-6.9532,-6.9532,0.0,0.0,84.9,84.9,84.9,0.0,0.0,6.9532,6.9532,6.9532,0.6,0.6,0.6,1.0,1.0,0.6,0.6,0.6,1.0
1,2026-01-16 06:00:00+00:00,2026-01-16 11:30:00+05:30,Morning Peak,1,2283167591,293464723,718.42,713.03,713.03,713.03,713.03,5493.14,5482.36,5482.36,5482.36,5482.36,66,61,61,61,61,5.4,5.4,5.4,5.4,0.751,0.751,0.751,0.751,5.4,0.0,0.0,0.0,0.0,0.7567,0.0,0.0,0.0,0.233,0.233,0.233,0.233,0.233,1.0,1.0,1.0,1.0
2,2026-01-16 06:00:00+00:00,2026-01-16 11:30:00+05:30,Morning Peak,1,3727013594,2392383587,1533.5,1618.41,1618.41,1618.41,1533.5,14324.92,14321.82,14321.82,14321.82,14324.92,91,119,119,119,91,-84.9,-84.9,-84.9,0.0,-5.5366,-5.5366,-5.5366,0.0,0.0,84.9,84.9,84.9,0.0,0.0,5.5366,5.5366,5.5366,0.75,0.75,0.75,1.0,1.0,0.75,0.75,0.75,1.0
3,2026-01-16 06:00:00+00:00,2026-01-16 11:30:00+05:30,Morning Peak,1,8144958910,5875519688,818.79,829.61,827.32,827.32,818.79,6210.28,6792.17,6940.12,6940.12,6210.28,75,89,89,89,75,-10.82,-8.52,-8.52,0.0,-1.3209,-1.0408,-1.0408,0.0,0.0,10.82,8.52,8.52,0.0,0.0,1.3209,1.0408,1.0408,0.2913,0.3782,0.3782,1.0,1.0,0.2913,0.3782,0.3782,1.0
4,2026-01-16 06:00:00+00:00,2026-01-16 11:30:00+05:30,Morning Peak,1,8167025447,8166852655,652.58,651.61,651.61,651.61,651.61,6039.21,6286.44,6286.44,6286.44,6286.44,47,48,48,48,48,0.97,0.97,0.97,0.97,0.1487,0.1487,0.1487,0.1487,0.97,0.0,0.0,0.0,0.0,0.1489,0.0,0.0,0.0,0.3014,0.3014,0.3014,0.3014,0.3014,1.0,1.0,1.0,1.0
5,2026-01-16 06:00:00+00:00,2026-01-16 11:30:00+05:30,Morning Peak,1,3725763498,293464962,1088.38,1069.9,1069.9,1069.9,1069.9,9478.38,9044.76,9044.76,9044.76,9044.76,81,76,76,76,76,18.48,18.48,18.48,18.48,1.6981,1.6981,1.6981,1.6981,18.48,0.0,0.0,0.0,0.0,1.7274,0.0,0.0,0.0,0.764,0.764,0.764,0.764,0.764,1.0,1.0,1.0,1.0
6,2026-01-16 06:00:00+00:00,2026-01-16 11:30:00+05:30,Morning Peak,1,2841381812,8182316367,433.37,433.37,433.37,433.37,433.37,3063.87,3063.87,3063.87,3063.87,3063.87,14,14,14,14,14,0.0,0.0,0.0,0.0,0.0,0.0,0.0,0.0,0.0,0.0,0.0,0.0,0.0,0.0,0.0,0.0,0.0,1.0,1.0,1.0,1.0,1.0,1.0,1.0,1.0,1.0
7,2026-01-16 06:00:00+00:00,2026-01-16 11:30:00+05:30,Morning Peak,1,8124118501,293464897,863.13,863.13,863.13,863.13,863.13,6077.63,6077.63,6077.63,6077.63,6077.63,58,58,58,58,58,0.0,0.0,0.0,0.0,0.0,0.0,0.0,0.0,0.0,0.0,0.0,0.0,0.0,0.0,0.0,0.0,0.0,1.0,1.0,1.0,1.0,1.0,1.0,1.0,1.0,1.0
8,2026-01-16 06:00:00+00:00,2026-01-16 11:30:00+05:30,Morning Peak,1,3725657841,6986305647,756.38,756.38,756.38,756.38,756.38,5781.75,5781.75,5781.75,5781.75,5781.75,39,39,39,39,39,0.0,0.0,0.0,0.0,0.0,0.0,0.0,0.0,0.0,0.0,0.0,0.0,0.0,0.0,0.0,0.0,0.0,1.0,1.0,1.0,1.0,1.0,1.0,1.0,1.0,1.0
9,2026-01-16 06:00:00+00:00,2026-01-16 11:30:00+05:30,Morning Peak,1,3725560599,2443937252,1523.74,1608.64,1608.64,1608.64,1523.74,14314.96,14311.86,14311.86,14311.86,14314.96,65,93,93,93,65,-84.9,-84.9,-84.9,0.0,-5.5721,-5.5721,-5.5721,0.0,0.0,84.9,84.9,84.9,0.0,0.0,5.5721,5.5721,5.5721,0.6809,0.6809,0.6809,1.0,1.0,0.6809,0.6809,0.6809,1.0
10,2026-01-16 06:00:00+00:00,2026-01-16 11:30:00+05:30,Morning Peak,1,3706277194,1812432274,675.47,675.47,675.47,675.47,675.47,4881.93,4881.93,4881.93,4881.93,4881.93,46,46,46,46,46,0.0,0.0,0.0,0.0,0.0,0.0,0.0,0.0,0.0,0.0,0.0,0.0,0.0,0.0,0.0,0.0,0.0,1.0,1.0,1.0,1.0,1.0,1.0,1.0,1.0,1.0
11,2026-01-16 06:00:00+00:00,2026-01-16 11:30:00+05:30,Morning Peak,1,4620986372,12194086396,587.64,587.64,587.64,587.64,587.64,4864.5,4864.5,4864.5,4864.5,4864.5,34,34,34,34,34,0.0,0.0,0.0,0.0,0.0,0.0,0.0,0.0,0.0,0.0,0.0,0.0,0.0,0.0,0.0,0.0,0.0,1.0,1.0,1.0,1.0,1.0,1.0,1.0,1.0,1.0
12,2026-01-16 06:00:00+00:00,2026-01-16 11:30:00+05:30,Morning Peak,1,8151182352,4963335999,523.79,523.79,523.79,523.79,523.79,4720.87,4720.87,4720.87,4720.87,4720.87,36,36,36,36,36,0.0,0.0,0.0,0.0,0.0,0.0,0.0,0.0,0.0,0.0,0.0,0.0,0.0,0.0,0.0,0.0,0.0,1.0,1.0,1.0,1.0,1.0,1.0,1.0,1.0,1.0
13,2026-01-16 06:00:00+00:00,2026-01-16 11:30:00+05:30,Morning Peak,1,293458413,8154498107,428.81,428.81,428.81,428.81,428.81,3538.38,3538.38,3538.38,3538.38,3538.38,28,28,28,28,28,0.0,0.0,0.0,0.0,0.0,0.0,0.0,0.0,0.0,0.0,0.0,0.0,0.0,0.0,0.0,0.0,0.0,1.0,1.0,1.0,1.0,1.0,1.0,1.0,1.0,1.0
14,2026-01-16 06:00:00+00:00,2026-01-16 11:30:00+05:30,Morning Peak,1,2962277961,6604456762,847.64,846.99,846.99,846.99,846.99,7941.95,7945.94,7945.94,7945.94,7945.94,70,70,70,70,70,0.65,0.65,0.65,0.65,0.0766,0.0766,0.0766,0.0766,0.65,0.0,0.0,0.0,0.0,0.0767,0.0,0.0,0.0,0.9718,0.9718,0.9718,0.9718,0.9718,1.0,1.0,1.0,1.0
15,2026-01-16 06:00:00+00:00,2026-01-16 11:30:00+05:30,Morning Peak,1,2277412755,8146129661,1923.59,1918.54,1891.66,1891.66,1891.66,18194.35,18203.44,18366.7,18366.7,18366.7,106,113,133,133,133,5.04,31.92,31.92,31.92,0.2622,1.6595,1.6595,1.6595,31.92,26.88,0.0,0.0,0.0,1.6875,1.4209,0.0,0.0,0.9043,0.5621,0.5621,0.5621,0.5621,0.6291,1.0,1.0,1.0
16,2026-01-16 06:00:00+00:00,2026-01-16 11:30:00+05:30,Morning Peak,1,8153425846,3722327558,789.53,783.51,783.51,783.51,783.51,6194.49,6204.78,6204.78,6204.78,6204.78,53,56,56,56,56,6.01,6.01,6.01,6.01,0.7618,0.7618,0.7618,0.7618,6.01,0.0,0.0,0.0,0.0,0.7676,0.0,0.0,0.0,0.473,0.473,0.473,0.473,0.473,1.0,1.0,1.0,1.0
17,2026-01-16 06:00:00+00:00,2026-01-16 11:30:00+05:30,Morning Peak,1,4720174514,3725763954,1276.86,1256.6,1256.6,1256.6,1256.6,11155.8,11345.49,11345.49,11345.49,11345.49,100,98,98,98,98,20.25,20.25,20.25,20.25,1.5863,1.5863,1.5863,1.5863,20.25,0.0,0.0,0.0,0.0,1.6118,0.0,0.0,0.0,0.3289,0.3289,0.3289,0.3289,0.3289,1.0,1.0,1.0,1.0
18,2026-01-16 06:00:00+00:00,2026-01-16 11:30:00+05:30,Morning Peak,1,13108436171,4714939571,1222.08,1222.08,1222.08,1222.08,1222.08,11544.53,11544.53,11544.53,11544.53,11544.53,106,106,106,106,106,0.0,0.0,0.0,0.0,0.0,0.0,0.0,0.0,0.0,0.0,0.0,0.0,0.0,0.0,0.0,0.0,0.0,1.0,1.0,1.0,1.0,1.0,1.0,1.0,1.0,1.0
19,2026-01-16 06:00:00+00:00,2026-01-16 11:30:00+05:30,Morning Peak,1,3725764138,8166852625,1084.15,1084.15,1084.15,1084.15,1084.15,8876.62,8876.62,8876.62,8876.62,8876.62,69,69,69,69,69,0.0,0.0,0.0,0.0,0.0,0.0,0.0,0.0,0.0,0.0,0.0,0.0,0.0,0.0,0.0,0.0,0.0,1.0,1.0,1.0,1.0,1.0,1.0,1.0,1.0,1.0
20,2026-01-16 06:00:00+00:00,2026-01-16 11:30:00+05:30,Morning Peak,1,3719620426,8142092830,673.39,673.39,673.39,673.39,673.39,6520.7,6520.7,6520.7,6520.7,6520.7,70,70,70,70,70,0.0,0.0,0.0,0.0,0.0,0.0,0.0,0.0,0.0,0.0,0.0,0.0,0.0,0.0,0.0,0.0,0.0,1.0,1.0,1.0,1.0,1.0,1.0,1.0,1.0,1.0
21,2026-01-16 06:00:00+00:00,2026-01-16 11:30:00+05:30,Morning Peak,1,8133384806,9833884593,601.49,601.49,601.49,601.49,601.49,5583.79,5583.79,5583.79,5583.79,5583.79,66,66,66,66,66,0.0,0.0,0.0,0.0,0.0,0.0,0.0,0.0,0.0,0.0,0.0,0.0,0.0,0.0,0.0,0.0,0.0,1.0,1.0,1.0,1.0,1.0,1.0,1.0,1.0,1.0
22,2026-01-16 06:00:00+00:00,2026-01-16 11:30:00+05:30,Morning Peak,1,9919058606,8157084568,1386.75,1391.51,1386.75,1391.51,1386.75,13508.84,13521.54,13508.84,13521.54,13508.84,125,133,125,133,125,-4.76,0.0,-4.76,0.0,-0.343,0.0,-0.343,0.0,0.0,4.76,0.0,4.76,0.0,0.0,0.343,0.0,0.343,0.9254,1.0,0.9254,1.0,1.0,0.9254,1.0,0.9254,1.0
23,2026-01-16 06:00:00+00:00,2026-01-16 11:30:00+05:30,Morning Peak,1,3714709032,10132690705,1615.96,1620.06,1615.31,1620.06,1615.31,15398.95,15415.64,15402.94,15415.64,15402.94,160,168,160,168,160,-4.11,0.65,-4.11,0.65,-0.2542,0.0402,-0.2542,0.0402,0.65,4.76,0.0,4.76,0.0,0.0402,0.2945,0.0,0.2945,0.9294,0.9876,0.9294,0.9876,0.9876,0.9408,1.0,0.9408,1.0
24,2026-01-16 06:00:00+00:00,2026-01-16 11:30:00+05:30,Morning Peak,1,3722532375,8127692776,1395.86,1391.91,1391.91,1391.91,1391.91,11360.31,11368.81,11368.81,11368.81,11368.81,98,108,108,108,108,3.95,3.95,3.95,3.95,0.2828,0.2828,0.2828,0.2828,3.95,0.0,0.0,0.0,0.0,0.2836,0.0,0.0,0.0,0.8899,0.8899,0.8899,0.8899,0.8899,1.0,1.0,1.0,1.0
25,2026-01-16 06:00:00+00:00,2026-01-16 11:30:00+05:30,Morning Peak,1,10254604783,569909799,1606.5,1606.5,1606.5,1606.5,1606.5,15052.73,15052.73,15052.73,15052.73,15052.73,121,121,121,121,121,0.0,0.0,0.0,0.0,0.0,0.0,0.0,0.0,0.0,0.0,0.0,0.0,0.0,0.0,0.0,0.0,0.0,1.0,1.0,1.0,1.0,1.0,1.0,1.0,1.0,1.0
26,2026-01-16 06:00:00+00:00,2026-01-16 11:30:00+05:30,Morning Peak,1,4713176922,4714939512,1268.78,1268.78,1268.78,1268.78,1268.78,9853.31,9853.31,9853.31,9853.31,9853.31,90,90,90,90,90,0.0,0.0,0.0,0.0,0.0,0.0,0.0,0.0,0.0,0.0,0.0,0.0,0.0,0.0,0.0,0.0,0.0,1.0,1.0,1.0,1.0,1.0,1.0,1.0,1.0,1.0
27,2026-01-16 06:00:00+00:00,2026-01-16 11:30:00+05:30,Morning Peak,1,2365788091,10267000474,1163.29,1163.29,1163.29,1163.29,1163.29,8743.08,8743.08,8743.08,8743.08,8743.08,87,87,87,87,87,0.0,0.0,0.0,0.0,0.0,0.0,0.0,0.0,0.0,0.0,0.0,0.0,0.0,0.0,0.0,0.0,0.0,1.0,1.0,1.0,1.0,1.0,1.0,1.0,1.0,1.0
28,2026-01-16 06:00:00+00:00,2026-01-16 11:30:00+05:30,Morning Peak,1,4478448738,6604714345,637.67,637.67,637.67,637.67,637.67,6530.06,6530.06,6530.06,6530.06,6530.06,53,53,53,53,53,0.0,0.0,0.0,0.0,0.0,0.0,0.0,0.0,0.0,0.0,0.0,0.0,0.0,0.0,0.0,0.0,0.0,1.0,1.0,1.0,1.0,1.0,1.0,1.0,1.0,1.0
29,2026-01-16 06:00:00+00:00,2026-01-16 11:30:00+05:30,Morning Peak,1,4721825589,10132690705,1383.34,1387.45,1382.69,1387.45,1382.69,13336.4,13353.1,13340.4,13353.1,13340.4,133,141,133,141,133,-4.11,0.65,-4.11,0.65,-0.2969,0.047,-0.2969,0.047,0.65,4.76,0.0,4.76,0.0,0.047,0.344,0.0,0.344,0.9161,0.9851,0.9161,0.9851,0.9851,0.9296,1.0,0.9296,1.0
30,2026-01-16 06:00:00+00:00,2026-01-16 11:30:00+05:30,Morning Peak,1,8144960921,293466286,1211.92,1216.67,1211.92,1216.67,1211.92,9293.15,9305.85,9293.15,9305.85,9293.15,109,117,109,117,109,-4.76,0.0,-4.76,0.0,-0.3925,0.0,-0.3925,0.0,0.0,4.76,0.0,4.76,0.0,0.0,0.3925,0.0,0.3925,0.9153,1.0,0.9153,1.0,1.0,0.9153,1.0,0.9153,1.0
31,2026-01-16 06:00:00+00:00,2026-01-16 11:30:00+05:30,Morning Peak,1,3714708555,4714694214,1038.5,1043.25,1038.5,1043.25,1038.5,8545.75,8558.45,8545.75,8558.45,8545.75,105,113,105,113,105,-4.76,0.0,-4.76,0.0,-0.458,0.0,-0.458,0.0,0.0,4.76,0.0,4.76,0.0,0.0,0.458,0.0,0.458,0.9123,1.0,0.9123,1.0,1.0,0.9123,1.0,0.9123,1.0
32,2026-01-16 06:00:00+00:00,2026-01-16 11:30:00+05:30,Morning Peak,1,8156864973,2841381812,551.51,551.51,551.51,551.51,551.51,4756.18,4756.18,4756.18,4756.18,4756.18,48,48,48,48,48,0.0,0.0,0.0,0.0,0.0,0.0,0.0,0.0,0.0,0.0,0.0,0.0,0.0,0.0,0.0,0.0,0.0,1.0,1.0,1.0,1.0,1.0,1.0,1.0,1.0,1.0
33,2026-01-16 06:00:00+00:00,2026-01-16 11:30:00+05:30,Morning Peak,1,293466245,3711673309,1636.97,1718.24,1718.24,1718.24,1633.34,14057.26,13354.32,13354.32,13354.32,13357.42,81,128,128,128,100,-81.28,-81.28,-81.28,3.63,-4.965,-4.965,-4.965,0.2217,3.63,84.9,84.9,84.9,0.0,0.2222,5.1982,5.1982,5.1982,0.4414,0.4414,0.4414,0.5603,0.5603,0.7674,0.7674,0.7674,1.0
34,2026-01-16 06:00:00+00:00,2026-01-16 11:30:00+05:30,Morning Peak,1,3717989697,3706277268,751.41,751.41,751.41,751.41,751.41,5247.29,5247.29,5247.29,5247.29,5247.29,49,49,49,49,49,0.0,0.0,0.0,0.0,0.0,0.0,0.0,0.0,0.0,0.0,0.0,0.0,0.0,0.0,0.0,0.0,0.0,1.0,1.0,1.0,1.0,1.0,1.0,1.0,1.0,1.0
35,2026-01-16 06:00:00+00:00,2026-01-16 11:30:00+05:30,Morning Peak,1,4643407218,6010327769,1504.08,1504.08,1504.08,1504.08,1504.08,13994.27,13994.27,13994.27,13994.27,13994.27,87,87,87,87,87,0.0,0.0,0.0,0.0,0.0,0.0,0.0,0.0,0.0,0.0,0.0,0.0,0.0,0.0,0.0,0.0,0.0,1.0,1.0,1.0,1.0,1.0,1.0,1.0,1.0,1.0
36,2026-01-16 06:00:00+00:00,2026-01-16 11:30:00+05:30,Morning Peak,1,2392383587,8151563209,896.73,896.73,896.73,896.73,896.73,10548.84,10548.84,10548.84,10548.84,10548.84,34,34,34,34,34,0.0,0.0,0.0,0.0,0.0,0.0,0.0,0.0,0.0,0.0,0.0,0.0,0.0,0.0,0.0,0.0,0.0,1.0,1.0,1.0,1.0,1.0,1.0,1.0,1.0,1.0
37,2026-01-16 06:00:00+00:00,2026-01-16 11:30:00+05:30,Morning Peak,1,3725789278,1051669449,903.61,903.61,903.61,903.61,903.61,7204.89,7204.89,7204.89,7204.89,7204.89,51,51,51,51,51,0.0,0.0,0.0,0.0,0.0,0.0,0.0,0.0,0.0,0.0,0.0,0.0,0.0,0.0,0.0,0.0,0.0,1.0,1.0,1.0,1.0,1.0,1.0,1.0,1.0,1.0
38,2026-01-16 06:00:00+00:00,2026-01-16 11:30:00+05:30,Morning Peak,1,9798857326,3714706440,1157.82,1153.87,1153.87,1153.87,1153.87,9239.2,9247.71,9247.71,9247.71,9247.71,89,99,99,99,99,3.95,3.95,3.95,3.95,0.341,0.341,0.341,0.341,3.95,0.0,0.0,0.0,0.0,0.3421,0.0,0.0,0.0,0.88,0.88,0.88,0.88,0.88,1.0,1.0,1.0,1.0
39,2026-01-16 06:00:00+00:00,2026-01-16 11:30:00+05:30,Morning Peak,1,12194086396,3184375377,1046.98,1046.33,1046.33,1046.33,1046.33,9557.41,9561.4,9561.4,9561.4,9561.4,92,92,92,92,92,0.65,0.65,0.65,0.65,0.0621,0.0621,0.0621,0.0621,0.65,0.0,0.0,0.0,0.0,0.0621,0.0,0.0,0.0,0.9785,0.9785,0.9785,0.9785,0.9785,1.0,1.0,1.0,1.0
40,2026-01-16 06:00:00+00:00,2026-01-16 11:30:00+05:30,Morning Peak,1,3724383608,6985772815,1412.57,1412.57,1412.57,1412.57,1412.57,9583.44,9583.44,9583.44,9583.44,9583.44,93,93,93,93,93,0.0,0.0,0.0,0.0,0.0,0.0,0.0,0.0,0.0,0.0,0.0,0.0,0.0,0.0,0.0,0.0,0.0,1.0,1.0,1.0,1.0,1.0,1.0,1.0,1.0,1.0
41,2026-01-16 06:00:00+00:00,2026-01-16 11:30:00+05:30,Morning Peak,1,3724390367,569909799,1644.52,1644.52,1644.52,1644.52,1644.52,19733.88,19733.88,19733.88,19733.88,19733.88,49,49,49,49,49,0.0,0.0,0.0,0.0,0.0,0.0,0.0,0.0,0.0,0.0,0.0,0.0,0.0,0.0,0.0,0.0,0.0,1.0,1.0,1.0,1.0,1.0,1.0,1.0,1.0,1.0
42,2026-01-16 06:00:00+00:00,2026-01-16 11:30:00+05:30,Morning Peak,1,9865971847,13108436169,1154.32,1154.32,1154.32,1154.32,1154.32,9746.17,9746.17,9746.17,9746.17,9746.17,64,64,64,64,64,0.0,0.0,0.0,0.0,0.0,0.0,0.0,0.0,0.0,0.0,0.0,0.0,0.0,0.0,0.0,0.0,0.0,1.0,1.0,1.0,1.0,1.0,1.0,1.0,1.0,1.0
43,2026-01-16 06:00:00+00:00,2026-01-16 11:30:00+05:30,Morning Peak,1,3724390901,13957674836,1405.8,1405.15,1405.15,1405.15,1405.15,16038.72,16042.71,16042.71,16042.71,16042.71,83,83,83,83,83,0.65,0.65,0.65,0.65,0.0462,0.0462,0.0462,0.0462,0.65,0.0,0.0,0.0,0.0,0.0462,0.0,0.0,0.0,0.9762,0.9762,0.9762,0.9762,0.9762,1.0,1.0,1.0,1.0
44,2026-01-16 06:00:00+00:00,2026-01-16 11:30:00+05:30,Morning Peak,1,6985772828,10091564873,792.71,792.71,792.71,792.71,792.71,5559.02,5559.02,5559.02,5559.02,5559.02,66,66,66,66,66,0.0,0.0,0.0,0.0,0.0,0.0,0.0,0.0,0.0,0.0,0.0,0.0,0.0,0.0,0.0,0.0,0.0,1.0,1.0,1.0,1.0,1.0,1.0,1.0,1.0,1.0
45,2026-01-16 06:00:00+00:00,2026-01-16 11:30:00+05:30,Morning Peak,1,3716311743,6608882862,872.63,877.39,872.63,877.39,872.63,7544.65,7557.35,7544.65,7557.35,7544.65,77,85,77,85,77,-4.76,0.0,-4.76,0.0,-0.5451,0.0,-0.5451,0.0,0.0,4.76,0.0,4.76,0.0,0.0,0.5451,0.0,0.5451,0.8837,1.0,0.8837,1.0,1.0,0.8837,1.0,0.8837,1.0
46,2026-01-16 06:00:00+00:00,2026-01-16 11:30:00+05:30,Morning Peak,1,3726941715,3724390734,1804.02,1804.02,1804.02,1804.02,1804.02,14335.44,14335.44,14335.44,14335.44,14335.44,131,131,131,131,131,0.0,0.0,0.0,0.0,0.0,0.0,0.0,0.0,0.0,0.0,0.0,0.0,0.0,0.0,0.0,0.0,0.0,1.0,1.0,1.0,1.0,1.0,1.0,1.0,1.0,1.0
47,2026-01-16 06:00:00+00:00,2026-01-16 11:30:00+05:30,Morning Peak,1,2283167672,12201173657,742.15,742.15,742.15,742.15,742.15,6995.12,6995.12,6995.12,6995.12,6995.12,70,70,70,70,70,0.0,0.0,0.0,0.0,0.0,0.0,0.0,0.0,0.0,0.0,0.0,0.0,0.0,0.0,0.0,0.0,0.0,1.0,1.0,1.0,1.0,1.0,1.0,1.0,1.0,1.0
48,2026-01-16 06:00:00+00:00,2026-01-16 11:30:00+05:30,Morning Peak,1,293453627,3706277194,440.4,440.4,440.4,440.4,440.4,2914.59,2914.59,2914.59,2914.59,2914.59,35,35,35,35,35,0.0,0.0,0.0,0.0,0.0,0.0,0.0,0.0,0.0,0.0,0.0,0.0,0.0,0.0,0.0,0.0,0.0,1.0,1.0,1.0,1.0,1.0,1.0,1.0,1.0,1.0
49,2026-01-16 06:00:00+00:00,2026-01-16 11:30:00+05:30,Morning Peak,1,2443937217,4620986372,1039.63,1039.63,1039.63,1039.63,1039.63,10616.7,10616.7,10616.7,10616.7,10616.7,75,75,75,75,75,0.0,0.0,0.0,0.0,0.0,0.0,0.0,0.0,0.0,0.0,0.0,0.0,0.0,0.0,0.0,0.0,0.0,1.0,1.0,1.0,1.0,1.0,1.0,1.0,1.0,1.0
0,2026-01-16 08:00:00+00:00,2026-01-16 13:30:00+05:30,Midday,0,3722327026,2443921849,1331.17,1331.17,1331.17,1331.17,1285.28,10984.73,10984.73,10984.73,10984.73,10981.64,46,46,46,46,74,0.0,0.0,0.0,45.9,0.0,0.0,0.0,3.4479,45.9,45.9,45.9,45.9,0.0,3.571,3.571,3.571,3.571,1.0,1.0,1.0,0.6,0.6,0.6,0.6,0.6,1.0
1,2026-01-16 08:00:00+00:00,2026-01-16 13:30:00+05:30,Midday,0,2283167591,293464723,699.89,702.01,682.7,682.7,682.7,5493.14,5505.84,5482.36,5482.36,5482.36,66,74,61,61,61,-2.12,17.19,17.19,17.19,-0.3026,2.4563,2.4563,2.4563,17.19,19.31,0.0,0.0,0.0,2.5181,2.8283,0.0,0.0,0.8667,0.233,0.233,0.233,0.233,0.2162,1.0,1.0,1.0
2,2026-01-16 08:00:00+00:00,2026-01-16 13:30:00+05:30,Midday,0,3727013594,2392383587,1588.82,1588.82,1588.82,1588.82,1542.92,14324.92,14324.92,14324.92,14324.92,14321.82,91,91,91,91,119,0.0,0.0,0.0,45.9,0.0,0.0,0.0,2.8887,45.9,45.9,45.9,45.9,0.0,2.9747,2.9747,2.9747,2.9747,1.0,1.0,1.0,0.75,0.75,0.75,0.75,0.75,1.0
3,2026-01-16 08:00:00+00:00,2026-01-16 13:30:00+05:30,Midday,0,8144958910,5875519688,809.22,795.01,791.08,809.22,791.08,6210.28,6792.17,6940.12,6210.28,6940.12,75,89,89,75,89,14.2,18.14,0.0,18.14,1.7553,2.2416,0.0,2.2416,18.14,3.94,0.0,18.14,0.0,2.2929,0.4974,0.0,2.2929,0.2913,0.3782,1.0,0.3782,0.3782,0.78,1.0,0.3782,1.0
4,2026-01-16 08:00:00+00:00,2026-01-16 13:30:00+05:30,Midday,0,8167025447,8166852655,632.18,629.43,632.18,632.18,629.43,6039.21,6286.44,6039.21,6039.21,6286.44,47,48,47,47,48,2.75,0.0,0.0,2.75,0.4343,0.0,0.0,0.4343,2.75,0.0,2.75,2.75,0.0,0.4362,0.0,0.4362,0.4362,0.3014,1.0,1.0,0.3014,0.3014,1.0,0.3014,0.3014,1.0
5,2026-01-16 08:00:00+00:00,2026-01-16 13:30:00+05:30,Midday,0,3725763498,293464962,1058.2,1037.59,1037.59,1037.59,1035.21,9478.38,9044.76,9044.76,9044.76,8961.94,81,76,76,76,77,20.61,20.61,20.61,22.99,1.9477,1.9477,1.9477,2.1726,22.99,2.38,2.38,2.38,0.0,2.2208,0.2299,0.2299,0.2299,0.764,0.764,0.764,0.6632,0.6632,0.8659,0.8659,0.8659,1.0
6,2026-01-16 08:00:00+00:00,2026-01-16 13:30:00+05:30,Midday,0,2841381812,8182316367,433.37,433.37,433.37,433.37,433.37,3063.87,3063.87,3063.87,3063.87,3063.87,14,14,14,14,14,0.0,0.0,0.0,0.0,0.0,0.0,0.0,0.0,0.0,0.0,0.0,0.0,0.0,0.0,0.0,0.0,0.0,1.0,1.0,1.0,1.0,1.0,1.0,1.0,1.0,1.0
7,2026-01-16 08:00:00+00:00,2026-01-16 13:30:00+05:30,Midday,0,8124118501,293464897,872.42,872.42,872.42,872.42,872.42,6077.63,6077.63,6077.63,6077.63,6077.63,58,58,58,58,58,0.0,0.0,0.0,0.0,0.0,0.0,0.0,0.0,0.0,0.0,0.0,0.0,0.0,0.0,0.0,0.0,0.0,1.0,1.0,1.0,1.0,1.0,1.0,1.0,1.0,1.0
8,2026-01-16 08:00:00+00:00,2026-01-16 13:30:00+05:30,Midday,0,3725657841,6986305647,757.23,757.23,757.23,757.23,757.23,5781.75,5781.75,5781.75,5781.75,5781.75,39,39,39,39,39,0.0,0.0,0.0,0.0,0.0,0.0,0.0,0.0,0.0,0.0,0.0,0.0,0.0,0.0,0.0,0.0,0.0,1.0,1.0,1.0,1.0,1.0,1.0,1.0,1.0,1.0
9,2026-01-16 08:00:00+00:00,2026-01-16 13:30:00+05:30,Midday,0,3725560599,2443937252,1645.16,1645.16,1645.16,1645.16,1599.27,14314.96,14314.96,14314.96,14314.96,14311.86,65,65,65,65,93,0.0,0.0,0.0,45.9,0.0,0.0,0.0,2.7898,45.9,45.9,45.9,45.9,0.0,2.8699,2.8699,2.8699,2.8699,1.0,1.0,1.0,0.6809,0.6809,0.6809,0.6809,0.6809,1.0
10,2026-01-16 08:00:00+00:00,2026-01-16 13:30:00+05:30,Midday,0,3706277194,1812432274,684.76,684.76,684.76,684.76,684.76,4881.93,4881.93,4881.93,4881.93,4881.93,46,46,46,46,46,0.0,0.0,0.0,0.0,0.0,0.0,0.0,0.0,0.0,0.0,0.0,0.0,0.0,0.0,0.0,0.0,0.0,1.0,1.0,1.0,1.0,1.0,1.0,1.0,1.0,1.0
11,2026-01-16 08:00:00+00:00,2026-01-16 13:30:00+05:30,Midday,0,4620986372,12194086396,601.13,601.13,601.13,601.13,601.13,4864.5,4864.5,4864.5,4864.5,4864.5,34,34,34,34,34,0.0,0.0,0.0,0.0,0.0,0.0,0.0,0.0,0.0,0.0,0.0,0.0,0.0,0.0,0.0,0.0,0.0,1.0,1.0,1.0,1.0,1.0,1.0,1.0,1.0,1.0
12,2026-01-16 08:00:00+00:00,2026-01-16 13:30:00+05:30,Midday,0,8151182352,4963335999,539.85,539.85,539.85,539.85,539.85,4720.87,4720.87,4720.87,4720.87,4720.87,36,36,36,36,36,0.0,0.0,0.0,0.0,0.0,0.0,0.0,0.0,0.0,0.0,0.0,0.0,0.0,0.0,0.0,0.0,0.0,1.0,1.0,1.0,1.0,1.0,1.0,1.0,1.0,1.0
13,2026-01-16 08:00:00+00:00,2026-01-16 13:30:00+05:30,Midday,0,293458413,8154498107,404.48,404.48,404.48,404.48,404.48,3538.38,3538.38,3538.38,3538.38,3538.38,28,28,28,28,28,0.0,0.0,0.0,0.0,0.0,0.0,0.0,0.0,0.0,0.0,0.0,0.0,0.0,0.0,0.0,0.0,0.0,1.0,1.0,1.0,1.0,1.0,1.0,1.0,1.0,1.0
14,2026-01-16 08:00:00+00:00,2026-01-16 13:30:00+05:30,Midday,0,2962277961,6604456762,902.99,901.43,901.43,901.43,901.43,7941.95,7945.94,7945.94,7945.94,7945.94,70,70,70,70,70,1.57,1.57,1.57,1.57,0.1736,0.1736,0.1736,0.1736,1.57,0.0,0.0,0.0,0.0,0.1739,0.0,0.0,0.0,0.9718,0.9718,0.9718,0.9718,0.9718,1.0,1.0,1.0,1.0
15,2026-01-16 08:00:00+00:00,2026-01-16 13:30:00+05:30,Midday,0,2277412755,8146129661,1949.2,1916.1,1947.63,1947.63,1916.1,18194.35,18361.61,18198.35,18198.35,18361.61,106,126,106,106,126,33.09,1.57,1.57,33.09,1.6977,0.0804,0.0804,1.6977,33.09,0.0,31.52,31.52,0.0,1.727,0.0,1.6452,1.6452,0.6,0.9813,0.9813,0.6,0.6,1.0,0.6111,0.6111,1.0
16,2026-01-16 08:00:00+00:00,2026-01-16 13:30:00+05:30,Midday,0,8153425846,3722327558,763.63,761.01,761.01,761.01,761.01,6194.49,6199.69,6199.69,6199.69,6199.69,53,49,49,49,49,2.62,2.62,2.62,2.62,0.3428,0.3428,0.3428,0.3428,2.62,0.0,0.0,0.0,0.0,0.344,0.0,0.0,0.0,0.4571,0.4571,0.4571,0.4571,0.4571,1.0,1.0,1.0,1.0
17,2026-01-16 08:00:00+00:00,2026-01-16 13:30:00+05:30,Midday,0,4720174514,3725763954,1317.55,1268.75,1268.75,1268.75,1268.75,11155.8,11345.49,11345.49,11345.49,11345.49,100,98,98,98,98,48.8,48.8,48.8,48.8,3.7035,3.7035,3.7035,3.7035,48.8,0.0,0.0,0.0,0.0,3.846,0.0,0.0,0.0,0.3289,0.3289,0.3289,0.3289,0.3289,1.0,1.0,1.0,1.0
18,2026-01-16 08:00:00+00:00,2026-01-16 13:30:00+05:30,Midday,0,13108436171,4714939571,1060.33,1060.33,1060.33,1060.33,1060.33,11544.53,11544.53,11544.53,11544.53,11544.53,106,106,106,106,106,0.0,0.0,0.0,0.0,0.0,0.0,0.0,0.0,0.0,0.0,0.0,0.0,0.0,0.0,0.0,0.0,0.0,1.0,1.0,1.0,1.0,1.0,1.0,1.0,1.0,1.0
19,2026-01-16 08:00:00+00:00,2026-01-16 13:30:00+05:30,Midday,0,3725764138,8166852625,1061.06,1062.61,1061.06,1061.06,1061.06,8876.62,8878.94,8876.62,8876.62,8876.62,69,69,69,69,69,-1.55,0.0,0.0,0.0,-0.1465,0.0,0.0,0.0,0.0,1.55,0.0,0.0,0.0,0.0,0.1465,0.0,0.0,0.7468,1.0,1.0,1.0,1.0,0.7468,1.0,1.0,1.0
20,2026-01-16 08:00:00+00:00,2026-01-16 13:30:00+05:30,Midday,0,3719620426,8142092830,574.76,574.76,574.76,574.76,574.76,6520.7,6520.7,6520.7,6520.7,6520.7,70,70,70,70,70,0.0,0.0,0.0,0.0,0.0,0.0,0.0,0.0,0.0,0.0,0.0,0.0,0.0,0.0,0.0,0.0,0.0,1.0,1.0,1.0,1.0,1.0,1.0,1.0,1.0,1.0
21,2026-01-16 08:00:00+00:00,2026-01-16 13:30:00+05:30,Midday,0,8133384806,9833884593,573.2,573.2,573.2,573.2,573.2,5583.79,5583.79,5583.79,5583.79,5583.79,66,66,66,66,66,0.0,0.0,0.0,0.0,0.0,0.0,0.0,0.0,0.0,0.0,0.0,0.0,0.0,0.0,0.0,0.0,0.0,1.0,1.0,1.0,1.0,1.0,1.0,1.0,1.0,1.0
22,2026-01-16 08:00:00+00:00,2026-01-16 13:30:00+05:30,Midday,0,9919058606,8157084568,1414.8,1416.92,1416.92,1416.92,1414.8,13508.84,13521.54,13521.54,13521.54,13508.84,125,133,133,133,125,-2.12,-2.12,-2.12,0.0,-0.1497,-0.1497,-0.1497,0.0,0.0,2.12,2.12,2.12,0.0,0.0,0.1497,0.1497,0.1497,0.9254,0.9254,0.9254,1.0,1.0,0.9254,0.9254,0.9254,1.0
23,2026-01-16 08:00:00+00:00,2026-01-16 13:30:00+05:30,Midday,0,3714709032,10132690705,1700.13,1700.68,1700.68,1700.68,1698.57,15398.95,15415.64,15415.64,15415.64,15402.94,160,168,168,168,160,-0.55,-0.55,-0.55,1.57,-0.0324,-0.0324,-0.0324,0.0922,1.57,2.12,2.12,2.12,0.0,0.0923,0.1247,0.1247,0.1247,0.9294,0.9294,0.9294,0.9876,0.9876,0.9408,0.9408,0.9408,1.0
24,2026-01-16 08:00:00+00:00,2026-01-16 13:30:00+05:30,Midday,0,3722532375,8127692776,1339.26,1321.65,1321.65,1321.65,1321.65,11360.31,11368.81,11368.81,11368.81,11368.81,98,108,108,108,108,17.62,17.62,17.62,17.62,1.3156,1.3156,1.3156,1.3156,17.62,0.0,0.0,0.0,0.0,1.3331,0.0,0.0,0.0,0.8899,0.8899,0.8899,0.8899,0.8899,1.0,1.0,1.0,1.0
25,2026-01-16 08:00:00+00:00,2026-01-16 13:30:00+05:30,Midday,0,10254604783,569909799,1557.95,1557.95,1557.95,1557.95,1557.95,15052.73,15052.73,15052.73,15052.73,15052.73,121,121,121,121,121,0.0,0.0,0.0,0.0,0.0,0.0,0.0,0.0,0.0,0.0,0.0,0.0,0.0,0.0,0.0,0.0,0.0,1.0,1.0,1.0,1.0,1.0,1.0,1.0,1.0,1.0
26,2026-01-16 08:00:00+00:00,2026-01-16 13:30:00+05:30,Midday,0,4713176922,4714939512,1269.82,1269.82,1269.82,1269.82,1269.82,9853.31,9853.31,9853.31,9853.31,9853.31,90,90,90,90,90,0.0,0.0,0.0,0.0,0.0,0.0,0.0,0.0,0.0,0.0,0.0,0.0,0.0,0.0,0.0,0.0,0.0,1.0,1.0,1.0,1.0,1.0,1.0,1.0,1.0,1.0
27,2026-01-16 08:00:00+00:00,2026-01-16 13:30:00+05:30,Midday,0,2365788091,10267000474,1192.33,1192.33,1192.33,1192.33,1192.33,8743.08,8743.08,8743.08,8743.08,8743.08,87,87,87,87,87,0.0,0.0,0.0,0.0,0.0,0.0,0.0,0.0,0.0,0.0,0.0,0.0,0.0,0.0,0.0,0.0,0.0,1.0,1.0,1.0,1.0,1.0,1.0,1.0,1.0,1.0
28,2026-01-16 08:00:00+00:00,2026-01-16 13:30:00+05:30,Midday,0,4478448738,6604714345,674.77,674.77,674.77,674.77,674.77,6530.06,6530.06,6530.06,6530.06,6530.06,53,53,53,53,53,0.0,0.0,0.0,0.0,0.0,0.0,0.0,0.0,0.0,0.0,0.0,0.0,0.0,0.0,0.0,0.0,0.0,1.0,1.0,1.0,1.0,1.0,1.0,1.0,1.0,1.0
29,2026-01-16 08:00:00+00:00,2026-01-16 13:30:00+05:30,Midday,0,4721825589,10132690705,1485.13,1485.68,1485.68,1485.68,1483.56,13336.4,13353.1,13353.1,13353.1,13340.4,133,141,141,141,133,-0.55,-0.55,-0.55,1.57,-0.0371,-0.0371,-0.0371,0.1055,1.57,2.12,2.12,2.12,0.0,0.1056,0.1428,0.1428,0.1428,0.9161,0.9161,0.9161,0.9851,0.9851,0.9296,0.9296,0.9296,1.0
30,2026-01-16 08:00:00+00:00,2026-01-16 13:30:00+05:30,Midday,0,8144960921,293466286,1155.78,1157.9,1157.9,1157.9,1155.78,9293.15,9305.85,9305.85,9305.85,9293.15,109,117,117,117,109,-2.12,-2.12,-2.12,0.0,-0.1832,-0.1832,-0.1832,0.0,0.0,2.12,2.12,2.12,0.0,0.0,0.1832,0.1832,0.1832,0.9153,0.9153,0.9153,1.0,1.0,0.9153,0.9153,0.9153,1.0
31,2026-01-16 08:00:00+00:00,2026-01-16 13:30:00+05:30,Midday,0,3714708555,4714694214,1057.06,1059.18,1059.18,1059.18,1057.06,8545.75,8558.45,8558.45,8558.45,8545.75,105,113,113,113,105,-2.12,-2.12,-2.12,0.0,-0.2004,-0.2004,-0.2004,0.0,0.0,2.12,2.12,2.12,0.0,0.0,0.2004,0.2004,0.2004,0.9123,0.9123,0.9123,1.0,1.0,0.9123,0.9123,0.9123,1.0
32,2026-01-16 08:00:00+00:00,2026-01-16 13:30:00+05:30,Midday,0,8156864973,2841381812,583.09,583.09,583.09,583.09,583.09,4756.18,4756.18,4756.18,4756.18,4756.18,48,48,48,48,48,0.0,0.0,0.0,0.0,0.0,0.0,0.0,0.0,0.0,0.0,0.0,0.0,0.0,0.0,0.0,0.0,0.0,1.0,1.0,1.0,1.0,1.0,1.0,1.0,1.0,1.0
33,2026-01-16 08:00:00+00:00,2026-01-16 13:30:00+05:30,Midday,0,293466245,3711673309,1768.0,1748.53,1748.53,1748.53,1702.63,14057.26,13357.42,13357.42,13357.42,13354.32,81,100,100,100,128,19.48,19.48,19.48,65.37,1.1017,1.1017,1.1017,3.6976,65.37,45.9,45.9,45.9,0.0,3.8396,2.6956,2.6956,2.6956,0.5603,0.5603,0.5603,0.4414,0.4414,0.7674,0.7674,0.7674,1.0
34,2026-01-16 08:00:00+00:00,2026-01-16 13:30:00+05:30,Midday,0,3717989697,3706277268,763.02,763.02,763.02,763.02,763.02,5247.29,5247.29,5247.29,5247.29,5247.29,49,49,49,49,49,0.0,0.0,0.0,0.0,0.0,0.0,0.0,0.0,0.0,0.0,0.0,0.0,0.0,0.0,0.0,0.0,0.0,1.0,1.0,1.0,1.0,1.0,1.0,1.0,1.0,1.0
35,2026-01-16 08:00:00+00:00,2026-01-16 13:30:00+05:30,Midday,0,4643407218,6010327769,1464.2,1464.2,1464.2,1464.2,1464.2,13994.27,13994.27,13994.27,13994.27,13994.27,87,87,87,87,87,0.0,0.0,0.0,0.0,0.0,0.0,0.0,0.0,0.0,0.0,0.0,0.0,0.0,0.0,0.0,0.0,0.0,1.0,1.0,1.0,1.0,1.0,1.0,1.0,1.0,1.0
36,2026-01-16 08:00:00+00:00,2026-01-16 13:30:00+05:30,Midday,0,2392383587,8151563209,874.67,874.67,874.67,874.67,874.67,10548.84,10548.84,10548.84,10548.84,10548.84,34,34,34,34,34,0.0,0.0,0.0,0.0,0.0,0.0,0.0,0.0,0.0,0.0,0.0,0.0,0.0,0.0,0.0,0.0,0.0,1.0,1.0,1.0,1.0,1.0,1.0,1.0,1.0,1.0
37,2026-01-16 08:00:00+00:00,2026-01-16 13:30:00+05:30,Midday,0,3725789278,1051669449,920.49,920.49,920.49,920.49,920.49,7204.89,7204.89,7204.89,7204.89,7204.89,51,51,51,51,51,0.0,0.0,0.0,0.0,0.0,0.0,0.0,0.0,0.0,0.0,0.0,0.0,0.0,0.0,0.0,0.0,0.0,1.0,1.0,1.0,1.0,1.0,1.0,1.0,1.0,1.0
38,2026-01-16 08:00:00+00:00,2026-01-16 13:30:00+05:30,Midday,0,9798857326,3714706440,1115.7,1098.08,1098.08,1098.08,1098.08,9239.2,9247.71,9247.71,9247.71,9247.71,89,99,99,99,99,17.62,17.62,17.62,17.62,1.5792,1.5792,1.5792,1.5792,17.62,0.0,0.0,0.0,0.0,1.6045,0.0,0.0,0.0,0.88,0.88,0.88,0.88,0.88,1.0,1.0,1.0,1.0
39,2026-01-16 08:00:00+00:00,2026-01-16 13:30:00+05:30,Midday,0,12194086396,3184375377,1106.78,1105.21,1105.21,1105.21,1105.21,9557.41,9561.4,9561.4,9561.4,9561.4,92,92,92,92,92,1.57,1.57,1.57,1.57,0.1416,0.1416,0.1416,0.1416,1.57,0.0,0.0,0.0,0.0,0.1418,0.0,0.0,0.0,0.9785,0.9785,0.9785,0.9785,0.9785,1.0,1.0,1.0,1.0
40,2026-01-16 08:00:00+00:00,2026-01-16 13:30:00+05:30,Midday,0,3724383608,6985772815,1445.32,1445.32,1445.32,1445.32,1445.32,9583.44,9583.44,9583.44,9583.44,9583.44,93,93,93,93,93,0.0,0.0,0.0,0.0,0.0,0.0,0.0,0.0,0.0,0.0,0.0,0.0,0.0,0.0,0.0,0.0,0.0,1.0,1.0,1.0,1.0,1.0,1.0,1.0,1.0,1.0
41,2026-01-16 08:00:00+00:00,2026-01-16 13:30:00+05:30,Midday,0,3724390367,569909799,1661.64,1661.64,1661.64,1661.64,1661.64,19733.88,19733.88,19733.88,19733.88,19733.88,49,49,49,49,49,0.0,0.0,0.0,0.0,0.0,0.0,0.0,0.0,0.0,0.0,0.0,0.0,0.0,0.0,0.0,0.0,0.0,1.0,1.0,1.0,1.0,1.0,1.0,1.0,1.0,1.0
42,2026-01-16 08:00:00+00:00,2026-01-16 13:30:00+05:30,Midday,0,9865971847,13108436169,1128.87,1128.87,1128.87,1128.87,1128.87,9746.17,9746.17,9746.17,9746.17,9746.17,64,64,64,64,64,0.0,0.0,0.0,0.0,0.0,0.0,0.0,0.0,0.0,0.0,0.0,0.0,0.0,0.0,0.0,0.0,0.0,1.0,1.0,1.0,1.0,1.0,1.0,1.0,1.0,1.0
43,2026-01-16 08:00:00+00:00,2026-01-16 13:30:00+05:30,Midday,0,3724390901,13957674836,1456.56,1454.99,1454.99,1454.99,1454.99,16038.72,16042.71,16042.71,16042.71,16042.71,83,83,83,83,83,1.57,1.57,1.57,1.57,0.1076,0.1076,0.1076,0.1076,1.57,0.0,0.0,0.0,0.0,0.1077,0.0,0.0,0.0,0.9762,0.9762,0.9762,0.9762,0.9762,1.0,1.0,1.0,1.0
44,2026-01-16 08:00:00+00:00,2026-01-16 13:30:00+05:30,Midday,0,6985772828,10091564873,795.01,814.45,795.01,795.01,795.01,5559.02,5311.55,5559.02,5559.02,5559.02,66,78,66,66,66,-19.44,0.0,0.0,0.0,-2.445,0.0,0.0,0.0,0.0,19.44,0.0,0.0,0.0,0.0,2.445,0.0,0.0,0.0141,1.0,1.0,1.0,1.0,0.0141,1.0,1.0,1.0
45,2026-01-16 08:00:00+00:00,2026-01-16 13:30:00+05:30,Midday,0,3716311743,6608882862,925.49,927.61,927.61,927.61,925.49,7544.65,7557.35,7557.35,7557.35,7544.65,77,85,85,85,77,-2.12,-2.12,-2.12,0.0,-0.2288,-0.2288,-0.2288,0.0,0.0,2.12,2.12,2.12,0.0,0.0,0.2288,0.2288,0.2288,0.8837,0.8837,0.8837,1.0,1.0,0.8837,0.8837,0.8837,1.0
46,2026-01-16 08:00:00+00:00,2026-01-16 13:30:00+05:30,Midday,0,3726941715,3724390734,1746.33,1751.87,1746.33,1746.33,1746.33,14335.44,13472.56,14335.44,14335.44,14335.44,131,147,131,131,131,-5.54,0.0,0.0,0.0,-0.317,0.0,0.0,0.0,0.0,5.54,0.0,0.0,0.0,0.0,0.317,0.0,0.0,0.5109,1.0,1.0,1.0,1.0,0.5109,1.0,1.0,1.0
47,2026-01-16 08:00:00+00:00,2026-01-16 13:30:00+05:30,Midday,0,2283167672,12201173657,637.38,637.38,637.38,637.38,637.38,6995.12,6995.12,6995.12,6995.12,6995.12,70,70,70,70,70,0.0,0.0,0.0,0.0,0.0,0.0,0.0,0.0,0.0,0.0,0.0,0.0,0.0,0.0,0.0,0.0,0.0,1.0,1.0,1.0,1.0,1.0,1.0,1.0,1.0,1.0
48,2026-01-16 08:00:00+00:00,2026-01-16 13:30:00+05:30,Midday,0,293453627,3706277194,440.4,440.4,440.4,440.4,440.4,2914.59,2914.59,2914.59,2914.59,2914.59,35,35,35,35,35,0.0,0.0,0.0,0.0,0.0,0.0,0.0,0.0,0.0,0.0,0.0,0.0,0.0,0.0,0.0,0.0,0.0,1.0,1.0,1.0,1.0,1.0,1.0,1.0,1.0,1.0
49,2026-01-16 08:00:00+00:00,2026-01-16 13:30:00+05:30,Midday,0,2443937217,4620986372,1028.8,1028.8,1028.8,1028.8,1028.8,10616.7,10616.7,10616.7,10616.7,10616.7,75,75,75,75,75,0.0,0.0,0.0,0.0,0.0,0.0,0.0,0.0,0.0,0.0,0.0,0.0,0.0,0.0,0.0,0.0,0.0,1.0,1.0,1.0,1.0,1.0,1.0,1.0,1.0,1.0
0,2026-01-16 10:00:00+00:00,2026-01-16 15:30:00+05:30,Midday,0,3722327026,2443921849,1359.2,1313.31,1313.31,1313.31,1313.31,10984.73,10981.64,10981.64,10981.64,10981.64,46,74,74,74,74,45.9,45.9,45.9,45.9,3.3768,3.3768,3.3768,3.3768,45.9,0.0,0.0,0.0,0.0,3.4948,0.0,0.0,0.0,0.6,0.6,0.6,0.6,0.6,1.0,1.0,1.0,1.0
1,2026-01-16 10:00:00+00:00,2026-01-16 15:30:00+05:30,Midday,0,2283167591,293464723,718.72,691.18,691.18,691.18,691.18,5493.14,5482.36,5482.36,5482.36,5482.36,66,61,61,61,61,27.54,27.54,27.54,27.54,3.8314,3.8314,3.8314,3.8314,27.54,0.0,0.0,0.0,0.0,3.9841,0.0,0.0,0.0,0.233,0.233,0.233,0.233,0.233,1.0,1.0,1.0,1.0
2,2026-01-16 10:00:00+00:00,2026-01-16 15:30:00+05:30,Midday,0,3727013594,2392383587,1594.24,1548.34,1548.34,1548.34,1548.34,14324.92,14321.82,14321.82,14321.82,14321.82,91,119,119,119,119,45.9,45.9,45.9,45.9,2.8789,2.8789,2.8789,2.8789,45.9,0.0,0.0,0.0,0.0,2.9643,0.0,0.0,0.0,0.75,0.75,0.75,0.75,0.75,1.0,1.0,1.0,1.0
3,2026-01-16 10:00:00+00:00,2026-01-16 15:30:00+05:30,Midday,0,8144958910,5875519688,835.15,835.15,818.87,818.87,817.81,6210.28,6210.28,6940.12,6940.12,6792.17,75,75,89,89,89,0.0,16.27,16.27,17.34,0.0,1.9486,1.9486,2.0759,17.34,17.34,1.06,1.06,0.0,2.1199,2.1199,0.13,0.13,1.0,0.3782,0.3782,0.2913,0.2913,0.2913,0.78,0.78,1.0
4,2026-01-16 10:00:00+00:00,2026-01-16 15:30:00+05:30,Midday,0,8167025447,8166852655,635.13,631.24,631.24,631.24,631.24,6039.21,6286.44,6286.44,6286.44,6286.44,47,48,48,48,48,3.89,3.89,3.89,3.89,0.612,0.612,0.612,0.612,3.89,0.0,0.0,0.0,0.0,0.6158,0.0,0.0,0.0,0.3014,0.3014,0.3014,0.3014,0.3014,1.0,1.0,1.0,1.0
5,2026-01-16 10:00:00+00:00,2026-01-16 15:30:00+05:30,Midday,0,3725763498,293464962,1054.12,1029.17,1029.17,1029.17,1029.17,9478.38,9044.76,9044.76,9044.76,9044.76,81,76,76,76,76,24.95,24.95,24.95,24.95,2.3671,2.3671,2.3671,2.3671,24.95,0.0,0.0,0.0,0.0,2.4245,0.0,0.0,0.0,0.764,0.764,0.764,0.764,0.764,1.0,1.0,1.0,1.0
6,2026-01-16 10:00:00+00:00,2026-01-16 15:30:00+05:30,Midday,0,2841381812,8182316367,433.37,433.37,433.37,433.37,433.37,3063.87,3063.87,3063.87,3063.87,3063.87,14,14,14,14,14,0.0,0.0,0.0,0.0,0.0,0.0,0.0,0.0,0.0,0.0,0.0,0.0,0.0,0.0,0.0,0.0,0.0,1.0,1.0,1.0,1.0,1.0,1.0,1.0,1.0,1.0
7,2026-01-16 10:00:00+00:00,2026-01-16 15:30:00+05:30,Midday,0,8124118501,293464897,877.03,877.03,877.03,877.03,877.03,6077.63,6077.63,6077.63,6077.63,6077.63,58,58,58,58,58,0.0,0.0,0.0,0.0,0.0,0.0,0.0,0.0,0.0,0.0,0.0,0.0,0.0,0.0,0.0,0.0,0.0,1.0,1.0,1.0,1.0,1.0,1.0,1.0,1.0,1.0
8,2026-01-16 10:00:00+00:00,2026-01-16 15:30:00+05:30,Midday,0,3725657841,6986305647,778.3,778.3,778.3,778.3,778.3,5781.75,5781.75,5781.75,5781.75,5781.75,39,39,39,39,39,0.0,0.0,0.0,0.0,0.0,0.0,0.0,0.0,0.0,0.0,0.0,0.0,0.0,0.0,0.0,0.0,0.0,1.0,1.0,1.0,1.0,1.0,1.0,1.0,1.0,1.0
9,2026-01-16 10:00:00+00:00,2026-01-16 15:30:00+05:30,Midday,0,3725560599,2443937252,1653.0,1607.11,1607.11,1607.11,1607.11,14314.96,14311.86,14311.86,14311.86,14311.86,65,93,93,93,93,45.9,45.9,45.9,45.9,2.7766,2.7766,2.7766,2.7766,45.9,0.0,0.0,0.0,0.0,2.8559,0.0,0.0,0.0,0.6809,0.6809,0.6809,0.6809,0.6809,1.0,1.0,1.0,1.0
10,2026-01-16 10:00:00+00:00,2026-01-16 15:30:00+05:30,Midday,0,3706277194,1812432274,686.14,686.14,686.14,686.14,686.14,4881.93,4881.93,4881.93,4881.93,4881.93,46,46,46,46,46,0.0,0.0,0.0,0.0,0.0,0.0,0.0,0.0,0.0,0.0,0.0,0.0,0.0,0.0,0.0,0.0,0.0,1.0,1.0,1.0,1.0,1.0,1.0,1.0,1.0,1.0
11,2026-01-16 10:00:00+00:00,2026-01-16 15:30:00+05:30,Midday,0,4620986372,12194086396,584.31,584.31,584.31,584.31,584.31,4864.5,4864.5,4864.5,4864.5,4864.5,34,34,34,34,34,0.0,0.0,0.0,0.0,0.0,0.0,0.0,0.0,0.0,0.0,0.0,0.0,0.0,0.0,0.0,0.0,0.0,1.0,1.0,1.0,1.0,1.0,1.0,1.0,1.0,1.0
12,2026-01-16 10:00:00+00:00,2026-01-16 15:30:00+05:30,Midday,0,8151182352,4963335999,520.82,520.82,520.82,520.82,520.82,4720.87,4720.87,4720.87,4720.87,4720.87,36,36,36,36,36,0.0,0.0,0.0,0.0,0.0,0.0,0.0,0.0,0.0,0.0,0.0,0.0,0.0,0.0,0.0,0.0,0.0,1.0,1.0,1.0,1.0,1.0,1.0,1.0,1.0,1.0
13,2026-01-16 10:00:00+00:00,2026-01-16 15:30:00+05:30,Midday,0,293458413,8154498107,418.33,418.33,418.33,418.33,418.33,3538.38,3538.38,3538.38,3538.38,3538.38,28,28,28,28,28,0.0,0.0,0.0,0.0,0.0,0.0,0.0,0.0,0.0,0.0,0.0,0.0,0.0,0.0,0.0,0.0,0.0,1.0,1.0,1.0,1.0,1.0,1.0,1.0,1.0,1.0
14,2026-01-16 10:00:00+00:00,2026-01-16 15:30:00+05:30,Midday,0,2962277961,6604456762,842.84,842.2,842.2,842.2,842.2,7941.95,7945.94,7945.94,7945.94,7945.94,70,70,70,70,70,0.65,0.65,0.65,0.65,0.0771,0.0771,0.0771,0.0771,0.65,0.0,0.0,0.0,0.0,0.0771,0.0,0.0,0.0,0.9718,0.9718,0.9718,0.9718,0.9718,1.0,1.0,1.0,1.0
15,2026-01-16 10:00:00+00:00,2026-01-16 15:30:00+05:30,Midday,0,2277412755,8146129661,1865.56,1864.91,1864.91,1864.91,1864.91,18194.35,18198.35,18198.35,18198.35,18198.35,106,106,106,106,106,0.65,0.65,0.65,0.65,0.0348,0.0348,0.0348,0.0348,0.65,0.0,0.0,0.0,0.0,0.0348,0.0,0.0,0.0,0.9813,0.9813,0.9813,0.9813,0.9813,1.0,1.0,1.0,1.0
16,2026-01-16 10:00:00+00:00,2026-01-16 15:30:00+05:30,Midday,0,8153425846,3722327558,763.63,761.01,761.01,761.01,761.01,6194.49,6199.69,6199.69,6199.69,6199.69,53,49,49,49,49,2.62,2.62,2.62,2.62,0.3428,0.3428,0.3428,0.3428,2.62,0.0,0.0,0.0,0.0,0.344,0.0,0.0,0.0,0.4571,0.4571,0.4571,0.4571,0.4571,1.0,1.0,1.0,1.0
17,2026-01-16 10:00:00+00:00,2026-01-16 15:30:00+05:30,Midday,0,4720174514,3725763954,1272.27,1258.62,1258.62,1258.62,1258.62,11155.8,11345.49,11345.49,11345.49,11345.49,100,98,98,98,98,13.66,13.66,13.66,13.66,1.0735,1.0735,1.0735,1.0735,13.66,0.0,0.0,0.0,0.0,1.0852,0.0,0.0,0.0,0.3289,0.3289,0.3289,0.3289,0.3289,1.0,1.0,1.0,1.0
18,2026-01-16 10:00:00+00:00,2026-01-16 15:30:00+05:30,Midday,0,13108436171,4714939571,1185.8,1185.8,1185.8,1185.8,1185.8,11544.53,11544.53,11544.53,11544.53,11544.53,106,106,106,106,106,0.0,0.0,0.0,0.0,0.0,0.0,0.0,0.0,0.0,0.0,0.0,0.0,0.0,0.0,0.0,0.0,0.0,1.0,1.0,1.0,1.0,1.0,1.0,1.0,1.0,1.0
19,2026-01-16 10:00:00+00:00,2026-01-16 15:30:00+05:30,Midday,0,3725764138,8166852625,1034.45,1034.45,1034.45,1034.45,1032.59,8876.62,8876.62,8876.62,8876.62,8878.94,69,69,69,69,69,0.0,0.0,0.0,1.86,0.0,0.0,0.0,0.1801,1.86,1.86,1.86,1.86,0.0,0.1804,0.1804,0.1804,0.1804,1.0,1.0,1.0,0.7468,0.7468,0.7468,0.7468,0.7468,1.0
20,2026-01-16 10:00:00+00:00,2026-01-16 15:30:00+05:30,Midday,0,3719620426,8142092830,653.68,653.68,653.68,653.68,653.68,6520.7,6520.7,6520.7,6520.7,6520.7,70,70,70,70,70,0.0,0.0,0.0,0.0,0.0,0.0,0.0,0.0,0.0,0.0,0.0,0.0,0.0,0.0,0.0,0.0,0.0,1.0,1.0,1.0,1.0,1.0,1.0,1.0,1.0,1.0
21,2026-01-16 10:00:00+00:00,2026-01-16 15:30:00+05:30,Midday,0,8133384806,9833884593,597.17,597.17,597.17,597.17,597.17,5583.79,5583.79,5583.79,5583.79,5583.79,66,66,66,66,66,0.0,0.0,0.0,0.0,0.0,0.0,0.0,0.0,0.0,0.0,0.0,0.0,0.0,0.0,0.0,0.0,0.0,1.0,1.0,1.0,1.0,1.0,1.0,1.0,1.0,1.0
22,2026-01-16 10:00:00+00:00,2026-01-16 15:30:00+05:30,Midday,0,9919058606,8157084568,1423.32,1423.32,1423.32,1423.32,1420.93,13508.84,13508.84,13508.84,13508.84,13521.54,125,125,125,125,133,0.0,0.0,0.0,2.38,0.0,0.0,0.0,0.1675,2.38,2.38,2.38,2.38,0.0,0.1678,0.1678,0.1678,0.1678,1.0,1.0,1.0,0.9254,0.9254,0.9254,0.9254,0.9254,1.0
23,2026-01-16 10:00:00+00:00,2026-01-16 15:30:00+05:30,Midday,0,3714709032,10132690705,1659.74,1659.09,1659.09,1659.09,1656.71,15398.95,15402.94,15402.94,15402.94,15415.64,160,160,160,160,168,0.65,0.65,0.65,3.03,0.0391,0.0391,0.0391,0.1828,3.03,2.38,2.38,2.38,0.0,0.1832,0.1439,0.1439,0.1439,0.9876,0.9876,0.9876,0.9294,0.9294,0.9408,0.9408,0.9408,1.0
24,2026-01-16 10:00:00+00:00,2026-01-16 15:30:00+05:30,Midday,0,3722532375,8127692776,1413.76,1413.76,1397.57,1397.57,1396.42,11360.31,11360.31,11368.81,11368.81,11292.57,98,98,108,108,115,0.0,16.2,16.2,17.34,0.0,1.1456,1.1456,1.2264,17.34,17.34,1.14,1.14,0.0,1.2417,1.2417,0.0819,0.0819,1.0,0.8899,0.8899,0.7603,0.7603,0.7603,0.8583,0.8583,1.0
25,2026-01-16 10:00:00+00:00,2026-01-16 15:30:00+05:30,Midday,0,10254604783,569909799,1592.6,1592.6,1592.6,1592.6,1592.6,15052.73,15052.73,15052.73,15052.73,15052.73,121,121,121,121,121,0.0,0.0,0.0,0.0,0.0,0.0,0.0,0.0,0.0,0.0,0.0,0.0,0.0,0.0,0.0,0.0,0.0,1.0,1.0,1.0,1.0,1.0,1.0,1.0,1.0,1.0
26,2026-01-16 10:00:00+00:00,2026-01-16 15:30:00+05:30,Midday,0,4713176922,4714939512,1285.94,1285.94,1285.94,1285.94,1285.94,9853.31,9853.31,9853.31,9853.31,9853.31,90,90,90,90,90,0.0,0.0,0.0,0.0,0.0,0.0,0.0,0.0,0.0,0.0,0.0,0.0,0.0,0.0,0.0,0.0,0.0,1.0,1.0,1.0,1.0,1.0,1.0,1.0,1.0,1.0
27,2026-01-16 10:00:00+00:00,2026-01-16 15:30:00+05:30,Midday,0,2365788091,10267000474,1187.44,1187.44,1187.44,1187.44,1187.44,8743.08,8743.08,8743.08,8743.08,8743.08,87,87,87,87,87,0.0,0.0,0.0,0.0,0.0,0.0,0.0,0.0,0.0,0.0,0.0,0.0,0.0,0.0,0.0,0.0,0.0,1.0,1.0,1.0,1.0,1.0,1.0,1.0,1.0,1.0
28,2026-01-16 10:00:00+00:00,2026-01-16 15:30:00+05:30,Midday,0,4478448738,6604714345,633.79,633.79,633.79,633.79,633.79,6530.06,6530.06,6530.06,6530.06,6530.06,53,53,53,53,53,0.0,0.0,0.0,0.0,0.0,0.0,0.0,0.0,0.0,0.0,0.0,0.0,0.0,0.0,0.0,0.0,0.0,1.0,1.0,1.0,1.0,1.0,1.0,1.0,1.0,1.0
29,2026-01-16 10:00:00+00:00,2026-01-16 15:30:00+05:30,Midday,0,4721825589,10132690705,1436.12,1435.47,1435.47,1435.47,1433.08,13336.4,13340.4,13340.4,13340.4,13353.1,133,133,133,133,141,0.65,0.65,0.65,3.03,0.0452,0.0452,0.0452,0.2113,3.03,2.38,2.38,2.38,0.0,0.2117,0.1664,0.1664,0.1664,0.9851,0.9851,0.9851,0.9161,0.9161,0.9296,0.9296,0.9296,1.0
30,2026-01-16 10:00:00+00:00,2026-01-16 15:30:00+05:30,Midday,0,8144960921,293466286,1200.2,1200.2,1200.2,1200.2,1197.81,9293.15,9293.15,9293.15,9293.15,9305.85,109,109,109,109,117,0.0,0.0,0.0,2.38,0.0,0.0,0.0,0.1987,2.38,2.38,2.38,2.38,0.0,0.1991,0.1991,0.1991,0.1991,1.0,1.0,1.0,0.9153,0.9153,0.9153,0.9153,0.9153,1.0
31,2026-01-16 10:00:00+00:00,2026-01-16 15:30:00+05:30,Midday,0,3714708555,4714694214,1074.93,1074.93,1074.93,1074.93,1072.55,8545.75,8545.75,8545.75,8545.75,8558.45,105,105,105,105,113,0.0,0.0,0.0,2.38,0.0,0.0,0.0,0.2218,2.38,2.38,2.38,2.38,0.0,0.2223,0.2223,0.2223,0.2223,1.0,1.0,1.0,0.9123,0.9123,0.9123,0.9123,0.9123,1.0
32,2026-01-16 10:00:00+00:00,2026-01-16 15:30:00+05:30,Midday,0,8156864973,2841381812,552.08,552.08,552.08,552.08,552.08,4756.18,4756.18,4756.18,4756.18,4756.18,48,48,48,48,48,0.0,0.0,0.0,0.0,0.0,0.0,0.0,0.0,0.0,0.0,0.0,0.0,0.0,0.0,0.0,0.0,0.0,1.0,1.0,1.0,1.0,1.0,1.0,1.0,1.0,1.0
33,2026-01-16 10:00:00+00:00,2026-01-16 15:30:00+05:30,Midday,0,293466245,3711673309,1772.84,1710.86,1710.86,1710.86,1710.86,14057.26,13354.32,13354.32,13354.32,13354.32,81,128,128,128,128,61.98,61.98,61.98,61.98,3.4963,3.4963,3.4963,3.4963,61.98,0.0,0.0,0.0,0.0,3.623,0.0,0.0,0.0,0.4414,0.4414,0.4414,0.4414,0.4414,1.0,1.0,1.0,1.0
34,2026-01-16 10:00:00+00:00,2026-01-16 15:30:00+05:30,Midday,0,3717989697,3706277268,767.59,767.59,767.59,767.59,767.59,5247.29,5247.29,5247.29,5247.29,5247.29,49,49,49,49,49,0.0,0.0,0.0,0.0,0.0,0.0,0.0,0.0,0.0,0.0,0.0,0.0,0.0,0.0,0.0,0.0,0.0,1.0,1.0,1.0,1.0,1.0,1.0,1.0,1.0,1.0
35,2026-01-16 10:00:00+00:00,2026-01-16 15:30:00+05:30,Midday,0,4643407218,6010327769,1441.6,1441.6,1441.6,1441.6,1441.6,13994.27,13994.27,13994.27,13994.27,13994.27,87,87,87,87,87,0.0,0.0,0.0,0.0,0.0,0.0,0.0,0.0,0.0,0.0,0.0,0.0,0.0,0.0,0.0,0.0,0.0,1.0,1.0,1.0,1.0,1.0,1.0,1.0,1.0,1.0
36,2026-01-16 10:00:00+00:00,2026-01-16 15:30:00+05:30,Midday,0,2392383587,8151563209,890.97,890.97,890.97,890.97,890.97,10548.84,10548.84,10548.84,10548.84,10548.84,34,34,34,34,34,0.0,0.0,0.0,0.0,0.0,0.0,0.0,0.0,0.0,0.0,0.0,0.0,0.0,0.0,0.0,0.0,0.0,1.0,1.0,1.0,1.0,1.0,1.0,1.0,1.0,1.0
37,2026-01-16 10:00:00+00:00,2026-01-16 15:30:00+05:30,Midday,0,3725789278,1051669449,936.1,936.1,936.1,936.1,936.1,7204.89,7204.89,7204.89,7204.89,7204.89,51,51,51,51,51,0.0,0.0,0.0,0.0,0.0,0.0,0.0,0.0,0.0,0.0,0.0,0.0,0.0,0.0,0.0,0.0,0.0,1.0,1.0,1.0,1.0,1.0,1.0,1.0,1.0,1.0
38,2026-01-16 10:00:00+00:00,2026-01-16 15:30:00+05:30,Midday,0,9798857326,3714706440,1172.92,1172.92,1156.72,1156.72,1156.72,9239.2,9239.2,9247.71,9247.71,9247.71,89,89,99,99,99,0.0,16.2,16.2,16.2,0.0,1.3808,1.3808,1.3808,16.2,16.2,0.0,0.0,0.0,1.4001,1.4001,0.0,0.0,1.0,0.88,0.88,0.88,0.88,0.88,1.0,1.0,1.0
39,2026-01-16 10:00:00+00:00,2026-01-16 15:30:00+05:30,Midday,0,12194086396,3184375377,1073.88,1073.23,1073.23,1073.23,1073.23,9557.41,9561.4,9561.4,9561.4,9561.4,92,92,92,92,92,0.65,0.65,0.65,0.65,0.0605,0.0605,0.0605,0.0605,0.65,0.0,0.0,0.0,0.0,0.0605,0.0,0.0,0.0,0.9785,0.9785,0.9785,0.9785,0.9785,1.0,1.0,1.0,1.0
40,2026-01-16 10:00:00+00:00,2026-01-16 15:30:00+05:30,Midday,0,3724383608,6985772815,1435.19,1435.19,1435.19,1435.19,1435.19,9583.44,9583.44,9583.44,9583.44,9583.44,93,93,93,93,93,0.0,0.0,0.0,0.0,0.0,0.0,0.0,0.0,0.0,0.0,0.0,0.0,0.0,0.0,0.0,0.0,0.0,1.0,1.0,1.0,1.0,1.0,1.0,1.0,1.0,1.0
41,2026-01-16 10:00:00+00:00,2026-01-16 15:30:00+05:30,Midday,0,3724390367,569909799,1643.44,1643.44,1643.44,1643.44,1643.44,19733.88,19733.88,19733.88,19733.88,19733.88,49,49,49,49,49,0.0,0.0,0.0,0.0,0.0,0.0,0.0,0.0,0.0,0.0,0.0,0.0,0.0,0.0,0.0,0.0,0.0,1.0,1.0,1.0,1.0,1.0,1.0,1.0,1.0,1.0
42,2026-01-16 10:00:00+00:00,2026-01-16 15:30:00+05:30,Midday,0,9865971847,13108436169,1136.97,1136.97,1136.97,1136.97,1136.97,9746.17,9746.17,9746.17,9746.17,9746.17,64,64,64,64,64,0.0,0.0,0.0,0.0,0.0,0.0,0.0,0.0,0.0,0.0,0.0,0.0,0.0,0.0,0.0,0.0,0.0,1.0,1.0,1.0,1.0,1.0,1.0,1.0,1.0,1.0
43,2026-01-16 10:00:00+00:00,2026-01-16 15:30:00+05:30,Midday,0,3724390901,13957674836,1403.55,1402.9,1402.9,1402.9,1402.9,16038.72,16042.71,16042.71,16042.71,16042.71,83,83,83,83,83,0.65,0.65,0.65,0.65,0.0463,0.0463,0.0463,0.0463,0.65,0.0,0.0,0.0,0.0,0.0463,0.0,0.0,0.0,0.9762,0.9762,0.9762,0.9762,0.9762,1.0,1.0,1.0,1.0
44,2026-01-16 10:00:00+00:00,2026-01-16 15:30:00+05:30,Midday,0,6985772828,10091564873,797.15,797.15,797.15,797.15,797.15,5559.02,5559.02,5559.02,5559.02,5559.02,66,66,66,66,66,0.0,0.0,0.0,0.0,0.0,0.0,0.0,0.0,0.0,0.0,0.0,0.0,0.0,0.0,0.0,0.0,0.0,1.0,1.0,1.0,1.0,1.0,1.0,1.0,1.0,1.0
45,2026-01-16 10:00:00+00:00,2026-01-16 15:30:00+05:30,Midday,0,3716311743,6608882862,912.36,912.36,912.36,912.36,909.97,7544.65,7544.65,7544.65,7544.65,7557.35,77,77,77,77,85,0.0,0.0,0.0,2.38,0.0,0.0,0.0,0.2614,2.38,2.38,2.38,2.38,0.0,0.2621,0.2621,0.2621,0.2621,1.0,1.0,1.0,0.8837,0.8837,0.8837,0.8837,0.8837,1.0
46,2026-01-16 10:00:00+00:00,2026-01-16 15:30:00+05:30,Midday,0,3726941715,3724390734,1755.86,1755.86,1755.86,1755.86,1753.3,14335.44,14335.44,14335.44,14335.44,13472.56,131,131,131,131,147,0.0,0.0,0.0,2.57,0.0,0.0,0.0,0.1462,2.57,2.57,2.57,2.57,0.0,0.1464,0.1464,0.1464,0.1464,1.0,1.0,1.0,0.5109,0.5109,0.5109,0.5109,0.5109,1.0
47,2026-01-16 10:00:00+00:00,2026-01-16 15:30:00+05:30,Midday,0,2283167672,12201173657,720.41,720.41,720.41,720.41,720.41,6995.12,6995.12,6995.12,6995.12,6995.12,70,70,70,70,70,0.0,0.0,0.0,0.0,0.0,0.0,0.0,0.0,0.0,0.0,0.0,0.0,0.0,0.0,0.0,0.0,0.0,1.0,1.0,1.0,1.0,1.0,1.0,1.0,1.0,1.0
48,2026-01-16 10:00:00+00:00,2026-01-16 15:30:00+05:30,Midday,0,293453627,3706277194,440.4,440.4,440.4,440.4,440.4,2914.59,2914.59,2914.59,2914.59,2914.59,35,35,35,35,35,0.0,0.0,0.0,0.0,0.0,0.0,0.0,0.0,0.0,0.0,0.0,0.0,0.0,0.0,0.0,0.0,0.0,1.0,1.0,1.0,1.0,1.0,1.0,1.0,1.0,1.0
49,2026-01-16 10:00:00+00:00,2026-01-16 15:30:00+05:30,Midday,0,2443937217,4620986372,1029.67,1029.67,1029.67,1029.67,1029.67,10616.7,10616.7,10616.7,10616.7,10616.7,75,75,75,75,75,0.0,0.0,0.0,0.0,0.0,0.0,0.0,0.0,0.0,0.0,0.0,0.0,0.0,0.0,0.0,0.0,0.0,1.0,1.0,1.0,1.0,1.0,1.0,1.0,1.0,1.0
0,2026-01-16 12:00:00+00:00,2026-01-16 17:30:00+05:30,Evening Peak,1,3722327026,2443921849,1338.21,1345.98,1345.98,1345.98,1338.21,10984.73,10981.64,10981.64,10981.64,10984.73,46,74,74,74,46,-7.77,-7.77,-7.77,0.0,-0.5803,-0.5803,-0.5803,0.0,0.0,7.77,7.77,7.77,0.0,0.0,0.5803,0.5803,0.5803,0.6,0.6,0.6,1.0,1.0,0.6,0.6,0.6,1.0
1,2026-01-16 12:00:00+00:00,2026-01-16 17:30:00+05:30,Evening Peak,1,2283167591,293464723,792.88,745.83,745.83,745.83,745.83,5493.14,5284.54,5284.54,5284.54,5284.54,66,61,61,61,61,47.06,47.06,47.06,47.06,5.9348,5.9348,5.9348,5.9348,47.06,0.0,0.0,0.0,0.0,6.3093,0.0,0.0,0.0,0.1759,0.1759,0.1759,0.1759,0.1759,1.0,1.0,1.0,1.0
2,2026-01-16 12:00:00+00:00,2026-01-16 17:30:00+05:30,Evening Peak,1,3727013594,2392383587,1697.09,1704.86,1704.86,1704.86,1697.09,14324.92,14321.82,14321.82,14321.82,14324.92,91,119,119,119,91,-7.77,-7.77,-7.77,0.0,-0.4576,-0.4576,-0.4576,0.0,0.0,7.77,7.77,7.77,0.0,0.0,0.4576,0.4576,0.4576,0.75,0.75,0.75,1.0,1.0,0.75,0.75,0.75,1.0
3,2026-01-16 12:00:00+00:00,2026-01-16 17:30:00+05:30,Evening Peak,1,8144958910,5875519688,986.52,872.73,872.73,872.73,872.73,6210.28,6792.17,6792.17,6792.17,6792.17,75,89,89,89,89,113.79,113.79,113.79,113.79,11.5349,11.5349,11.5349,11.5349,113.79,0.0,0.0,0.0,0.0,13.0389,0.0,0.0,0.0,0.2913,0.2913,0.2913,0.2913,0.2913,1.0,1.0,1.0,1.0
4,2026-01-16 12:00:00+00:00,2026-01-16 17:30:00+05:30,Evening Peak,1,8167025447,8166852655,670.28,670.38,663.67,663.67,663.67,6039.21,6286.44,5963.5,5963.5,5963.5,47,48,55,55,55,-0.1,6.6,6.6,6.6,-0.0149,0.985,0.985,0.985,6.6,6.7,0.0,0.0,0.0,0.9948,1.0099,0.0,0.0,0.3014,0.619,0.619,0.619,0.619,0.2561,1.0,1.0,1.0
5,2026-01-16 12:00:00+00:00,2026-01-16 17:30:00+05:30,Evening Peak,1,3725763498,293464962,1279.29,1234.6,1233.93,1234.6,1233.93,9478.38,9044.76,8961.94,9044.76,8961.94,81,76,77,76,77,44.69,45.36,44.69,45.36,3.4932,3.5453,3.4932,3.5453,45.36,0.67,0.0,0.67,0.0,3.6757,0.0541,0.0,0.0541,0.764,0.6632,0.764,0.6632,0.6632,0.8659,1.0,0.8659,1.0
6,2026-01-16 12:00:00+00:00,2026-01-16 17:30:00+05:30,Evening Peak,1,2841381812,8182316367,433.37,433.37,433.37,433.37,433.37,3063.87,3063.87,3063.87,3063.87,3063.87,14,14,14,14,14,0.0,0.0,0.0,0.0,0.0,0.0,0.0,0.0,0.0,0.0,0.0,0.0,0.0,0.0,0.0,0.0,0.0,1.0,1.0,1.0,1.0,1.0,1.0,1.0,1.0,1.0
7,2026-01-16 12:00:00+00:00,2026-01-16 17:30:00+05:30,Evening Peak,1,8124118501,293464897,912.04,912.04,912.04,912.04,912.04,6077.63,6077.63,6077.63,6077.63,6077.63,58,58,58,58,58,0.0,0.0,0.0,0.0,0.0,0.0,0.0,0.0,0.0,0.0,0.0,0.0,0.0,0.0,0.0,0.0,0.0,1.0,1.0,1.0,1.0,1.0,1.0,1.0,1.0,1.0
8,2026-01-16 12:00:00+00:00,2026-01-16 17:30:00+05:30,Evening Peak,1,3725657841,6986305647,885.79,885.79,885.79,885.79,885.79,5781.75,5781.75,5781.75,5781.75,5781.75,39,39,39,39,39,0.0,0.0,0.0,0.0,0.0,0.0,0.0,0.0,0.0,0.0,0.0,0.0,0.0,0.0,0.0,0.0,0.0,1.0,1.0,1.0,1.0,1.0,1.0,1.0,1.0,1.0
9,2026-01-16 12:00:00+00:00,2026-01-16 17:30:00+05:30,Evening Peak,1,3725560599,2443937252,1657.98,1665.74,1665.74,1665.74,1652.84,14314.96,14311.86,14311.86,14311.86,14073.55,65,93,93,93,71,-7.77,-7.77,-7.77,5.14,-0.4683,-0.4683,-0.4683,0.3099,5.14,12.9,12.9,12.9,0.0,0.3109,0.7807,0.7807,0.7807,0.6809,0.6809,0.6809,0.7215,0.7215,0.5185,0.5185,0.5185,1.0
10,2026-01-16 12:00:00+00:00,2026-01-16 17:30:00+05:30,Evening Peak,1,3706277194,1812432274,713.83,713.83,713.83,713.83,713.83,4881.93,4881.93,4881.93,4881.93,4881.93,46,46,46,46,46,0.0,0.0,0.0,0.0,0.0,0.0,0.0,0.0,0.0,0.0,0.0,0.0,0.0,0.0,0.0,0.0,0.0,1.0,1.0,1.0,1.0,1.0,1.0,1.0,1.0,1.0
11,2026-01-16 12:00:00+00:00,2026-01-16 17:30:00+05:30,Evening Peak,1,4620986372,12194086396,640.91,640.91,640.91,640.91,640.91,4864.5,4864.5,4864.5,4864.5,4864.5,34,34,34,34,34,0.0,0.0,0.0,0.0,0.0,0.0,0.0,0.0,0.0,0.0,0.0,0.0,0.0,0.0,0.0,0.0,0.0,1.0,1.0,1.0,1.0,1.0,1.0,1.0,1.0,1.0
12,2026-01-16 12:00:00+00:00,2026-01-16 17:30:00+05:30,Evening Peak,1,8151182352,4963335999,600.89,600.89,600.89,600.89,600.89,4720.87,4720.87,4720.87,4720.87,4720.87,36,36,36,36,36,0.0,0.0,0.0,0.0,0.0,0.0,0.0,0.0,0.0,0.0,0.0,0.0,0.0,0.0,0.0,0.0,0.0,1.0,1.0,1.0,1.0,1.0,1.0,1.0,1.0,1.0
13,2026-01-16 12:00:00+00:00,2026-01-16 17:30:00+05:30,Evening Peak,1,293458413,8154498107,473.02,473.02,473.02,473.02,473.02,3538.38,3538.38,3538.38,3538.38,3538.38,28,28,28,28,28,0.0,0.0,0.0,0.0,0.0,0.0,0.0,0.0,0.0,0.0,0.0,0.0,0.0,0.0,0.0,0.0,0.0,1.0,1.0,1.0,1.0,1.0,1.0,1.0,1.0,1.0
14,2026-01-16 12:00:00+00:00,2026-01-16 17:30:00+05:30,Evening Peak,1,2962277961,6604456762,989.11,985.58,985.58,985.58,985.58,7941.95,7945.94,7945.94,7945.94,7945.94,70,70,70,70,70,3.53,3.53,3.53,3.53,0.3572,0.3572,0.3572,0.3572,3.53,0.0,0.0,0.0,0.0,0.3585,0.0,0.0,0.0,0.9718,0.9718,0.9718,0.9718,0.9718,1.0,1.0,1.0,1.0
15,2026-01-16 12:00:00+00:00,2026-01-16 17:30:00+05:30,Evening Peak,1,2277412755,8146129661,2152.33,2099.07,2145.44,2145.44,2079.87,18194.35,18366.7,18203.44,18203.44,17885.06,106,133,113,113,122,53.27,6.89,6.89,72.47,2.4749,0.3202,0.3202,3.3668,72.47,19.2,65.57,65.57,0.0,3.4841,0.923,3.1527,3.1527,0.5621,0.9043,0.9043,0.6056,0.6056,0.7,0.6786,0.6786,1.0
16,2026-01-16 12:00:00+00:00,2026-01-16 17:30:00+05:30,Evening Peak,1,8153425846,3722327558,793.55,793.55,782.33,782.33,782.33,6194.49,6194.49,6204.78,6204.78,6204.78,53,53,56,56,56,0.0,11.21,11.21,11.21,0.0,1.413,1.413,1.413,11.21,11.21,0.0,0.0,0.0,1.4333,1.4333,0.0,0.0,1.0,0.473,0.473,0.473,0.473,0.473,1.0,1.0,1.0
17,2026-01-16 12:00:00+00:00,2026-01-16 17:30:00+05:30,Evening Peak,1,4720174514,3725763954,1469.96,1378.09,1378.09,1378.09,1378.09,11155.8,11345.49,11345.49,11345.49,11345.49,100,98,98,98,98,91.87,91.87,91.87,91.87,6.2496,6.2496,6.2496,6.2496,91.87,0.0,0.0,0.0,0.0,6.6662,0.0,0.0,0.0,0.3289,0.3289,0.3289,0.3289,0.3289,1.0,1.0,1.0,1.0
18,2026-01-16 12:00:00+00:00,2026-01-16 17:30:00+05:30,Evening Peak,1,13108436171,4714939571,1410.92,1410.92,1410.92,1410.92,1410.92,11544.53,11544.53,11544.53,11544.53,11544.53,106,106,106,106,106,0.0,0.0,0.0,0.0,0.0,0.0,0.0,0.0,0.0,0.0,0.0,0.0,0.0,0.0,0.0,0.0,0.0,1.0,1.0,1.0,1.0,1.0,1.0,1.0,1.0,1.0
19,2026-01-16 12:00:00+00:00,2026-01-16 17:30:00+05:30,Evening Peak,1,3725764138,8166852625,1204.77,1204.77,1192.92,1192.92,1192.92,8876.62,8876.62,8833.32,8833.32,8833.32,69,69,71,71,71,0.0,11.85,11.85,11.85,0.0,0.9835,0.9835,0.9835,11.85,11.85,0.0,0.0,0.0,0.9933,0.9933,0.0,0.0,1.0,0.7073,0.7073,0.7073,0.7073,0.7073,1.0,1.0,1.0
20,2026-01-16 12:00:00+00:00,2026-01-16 17:30:00+05:30,Evening Peak,1,3719620426,8142092830,773.96,773.96,773.96,773.96,773.96,6520.7,6520.7,6520.7,6520.7,6520.7,70,70,70,70,70,0.0,0.0,0.0,0.0,0.0,0.0,0.0,0.0,0.0,0.0,0.0,0.0,0.0,0.0,0.0,0.0,0.0,1.0,1.0,1.0,1.0,1.0,1.0,1.0,1.0,1.0
21,2026-01-16 12:00:00+00:00,2026-01-16 17:30:00+05:30,Evening Peak,1,8133384806,9833884593,633.25,633.25,633.25,633.25,633.25,5583.79,5583.79,5583.79,5583.79,5583.79,66,66,66,66,66,0.0,0.0,0.0,0.0,0.0,0.0,0.0,0.0,0.0,0.0,0.0,0.0,0.0,0.0,0.0,0.0,0.0,1.0,1.0,1.0,1.0,1.0,1.0,1.0,1.0,1.0
22,2026-01-16 12:00:00+00:00,2026-01-16 17:30:00+05:30,Evening Peak,1,9919058606,8157084568,1629.87,1618.07,1618.32,1618.32,1606.53,13508.84,13521.54,13361.36,13361.36,13374.05,125,133,123,123,131,11.79,11.54,11.54,23.34,0.7236,0.7083,0.7083,1.4319,23.34,11.54,11.79,11.79,0.0,1.4527,0.7186,0.7341,0.7341,0.9254,0.7842,0.7842,0.7297,0.7297,0.7959,0.9242,0.9242,1.0
23,2026-01-16 12:00:00+00:00,2026-01-16 17:30:00+05:30,Evening Peak,1,3714709032,10132690705,1985.8,1970.47,1970.72,1970.72,1958.92,15398.95,15415.64,15255.46,15255.46,15268.16,160,168,158,158,166,15.33,15.08,15.08,26.87,0.7719,0.7593,0.7593,1.3532,26.87,11.54,11.79,11.79,0.0,1.3718,0.5893,0.6021,0.6021,0.9294,0.8171,0.8171,0.7717,0.7717,0.8352,0.9401,0.9401,1.0
24,2026-01-16 12:00:00+00:00,2026-01-16 17:30:00+05:30,Evening Peak,1,3722532375,8127692776,1583.82,1583.05,1559.93,1559.93,1544.43,11360.31,11368.81,11292.57,11292.57,11299.74,98,108,115,115,114,0.77,23.88,23.88,39.39,0.0486,1.5078,1.5078,2.4868,39.39,38.62,15.51,15.51,0.0,2.5503,2.5004,1.004,1.004,0.8899,0.7603,0.7603,0.696,0.696,0.776,0.877,0.877,1.0
25,2026-01-16 12:00:00+00:00,2026-01-16 17:30:00+05:30,Evening Peak,1,10254604783,569909799,1754.46,1754.46,1752.2,1754.46,1751.97,15052.73,15052.73,15080.94,15052.73,15102.01,121,121,124,121,130,0.0,2.25,0.0,2.49,0.0,0.1285,0.0,0.1419,2.49,2.49,0.24,2.49,0.0,0.1421,0.1421,0.0134,0.1421,1.0,0.96,1.0,0.9015,0.9015,0.9015,0.9389,0.9015,1.0
26,2026-01-16 12:00:00+00:00,2026-01-16 17:30:00+05:30,Evening Peak,1,4713176922,4714939512,1387.85,1387.85,1387.85,1387.85,1387.85,9853.31,9853.31,9853.31,9853.31,9853.31,90,90,90,90,90,0.0,0.0,0.0,0.0,0.0,0.0,0.0,0.0,0.0,0.0,0.0,0.0,0.0,0.0,0.0,0.0,0.0,1.0,1.0,1.0,1.0,1.0,1.0,1.0,1.0,1.0
27,2026-01-16 12:00:00+00:00,2026-01-16 17:30:00+05:30,Evening Peak,1,2365788091,10267000474,1259.6,1259.6,1259.6,1259.6,1259.6,8743.08,8743.08,8743.08,8743.08,8743.08,87,87,87,87,87,0.0,0.0,0.0,0.0,0.0,0.0,0.0,0.0,0.0,0.0,0.0,0.0,0.0,0.0,0.0,0.0,0.0,1.0,1.0,1.0,1.0,1.0,1.0,1.0,1.0,1.0
28,2026-01-16 12:00:00+00:00,2026-01-16 17:30:00+05:30,Evening Peak,1,4478448738,6604714345,770.56,770.56,770.56,770.56,770.56,6530.06,6530.06,6530.06,6530.06,6530.06,53,53,53,53,53,0.0,0.0,0.0,0.0,0.0,0.0,0.0,0.0,0.0,0.0,0.0,0.0,0.0,0.0,0.0,0.0,0.0,1.0,1.0,1.0,1.0,1.0,1.0,1.0,1.0,1.0
29,2026-01-16 12:00:00+00:00,2026-01-16 17:30:00+05:30,Evening Peak,1,4721825589,10132690705,1727.73,1712.4,1712.65,1712.65,1700.86,13336.4,13353.1,13192.91,13192.91,13205.61,133,141,131,131,139,15.33,15.08,15.08,26.87,0.8871,0.8727,0.8727,1.5553,26.87,11.54,11.79,11.79,0.0,1.5799,0.6788,0.6934,0.6934,0.9161,0.7838,0.7838,0.7325,0.7325,0.8065,0.9286,0.9286,1.0
30,2026-01-16 12:00:00+00:00,2026-01-16 17:30:00+05:30,Evening Peak,1,8144960921,293466286,1349.04,1337.25,1311.77,1311.77,1299.98,9293.15,9305.85,8783.52,8783.52,8796.22,109,117,108,108,116,11.79,37.27,37.27,49.06,0.8742,2.7626,2.7626,3.6369,49.06,37.27,11.79,11.79,0.0,3.7741,2.8669,0.9072,0.9072,0.9153,0.4,0.4,0.372,0.372,0.4294,0.9145,0.9145,1.0
31,2026-01-16 12:00:00+00:00,2026-01-16 17:30:00+05:30,Evening Peak,1,3714708555,4714694214,1223.22,1211.43,1211.68,1211.68,1199.88,8545.75,8558.45,8398.26,8398.26,8410.96,105,113,103,103,111,11.79,11.54,11.54,23.34,0.9642,0.9438,0.9438,1.908,23.34,11.54,11.79,11.79,0.0,1.9451,0.9622,0.9829,0.9829,0.9123,0.7479,0.7479,0.6875,0.6875,0.7638,0.9107,0.9107,1.0
32,2026-01-16 12:00:00+00:00,2026-01-16 17:30:00+05:30,Evening Peak,1,8156864973,2841381812,661.83,661.83,661.83,661.83,661.83,4756.18,4756.18,4756.18,4756.18,4756.18,48,48,48,48,48,0.0,0.0,0.0,0.0,0.0,0.0,0.0,0.0,0.0,0.0,0.0,0.0,0.0,0.0,0.0,0.0,0.0,1.0,1.0,1.0,1.0,1.0,1.0,1.0,1.0,1.0
33,2026-01-16 12:00:00+00:00,2026-01-16 17:30:00+05:30,Evening Peak,1,293466245,3711673309,1853.04,1810.64,1810.64,1810.64,1802.87,14057.26,13354.32,13354.32,13354.32,13357.42,81,128,128,128,100,42.41,42.41,42.41,50.17,2.2884,2.2884,2.2884,2.7075,50.17,7.77,7.77,7.77,0.0,2.7828,0.4307,0.4307,0.4307,0.4414,0.4414,0.4414,0.5603,0.5603,0.7674,0.7674,0.7674,1.0
34,2026-01-16 12:00:00+00:00,2026-01-16 17:30:00+05:30,Evening Peak,1,3717989697,3706277268,806.86,806.86,806.86,806.86,806.86,5247.29,5247.29,5247.29,5247.29,5247.29,49,49,49,49,49,0.0,0.0,0.0,0.0,0.0,0.0,0.0,0.0,0.0,0.0,0.0,0.0,0.0,0.0,0.0,0.0,0.0,1.0,1.0,1.0,1.0,1.0,1.0,1.0,1.0,1.0
35,2026-01-16 12:00:00+00:00,2026-01-16 17:30:00+05:30,Evening Peak,1,4643407218,6010327769,1608.94,1608.94,1575.2,1575.2,1575.04,13994.27,13994.27,11881.61,11881.61,11958.91,87,87,91,91,91,0.0,33.74,33.74,33.9,0.0,2.0972,2.0972,2.1069,33.9,33.9,0.16,0.16,0.0,2.1522,2.1522,0.0099,0.0099,1.0,0.3185,0.3185,0.3284,0.3284,0.3284,0.9158,0.9158,1.0
36,2026-01-16 12:00:00+00:00,2026-01-16 17:30:00+05:30,Evening Peak,1,2392383587,8151563209,1004.85,1004.85,1004.85,1004.85,1004.85,10548.84,10548.84,10548.84,10548.84,10548.84,34,34,34,34,34,0.0,0.0,0.0,0.0,0.0,0.0,0.0,0.0,0.0,0.0,0.0,0.0,0.0,0.0,0.0,0.0,0.0,1.0,1.0,1.0,1.0,1.0,1.0,1.0,1.0,1.0
37,2026-01-16 12:00:00+00:00,2026-01-16 17:30:00+05:30,Evening Peak,1,3725789278,1051669449,1089.26,1086.03,1086.03,1089.26,1086.03,7204.89,7195.69,7195.69,7204.89,7195.69,51,51,51,51,51,3.23,3.23,0.0,3.23,0.297,0.297,0.0,0.297,3.23,0.0,0.0,3.23,0.0,0.2979,0.0,0.0,0.2979,0.8545,0.8545,1.0,0.8545,0.8545,1.0,1.0,0.8545,1.0
38,2026-01-16 12:00:00+00:00,2026-01-16 17:30:00+05:30,Evening Peak,1,9798857326,3714706440,1329.08,1328.31,1328.31,1326.37,1316.5,9239.2,9247.71,9247.71,9082.49,9106.04,89,99,99,97,98,0.77,0.77,2.7,12.57,0.0579,0.0579,0.2034,0.946,12.57,11.8,11.8,9.87,0.0,0.9551,0.8966,0.8966,0.7497,0.88,0.88,0.7547,0.7315,0.7315,0.8241,0.8241,0.95,1.0
39,2026-01-16 12:00:00+00:00,2026-01-16 17:30:00+05:30,Evening Peak,1,12194086396,3184375377,1240.32,1236.78,1240.76,1240.76,1217.59,9557.41,9561.4,9222.37,9222.37,9079.77,92,92,79,79,81,3.53,-0.44,-0.44,22.73,0.2849,-0.0353,-0.0353,1.8327,22.73,19.2,23.17,23.17,0.0,1.8669,1.5767,1.9029,1.9029,0.9785,0.487,0.487,0.5727,0.5727,0.5872,0.5534,0.5534,1.0
40,2026-01-16 12:00:00+00:00,2026-01-16 17:30:00+05:30,Evening Peak,1,3724383608,6985772815,1499.4,1499.4,1499.4,1499.4,1499.4,9583.44,9583.44,9583.44,9583.44,9583.44,93,93,93,93,93,0.0,0.0,0.0,0.0,0.0,0.0,0.0,0.0,0.0,0.0,0.0,0.0,0.0,0.0,0.0,0.0,0.0,1.0,1.0,1.0,1.0,1.0,1.0,1.0,1.0,1.0
41,2026-01-16 12:00:00+00:00,2026-01-16 17:30:00+05:30,Evening Peak,1,3724390367,569909799,1784.56,1784.56,1782.3,1784.56,1782.07,19733.88,19733.88,19762.09,19733.88,19783.16,49,49,52,49,58,0.0,2.25,0.0,2.49,0.0,0.1263,0.0,0.1395,2.49,2.49,0.24,2.49,0.0,0.1397,0.1397,0.0132,0.1397,1.0,0.9057,1.0,0.7833,0.7833,0.7833,0.8644,0.7833,1.0
42,2026-01-16 12:00:00+00:00,2026-01-16 17:30:00+05:30,Evening Peak,1,9865971847,13108436169,1227.24,1227.24,1227.24,1227.24,1227.24,9746.17,9746.17,9746.17,9746.17,9746.17,64,64,64,64,64,0.0,0.0,0.0,0.0,0.0,0.0,0.0,0.0,0.0,0.0,0.0,0.0,0.0,0.0,0.0,0.0,0.0,1.0,1.0,1.0,1.0,1.0,1.0,1.0,1.0,1.0
43,2026-01-16 12:00:00+00:00,2026-01-16 17:30:00+05:30,Evening Peak,1,3724390901,13957674836,1542.52,1538.99,1538.99,1538.99,1538.99,16038.72,16042.71,16042.71,16042.71,16042.71,83,83,83,83,83,3.53,3.53,3.53,3.53,0.2291,0.2291,0.2291,0.2291,3.53,0.0,0.0,0.0,0.0,0.2296,0.0,0.0,0.0,0.9762,0.9762,0.9762,0.9762,0.9762,1.0,1.0,1.0,1.0
44,2026-01-16 12:00:00+00:00,2026-01-16 17:30:00+05:30,Evening Peak,1,6985772828,10091564873,856.78,830.1,830.1,830.1,830.1,5559.02,5311.55,5311.55,5311.55,5311.55,66,78,78,78,78,26.68,26.68,26.68,26.68,3.1142,3.1142,3.1142,3.1142,26.68,0.0,0.0,0.0,0.0,3.2143,0.0,0.0,0.0,0.0141,0.0141,0.0141,0.0141,0.0141,1.0,1.0,1.0,1.0
45,2026-01-16 12:00:00+00:00,2026-01-16 17:30:00+05:30,Evening Peak,1,3716311743,6608882862,1042.14,1030.35,1030.6,1030.6,1018.8,7544.65,7557.35,7397.16,7397.16,7409.86,77,85,75,75,83,11.79,11.54,11.54,23.34,1.1317,1.1078,1.1078,2.2395,23.34,11.54,11.79,11.79,0.0,2.2908,1.1332,1.1576,1.1576,0.8837,0.6703,0.6703,0.6,0.6,0.697,0.881,0.881,1.0
46,2026-01-16 12:00:00+00:00,2026-01-16 17:30:00+05:30,Evening Peak,1,3726941715,3724390734,1901.31,1850.37,1850.37,1850.37,1850.37,14335.44,13472.56,13472.56,13472.56,13472.56,131,147,147,147,147,50.94,50.94,50.94,50.94,2.679,2.679,2.679,2.679,50.94,0.0,0.0,0.0,0.0,2.7527,0.0,0.0,0.0,0.5109,0.5109,0.5109,0.5109,0.5109,1.0,1.0,1.0,1.0
47,2026-01-16 12:00:00+00:00,2026-01-16 17:30:00+05:30,Evening Peak,1,2283167672,12201173657,874.15,874.15,874.15,874.15,874.15,6995.12,6995.12,6995.12,6995.12,6995.12,70,70,70,70,70,0.0,0.0,0.0,0.0,0.0,0.0,0.0,0.0,0.0,0.0,0.0,0.0,0.0,0.0,0.0,0.0,0.0,1.0,1.0,1.0,1.0,1.0,1.0,1.0,1.0,1.0
48,2026-01-16 12:00:00+00:00,2026-01-16 17:30:00+05:30,Evening Peak,1,293453627,3706277194,440.4,440.4,440.4,440.4,440.4,2914.59,2914.59,2914.59,2914.59,2914.59,35,35,35,35,35,0.0,0.0,0.0,0.0,0.0,0.0,0.0,0.0,0.0,0.0,0.0,0.0,0.0,0.0,0.0,0.0,0.0,1.0,1.0,1.0,1.0,1.0,1.0,1.0,1.0,1.0
49,2026-01-16 12:00:00+00:00,2026-01-16 17:30:00+05:30,Evening Peak,1,2443937217,4620986372,1068.17,1068.17,1068.17,1068.17,1068.17,10616.7,10616.7,10616.7,10616.7,10616.7,75,75,75,75,75,0.0,0.0,0.0,0.0,0.0,0.0,0.0,0.0,0.0,0.0,0.0,0.0,0.0,0.0,0.0,0.0,0.0,1.0,1.0,1.0,1.0,1.0,1.0,1.0,1.0,1.0
0,2026-01-16 13:00:00+00:00,2026-01-16 18:30:00+05:30,Evening Peak,1,3722327026,2443921849,1392.29,1392.29,1346.4,1346.4,1346.4,10984.73,10984.73,10981.64,10981.64,10981.64,46,46,74,74,74,0.0,45.9,45.9,45.9,0.0,3.2965,3.2965,3.2965,45.9,45.9,0.0,0.0,0.0,3.4089,3.4089,0.0,0.0,1.0,0.6,0.6,0.6,0.6,0.6,1.0,1.0,1.0
1,2026-01-16 13:00:00+00:00,2026-01-16 18:30:00+05:30,Evening Peak,1,2283167591,293464723,774.06,735.27,735.27,735.27,735.27,5493.14,5284.54,5284.54,5284.54,5284.54,66,61,61,61,61,38.8,38.8,38.8,38.8,5.0123,5.0123,5.0123,5.0123,38.8,0.0,0.0,0.0,0.0,5.2768,0.0,0.0,0.0,0.1759,0.1759,0.1759,0.1759,0.1759,1.0,1.0,1.0,1.0
2,2026-01-16 13:00:00+00:00,2026-01-16 18:30:00+05:30,Evening Peak,1,3727013594,2392383587,1635.0,1635.0,1589.11,1589.11,1589.11,14324.92,14324.92,14321.82,14321.82,14321.82,91,91,119,119,119,0.0,45.9,45.9,45.9,0.0,2.8071,2.8071,2.8071,45.9,45.9,0.0,0.0,0.0,2.8882,2.8882,0.0,0.0,1.0,0.75,0.75,0.75,0.75,0.75,1.0,1.0,1.0
3,2026-01-16 13:00:00+00:00,2026-01-16 18:30:00+05:30,Evening Peak,1,8144958910,5875519688,914.87,858.3,858.3,858.3,858.3,6210.28,6792.17,6792.17,6792.17,6792.17,75,89,89,89,89,56.57,56.57,56.57,56.57,6.1831,6.1831,6.1831,6.1831,56.57,0.0,0.0,0.0,0.0,6.5906,0.0,0.0,0.0,0.2913,0.2913,0.2913,0.2913,0.2913,1.0,1.0,1.0,1.0
4,2026-01-16 13:00:00+00:00,2026-01-16 18:30:00+05:30,Evening Peak,1,8167025447,8166852655,664.3,660.49,663.88,663.88,660.49,6039.21,5963.5,6286.44,6286.44,5963.5,47,55,48,48,55,3.81,0.42,0.42,3.81,0.574,0.0629,0.0629,0.574,3.81,0.0,3.4,3.4,0.0,0.5773,0.0,0.5141,0.5141,0.619,0.3014,0.3014,0.619,0.619,1.0,0.2561,0.2561,1.0
5,2026-01-16 13:00:00+00:00,2026-01-16 18:30:00+05:30,Evening Peak,1,3725763498,293464962,1185.5,1141.56,1147.21,1147.21,1141.56,9478.38,8961.94,9044.76,9044.76,8961.94,81,77,76,76,77,43.94,38.29,38.29,43.94,3.7064,3.2298,3.2298,3.7064,43.94,0.0,5.65,5.65,0.0,3.849,0.0,0.4949,0.4949,0.6632,0.764,0.764,0.6632,0.6632,1.0,0.8659,0.8659,1.0
6,2026-01-16 13:00:00+00:00,2026-01-16 18:30:00+05:30,Evening Peak,1,2841381812,8182316367,433.37,433.37,433.37,433.37,433.37,3063.87,3063.87,3063.87,3063.87,3063.87,14,14,14,14,14,0.0,0.0,0.0,0.0,0.0,0.0,0.0,0.0,0.0,0.0,0.0,0.0,0.0,0.0,0.0,0.0,0.0,1.0,1.0,1.0,1.0,1.0,1.0,1.0,1.0,1.0
7,2026-01-16 13:00:00+00:00,2026-01-16 18:30:00+05:30,Evening Peak,1,8124118501,293464897,896.48,896.48,896.48,896.48,896.48,6077.63,6077.63,6077.63,6077.63,6077.63,58,58,58,58,58,0.0,0.0,0.0,0.0,0.0,0.0,0.0,0.0,0.0,0.0,0.0,0.0,0.0,0.0,0.0,0.0,0.0,1.0,1.0,1.0,1.0,1.0,1.0,1.0,1.0,1.0
8,2026-01-16 13:00:00+00:00,2026-01-16 18:30:00+05:30,Evening Peak,1,3725657841,6986305647,869.65,869.65,869.65,869.65,869.65,5781.75,5781.75,5781.75,5781.75,5781.75,39,39,39,39,39,0.0,0.0,0.0,0.0,0.0,0.0,0.0,0.0,0.0,0.0,0.0,0.0,0.0,0.0,0.0,0.0,0.0,1.0,1.0,1.0,1.0,1.0,1.0,1.0,1.0,1.0
9,2026-01-16 13:00:00+00:00,2026-01-16 18:30:00+05:30,Evening Peak,1,3725560599,2443937252,1676.94,1683.83,1631.04,1631.04,1631.04,14314.96,14073.55,14311.86,14311.86,14311.86,65,71,93,93,93,-6.89,45.9,45.9,45.9,-0.4111,2.7369,2.7369,2.7369,45.9,52.79,0.0,0.0,0.0,2.814,3.2367,0.0,0.0,0.7215,0.6809,0.6809,0.6809,0.6809,0.5185,1.0,1.0,1.0
10,2026-01-16 13:00:00+00:00,2026-01-16 18:30:00+05:30,Evening Peak,1,3706277194,1812432274,705.58,705.58,705.58,705.58,705.58,4881.93,4881.93,4881.93,4881.93,4881.93,46,46,46,46,46,0.0,0.0,0.0,0.0,0.0,0.0,0.0,0.0,0.0,0.0,0.0,0.0,0.0,0.0,0.0,0.0,0.0,1.0,1.0,1.0,1.0,1.0,1.0,1.0,1.0,1.0
11,2026-01-16 13:00:00+00:00,2026-01-16 18:30:00+05:30,Evening Peak,1,4620986372,12194086396,631.41,631.41,631.41,631.41,631.41,4864.5,4864.5,4864.5,4864.5,4864.5,34,34,34,34,34,0.0,0.0,0.0,0.0,0.0,0.0,0.0,0.0,0.0,0.0,0.0,0.0,0.0,0.0,0.0,0.0,0.0,1.0,1.0,1.0,1.0,1.0,1.0,1.0,1.0,1.0
12,2026-01-16 13:00:00+00:00,2026-01-16 18:30:00+05:30,Evening Peak,1,8151182352,4963335999,586.71,586.71,586.71,586.71,586.71,4720.87,4720.87,4720.87,4720.87,4720.87,36,36,36,36,36,0.0,0.0,0.0,0.0,0.0,0.0,0.0,0.0,0.0,0.0,0.0,0.0,0.0,0.0,0.0,0.0,0.0,1.0,1.0,1.0,1.0,1.0,1.0,1.0,1.0,1.0
13,2026-01-16 13:00:00+00:00,2026-01-16 18:30:00+05:30,Evening Peak,1,293458413,8154498107,438.04,438.04,438.04,438.04,438.04,3538.38,3538.38,3538.38,3538.38,3538.38,28,28,28,28,28,0.0,0.0,0.0,0.0,0.0,0.0,0.0,0.0,0.0,0.0,0.0,0.0,0.0,0.0,0.0,0.0,0.0,1.0,1.0,1.0,1.0,1.0,1.0,1.0,1.0,1.0
14,2026-01-16 13:00:00+00:00,2026-01-16 18:30:00+05:30,Evening Peak,1,2962277961,6604456762,947.4,943.87,943.87,943.87,943.87,7941.95,7945.94,7945.94,7945.94,7945.94,70,70,70,70,70,3.53,3.53,3.53,3.53,0.373,0.373,0.373,0.373,3.53,0.0,0.0,0.0,0.0,0.3744,0.0,0.0,0.0,0.9718,0.9718,0.9718,0.9718,0.9718,1.0,1.0,1.0,1.0
15,2026-01-16 13:00:00+00:00,2026-01-16 18:30:00+05:30,Evening Peak,1,2277412755,8146129661,2055.99,2040.87,2048.59,2048.59,2040.87,18194.35,17885.06,17996.92,17996.92,17885.06,106,122,121,121,122,15.12,7.4,7.4,15.12,0.7355,0.36,0.36,0.7355,15.12,0.0,7.72,7.72,0.0,0.7409,0.0,0.3783,0.3783,0.6056,0.5874,0.5874,0.6056,0.6056,1.0,0.5677,0.5677,1.0
16,2026-01-16 13:00:00+00:00,2026-01-16 18:30:00+05:30,Evening Peak,1,8153425846,3722327558,784.6,779.69,779.69,779.69,779.69,6194.49,6204.78,6204.78,6204.78,6204.78,53,56,56,56,56,4.92,4.92,4.92,4.92,0.6265,0.6265,0.6265,0.6265,4.92,0.0,0.0,0.0,0.0,0.6304,0.0,0.0,0.0,0.473,0.473,0.473,0.473,0.473,1.0,1.0,1.0,1.0
17,2026-01-16 13:00:00+00:00,2026-01-16 18:30:00+05:30,Evening Peak,1,4720174514,3725763954,1421.69,1355.79,1355.79,1355.79,1355.79,11155.8,11345.49,11345.49,11345.49,11345.49,100,98,98,98,98,65.9,65.9,65.9,65.9,4.6351,4.6351,4.6351,4.6351,65.9,0.0,0.0,0.0,0.0,4.8603,0.0,0.0,0.0,0.3289,0.3289,0.3289,0.3289,0.3289,1.0,1.0,1.0,1.0
18,2026-01-16 13:00:00+00:00,2026-01-16 18:30:00+05:30,Evening Peak,1,13108436171,4714939571,1361.34,1361.34,1361.34,1361.34,1361.34,11544.53,11544.53,11544.53,11544.53,11544.53,106,106,106,106,106,0.0,0.0,0.0,0.0,0.0,0.0,0.0,0.0,0.0,0.0,0.0,0.0,0.0,0.0,0.0,0.0,0.0,1.0,1.0,1.0,1.0,1.0,1.0,1.0,1.0,1.0
19,2026-01-16 13:00:00+00:00,2026-01-16 18:30:00+05:30,Evening Peak,1,3725764138,8166852625,1146.59,1138.39,1138.39,1138.39,1138.39,8876.62,8833.32,8833.32,8833.32,8833.32,69,71,71,71,71,8.2,8.2,8.2,8.2,0.7155,0.7155,0.7155,0.7155,8.2,0.0,0.0,0.0,0.0,0.7207,0.0,0.0,0.0,0.7073,0.7073,0.7073,0.7073,0.7073,1.0,1.0,1.0,1.0
20,2026-01-16 13:00:00+00:00,2026-01-16 18:30:00+05:30,Evening Peak,1,3719620426,8142092830,741.19,741.19,741.19,741.19,741.19,6520.7,6520.7,6520.7,6520.7,6520.7,70,70,70,70,70,0.0,0.0,0.0,0.0,0.0,0.0,0.0,0.0,0.0,0.0,0.0,0.0,0.0,0.0,0.0,0.0,0.0,1.0,1.0,1.0,1.0,1.0,1.0,1.0,1.0,1.0
21,2026-01-16 13:00:00+00:00,2026-01-16 18:30:00+05:30,Evening Peak,1,8133384806,9833884593,618.51,618.51,618.51,618.51,618.51,5583.79,5583.79,5583.79,5583.79,5583.79,66,66,66,66,66,0.0,0.0,0.0,0.0,0.0,0.0,0.0,0.0,0.0,0.0,0.0,0.0,0.0,0.0,0.0,0.0,0.0,1.0,1.0,1.0,1.0,1.0,1.0,1.0,1.0,1.0
22,2026-01-16 13:00:00+00:00,2026-01-16 18:30:00+05:30,Evening Peak,1,9919058606,8157084568,1583.61,1569.14,1563.44,1563.44,1563.44,13508.84,13374.05,13361.36,13361.36,13361.36,125,131,123,123,123,14.46,20.16,20.16,20.16,0.9133,1.2732,1.2732,1.2732,20.16,5.7,0.0,0.0,0.0,1.2896,0.3646,0.0,0.0,0.7297,0.7842,0.7842,0.7842,0.7842,0.9242,1.0,1.0,1.0
23,2026-01-16 13:00:00+00:00,2026-01-16 18:30:00+05:30,Evening Peak,1,3714709032,10132690705,1915.06,1897.06,1891.36,1891.36,1891.36,15398.95,15268.16,15255.46,15255.46,15255.46,160,166,158,158,158,18.0,23.7,23.7,23.7,0.9397,1.2374,1.2374,1.2374,23.7,5.7,0.0,0.0,0.0,1.2529,0.3014,0.0,0.0,0.7717,0.8171,0.8171,0.8171,0.8171,0.9401,1.0,1.0,1.0
24,2026-01-16 13:00:00+00:00,2026-01-16 18:30:00+05:30,Evening Peak,1,3722532375,8127692776,1512.11,1491.71,1481.07,1481.07,1481.07,11360.31,11299.74,11292.57,11292.57,11292.57,98,114,115,115,115,20.4,31.03,31.03,31.03,1.3488,2.0523,2.0523,2.0523,31.03,10.64,0.0,0.0,0.0,2.0953,0.7182,0.0,0.0,0.696,0.7603,0.7603,0.7603,0.7603,0.877,1.0,1.0,1.0
25,2026-01-16 13:00:00+00:00,2026-01-16 18:30:00+05:30,Evening Peak,1,10254604783,569909799,1714.52,1738.2,1712.27,1712.27,1712.27,15052.73,15102.01,15080.94,15080.94,15080.94,121,130,124,124,124,-23.68,2.25,2.25,2.25,-1.3809,0.1315,0.1315,0.1315,2.25,25.93,0.0,0.0,0.0,0.1317,1.5144,0.0,0.0,0.9015,0.96,0.96,0.96,0.96,0.9389,1.0,1.0,1.0
26,2026-01-16 13:00:00+00:00,2026-01-16 18:30:00+05:30,Evening Peak,1,4713176922,4714939512,1325.29,1325.29,1325.29,1325.29,1325.29,9853.31,9853.31,9853.31,9853.31,9853.31,90,90,90,90,90,0.0,0.0,0.0,0.0,0.0,0.0,0.0,0.0,0.0,0.0,0.0,0.0,0.0,0.0,0.0,0.0,0.0,1.0,1.0,1.0,1.0,1.0,1.0,1.0,1.0,1.0
27,2026-01-16 13:00:00+00:00,2026-01-16 18:30:00+05:30,Evening Peak,1,2365788091,10267000474,1202.25,1202.25,1202.25,1202.25,1202.25,8743.08,8743.08,8743.08,8743.08,8743.08,87,87,87,87,87,0.0,0.0,0.0,0.0,0.0,0.0,0.0,0.0,0.0,0.0,0.0,0.0,0.0,0.0,0.0,0.0,0.0,1.0,1.0,1.0,1.0,1.0,1.0,1.0,1.0,1.0
28,2026-01-16 13:00:00+00:00,2026-01-16 18:30:00+05:30,Evening Peak,1,4478448738,6604714345,738.35,738.35,738.35,738.35,738.35,6530.06,6530.06,6530.06,6530.06,6530.06,53,53,53,53,53,0.0,0.0,0.0,0.0,0.0,0.0,0.0,0.0,0.0,0.0,0.0,0.0,0.0,0.0,0.0,0.0,0.0,1.0,1.0,1.0,1.0,1.0,1.0,1.0,1.0,1.0
29,2026-01-16 13:00:00+00:00,2026-01-16 18:30:00+05:30,Evening Peak,1,4721825589,10132690705,1662.9,1644.91,1639.21,1639.21,1639.21,13336.4,13205.61,13192.91,13192.91,13192.91,133,139,131,131,131,18.0,23.7,23.7,23.7,1.0822,1.425,1.425,1.425,23.7,5.7,0.0,0.0,0.0,1.4456,0.3477,0.0,0.0,0.7325,0.7838,0.7838,0.7838,0.7838,0.9286,1.0,1.0,1.0
30,2026-01-16 13:00:00+00:00,2026-01-16 18:30:00+05:30,Evening Peak,1,8144960921,293466286,1316.54,1292.54,1286.84,1286.84,1286.84,9293.15,8796.22,8783.52,8783.52,8783.52,109,116,108,108,108,24.0,29.7,29.7,29.7,1.8228,2.2558,2.2558,2.2558,29.7,5.7,0.0,0.0,0.0,2.3078,0.4429,0.0,0.0,0.372,0.4,0.4,0.4,0.4,0.9145,1.0,1.0,1.0
31,2026-01-16 13:00:00+00:00,2026-01-16 18:30:00+05:30,Evening Peak,1,3714708555,4714694214,1198.79,1184.33,1178.63,1178.63,1178.63,8545.75,8410.96,8398.26,8398.26,8398.26,105,111,103,103,103,14.46,20.16,20.16,20.16,1.2064,1.6819,1.6819,1.6819,20.16,5.7,0.0,0.0,0.0,1.7107,0.4836,0.0,0.0,0.6875,0.7479,0.7479,0.7479,0.7479,0.9107,1.0,1.0,1.0
32,2026-01-16 13:00:00+00:00,2026-01-16 18:30:00+05:30,Evening Peak,1,8156864973,2841381812,636.43,636.43,636.43,636.43,636.43,4756.18,4756.18,4756.18,4756.18,4756.18,48,48,48,48,48,0.0,0.0,0.0,0.0,0.0,0.0,0.0,0.0,0.0,0.0,0.0,0.0,0.0,0.0,0.0,0.0,0.0,1.0,1.0,1.0,1.0,1.0,1.0,1.0,1.0,1.0
33,2026-01-16 13:00:00+00:00,2026-01-16 18:30:00+05:30,Evening Peak,1,293466245,3711673309,1816.56,1794.49,1748.59,1748.59,1748.59,14057.26,13357.42,13354.32,13354.32,13354.32,81,100,128,128,128,22.08,67.97,67.97,67.97,1.2152,3.7418,3.7418,3.7418,67.97,45.9,0.0,0.0,0.0,3.8873,2.6248,0.0,0.0,0.5603,0.4414,0.4414,0.4414,0.4414,0.7674,1.0,1.0,1.0
34,2026-01-16 13:00:00+00:00,2026-01-16 18:30:00+05:30,Evening Peak,1,3717989697,3706277268,771.31,771.31,771.31,771.31,771.31,5247.29,5247.29,5247.29,5247.29,5247.29,49,49,49,49,49,0.0,0.0,0.0,0.0,0.0,0.0,0.0,0.0,0.0,0.0,0.0,0.0,0.0,0.0,0.0,0.0,0.0,1.0,1.0,1.0,1.0,1.0,1.0,1.0,1.0,1.0
35,2026-01-16 13:00:00+00:00,2026-01-16 18:30:00+05:30,Evening Peak,1,4643407218,6010327769,1537.72,1570.02,1537.72,1537.72,1537.72,13994.27,11958.91,13994.27,13994.27,13994.27,87,91,87,87,87,-32.3,0.0,0.0,0.0,-2.1003,0.0,0.0,0.0,0.0,32.3,0.0,0.0,0.0,0.0,2.1003,0.0,0.0,0.3284,1.0,1.0,1.0,1.0,0.3284,1.0,1.0,1.0
36,2026-01-16 13:00:00+00:00,2026-01-16 18:30:00+05:30,Evening Peak,1,2392383587,8151563209,944.51,944.51,944.51,944.51,944.51,10548.84,10548.84,10548.84,10548.84,10548.84,34,34,34,34,34,0.0,0.0,0.0,0.0,0.0,0.0,0.0,0.0,0.0,0.0,0.0,0.0,0.0,0.0,0.0,0.0,0.0,1.0,1.0,1.0,1.0,1.0,1.0,1.0,1.0,1.0
37,2026-01-16 13:00:00+00:00,2026-01-16 18:30:00+05:30,Evening Peak,1,3725789278,1051669449,1060.12,1065.04,1060.12,1060.12,1060.12,7204.89,7195.69,7204.89,7204.89,7204.89,51,51,51,51,51,-4.92,0.0,0.0,0.0,-0.4643,0.0,0.0,0.0,0.0,4.92,0.0,0.0,0.0,0.0,0.4643,0.0,0.0,0.8545,1.0,1.0,1.0,1.0,0.8545,1.0,1.0,1.0
38,2026-01-16 13:00:00+00:00,2026-01-16 18:30:00+05:30,Evening Peak,1,9798857326,3714706440,1273.27,1271.04,1266.58,1266.58,1266.58,9239.2,9106.04,9247.71,9247.71,9247.71,89,98,99,99,99,2.23,6.69,6.69,6.69,0.1751,0.5254,0.5254,0.5254,6.69,4.46,0.0,0.0,0.0,0.5282,0.3522,0.0,0.0,0.7315,0.88,0.88,0.88,0.88,0.8241,1.0,1.0,1.0
39,2026-01-16 13:00:00+00:00,2026-01-16 18:30:00+05:30,Evening Peak,1,12194086396,3184375377,1193.72,1189.36,1190.19,1190.19,1189.36,9557.41,9079.77,9561.4,9561.4,9079.77,92,81,92,92,81,4.36,3.53,3.53,4.36,0.3654,0.296,0.296,0.3654,4.36,0.0,0.83,0.83,0.0,0.3668,0.0,0.0697,0.0697,0.5727,0.9785,0.9785,0.5727,0.5727,1.0,0.5872,0.5872,1.0
40,2026-01-16 13:00:00+00:00,2026-01-16 18:30:00+05:30,Evening Peak,1,3724383608,6985772815,1447.27,1447.27,1447.27,1447.27,1447.27,9583.44,9583.44,9583.44,9583.44,9583.44,93,93,93,93,93,0.0,0.0,0.0,0.0,0.0,0.0,0.0,0.0,0.0,0.0,0.0,0.0,0.0,0.0,0.0,0.0,0.0,1.0,1.0,1.0,1.0,1.0,1.0,1.0,1.0,1.0
41,2026-01-16 13:00:00+00:00,2026-01-16 18:30:00+05:30,Evening Peak,1,3724390367,569909799,1691.61,1715.29,1689.36,1689.36,1689.36,19733.88,19783.16,19762.09,19762.09,19762.09,49,58,52,52,52,-23.68,2.25,2.25,2.25,-1.3996,0.1333,0.1333,0.1333,2.25,25.93,0.0,0.0,0.0,0.1334,1.5349,0.0,0.0,0.7833,0.9057,0.9057,0.9057,0.9057,0.8644,1.0,1.0,1.0
42,2026-01-16 13:00:00+00:00,2026-01-16 18:30:00+05:30,Evening Peak,1,9865971847,13108436169,1175.91,1175.91,1175.91,1175.91,1175.91,9746.17,9746.17,9746.17,9746.17,9746.17,64,64,64,64,64,0.0,0.0,0.0,0.0,0.0,0.0,0.0,0.0,0.0,0.0,0.0,0.0,0.0,0.0,0.0,0.0,0.0,1.0,1.0,1.0,1.0,1.0,1.0,1.0,1.0,1.0
43,2026-01-16 13:00:00+00:00,2026-01-16 18:30:00+05:30,Evening Peak,1,3724390901,13957674836,1509.77,1506.23,1506.23,1506.23,1506.23,16038.72,16042.71,16042.71,16042.71,16042.71,83,83,83,83,83,3.53,3.53,3.53,3.53,0.234,0.234,0.234,0.234,3.53,0.0,0.0,0.0,0.0,0.2346,0.0,0.0,0.0,0.9762,0.9762,0.9762,0.9762,0.9762,1.0,1.0,1.0,1.0
44,2026-01-16 13:00:00+00:00,2026-01-16 18:30:00+05:30,Evening Peak,1,6985772828,10091564873,815.73,820.29,815.73,815.73,815.73,5559.02,5311.55,5559.02,5559.02,5559.02,66,78,66,66,66,-4.56,0.0,0.0,0.0,-0.5592,0.0,0.0,0.0,0.0,4.56,0.0,0.0,0.0,0.0,0.5592,0.0,0.0,0.0141,1.0,1.0,1.0,1.0,0.0141,1.0,1.0,1.0
45,2026-01-16 13:00:00+00:00,2026-01-16 18:30:00+05:30,Evening Peak,1,3716311743,6608882862,1020.46,1006.0,1000.3,1000.3,1000.3,7544.65,7409.86,7397.16,7397.16,7397.16,77,83,75,75,75,14.46,20.16,20.16,20.16,1.4173,1.9758,1.9758,1.9758,20.16,5.7,0.0,0.0,0.0,2.0157,0.5698,0.0,0.0,0.6,0.6703,0.6703,0.6703,0.6703,0.881,1.0,1.0,1.0
46,2026-01-16 13:00:00+00:00,2026-01-16 18:30:00+05:30,Evening Peak,1,3726941715,3724390734,1798.98,1760.51,1760.51,1760.51,1760.51,14335.44,13472.56,13472.56,13472.56,13472.56,131,147,147,147,147,38.47,38.47,38.47,38.47,2.1383,2.1383,2.1383,2.1383,38.47,0.0,0.0,0.0,0.0,2.185,0.0,0.0,0.0,0.5109,0.5109,0.5109,0.5109,0.5109,1.0,1.0,1.0,1.0
47,2026-01-16 13:00:00+00:00,2026-01-16 18:30:00+05:30,Evening Peak,1,2283167672,12201173657,843.66,843.66,843.66,843.66,843.66,6995.12,6995.12,6995.12,6995.12,6995.12,70,70,70,70,70,0.0,0.0,0.0,0.0,0.0,0.0,0.0,0.0,0.0,0.0,0.0,0.0,0.0,0.0,0.0,0.0,0.0,1.0,1.0,1.0,1.0,1.0,1.0,1.0,1.0,1.0
48,2026-01-16 13:00:00+00:00,2026-01-16 18:30:00+05:30,Evening Peak,1,293453627,3706277194,440.4,440.4,440.4,440.4,440.4,2914.59,2914.59,2914.59,2914.59,2914.59,35,35,35,35,35,0.0,0.0,0.0,0.0,0.0,0.0,0.0,0.0,0.0,0.0,0.0,0.0,0.0,0.0,0.0,0.0,0.0,1.0,1.0,1.0,1.0,1.0,1.0,1.0,1.0,1.0
49,2026-01-16 13:00:00+00:00,2026-01-16 18:30:00+05:30,Evening Peak,1,2443937217,4620986372,1062.87,1062.87,1062.87,1062.87,1062.87,10616.7,10616.7,10616.7,10616.7,10616.7,75,75,75,75,75,0.0,0.0,0.0,0.0,0.0,0.0,0.0,0.0,0.0,0.0,0.0,0.0,0.0,0.0,0.0,0.0,0.0,1.0,1.0,1.0,1.0,1.0,1.0,1.0,1.0,1.0
0,2026-01-16 17:00:00+00:00,2026-01-16 22:30:00+05:30,Off-Peak,0,3722327026,2443921849,1176.44,1176.44,1176.44,1176.44,1176.44,10984.73,10984.73,10984.73,10984.73,10984.73,46,46,46,46,46,0.0,0.0,0.0,0.0,0.0,0.0,0.0,0.0,0.0,0.0,0.0,0.0,0.0,0.0,0.0,0.0,0.0,1.0,1.0,1.0,1.0,1.0,1.0,1.0,1.0,1.0
1,2026-01-16 17:00:00+00:00,2026-01-16 22:30:00+05:30,Off-Peak,0,2283167591,293464723,640.27,620.12,620.12,620.12,620.12,5493.14,5482.36,5482.36,5482.36,5482.36,66,61,61,61,61,20.15,20.15,20.15,20.15,3.147,3.147,3.147,3.147,20.15,0.0,0.0,0.0,0.0,3.2493,0.0,0.0,0.0,0.233,0.233,0.233,0.233,0.233,1.0,1.0,1.0,1.0
2,2026-01-16 17:00:00+00:00,2026-01-16 22:30:00+05:30,Off-Peak,0,3727013594,2392383587,1425.26,1425.26,1425.26,1425.26,1425.26,14324.92,14324.92,14324.92,14324.92,14324.92,91,91,91,91,91,0.0,0.0,0.0,0.0,0.0,0.0,0.0,0.0,0.0,0.0,0.0,0.0,0.0,0.0,0.0,0.0,0.0,1.0,1.0,1.0,1.0,1.0,1.0,1.0,1.0,1.0
3,2026-01-16 17:00:00+00:00,2026-01-16 22:30:00+05:30,Off-Peak,0,8144958910,5875519688,710.52,710.52,710.52,710.52,710.52,6210.28,6210.28,6210.28,6210.28,6210.28,75,75,75,75,75,0.0,0.0,0.0,0.0,0.0,0.0,0.0,0.0,0.0,0.0,0.0,0.0,0.0,0.0,0.0,0.0,0.0,1.0,1.0,1.0,1.0,1.0,1.0,1.0,1.0,1.0
4,2026-01-16 17:00:00+00:00,2026-01-16 22:30:00+05:30,Off-Peak,0,8167025447,8166852655,608.01,605.86,605.86,605.86,605.86,6039.21,6286.44,6286.44,6286.44,6286.44,47,48,48,48,48,2.16,2.16,2.16,2.16,0.3546,0.3546,0.3546,0.3546,2.16,0.0,0.0,0.0,0.0,0.3558,0.0,0.0,0.0,0.3014,0.3014,0.3014,0.3014,0.3014,1.0,1.0,1.0,1.0
5,2026-01-16 17:00:00+00:00,2026-01-16 22:30:00+05:30,Off-Peak,0,3725763498,293464962,952.06,944.36,944.36,944.36,944.36,9478.38,9044.76,9044.76,9044.76,9044.76,81,76,76,76,76,7.7,7.7,7.7,7.7,0.8087,0.8087,0.8087,0.8087,7.7,0.0,0.0,0.0,0.0,0.8153,0.0,0.0,0.0,0.764,0.764,0.764,0.764,0.764,1.0,1.0,1.0,1.0
6,2026-01-16 17:00:00+00:00,2026-01-16 22:30:00+05:30,Off-Peak,0,2841381812,8182316367,433.37,433.37,433.37,433.37,433.37,3063.87,3063.87,3063.87,3063.87,3063.87,14,14,14,14,14,0.0,0.0,0.0,0.0,0.0,0.0,0.0,0.0,0.0,0.0,0.0,0.0,0.0,0.0,0.0,0.0,0.0,1.0,1.0,1.0,1.0,1.0,1.0,1.0,1.0,1.0
7,2026-01-16 17:00:00+00:00,2026-01-16 22:30:00+05:30,Off-Peak,0,8124118501,293464897,846.69,846.69,846.69,846.69,846.69,6077.63,6077.63,6077.63,6077.63,6077.63,58,58,58,58,58,0.0,0.0,0.0,0.0,0.0,0.0,0.0,0.0,0.0,0.0,0.0,0.0,0.0,0.0,0.0,0.0,0.0,1.0,1.0,1.0,1.0,1.0,1.0,1.0,1.0,1.0
8,2026-01-16 17:00:00+00:00,2026-01-16 22:30:00+05:30,Off-Peak,0,3725657841,6986305647,678.05,678.05,678.05,678.05,678.05,5781.75,5781.75,5781.75,5781.75,5781.75,39,39,39,39,39,0.0,0.0,0.0,0.0,0.0,0.0,0.0,0.0,0.0,0.0,0.0,0.0,0.0,0.0,0.0,0.0,0.0,1.0,1.0,1.0,1.0,1.0,1.0,1.0,1.0,1.0
9,2026-01-16 17:00:00+00:00,2026-01-16 22:30:00+05:30,Off-Peak,0,3725560599,2443937252,1496.22,1496.22,1496.22,1496.22,1496.22,14314.96,14314.96,14314.96,14314.96,14314.96,65,65,65,65,65,0.0,0.0,0.0,0.0,0.0,0.0,0.0,0.0,0.0,0.0,0.0,0.0,0.0,0.0,0.0,0.0,0.0,1.0,1.0,1.0,1.0,1.0,1.0,1.0,1.0,1.0
10,2026-01-16 17:00:00+00:00,2026-01-16 22:30:00+05:30,Off-Peak,0,3706277194,1812432274,662.03,662.03,662.03,662.03,662.03,4881.93,4881.93,4881.93,4881.93,4881.93,46,46,46,46,46,0.0,0.0,0.0,0.0,0.0,0.0,0.0,0.0,0.0,0.0,0.0,0.0,0.0,0.0,0.0,0.0,0.0,1.0,1.0,1.0,1.0,1.0,1.0,1.0,1.0,1.0
11,2026-01-16 17:00:00+00:00,2026-01-16 22:30:00+05:30,Off-Peak,0,4620986372,12194086396,577.16,577.16,577.16,577.16,577.16,4864.5,4864.5,4864.5,4864.5,4864.5,34,34,34,34,34,0.0,0.0,0.0,0.0,0.0,0.0,0.0,0.0,0.0,0.0,0.0,0.0,0.0,0.0,0.0,0.0,0.0,1.0,1.0,1.0,1.0,1.0,1.0,1.0,1.0,1.0
12,2026-01-16 17:00:00+00:00,2026-01-16 22:30:00+05:30,Off-Peak,0,8151182352,4963335999,504.81,504.81,504.81,504.81,504.81,4720.87,4720.87,4720.87,4720.87,4720.87,36,36,36,36,36,0.0,0.0,0.0,0.0,0.0,0.0,0.0,0.0,0.0,0.0,0.0,0.0,0.0,0.0,0.0,0.0,0.0,1.0,1.0,1.0,1.0,1.0,1.0,1.0,1.0,1.0
13,2026-01-16 17:00:00+00:00,2026-01-16 22:30:00+05:30,Off-Peak,0,293458413,8154498107,377.99,377.99,377.99,377.99,377.99,3538.38,3538.38,3538.38,3538.38,3538.38,28,28,28,28,28,0.0,0.0,0.0,0.0,0.0,0.0,0.0,0.0,0.0,0.0,0.0,0.0,0.0,0.0,0.0,0.0,0.0,1.0,1.0,1.0,1.0,1.0,1.0,1.0,1.0,1.0
14,2026-01-16 17:00:00+00:00,2026-01-16 22:30:00+05:30,Off-Peak,0,2962277961,6604456762,842.84,842.2,842.2,842.2,842.2,7941.95,7945.94,7945.94,7945.94,7945.94,70,70,70,70,70,0.65,0.65,0.65,0.65,0.0771,0.0771,0.0771,0.0771,0.65,0.0,0.0,0.0,0.0,0.0771,0.0,0.0,0.0,0.9718,0.9718,0.9718,0.9718,0.9718,1.0,1.0,1.0,1.0
15,2026-01-16 17:00:00+00:00,2026-01-16 22:30:00+05:30,Off-Peak,0,2277412755,8146129661,1832.43,1831.78,1831.78,1831.78,1831.78,18194.35,18198.35,18198.35,18198.35,18198.35,106,106,106,106,106,0.65,0.65,0.65,0.65,0.0355,0.0355,0.0355,0.0355,0.65,0.0,0.0,0.0,0.0,0.0355,0.0,0.0,0.0,0.9813,0.9813,0.9813,0.9813,0.9813,1.0,1.0,1.0,1.0
16,2026-01-16 17:00:00+00:00,2026-01-16 22:30:00+05:30,Off-Peak,0,8153425846,3722327558,763.63,761.01,761.01,761.01,761.01,6194.49,6199.69,6199.69,6199.69,6199.69,53,49,49,49,49,2.62,2.62,2.62,2.62,0.3428,0.3428,0.3428,0.3428,2.62,0.0,0.0,0.0,0.0,0.344,0.0,0.0,0.0,0.4571,0.4571,0.4571,0.4571,0.4571,1.0,1.0,1.0,1.0
17,2026-01-16 17:00:00+00:00,2026-01-16 22:30:00+05:30,Off-Peak,0,4720174514,3725763954,1241.42,1220.75,1220.75,1220.75,1220.75,11155.8,11345.49,11345.49,11345.49,11345.49,100,98,98,98,98,20.67,20.67,20.67,20.67,1.6648,1.6648,1.6648,1.6648,20.67,0.0,0.0,0.0,0.0,1.693,0.0,0.0,0.0,0.3289,0.3289,0.3289,0.3289,0.3289,1.0,1.0,1.0,1.0
18,2026-01-16 17:00:00+00:00,2026-01-16 22:30:00+05:30,Off-Peak,0,13108436171,4714939571,1056.76,1056.76,1056.76,1056.76,1056.76,11544.53,11544.53,11544.53,11544.53,11544.53,106,106,106,106,106,0.0,0.0,0.0,0.0,0.0,0.0,0.0,0.0,0.0,0.0,0.0,0.0,0.0,0.0,0.0,0.0,0.0,1.0,1.0,1.0,1.0,1.0,1.0,1.0,1.0,1.0
19,2026-01-16 17:00:00+00:00,2026-01-16 22:30:00+05:30,Off-Peak,0,3725764138,8166852625,980.83,962.81,962.81,962.81,962.81,8876.62,8991.66,8991.66,8991.66,8991.66,69,78,78,78,78,18.01,18.01,18.01,18.01,1.8366,1.8366,1.8366,1.8366,18.01,0.0,0.0,0.0,0.0,1.871,0.0,0.0,0.0,0.3611,0.3611,0.3611,0.3611,0.3611,1.0,1.0,1.0,1.0
20,2026-01-16 17:00:00+00:00,2026-01-16 22:30:00+05:30,Off-Peak,0,3719620426,8142092830,574.76,574.76,574.76,574.76,574.76,6520.7,6520.7,6520.7,6520.7,6520.7,70,70,70,70,70,0.0,0.0,0.0,0.0,0.0,0.0,0.0,0.0,0.0,0.0,0.0,0.0,0.0,0.0,0.0,0.0,0.0,1.0,1.0,1.0,1.0,1.0,1.0,1.0,1.0,1.0
21,2026-01-16 17:00:00+00:00,2026-01-16 22:30:00+05:30,Off-Peak,0,8133384806,9833884593,547.08,547.08,547.08,547.08,547.08,5583.79,5583.79,5583.79,5583.79,5583.79,66,66,66,66,66,0.0,0.0,0.0,0.0,0.0,0.0,0.0,0.0,0.0,0.0,0.0,0.0,0.0,0.0,0.0,0.0,0.0,1.0,1.0,1.0,1.0,1.0,1.0,1.0,1.0,1.0
22,2026-01-16 17:00:00+00:00,2026-01-16 22:30:00+05:30,Off-Peak,0,9919058606,8157084568,1299.61,1299.61,1299.61,1299.61,1299.61,13508.84,13508.84,13508.84,13508.84,13508.84,125,125,125,125,125,0.0,0.0,0.0,0.0,0.0,0.0,0.0,0.0,0.0,0.0,0.0,0.0,0.0,0.0,0.0,0.0,0.0,1.0,1.0,1.0,1.0,1.0,1.0,1.0,1.0,1.0
23,2026-01-16 17:00:00+00:00,2026-01-16 22:30:00+05:30,Off-Peak,0,3714709032,10132690705,1556.14,1555.49,1555.49,1555.49,1555.49,15398.95,15402.94,15402.94,15402.94,15402.94,160,160,160,160,160,0.65,0.65,0.65,0.65,0.0417,0.0417,0.0417,0.0417,0.65,0.0,0.0,0.0,0.0,0.0418,0.0,0.0,0.0,0.9876,0.9876,0.9876,0.9876,0.9876,1.0,1.0,1.0,1.0
24,2026-01-16 17:00:00+00:00,2026-01-16 22:30:00+05:30,Off-Peak,0,3722532375,8127692776,1266.1,1260.66,1260.66,1260.66,1260.66,11360.31,11368.81,11368.81,11368.81,11368.81,98,108,108,108,108,5.44,5.44,5.44,5.44,0.4298,0.4298,0.4298,0.4298,5.44,0.0,0.0,0.0,0.0,0.4317,0.0,0.0,0.0,0.8899,0.8899,0.8899,0.8899,0.8899,1.0,1.0,1.0,1.0
25,2026-01-16 17:00:00+00:00,2026-01-16 22:30:00+05:30,Off-Peak,0,10254604783,569909799,1492.44,1492.44,1492.44,1492.44,1492.44,15052.73,15052.73,15052.73,15052.73,15052.73,121,121,121,121,121,0.0,0.0,0.0,0.0,0.0,0.0,0.0,0.0,0.0,0.0,0.0,0.0,0.0,0.0,0.0,0.0,0.0,1.0,1.0,1.0,1.0,1.0,1.0,1.0,1.0,1.0
26,2026-01-16 17:00:00+00:00,2026-01-16 22:30:00+05:30,Off-Peak,0,4713176922,4714939512,1227.16,1227.16,1227.16,1227.16,1227.16,9853.31,9853.31,9853.31,9853.31,9853.31,90,90,90,90,90,0.0,0.0,0.0,0.0,0.0,0.0,0.0,0.0,0.0,0.0,0.0,0.0,0.0,0.0,0.0,0.0,0.0,1.0,1.0,1.0,1.0,1.0,1.0,1.0,1.0,1.0
27,2026-01-16 17:00:00+00:00,2026-01-16 22:30:00+05:30,Off-Peak,0,2365788091,10267000474,1143.81,1143.81,1143.81,1143.81,1143.81,8743.08,8743.08,8743.08,8743.08,8743.08,87,87,87,87,87,0.0,0.0,0.0,0.0,0.0,0.0,0.0,0.0,0.0,0.0,0.0,0.0,0.0,0.0,0.0,0.0,0.0,1.0,1.0,1.0,1.0,1.0,1.0,1.0,1.0,1.0
28,2026-01-16 17:00:00+00:00,2026-01-16 22:30:00+05:30,Off-Peak,0,4478448738,6604714345,629.23,629.23,629.23,629.23,629.23,6530.06,6530.06,6530.06,6530.06,6530.06,53,53,53,53,53,0.0,0.0,0.0,0.0,0.0,0.0,0.0,0.0,0.0,0.0,0.0,0.0,0.0,0.0,0.0,0.0,0.0,1.0,1.0,1.0,1.0,1.0,1.0,1.0,1.0,1.0
29,2026-01-16 17:00:00+00:00,2026-01-16 22:30:00+05:30,Off-Peak,0,4721825589,10132690705,1349.08,1348.43,1348.43,1348.43,1348.43,13336.4,13340.4,13340.4,13340.4,13340.4,133,133,133,133,133,0.65,0.65,0.65,0.65,0.0482,0.0482,0.0482,0.0482,0.65,0.0,0.0,0.0,0.0,0.0482,0.0,0.0,0.0,0.9851,0.9851,0.9851,0.9851,0.9851,1.0,1.0,1.0,1.0
30,2026-01-16 17:00:00+00:00,2026-01-16 22:30:00+05:30,Off-Peak,0,8144960921,293466286,1068.41,1068.41,1068.41,1068.41,1068.41,9293.15,9293.15,9293.15,9293.15,9293.15,109,109,109,109,109,0.0,0.0,0.0,0.0,0.0,0.0,0.0,0.0,0.0,0.0,0.0,0.0,0.0,0.0,0.0,0.0,0.0,1.0,1.0,1.0,1.0,1.0,1.0,1.0,1.0,1.0
31,2026-01-16 17:00:00+00:00,2026-01-16 22:30:00+05:30,Off-Peak,0,3714708555,4714694214,981.59,981.59,981.59,981.59,981.59,8545.75,8545.75,8545.75,8545.75,8545.75,105,105,105,105,105,0.0,0.0,0.0,0.0,0.0,0.0,0.0,0.0,0.0,0.0,0.0,0.0,0.0,0.0,0.0,0.0,0.0,1.0,1.0,1.0,1.0,1.0,1.0,1.0,1.0,1.0
32,2026-01-16 17:00:00+00:00,2026-01-16 22:30:00+05:30,Off-Peak,0,8156864973,2841381812,540.23,540.23,540.23,540.23,540.23,4756.18,4756.18,4756.18,4756.18,4756.18,48,48,48,48,48,0.0,0.0,0.0,0.0,0.0,0.0,0.0,0.0,0.0,0.0,0.0,0.0,0.0,0.0,0.0,0.0,0.0,1.0,1.0,1.0,1.0,1.0,1.0,1.0,1.0,1.0
33,2026-01-16 17:00:00+00:00,2026-01-16 22:30:00+05:30,Off-Peak,0,293466245,3711673309,1570.29,1573.05,1573.05,1570.29,1570.29,14057.26,13357.42,13357.42,14057.26,14057.26,81,100,100,81,81,-2.76,-2.76,0.0,0.0,-0.1759,-0.1759,0.0,0.0,0.0,2.76,2.76,0.0,0.0,0.0,0.1759,0.1759,0.0,0.5603,0.5603,1.0,1.0,1.0,0.5603,0.5603,1.0,1.0
34,2026-01-16 17:00:00+00:00,2026-01-16 22:30:00+05:30,Off-Peak,0,3717989697,3706277268,739.64,739.64,739.64,739.64,739.64,5247.29,5247.29,5247.29,5247.29,5247.29,49,49,49,49,49,0.0,0.0,0.0,0.0,0.0,0.0,0.0,0.0,0.0,0.0,0.0,0.0,0.0,0.0,0.0,0.0,0.0,1.0,1.0,1.0,1.0,1.0,1.0,1.0,1.0,1.0
35,2026-01-16 17:00:00+00:00,2026-01-16 22:30:00+05:30,Off-Peak,0,4643407218,6010327769,1394.31,1376.97,1376.97,1376.97,1376.97,13994.27,14006.17,14006.17,14006.17,14006.17,87,81,81,81,81,17.34,17.34,17.34,17.34,1.2437,1.2437,1.2437,1.2437,17.34,0.0,0.0,0.0,0.0,1.2593,0.0,0.0,0.0,0.6634,0.6634,0.6634,0.6634,0.6634,1.0,1.0,1.0,1.0
36,2026-01-16 17:00:00+00:00,2026-01-16 22:30:00+05:30,Off-Peak,0,2392383587,8151563209,874.67,874.67,874.67,874.67,874.67,10548.84,10548.84,10548.84,10548.84,10548.84,34,34,34,34,34,0.0,0.0,0.0,0.0,0.0,0.0,0.0,0.0,0.0,0.0,0.0,0.0,0.0,0.0,0.0,0.0,0.0,1.0,1.0,1.0,1.0,1.0,1.0,1.0,1.0,1.0
37,2026-01-16 17:00:00+00:00,2026-01-16 22:30:00+05:30,Off-Peak,0,3725789278,1051669449,808.61,808.61,808.61,808.61,808.61,7204.89,7204.89,7204.89,7204.89,7204.89,51,51,51,51,51,0.0,0.0,0.0,0.0,0.0,0.0,0.0,0.0,0.0,0.0,0.0,0.0,0.0,0.0,0.0,0.0,0.0,1.0,1.0,1.0,1.0,1.0,1.0,1.0,1.0,1.0
38,2026-01-16 17:00:00+00:00,2026-01-16 22:30:00+05:30,Off-Peak,0,9798857326,3714706440,1008.24,1002.8,1002.8,1002.8,1002.8,9239.2,9247.71,9247.71,9247.71,9247.71,89,99,99,99,99,5.44,5.44,5.44,5.44,0.5397,0.5397,0.5397,0.5397,5.44,0.0,0.0,0.0,0.0,0.5427,0.0,0.0,0.0,0.88,0.88,0.88,0.88,0.88,1.0,1.0,1.0,1.0
39,2026-01-16 17:00:00+00:00,2026-01-16 22:30:00+05:30,Off-Peak,0,12194086396,3184375377,1040.88,1040.23,1040.23,1040.23,1040.23,9557.41,9561.4,9561.4,9561.4,9561.4,92,92,92,92,92,0.65,0.65,0.65,0.65,0.0624,0.0624,0.0624,0.0624,0.65,0.0,0.0,0.0,0.0,0.0625,0.0,0.0,0.0,0.9785,0.9785,0.9785,0.9785,0.9785,1.0,1.0,1.0,1.0
40,2026-01-16 17:00:00+00:00,2026-01-16 22:30:00+05:30,Off-Peak,0,3724383608,6985772815,1402.66,1402.66,1402.66,1402.66,1402.66,9583.44,9583.44,9583.44,9583.44,9583.44,93,93,93,93,93,0.0,0.0,0.0,0.0,0.0,0.0,0.0,0.0,0.0,0.0,0.0,0.0,0.0,0.0,0.0,0.0,0.0,1.0,1.0,1.0,1.0,1.0,1.0,1.0,1.0,1.0
41,2026-01-16 17:00:00+00:00,2026-01-16 22:30:00+05:30,Off-Peak,0,3724390367,569909799,1631.98,1631.98,1631.98,1631.98,1631.98,19733.88,19733.88,19733.88,19733.88,19733.88,49,49,49,49,49,0.0,0.0,0.0,0.0,0.0,0.0,0.0,0.0,0.0,0.0,0.0,0.0,0.0,0.0,0.0,0.0,0.0,1.0,1.0,1.0,1.0,1.0,1.0,1.0,1.0,1.0
42,2026-01-16 17:00:00+00:00,2026-01-16 22:30:00+05:30,Off-Peak,0,9865971847,13108436169,1098.79,1081.45,1081.45,1081.45,1081.45,9746.17,9758.07,9758.07,9758.07,9758.07,64,58,58,58,58,17.34,17.34,17.34,17.34,1.5781,1.5781,1.5781,1.5781,17.34,0.0,0.0,0.0,0.0,1.6034,0.0,0.0,0.0,0.5641,0.5641,0.5641,0.5641,0.5641,1.0,1.0,1.0,1.0
43,2026-01-16 17:00:00+00:00,2026-01-16 22:30:00+05:30,Off-Peak,0,3724390901,13957674836,1401.2,1400.55,1400.55,1400.55,1400.55,16038.72,16042.71,16042.71,16042.71,16042.71,83,83,83,83,83,0.65,0.65,0.65,0.65,0.0464,0.0464,0.0464,0.0464,0.65,0.0,0.0,0.0,0.0,0.0464,0.0,0.0,0.0,0.9762,0.9762,0.9762,0.9762,0.9762,1.0,1.0,1.0,1.0
44,2026-01-16 17:00:00+00:00,2026-01-16 22:30:00+05:30,Off-Peak,0,6985772828,10091564873,761.79,761.79,761.79,761.79,761.79,5559.02,5559.02,5559.02,5559.02,5559.02,66,66,66,66,66,0.0,0.0,0.0,0.0,0.0,0.0,0.0,0.0,0.0,0.0,0.0,0.0,0.0,0.0,0.0,0.0,0.0,1.0,1.0,1.0,1.0,1.0,1.0,1.0,1.0,1.0
45,2026-01-16 17:00:00+00:00,2026-01-16 22:30:00+05:30,Off-Peak,0,3716311743,6608882862,845.31,845.31,845.31,845.31,845.31,7544.65,7544.65,7544.65,7544.65,7544.65,77,77,77,77,77,0.0,0.0,0.0,0.0,0.0,0.0,0.0,0.0,0.0,0.0,0.0,0.0,0.0,0.0,0.0,0.0,0.0,1.0,1.0,1.0,1.0,1.0,1.0,1.0,1.0,1.0
46,2026-01-16 17:00:00+00:00,2026-01-16 22:30:00+05:30,Off-Peak,0,3726941715,3724390734,1706.49,1706.49,1706.49,1706.49,1706.49,14335.44,14335.44,14335.44,14335.44,14335.44,131,131,131,131,131,0.0,0.0,0.0,0.0,0.0,0.0,0.0,0.0,0.0,0.0,0.0,0.0,0.0,0.0,0.0,0.0,0.0,1.0,1.0,1.0,1.0,1.0,1.0,1.0,1.0,1.0
47,2026-01-16 17:00:00+00:00,2026-01-16 22:30:00+05:30,Off-Peak,0,2283167672,12201173657,637.38,637.38,637.38,637.38,637.38,6995.12,6995.12,6995.12,6995.12,6995.12,70,70,70,70,70,0.0,0.0,0.0,0.0,0.0,0.0,0.0,0.0,0.0,0.0,0.0,0.0,0.0,0.0,0.0,0.0,0.0,1.0,1.0,1.0,1.0,1.0,1.0,1.0,1.0,1.0
48,2026-01-16 17:00:00+00:00,2026-01-16 22:30:00+05:30,Off-Peak,0,293453627,3706277194,440.4,440.4,440.4,440.4,440.4,2914.59,2914.59,2914.59,2914.59,2914.59,35,35,35,35,35,0.0,0.0,0.0,0.0,0.0,0.0,0.0,0.0,0.0,0.0,0.0,0.0,0.0,0.0,0.0,0.0,0.0,1.0,1.0,1.0,1.0,1.0,1.0,1.0,1.0,1.0
49,2026-01-16 17:00:00+00:00,2026-01-16 22:30:00+05:30,Off-Peak,0,2443937217,4620986372,995.88,995.88,995.88,995.88,995.88,10616.7,10616.7,10616.7,10616.7,10616.7,75,75,75,75,75,0.0,0.0,0.0,0.0,0.0,0.0,0.0,0.0,0.0,0.0,0.0,0.0,0.0,0.0,0.0,0.0,0.0,1.0,1.0,1.0,1.0,1.0,1.0,1.0,1.0,1.0
